KEY,English,Deutsch,Français,Italiano,Spanish,Portuguese (Euro),Portuguese (Brazil),Polish,Russian,Japanese,Chinese (simplified),Chinese (traditional),Korean,Turkish,Greek,Dutch,Vietnamese
pda_88uUCgW,WnOp -on- [c][80ffff]CalSig1a & CAL1a[-][/c][c][0080ff] SubCh[-][/c]: InvOpen -[c][ffffff] Inventory[-][/c] use,,,,,,,,,,WnOp -on- [c][80ffff]CalSig1a & CAL1a[-][/c][c][0080ff] 子频道[-][/c]：物品栏打开 -[c][ffffff] 物品栏[-][/c] 使用,,,,,,
pda_SGmu8GO,[c][ff80ff]Off[-][/c] Found [c][ffffff]Iron  [c][ff80ff]OnBy[-][/c][-][/c],,,,,,,,,,[c][ff80ff]关闭[-][/c] 找到[c][ffffff]铁[c][ff80ff]开启原因[-][/c][-][/c],,,,,,
pda_CSaq8uq,Found Iron,,,,,,,,,,找到铁,,,,,,
pda_uaKO8im,(Message),,,,,,,,,,（消息）,,,,,,
pda_CG0KaaC,--,,,,,,,,,,--,,,,,,
pda_aqSWO4u,itmPck -on- Found [u][b][c][ffffff]Carbon[-][/c][/b][/u] [b][c][ff8000][i](OffBy: DirectUnlockPC) [/i][c][ff8080]>C_off >C_rw[-][/c][-][/c][/b] [c][ff8000]>C_offx2[-][/c],,,,,,,,,,itmPck -on- 找到[u][b][c][ffffff]碳[-][/c][/b][/u] [b][c][ff8000][i]（关闭原因：直接解锁PC） [/i][c][ff8080]>C_off >C_rw[-][/c][-][/c][/b] [c][ff8000]>C_offx2[-][/c],,,,,,
pda_WuKeq2O,...,,,,,,,,,,...,,,,,,
pda_mqOSO8S,...,,,,,,,,,,...,,,,,,
pda_CqeQKCm,--,,,,,,,,,,--,,,,,,
pda_u8oSaCG,Better food.,,,,,,,,,,更好的食物。,,,,,,
pda_KWYO8eO,Craft [c][ffff00]Energy Bar[-][/c]\nin [c][ffffff]SuitConstructor[-][/c]\n[i](Click on pic at right side)[c][ffffff][-][/c][/i],,,,,,,,,,在[c][ffffff]太空服制造器[-][/c]中\n制作[c][ffff00]能量棒[-][/c]\n[i]（点击右侧图片）[c][ffffff][-][/c][/i],,,,,,
pda_OmCiOaO,--,,,,,,,,,,--,,,,,,
pda_qmwKS84,[c][ffffff]Eat raw [-][/c]food - Illness warning,,,,,,,,,,[c][ffffff]生吃食物 - 疾病警告,,,,,,
pda_Cm8ioUK,Raw Food,,,,,,,,,,原始食物,,,,,,
pda_uCZiWWi,"[i](It tastes [b]horrible[/b], and this is an alien world.[/i]\n[i][c][ffffff]- Eating things raw [-][/c]might result in trouble... )[/i]",,,,,,,,,,[i]（味道[b]糟糕[/b]，而且这是外星世界。[/i]\n[i][c][ffffff]- 生吃食物[-][/c]可能会导致麻烦... )[/i],,,,,,
pda_q8CCi80,itmC- [c][ffffff]Craft Bandage[-][/c] -  Mitigation hint,,,,,,,,,,itmC- [c][ffffff]制作绷带[-][/c] - 缓解提示,,,,,,
pda_aseScWQ,Crafted Bandages,,,,,,,,,,已制作绷带,,,,,,
pda_qmi0WCO,Crafted: [c][ffffff]Bandage[-][/c].\n\nThey [c][ffffff]heal [-][/c]you up and will [c][ffffff]lessen the effects[-][/c] of a leg fracture.\n... To prevent it from getting[i] worse![/i],,,,,,,,,,已制作：[c][ffffff]绷带[-][/c]。\n\n它们能[c][ffffff]治愈[-][/c]你，并会[c][ffffff]减轻腿部骨折的影响[-][/c]。\n...以防止情况[i]恶化！[/i],,,,,,
pda_uYeOq80,A warning,,,,,,,,,,警告,,,,,,
pda_WKGqmuC,--,,,,,,,,,,--,,,,,,
pda_CW2uLi8,"[i]< Make sure to [c][ffffff]clear the output field[-][/c], else other crafts might have to wait. >[/i]\n\n--\nYou can [c][ffffff]eat [-][/c]with [c][00ff00][Shift + RMB][-][/c].",,,,,,,,,,[i]< 确保[c][ffffff]清空输出字段[-][/c]，否则其他制作可能会等待。 >[/i]\n\n--\n你可以[c][ffffff]用[c][00ff00][Shift + RMB][-][/c][-][/c]食用[c][ffffff]。,,,,,,
pda_CqOeCj4,____[c][ffff00]Autotriggers for [b]resources[/b][-][/c][b][/b](Priming Awareness) ______,,,,,,,,,,____[c][ffff00][b]资源[/b]的自动触发器[-][/c][b][/b]（警觉准备）______,,,,,,
pda_4eOuuWC,...,,,,,,,,,,...,,,,,,
pda_CSua4m4,...,,,,,,,,,,...,,,,,,
pda_8u08fC0,--,,,,,,,,,,--,,,,,,
pda_qmWJSCq,____[c][ffff00]General warnings[-][/c] & info______,,,,,,,,,,____[c][ffff00]一般警告及信息[-][/c]______,,,,,,
pda_eu8O0Im,...,,,,,,,,,,...,,,,,,
pda_eOe0KWK,...,,,,,,,,,,...,,,,,,
pda_KO1GS0S,--,,,,,,,,,,--,,,,,,
pda_4WWeeiO,____[c][ffff00]BIOME Position triggers[-][/c]______ & stuff,,,,,,,,,,____[c][ffff00]生物群系位置触发器[-][/c]______ 及相关内容,,,,,,
pda_WuCCuea,...,,,,,,,,,,...,,,,,,
pda_qe4iOuO,...,,,,,,,,,,...,,,,,,
pda_qiaGOq4,--,,,,,,,,,,--,,,,,,
pda_0CmW44e,____'[c][ffff00]Crafting related triggers[-][/c] (PC Interface & warnings)______,,,,,,,,,,____'[c][ffff00]制作相关触发器[-][/c] (电脑界面及警告)______,,,,,,
pda_u8quc0m,...,,,,,,,,,,...,,,,,,
pda_4WauuCq,...,,,,,,,,,,...,,,,,,
pda_wguSCSS,--,,,,,,,,,,--,,,,,,
pda_K0iOmG4,Found [c][ffffff]Silicon[-][/c],,,,,,,,,,发现[c][ffffff]硅[-][/c],,,,,,
pda_p8SWCGW,Found [c][ffffff]Copper [c][ff80ff][i][c][ff8000](OffBy: CuDrone) [-][/c][/i][-][/c][-][/c][c][ff80ff][i](OffBy: DetectCopRes) [/i][-][/c],,,,,,,,,,发现[c][ffffff]铜 [c][ff80ff][i][c][ff8000](关闭：铜无人机) [-][/c][/i][-][/c][-][/c][c][ff80ff][i](关闭：检测铜资源) [/i][-][/c],,,,,,
pda_88eGkeC,Crafted Energy Bars,,,,,,,,,,制作能量棒,,,,,,
pda_mWKeW68,...,,,,,,,,,,...,,,,,,
pda_OaGeeSm,--,,,,,,,,,,--,,,,,,
pda_lSiC0mY,[c][ff80ff]Off [-][/c]Found [c][ffffff]PlantFiber[-][/c] & hand harvest hint,,,,,,,,,,[c][ff80ff]关闭 [-][/c]发现[c][ffffff]植物纤维[-][/c] & 手动采集提示,,,,,,
pda_mGOmOQ0,Open Inventory [c][00ff00][Tab][-][/c],,,,,,,,,,打开物品栏 [c][00ff00][Tab][-][/c],,,,,,
pda_SuGiiSO,----,,,,,,,,,,----,,,,,,
pda_alWSWKC,"[u][c][ffffff]Survival [-][/c](Suit) [c][ffffff]Constructor[-][/c][/u]\n\nTo craft, click on the [c][ffff00]picture of the Energy Bar[-][/c]. >>",,,,,,,,,,[u][c][ffffff]生存模式[-][/c]（防护服）[c][ffffff]建造机[-][/c][/u]\n\n要制作，请点击[c][ffff00]能量棒的图片[-][/c]。 >>,,,,,,
pda_iSK48aR,Found [c][ffffff]CrushedStones[-][/c][c][ffff00][-][/c][c][ff8000][i](OffByT: OreProcessor)[/i][-][/c],,,,,,,,,,发现[c][ffffff]碎石[-][/c][c][ffff00][-][/c][c][ff8000][i](关闭：矿石处理器)[/i][-][/c],,,,,,
pda_SeKiAuu,Found Crushed Stone,,,,,,,,,,发现碎石,,,,,,
pda_De4e0Ki,--,,,,,,,,,,--,,,,,,
pda_WuGiiuQ,--,,,,,,,,,,--,,,,,,
pda_OeGw4uO,[c][0080ff](nPOI)[-][/c] - rw-[c][ff8080]N[-][/c] - [c][ffffff]Techtree[-][/c] &SurvC [c][ff8080][i](OnBy:[/i][i] Carbon) (RwBy: Tasks2) (OffBy: DirectUnlock) [/i][-][/c][c][ff8000]>C_Off >C_On[-][/c],,,,,,,,,,[c][0080ff](nPOI)[-][/c] - rw-[c][ff8080]N[-][/c] - [c][ffffff]科技树[-][/c] &生存建造机 [c][ff8080][i](启动：[/i][i] 碳) (重写：任务2) (关闭：直接解锁) [/i][-][/c][c][ff8000]>关闭 >开启[-][/c],,,,,,
pda_KxuCCCu,Open [c][ffffff]Techtree[-][/c] [c][00ff00][ F3 ][-][/c],,,,,,,,,,打开[c][ffffff]科技树[-][/c] [c][00ff00][ F3 ][-][/c],,,,,,
pda_GHO0K40,Unlock new tech!,,,,,,,,,,解锁新科技！,,,,,,
pda_04qOC8K,---,,,,,,,,,,---,,,,,,
pda_Y8Uqek4,[i]< Great!  >[/i]\n[i]< You can now [c][ffffff]unlock [-][/c]and craft a new [c][ffffff]constructor! >[-][/c][/i]\n[c][ffff80][-][/c] \n( [c][ffff80]Open the Tech tree[-][/c] with [c][00ff00][ F3 ][-][/c] )[c][00ff00][-][/c],,,,,,,,,,[i]< 太棒了！  >[/i]\n[i]< 你现在可以[c][ffffff]解锁[-][/c]并制作一个新的[c][ffffff]建造机！ >[-][/c][/i]\n[c][ffff80][-][/c] \n( 按[c][ffff80][ F3 ][-][/c]打开[c][00ff00]科技树[-][/c] )[c][00ff00][-][/c],,,,,,
pda_YMOGWqe,Unlock [c][ffff80]Portable Constructor[-][/c],,,,,,,,,,解锁[c][ffff80]便携式建造机[-][/c],,,,,,
pda_8AaKOHG,"[u][c][ffffff]Tech tree[-][/c][/u]:\n\nGain [c][ffffff]unlock points (UP)[-][/c] by collecting experience (XP).\n\n\n[b]Caution:[/b]\nYou will need a fitting[c][ffffff] constructor[-][/c] to craft all these things.\n[i](See lower screen edge, colour examples)[/i]\n\n(Double [c][00ff00][LMB] [-][/c]on icon, to unlock that template)\n\n\n---\n[ [c][ffffff]OK [-][/c]] for next page",,,,,,,,,,[u][c][ffffff]科技树[-][/c][/u]:\n\n通过收集经验值（XP）获得[c][ffffff]解锁点（UP）[-][/c]。\n\n\n[b]注意：[/b]\n你需要合适的[c][ffffff]建造机[-][/c]来制作所有这些物品。\n[i]（查看屏幕下方边缘，颜色示例）[/i]\n\n（双击[c][00ff00][LMB] [-][/c]图标，以解锁该模板）\n\n\n---\n[ [c][ffffff]确定 [-][/c]] 进入下一页,,,,,,
pda_44mGwCw,"Techtree [c][00ff00][ F3 ][-][/c], [b][[ Misc ]] [/b]tab\n[i][c][c0c0c0][sup](Scroll down that list.[/sup][-][/c][c][c0c0c0][sup])[/sup][-][/c][/i]",,,,,,,,,,"科技树 [c][00ff00][ F3 ][-][/c], [b][[ 杂项 ]] [/b]选项卡\n[i][c][c0c0c0][sup](滚动列表。[/sup][-][/c][c][c0c0c0][sup])[/sup][-][/c][/i]",,,,,,
pda_CmCu4KO,--,,,,,,,,,,--,,,,,,
pda_OfUW00O,A new Constructor,,,,,,,,,,新的建造机,,,,,,
pda_GWCa0iq,Open Inventory [c][00ff00][Tab][-][/c],,,,,,,,,,打开物品栏 [c][00ff00][Tab][-][/c],,,,,,
pda_iuOqCeC,--,,,,,,,,,,--,,,,,,
pda_aaOiSO0,"To craft, click on the [c][ffff80]picture of the Portable Contstructor[-][/c]. >>",,,,,,,,,,要制作，点击[c][ffff80]便携建造机的图片[-][/c]。 >>,,,,,,
pda_wSC082K,Craft [c][ffff00]Portable Constructor[-][/c]\nin [c][ffffff]SuitConstructor[-][/c]\n[i](Click on pic at right side)[/i],,,,,,,,,,制作[c][ffff00]便携建造机[-][/c]\n在[c][ffffff]防护服建造机[-][/c]中\n[i](点击右侧图片)[/i],,,,,,
pda_0C8cTiC,--,,,,,,,,,,--,,,,,,
pda_CCnuYKS,[i]< Craft the [c][ffffff]Portable Constructor[-][/c] in your [c][ffff80]Survival (Suit) Constructor.[-][/c] >[/i]\n\n[i]< - Please open your Inventory [/i][c][ffff80][c][00ff00][[-][/c][-][/c][c][ffff80][c][00ff00]Tab][-][/c][-][/c][i]... >[/i],,,,,,,,,,[i]< 在你的[c][ffffff]生存（防护服）建造机[-][/c]中制作[c][ffff80]便携建造机[-][/c]。[/i]>\n\n[i]< - 请打开你的物品栏 [/i][c][ffff80][c][00ff00][[-][/c][-][/c][c][ffff80][c]Tab][00ff00][-][/c][-][/c][i]... >[/i],,,,,,
pda_KuiKOGG,invOp - on- [c][ffffff]PCOpen[-][/c]   & overview [c][ffffff][c][ff8080]VarT3Rewarder[-][/c][-][/c] [c][ffffff][c][ff8080] [c][ff8000][i](OffBy:FillFuelFarm) [/i][-][/c][-][/c][-][/c],,,,,,,,,,invOp - 开启- [c][ffffff]PC开启[-][/c]   & 概览 [c][ffffff][c][ff8080]VarT3Rewarder[-][/c][-][/c] [c][ffffff][c][ff8080] [c][ff8000][i](关闭：FillFuelFarm) [/i][-][/c][-][/c][-][/c],,,,,,
pda_8W0eGSa,Portable Constructor,,,,,,,,,,便携建造机,,,,,,
pda_W4SqK0e,...,,,,,,,,,,...,,,,,,
pda_m04eamm,--,,,,,,,,,,--,,,,,,
pda_SSqiaaS,[i](Close Techtree)[/i],,,,,,,,,,[i](关闭科技树)[/i],,,,,,
pda_4uWKSiY,--,,,,,,,,,,--,,,,,,
pda_WC0SGu2,Sig - on_[c][ff8080]N[-][/c] - Heat[c][ffffff]Rad Ship [c][ffff00]+UI_HeatRad[-][/c][-][/c],,,,,,,,,,信号 - 开启_[c][ff8080]N[-][/c] - 热量[c][ffffff]辐射飞船 [c][ffff00]+UI_HeatRad[-][/c][-][/c],,,,,,
pda_WiC04oG,[c][ffffff]Heat [-][/c]and \n[c][ffffff]Radiation[-][/c],,,,,,,,,,[c][ffffff]热量[-][/c]和 \n[c][ffffff]辐射[-][/c],,,,,,
pda_qGqiamK,...,,,,,,,,,,...,,,,,,
pda_xOmiSam,--,,,,,,,,,,--,,,,,,
pda_WmOeCm8,Trg_Stat [c][ffffff]OtherAffl[-][/c]iction & Mitigation [c][ff8000][i](OffBy: HrPOI & Boom&Heal)[/i][-][/c],,,,,,,,,,触发状态 [c][ffffff]其他疾病[-][/c]与缓解 [c][ff8000][i](关闭：HrPOI & Boom&Heal)[/i][-][/c],,,,,,
pda_0F080au,Hurt Detected...,,,,,,,,,,检测到伤害...,,,,,,
pda_R8uaOiW,[c][ffff80]Afflictions[-][/c],,,,,,,,,,[c][ffff80]疾病[-][/c],,,,,,
pda_SC8iG0C,--,,,,,,,,,,--,,,,,,
pda_M0aG88m,"You just got [c][ffffff]ill. [-][/c]\n[i]Effects are stopped, for the moment, but you have to act.[/i]\n\nCheck the Inventory, and [c][ffffff]hover over the icon[-][/c] for more info.\n[c][ffffff][-][/c]\n[c][ffffff]- Mitigation [-][/c]will (at least) slow down the effect.\n\n[c][ffffff]- Healing [-][/c]will get rid of it - \n... But depending on the medicals used, this might have side effects. [i](Healing devices are safer.)[/i]",,,,,,,,,,你刚刚[c][ffffff]生病了。[-][/c]\n[i]影响已暂时停止，但你必须采取行动。[/i]\n\n检查物品栏，[c][ffffff]悬停图标[-][/c]获取更多信息。\n[c][ffffff][-][/c]\n[c][ffffff]- 缓解[-][/c]将（至少）减缓影响。\n\n[c][ffffff]- 治疗[-][/c]将消除它 - \n...但根据使用的药物，可能会有副作用。[i](治疗设备更安全。)[/i],,,,,,
pda_OSqC84O,...,,,,,,,,,,...,,,,,,
pda_G000mMe,---,,,,,,,,,,---,,,,,,
pda_uSOKG0B,...,,,,,,,,,,...,,,,,,
pda_OGmqiSC,--,,,,,,,,,,--,,,,,,
pda_qKeOaOW,invOp - on- Heat Rad-Boom&[c][ffffff]Heal [c][ff8000][b]>C_RwT[/b] C_OffT [b]Affl [/b]SecOff[-][/c][c][ff8000]:ClosedFridge >C_Off [-][/c][-][/c][c][ffff00]&signals[-][/c],,,,,,,,,,invOp - 开启 - 热量辐射爆发&[c][ffffff]治疗 [c][ff8000][b]>C_RwT[/b] C_OffT [b]影响 [/b]SecOff[-][/c][c][ff8000]:关闭冰箱 >C_Off [-][/c][-][/c][c][ffff00]&信号[-][/c],,,,,,
pda_4GCOCua,[c][ffff00]Healing items[-][/c][c][ffff00][-][/c],,,,,,,,,,[c][ffff00]治疗物品[-][/c][c][ffff00][-][/c],,,,,,
pda_g4KCTWG,Close inventory of palette,,,,,,,,,,关闭物品栏面板,,,,,,
pda_O4qa2qe,--,,,,,,,,,,--,,,,,,
pda_Gs4iuOC,"""GENERATOR OVERLOAD !""",,,,,,,,,,"""发电机过载！""",,,,,,
pda_0m8WCEo,[i]< Healing items ... >[/i],,,,,,,,,,[i]< 治疗物品 ... >[/i],,,,,,
pda_mCKaWCi,[c][ffffff]BPlc[-][/c] - [c][ffffff]Tent[-][/c] info [c][80ffff]CalSigTent[-][/c]- [c][ff8000]>C_Off x3 [i][c][ffff00]>FlotSig[-][/c][/i][-][/c],,,,,,,,,,[c][ffffff]BPlc[-][/c] - [c][ffffff]帐篷[-][/c]信息 [c][80ffff]CalSigTent[-][/c]- [c][ff8000]>C_Off x3 [i][c][ffff00]>FlotSig[-][/c][/i][-][/c],,,,,,
pda_aKuCSAe,The Tent,,,,,,,,,,帐篷,,,,,,
pda_OO4CZCS,...,,,,,,,,,,...,,,,,,
pda_mSWiqCC,---,,,,,,,,,,---,,,,,,
pda_e0eO4uW,Queue - [c][ffffff]Craft no [-][/c]L blocks [c][ffffff]w/o Starter [-][/c][i] [c][ff8000](Offby: CraftBAStarter)[-][/c][/i],,,,,,,,,,队列 - [c][ffffff]制作[-][/c]L方块 [c][ffffff]无需起始方块 [-][/c][i] [c][ff8000](关闭：CraftBAStarter)[-][/c][/i],,,,,,
pda_OqcGO6a,Building blocks,,,,,,,,,,建筑方块,,,,,,
pda_Cui6Ciu,...,,,,,,,,,,...,,,,,,
pda_OeWWLCq,---,,,,,,,,,,---,,,,,,
pda_XK88S8O,"[u][c][ffffff]Building blocks[-][/c][/u]\n\nUse this block on an [b]existing [/b]structure.\n\nFor [c][ffffff]beginning fresh[-][/c], craft a  [c][ffff80]Starter Block[-][/c].",,,,,,,,,,[u][c][ffffff]建筑方块[-][/c][/u]\n\n在[b]现有的[/b]结构上使用此方块。\n\n对于[c][ffffff]全新开始[-][/c]，制作一个[c][ffff80]起始方块[-][/c]。,,,,,,
pda_0iqI4G8,[c][ffffff]HEAT[-][/c] and [c][ffffff]RADIATION[-][/c]\n\n[i]See [c][ffff80][b]right upper [/b]screen edge[-][/c]  >>[/i]\n\n\n([c][ffffff]Nearby              [-][/c]|  ([c][ffffff]Suit[-][/c] Temperature)   \nTemperature)   |  ([c][ffffff]World[-][/c] Temps)        \n                                                                \n([c][ffffff]Nearby[-][/c]             |  ([c][ffffff]Body [-][/c]surface rads)\nRadiation)         |  ([c][ffffff]World [-][/c]Rads),,,,,,,,,,[c][ffffff]热量[-][/c]和[c][ffffff]辐射[-][/c]\n\n[i]查看[c][ffff80][b]右上角[/b]屏幕边缘[-][/c]  >>[/i]\n\n\n([c][ffffff]附近温度              [-][/c]|  ([c][ffffff]防护服[-][/c]温度)   \n温度)   |  ([c][ffffff]世界[-][/c]温度)        \n                                                                \n([c][ffffff]附近[-][/c]辐射             |  ([c][ffffff]身体[-][/c]表面辐射)\n辐射)         |  ([c][ffffff]世界[-][/c]辐射),,,,,,
pda_8040Wa4,Sig - HeatRad--- [c][ffffff]SpecialLoot [-][/c]Container,,,,,,,,,,信号 - 热辐射--- [c][ffffff]特殊战利品 [-][/c]容器,,,,,,
pda_OiTCeCS,Found Special Loot,,,,,,,,,,发现特殊战利品,,,,,,
pda_uOKKWWO,...,,,,,,,,,,...,,,,,,
pda_mSCe4a8,--,,,,,,,,,,--,,,,,,
pda_qaqdSeO,"[u][c][ffffff]Found a [-][/c][b][c][ffffff]Secret ![-][/c][/b][/u]\n\nThis is a [c][ffffff]special loot[-][/c] container.\nOften they are well-hidden.\nCheck your surroundings, to find them all.",,,,,,,,,,[u][c][ffffff]发现了一个[-][/c][b][c][ffffff]秘密！[-][/c][/b][/u]\n\n这是一个[c][ffffff]特殊战利品[-][/c]容器。\n它们常常隐藏得很好。\n检查周围环境，以找到它们全部。,,,,,,
pda_W4i00S8,_____ [b][c][ffffff]XXXX White Chapters XXXX [-][/c]are tested and working[/b]____,,,,,,,,,,_____ [b][c][ffffff]XXXX白章XXXX [-][/c]已测试并工作正常[/b]____,,,,,,
pda_GqSqOeW,...,,,,,,,,,,...,,,,,,
pda_s0q8OS0,...,,,,,,,,,,...,,,,,,
pda_4UW0GO8,--,,,,,,,,,,--,,,,,,
pda_m4CG84u,[i]Generator...[/i],,,,,,,,,,[i]发电机...[/i],,,,,,
pda_ISBuSKT,[i]...[/i],,,,,,,,,,[i]...[/i],,,,,,
pda_i8aBGL8,---,,,,,,,,,,---,,,,,,
pda_uOuqQi4,Apply medicine,,,,,,,,,,使用药物,,,,,,
pda_Oeme80G,Open Inventory [c][00ff00][Tab][-][/c],,,,,,,,,,打开物品栏 [c][00ff00][Tab][-][/c],,,,,,
pda_SCqiOei,---,,,,,,,,,,---,,,,,,
pda_6S08Ge8,"[c][ffff00]Use '[b]First Aid Kit[/b]'[-][/c] to heal, or 'Bandages' to mitigate",,,,,,,,,,[c][ffff00]使用'[b]急救包[/b]'[-][/c]来治疗，或使用'绷带'来缓解,,,,,,
pda_qKeCaem,---,,,,,,,,,,---,,,,,,
pda_mWeex8S,Please[c][ffff80] select the [[ Stats ]] tab[-][/c] \nat upper right corner.,,,,,,,,,,请[c][ffff80]选择 [[ 属性 ]] 选项卡[-][/c] \n在屏幕的右上角。,,,,,,
pda_0iimeCC,Some[c][ffffff] medicines[-][/c] could have[c][ffffff] side effects[-][/c]. \nHealing devices are safer... - - if you can reach them in time![i][/i],,,,,,,,,,某些[c][ffffff]药物[-][/c]可能会有[c][ffffff]副作用[-][/c]。 \n治疗设备更安全... - - 如果你能及时接触到它们的话！[i][/i],,,,,,
pda_0meKaK0,Found [c][ffffff]Wood Logs [-][/c][c][ff8000][i][b]>C_Off[/b][/i][-][/c],,,,,,,,,,发现 [c][ffffff]原木 [-][/c][c][ff8000][i][b]>C_Off[/b][/i][-][/c],,,,,,
pda_4CqEaSw,itmPck -rw- [c][80ffff]CalSig3[-][/c][c][00ff00]-[-][/c] Plant[c][ffffff]Prot[-][/c]-PowBarCraft[c][ffffff][c][ff8000] [i](RwByT:SprintResources)[/i]  >C_On  >C[-][/c][b][c][ff8000]_Off x3 [-][/c][/b][c][ff8080][c][ff8000][b]>[/b]C_RwT[-][/c] >COff[-][/c][-][/c],,,,,,,,,,itmPck -rw- [c][80ffff]CalSig3[-][/c][c][00ff00]-[-][/c] 植物[c][ffffff]蛋白[-][/c]-能量棒制作[c][ffffff][c][ff8000] [i]（读取者:SprintResources）[/i]  >C_On  >C[-][/c][b][c][ff8000]_Off x3 [-][/c][/b][c][ff8080][c][ff8000][b]>[/b]C_RwT[-][/c] >COff[-][/c][-][/c],,,,,,
pda_8eq4OiK,Found Plant Protein,,,,,,,,,,发现植物蛋白,,,,,,
pda_0ipe0mS,...,,,,,,,,,,...,,,,,,
pda_See4v00,--,,,,,,,,,,--,,,,,,
pda_0IKa4O0,[c][0080ff]nUnit[-][/c] - on_[c][ff8080]V [-][/c]- Heat[c][ffffff]RadEarly[-][/c] [c][ff8080][i](OffBy:CheckIfDetector) [/i] >C_Off [-][/c][c][ff8000]>C_Rw[-][/c],,,,,,,,,,[c][0080ff]nUnit[-][/c] - 开启_[c][ff8080]V [-][/c]- 热量[c][ffffff]RadEarly[-][/c] [c][ff8080][i]（关闭条件:CheckIfDetector） [/i] >C_Off [-][/c][c][ff8000]>C_Rw[-][/c],,,,,,
pda_GquaeO0,[b]P[/b]oint [b]O[/b]f [b]I[/b]nterest,,,,,,,,,,[b]兴[/b]趣 [b]点[/b]（ [b]P[/b]OI）,,,,,,
pda_0mih8iC,[c][ffff00]Get inside of the cellar[-][/c],,,,,,,,,,[c][ffff00]进入地窖内部[-][/c],,,,,,
pda_Y8peC8m,--,,,,,,,,,,--,,,,,,
pda_Su0C4OC,"[i]This is a Mission Chapter.  Please, [c][ffff00]click me[-][/c][/i]",,,,,,,,,,[i]这是一个任务章节。 请，[c][ffff00]点击我[-][/c][/i],,,,,,
pda_gqiaGaC,...,,,,,,,,,,...,,,,,,
pda_e0mq0ei,...,,,,,,,,,,...,,,,,,
pda_CXim2Ge,\n[c][ffff00]Please click again [-][/c]on the title: [c][ffffff]'This is a mission chapter'[-][/c],,,,,,,,,,\n[c][ffff00]请再次点击[-][/c]标题： [c][ffffff]“这是一个任务章节”[-][/c],,,,,,
pda_Wuuau80,\n\n\n\n\n\n\n\n\n\n\n\n\n\n\n\n\n\n\n\n\n\n<---- [c][ffff00]Press This button[-][/c] to start test mission.,,,,,,,,,,\n\n\n\n\n\n\n\n\n\n\n\n\n\n\n\n\n\n\n\n\n\n<---- [c][ffff00]按下此按钮[-][/c]以开始测试任务。,,,,,,
pda_iaqS0Oi,[i]-[b] [u]Last resort[/u][/b] - A mission got stuck...? [/i][c][ffffff][i]Click arrow ----->[/i][-][/c],,,,,,,,,,[i]-[b] [u]最后手段[/u][/b] - 任务卡住了...? [/i][c][ffffff][i]点击箭头 ----->[/i][-][/c],,,,,,
pda_e4UCqeS,"[c][ffff80]Click on this[-][/c] Task, please.  [i]( Keep [/i][Pda Info][i] on)[/i]",,,,,,,,,,[c][ffff80]请点击此任务[-][/c]。  [i]（保持 [/i][PDA 信息][i] 开启）[/i],,,,,,
pda_0CeacKK,How to unstuck,,,,,,,,,,如何解除卡住,,,,,,
pda_mWiejCu,"\n[c][ffffff]In above window[-][/c], there is an ""action"" listed. Called here ""how to unstuck"". \nIt has a [c][ffffff]checkbox[-][/c], to the left.\n\nIn the[c][ffffff] 'stuck' mission, press on such a checkbox[-][/c].\n\n\n[i][b][c][ffffff]Warning [-][/c][/b]\n... Doing this, [b]things might break[/b]. Hidden follow-up problems are likely.[/i]\n\n---------------------\n\n\n[i]If you are forced to use this: \nPlease consider filing a [c][ffff80]bug report[-][/c][/i]. \n\n[c][ffffff]https://empyriononline.com/forums/bugs.24/[-][/c]\n[i][/i]\n[i]Thanks alot!![/i]\n\n--------------------\n\n- Have fun!\n\nYour Eleon Team.",,,,,,,,,,\n[c][ffffff]在上述窗口中[-][/c]，列出了一个“动作”。此处称为“如何解除卡住”。\n其左侧有一个[c][ffffff]复选框[-][/c]。\n\n在[c][ffffff]“卡住”任务中，按下这样的复选框[-][/c]。\n\n\n[i][b][c][ffffff]警告 [-][/c][/b]\n... 这样做，[b]可能会有东西损坏[/b]。隐藏的后续问题很可能会发生。[/i]\n\n---------------------\n\n\n[i]如果被迫使用此功能：\n请考虑提交一份[c][ffff80]错误报告[-][/c][/i]。 \n\n[c][ffffff]https://empyriononline.com/forums/bugs.24/[-][/c]\n[i][/i]\n[i]非常感谢！！[/i]\n\n--------------------\n\n- 祝玩得开心！\n\n您的埃利昂团队。,,,,,,
pda_acm4uGS,"Queue -on- [c][ffffff]Bulk crafting [-][/c]- -  [i]((Ammo, Fuel, Ingots, Powerbar))[/i]",,,,,,,,,,队列 -开启- [c][ffffff]批量制作 [-][/c]- -  [i]（弹药、燃料、锭、能量棒）[/i],,,,,,
pda_SAxCquC,Bulk Crafting,,,,,,,,,,批量制作,,,,,,
pda_GWO8W0G,Bulk Crafting,,,,,,,,,,批量制作,,,,,,
pda_mKsWeq0,--,,,,,,,,,,--,,,,,,
pda_GQ8iWaS,"[u][b]Bulk crafting[/b][/u]\n\n[c][ffffff]Craft stacks[-][/c] of items                                            \n[i]Hold [c][00ff00][Shift][-][/c] or [c][00ff00][Cntrl][-][/c],  + click[c][ffffff] template[-][/c].               [/i]\n                                                                \n[c][ffffff]Remove stacks [-][/c]from queue:  [c][ffffff][-][/c]\n[i]Holding [Shift] or [Cntrl] + click on[b] queue icon[/b][/i]\n\n--- \n[c][ffffff]Abort craft[-][/c]:    [c][c0c0c0]                                              \n[b]Green slider[/b] at top of screen to turn off          \nThen, click on queue icon.                        \n(Resources might be lost.)                          [-][/c]",,,,,,,,,,[u][b]批量制作[/b][/u]\n\n[c][ffffff]制作物品堆叠[-][/c]                                            \n[i]按住 [c][00ff00][Shift][-][/c] 或 [c][00ff00][Cntrl][-][/c]， + 点击[c][ffffff]模板[-][/c]。               [/i]\n                                                                \n[c][ffffff]从队列中移除堆叠 [-][/c]：  [c][ffffff][-][/c]\n[i]按住 [Shift] 或 [Cntrl] + 点击[b]队列图标[/b][/i]\n\n--- \n[c][ffffff]中止制作[-][/c]：    [c][c0c0c0]                                              \n[b]屏幕顶部的绿色滑块[/b]用于关闭          \n然后，点击队列图标。                        \n（资源可能会丢失。）                          [-][/c],,,,,,
pda_2wC1Sia,"InvC - [c][ffffff]Item quick-transfer[-][/c] reminder PC [c][ff8000][i](OnByT: Tasks3, Hoverbike placed) (OffBy: BiofuelCamp)[/i]      >C_Rw[-][/c]",,,,,,,,,,"库存 - [c][ffffff]物品快速转移[-][/c] 提醒 PC [c][ff8000][i](开启: 任务3, 悬浮摩托已放置) (关闭: 生物燃料营地)[/i]      >C_行[-][/c]",,,,,,
pda_6CuS0Si,Added Materials,,,,,,,,,,已添加材料,,,,,,
pda_CuWaY4W,...,,,,,,,,,,...,,,,,,
pda_8qWu0CO,--,,,,,,,,,,--,,,,,,
pda_qD8u8RS,[c][ffffff]To[b] Quick-transfer[/b] things:[-][/c]\n\n[c][00ff00][Shift] + [LMB][-][/c] [c][ffffff]on an item[-][/c],,,,,,,,,,[c][ffffff]要[b]快速转移[/b]物品：[-][/c]\n\n[c][00ff00][Shift] + [LMB][-][/c] [c][ffffff]在一个物品上[-][/c],,,,,,
pda_euO0uAi,[c][ff80ff]Check flow [-][/c]Unlocked[c][ffffff] Multitool[-][/c],,,,,,,,,,[c][ff80ff]检查流程 [-][/c]已解锁[c][ffffff] 多功能工具[-][/c],,,,,,
pda_amuSS0e,Multitool,,,,,,,,,,多功能工具,,,,,,
pda_KGmGq00,...,,,,,,,,,,...,,,,,,
pda_0mqm8OS,---,,,,,,,,,,---,,,,,,
pda_Z4u8GmK,"This is your [u][c][ffffff]main building tool[-][/c][/u].\n\nMost important function is [c][ffffff]full block retrieval[-][/c].\n\n[i]For ammo clips, you need to find the Resource '[c][ffff80]Promethium[-][/c]' .[/i]",,,,,,,,,,这是你的[u][c][ffffff]主要建造工具[-][/c][/u]。\n\n最重要的功能是[c][ffffff]完全方块回收[-][/c]。\n\n[i]对于弹药夹，你需要找到资源'[c][ffff80]钷[-][/c]'。[/i],,,,,,
pda_KSCJ4SI,____[c][ffff00]Techtree special mentions[-][/c]______,,,,,,,,,,____[c][ffff00]科技树特别提及[-][/c]______,,,,,,
pda_WCSgk4m,...,,,,,,,,,,...,,,,,,
pda_GufaOsi,...,,,,,,,,,,...,,,,,,
pda_8o0et8K,--,,,,,,,,,,--,,,,,,
pda_aSWKiKa,"Queue - [c][ffffff]Craft Starter (HV)[-][/c], ""Multitool tip"" [c][ff8000][i]>C_Off[/i][-][/c]",,,,,,,,,,"队列 - [c][ffffff]制造启动器 (HV)[-][/c], ""多功能工具提示"" [c][ff8000][i]>C_关闭[/i][-][/c]",,,,,,
pda_CeSGa0G,Crafting starter Block,,,,,,,,,,制造启动方块,,,,,,
pda_KWG6m8K,...,,,,,,,,,,...,,,,,,
pda_4GG8G4r,--,,,,,,,,,,--,,,,,,
pda_uSa8emm,"This starter block uses the ""[c][ffffff]Small"" Grid[-][/c].\n[sup](""S"" or ""HV"")[/sup]\n\n... To easily choose [b]fitting blocks[/b] to craft:\nSelect the '[c][ffffff] HoverVessel[-][/c]'  filter.\n[c][c0c0c0][sup][i](> Upper tabs, right, Symbol of a Land Speeder)[/i][/sup][-][/c]\n[sup]\nFor complex building, a [c][ffffff]Multitool [-][/c]is \nhighly recommended. (=Block pickup)[/sup]",,,,,,,,,,"这个启动方块使用""[c][ffffff]小型""网格[-][/c]。\n[sup](""S"" 或 ""HV"")[/sup]\n\n... 要轻松选择[b]合适的方块[/b] 进行制造:\n选择'[c][ffffff] 悬浮载具[-][/c]' 过滤器。\n[c][c0c0c0][sup][i](> 右侧上方的标签，悬浮艇符号)[/i][/sup][-][/c]\n[sup]\n对于复杂建筑，强烈推荐使用[c][ffffff]多功能工具 [-][/c]。\n(=方块拾取)[/sup]",,,,,,
pda_CwqWGCC,Trg_Stat [c][ffffff]FirstFracture[-][/c] security mention [c][ff8000][i](OffBy: HrPOI & heatRad early &BoomHeal)[/i][-][/c],,,,,,,,,,触发_状态 [c][ffffff]首次骨折[-][/c] 安全提示 [c][ff8000][i](关闭: HrPOI & 早期热辐射 &BoomHeal)[/i][-][/c],,,,,,
pda_oW44Sqm,Ouch...,,,,,,,,,,哎哟...,,,,,,
pda_KCka8K7,...,,,,,,,,,,...,,,,,,
pda_uG8qWSj,---,,,,,,,,,,---,,,,,,
pda_8imeamG,[c][ffff80]Afflictions[-][/c],,,,,,,,,,[c][ffff80]疾病[-][/c],,,,,,
pda_8GMYmwS,--,,,,,,,,,,--,,,,,,
pda_4erKaGC,"You just got [c][ffffff]ill. [-][/c]\n[i]Effects are stopped, for the moment, but you have to act.[/i]\n\n[c][ffffff]- Mitigation [-][/c]will lessen or slow down the illness.\n[c][ffffff]- Healing [-][/c]will get rid of it.\n\nA [c][ffffff]fracture is mitigated [-][/c]with [c][ffff80]bandages[-][/c].",,,,,,,,,,你刚才[c][ffffff]生病了。 [-][/c]\n[i]目前影响已停止，但你必须采取行动。[/i]\n\n[c][ffffff]- 缓解 [-][/c]会减轻或减缓疾病。\n[c][ffffff]- 治疗 [-][/c]会摆脱它。\n\n[c][ffffff]骨折可以通过[-][/c]绷带[c][ffff80]来缓解。,,,,,,
pda_8OetKWS,Your Inventory,,,,,,,,,,你的物品栏,,,,,,
pda_qaiiu8O,InvCc -on- [c][ffffff]Make ores[-][/c] - - [i]((Crushed stone x5))[/i],,,,,,,,,,库存 -开- [c][ffffff]制造矿石[-][/c] - - [i]((碎石 x5))[/i],,,,,,
pda_qq0uim8,Crushed Stone,,,,,,,,,,碎石,,,,,,
pda_OuCKmTC,...,,,,,,,,,,...,,,,,,
pda_CimEmLW,--,,,,,,,,,,--,,,,,,
pda_CWmqiak,"[u][c][ffffff]Emergency resources[-][/c][/u]:\n\nIf desperate, this Constructor can filter basic[c][ffffff] ores[-][/c] \nout of [c][ffffff]Crushed Stones.                                               [-][/c]\n[i][/i]\n[i](Check the [b]'Components' [/b]tab.                                    [/i]\n[i]Upper row of small symbols -> Small gear symbol)[/i]",,,,,,,,,,[u][c][ffffff]应急资源[-][/c][/u]:\n\n在紧急情况下，这个建造机可以从[c][ffffff]矿石[-][/c]中过滤基础资源 \n从[c][ffffff]碎石中提取。                                               [-][/c]\n[i][/i]\n[i]（查看'[b]组件' [/b]标签。                                    [/i]\n[i]上方一行小符号 -> 小齿轮符号）[/i],,,,,,
pda_qG4QKYi,____[c][ffff00] Tent  [-][/c]______________,,,,,,,,,,____[c][ffff00] 帐篷  [-][/c]______________,,,,,,
pda_4qiaOuS,...,,,,,,,,,,...,,,,,,
pda_SmaKOqE,...,,,,,,,,,,...,,,,,,
pda_qKWmaGO,--,,,,,,,,,,--,,,,,,
pda_G2GOmam,"Found: [c][ffffff]Crushed Stone[-][/c]\n[c][ffffff][-][/c]\n[i]( For: [u]Concrete[/u], Devices...)[/i]",,,,,,,,,,"发现: [c][ffffff]碎石[-][/c]\n[c][ffffff][-][/c]\n[i]( 用于： [u]混凝土[/u], 装置...)[/i]",,,,,,
pda_i8ax48K,Queue - Craft replacement [c][ffffff]Core[-][/c]. [i](OnBy??) [c][ff8000](OffBy: CraftBAStarter)[-][/c][/i],,,,,,,,,,队列 - 制造替换[c][ffffff]核心[-][/c]。 [i](开启??) [c][ff8000](关闭: 制造BA启动器)[-][/c][/i],,,,,,
pda_iSiW5ue,Replacement Core,,,,,,,,,,替换核心,,,,,,
pda_O2U40WK,[i]... intended?[/i],,,,,,,,,,[i]... 有意的？[/i],,,,,,
pda_i0WO808,"[u]Note:[/u] You [c][ffffff]crafted a[b] 'replacement' Core[/b][-][/c]\n\n... Use it to [b]move your Core[/b] location,\nor to [b]claim [/b]another structure.\n\n--- \n\n[c][c0c0c0](...If you intended to create a [-][/c][c][ffffff][b]new [/b]structure: [-][/c][c][c0c0c0]\nJust craft the fitting [-][/c][c][ffffff]Starter Block[-][/c][c][c0c0c0] next. [-][/c]\n[i][c][c0c0c0]> ""Building blocks'""tab & ""Show all Templates'"" selector.)[-][/c][/i]",,,,,,,,,,"[u]注意：[/u] 你[c][ffffff]制造了一个[b] '替代' 核心[/b][-][/c]\n\n... 使用它来[b]移动你的核心[/b] 位置，\n或[b]占领 [/b]另一个建筑。\n\n--- \n\n[c][c0c0c0](...如果你想要创建[-][/c][c][ffffff][b]新的 [/b]建筑: [-][/c][c][c0c0c0]\n接下来只需制造合适的[-][/c][c][ffffff]启动方块[-][/c][c][c0c0c0]。 [-][/c]\n[i][c][c0c0c0]> ""建筑方块""标签和""显示所有模板""选择器。)[-][/c][/i]",,,,,,
pda_qaO8mCC,..,,,,,,,,,,..,,,,,,
pda_iqq48eK,"Queue - [c][ffffff]Craft Starter (BA) [-][/c]Size & ""Multitool"" warn [i][c][ff8000]>C_Off[-][/c][/i]",,,,,,,,,,"队列 - [c][ffffff]制造启动器 (BA) [-][/c]尺寸 & ""多功能工具"" 警告 [i][c][ff8000]>C_关闭[-][/c][/i]",,,,,,
pda_WRWRSqG,Crafting starter Block,,,,,,,,,,制造启动方块,,,,,,
pda_WWuaGli,...,,,,,,,,,,...,,,,,,
pda_qGSSUe8,--,,,,,,,,,,--,,,,,,
pda_QSOmM8O,"This starter block uses the ""[c][ffffff]Large"" Grid[-][/c].\n(""L"" or ""BA"")                                                  \n\n... To easily choose [b]fitting blocks[/b] to craft, select the '[c][ffffff] Base[-][/c]'  filter.\n[i](> Upper tabs, right, same symbol as on this block.)                   [/i]\n\n-\n[i]Note: For building, a [c][ffffff]Multitool [-][/c]is highly recommended. [/i]\n[i](=Block pickup)                                                                     [/i]",,,,,,,,,,"这个启动方块使用""[c][ffffff]大型""网格[-][/c]。\n(""L"" 或 ""BA"")                                                  \n\n... 要轻松选择[b]合适的方块[/b] 进行制造，请选择'[c][ffffff]基地[-][/c]' 过滤器。\n[i](> 右侧上方的标签，与此方块上的符号相同。)                   [/i]\n\n-\n[i]注意：建造时，强烈推荐使用[c][ffffff]多功能工具 [-][/c]。 [/i]\n[i](=方块拾取)                                                                     [/i]",,,,,,
pda_4m8uSSC,[c][ff8000]bmC[-][/c]- Enter the [c][ffffff]Poles [-][/c]&travel over poles [i][c][ff8000](OffBy: DBDoorBreach)[-][/c][/i],,,,,,,,,,[c][ff8000]bmC[-][/c]- 进入[c][ffffff]极地 [-][/c]穿越极地 [i][c][ff8000](关闭: DBDoorBreach)[-][/c][/i],,,,,,
pda_eiuUKaS,Pol[c][ffffff]e C[-][/c]aps,,,,,,,,,,极[c][ffffff]地冰[-][/c]盖,,,,,,
pda_X4ik4iC,[i](Nothing to See)[/i],,,,,,,,,,[i]（没什么可看的）[/i],,,,,,
pda_4Q004mW,---,,,,,,,,,,---,,,,,,
pda_4aWcimG,"[i]< ... Just ice and snow...  [/i][i]- No life, [c][ffffff]nothing to see[-][/c] ... >[/i]\n[i][/i]\n[i]< And the polar coordinates are messing with all your gear. >[/i]",,,,,,,,,,[i]< ... 只有冰雪...  [/i][i]- 没有生命，[c][ffffff]没什么可看的[-][/c] ... >[/i]\n[i][/i]\n[i]< 而且极地坐标会干扰你所有的装备。 >[/i],,,,,,
pda_Kq0eGW8,"Found [c][ffffff]Promethium[-][/c]  [c][ff80ff][i][c][ff8000](OffBy: PromRes&Ore, [-][/c][/i][c][ff8000])[-][/c][-][/c]",,,,,,,,,,"发现 [c][ffffff]钷[-][/c]  [c][ff80ff][i][c][ff8000](关闭: 钷资源与矿石, [-][/c][/i][c][ff8000])[-][/c][-][/c]",,,,,,
pda_eWmO8aO,Found Promethium,,,,,,,,,,发现钷,,,,,,
pda_eieOcCK,--,,,,,,,,,,--,,,,,,
pda_hmC0mGC,--,,,,,,,,,,--,,,,,,
pda_848OqeK,"[i]< Promethium !! [/i]\n[i]For: [c][ffff80][u]>Multitool[/u] [c][ffffff]clips[-][/c],[-][/c] Fuel... >[/i]\n\n[i]< [c][ffffff]Really important[-][/c], ... but not right now. >[/i]",,,,,,,,,,"[i]< 钷！！ [/i]\n[i]用于： [c][ffff80][u]>多功能工具[/u] [c][ffffff]弹夹[-][/c],[-][/c] 燃料... >[/i]\n\n[i]< [c][ffffff]非常重要[-][/c], ... 但不是现在。 >[/i]",,,,,,
pda_qiOeuCK,____Building help checklists & steering controls  [c][ffff00][c][ff80ff]TEST[-][/c] [-][/c]______,,,,,,,,,,____建筑帮助清单和转向控制  [c][ffff00][c][ff80ff]测试[-][/c] [-][/c]______,,,,,,
pda_QomGGK4,...,,,,,,,,,,...,,,,,,
pda_aSuW848,...,,,,,,,,,,...,,,,,,
pda_WGmauO0,--,,,,,,,,,,--,,,,,,
pda_iPmeOW0,Checklist: HV Building - TEST,,,,,,,,,,清单: HV 建筑 - 测试,,,,,,
pda_08i4Ceu,HV: Basic parts,,,,,,,,,,HV: 基础部件,,,,,,
pda_G8K84Aa,- [c][ffffff]Starter[-][/c] block,,,,,,,,,,- [c][ffffff]启动器[-][/c] 方块,,,,,,
pda_eCGSI0K,--,,,,,,,,,,--,,,,,,
pda_r8aCmaW,[i](Alternatively[/i]:[i] Replacement Core)[/i],,,,,,,,,,[i]（或者[/i]:[i] 替换核心）[/i],,,,,,
pda_eS44aC0,--,,,,,,,,,,--,,,,,,
pda_OCiDiSm,- [c][ffffff]Generator[-][/c],,,,,,,,,,- [c][ffffff]发电机[-][/c],,,,,,
pda_Cumqq4u,--,,,,,,,,,,--,,,,,,
pda_W4auKuE,- [c][ffffff]Hover Engines[-][/c]\n[i](Place in T-layout for better stability)[/i],,,,,,,,,,- [c][ffffff]悬浮引擎[-][/c]\n[i]（以T形布局放置以获得更好的稳定性）[/i],,,,,,
pda_TqqGuSm,--,,,,,,,,,,--,,,,,,
pda_WaSuC8d,- [c][ffffff]Fuel Tank[-][/c],,,,,,,,,,- [c][ffffff]燃料罐[-][/c],,,,,,
pda_mmWkmee,--,,,,,,,,,,--,,,,,,
pda_q4mKAKS,- [c][ffffff]Cockpit[-][/c],,,,,,,,,,- [c][ffffff]驾驶舱[-][/c],,,,,,
pda_WuOOa4K,--,,,,,,,,,,--,,,,,,
pda_Omu0qSu,- Generator,,,,,,,,,,- 发电机,,,,,,
pda_SJq48i9,--,,,,,,,,,,--,,,,,,
pda_8ieKaj2,- (Building Blocks),,,,,,,,,,- （建筑方块）,,,,,,
pda_GOgme4a,--,,,,,,,,,,--,,,,,,
pda_q8e0Giq,- Building Blocks,,,,,,,,,,- 建筑方块,,,,,,
pda_8uOK8Uu,--,,,,,,,,,,--,,,,,,
pda_u0aamIO,(Checklist removed),,,,,,,,,,（清单已移除）,,,,,,
pda_SwSSH8S,[i]((Turn off: [b]Put back into inventory[/b]))[/i],,,,,,,,,,[i]((关闭： [b]放回物品栏[/b]))[/i],,,,,,
pda_uiSieCu,--,,,,,,,,,,--,,,,,,
pda_CqOqu5O,Turning off checklist.,,,,,,,,,,关闭清单。,,,,,,
pda_K8iaqFK,BlckPlc [c][80ffff]CalSig4c[-][/c]- [c][ffffff]Hoverbike[-][/c] - placed [c][ff8000]>C_Off x3 >C_Rw[-][/c],,,,,,,,,,方块放置 [c][80ffff]校准信号4c[-][/c]- [c][ffffff]悬浮摩托[-][/c] - 已放置 [c][ff8000]>C_关闭 x3 >C_行[-][/c],,,,,,
pda_KCKOaqi,"Added[c][ffffff] HV Building Checklist [-][/c]to view.\n\n[i](To [b]remove[/b], put this item [c][ffffff]back into your inventory[-][/c].)[/i]",,,,,,,,,,"已添加[c][ffffff] HV 建筑清单 [-][/c] 到视图。\n\n[i]（要[b]移除[/b], 将此物品[c][ffffff]放回你的物品栏[-][/c]。）[/i]",,,,,,
pda_UO0dWqS,"[i]((Turn off: [b]Select the Checklist item in Toolbar, [LMB][/b]))[/i]",,,,,,,,,,[i]((关闭： [b]选择工具栏中的清单项目， [LMB][/b]))[/i],,,,,,
pda_O0GOCKO,--,,,,,,,,,,--,,,,,,
pda_qimWC0T,Turning off checklist.,,,,,,,,,,关闭清单。,,,,,,
pda_u0ti0W8,Hoverbike,,,,,,,,,,悬浮摩托,,,,,,
pda_ScxTq4a,...placed!,,,,,,,,,,...已放置！,,,,,,
pda_3SOS8SO,--,,,,,,,,,,--,,,,,,
pda_uWKCiON,"[i]< Careful ... It will [c][ff0000][b]fold up[/b][-][/c] , if you leave it too long in the open! >[/i]\n\n[i]< Just[c][ffff80] pick it up into your toolbar[-][/c], [/i]\n[i]and place it again when needed. >[/i]",,,,,,,,,,"[i]< 小心... 如果它在开放空间放置太久，它会[c][ff0000][b]折叠起来[/b][-][/c]！ >[/i]\n\n[i]< 只需[c][ffff80]将其捡起放入工具栏[-][/c], [/i]\n[i]需要时再放置。 >[/i]",,,,,,
pda_uCOKAm8,View controls,,,,,,,,,,视角控制,,,,,,
pda_W9WS1e8,Unlock Camera with[c][00ff00] [Alt][-][/c],,,,,,,,,,解锁摄像头使用[c][00ff00] [Alt][-][/c],,,,,,
pda_CeWS8oe,--,,,,,,,,,,--,,,,,,
pda_WeSuEOe,[u]When driving[/u]:\n\nUnlock the [c][ffffff]view camera[-][/c] with [c][00ff00][Alt][-][/c] .\n[i][/i]\n[i]( View Distance: [MouseWheel] )[/i],,,,,,,,,,[u]驾驶时[/u]:\n\n解锁[c][ffffff]视角摄像头[-][/c] 使用 [c][00ff00][Alt][-][/c] 。\n[i][/i]\n[i]（ 视角距离： [MouseWheel] ）[/i],,,,,,
pda_duCUaK4,Other Note,,,,,,,,,,其他说明,,,,,,
pda_iISSN8u,--,,,,,,,,,,--,,,,,,
pda_44OemKi,(Full Timeout),,,,,,,,,,（完全超时）,,,,,,
pda_iKAaaeG,--,,,,,,,,,,--,,,,,,
pda_KOWmq8G,"Found: [c][ffffff]Iron[-][/c]\n[c][ffffff][-][/c]\n[i]< For: [u]Weapons[/u][/i] [i]& [u]Ammo,[/u] Devices, ... >[/i]",,,,,,,,,,"发现: [c][ffffff]铁[-][/c]\n[c][ffffff][-][/c]\n[i]< 用于： [u]武器[/u][/i] [i]和 [u]弹药,[/u] 装置, ... >[/i]",,,,,,
pda_MlCq84w,Found Silicon,,,,,,,,,,发现硅,,,,,,
pda_uCS6eaK,...,,,,,,,,,,...,,,,,,
pda_uaKOaeK,--,,,,,,,,,,--,,,,,,
pda_iCamSwG,Found Copper,,,,,,,,,,发现铜,,,,,,
pda_KG0CIWa,...,,,,,,,,,,...,,,,,,
pda_WOuSuKO,--,,,,,,,,,,--,,,,,,
pda_SCeuMOm,Found Wood Logs,,,,,,,,,,发现木原木,,,,,,
pda_0480kim,...,,,,,,,,,,...,,,,,,
pda_me8mOwi,--,,,,,,,,,,--,,,,,,
pda_w8ael40,Found Plant Fiber,,,,,,,,,,发现植物纤维,,,,,,
pda_0OS82CW,(Message),,,,,,,,,,（消息）,,,,,,
pda_O48uGM4,--,,,,,,,,,,--,,,,,,
pda_iu0mS04,"[i]Found: [c][ffffff]Fiber[-][/c][/i]\n\n< For: [u]Bandages[/u], Devices...\n  Note: [c][ffffff]Destroyed plants[-][/c] do not regrow. >",,,,,,,,,,"[i]发现： [c][ffffff]纤维[-][/c][/i]\n\n< 用于： [u]绷带[/u], 装置...\n  注意： [c][ffffff]被摧毁的植物[-][/c] 不会重新生长。 >",,,,,,
pda_6oaSGaq,(Full Timeout),,,,,,,,,,（完全超时）,,,,,,
pda_0S0ai8q,--,,,,,,,,,,--,,,,,,
pda_GWOCqCu,Healing Affliction,,,,,,,,,,治疗病症,,,,,,
pda_m4CmKuu,Uh-oh...,,,,,,,,,,哎呀...,,,,,,
pda_OQ4COYC,"""GENERATOR OVERLOAD!""",,,,,,,,,,“发电机过载！”,,,,,,
pda_K00Wa4C,...,,,,,,,,,,...,,,,,,
pda_8Kq8esm,---,,,,,,,,,,---,,,,,,
pda_a4OwGee,"You just got [c][ffff00]wounded[-][/c]!\n[c][c0c0c0](See: Red icon, bottom left screen)[-][/c]\n\n[c][ffffff]Heal[-][/c] it as soon as possible- \n-...  or at least [c][ffffff]mitigate[-][/c] it, so that it does not get [i]worse[/i].\n\n---\n[ [c][ffffff]OK[-][/c] ] for next message",,,,,,,,,,你刚刚受到[c][ffff00]伤害[-][/c]！\n[c][c0c0c0]（见：红色图标，屏幕左下角）[-][/c]\n\n[c][ffffff]治疗[-][/c] 尽快治疗- \n-... 或至少[c][ffffff]减轻[-][/c] 它，以防它变得更[i]糟[/i]。\n\n---\n[ [c][ffffff]确定[-][/c] ] 查看下一条消息,,,,,,
pda_SSaOeii,Drone Mining,,,,,,,,,,无人机采矿,,,,,,
pda_mm4ONKq,...,,,,,,,,,,...,,,,,,
pda_G0amq4q,--,,,,,,,,,,--,,,,,,
pda_MSq0EGG,\n- Select [b]Survival Tool[/b] & [c][ffff00]Mine[-][/c] the deposit with Drone\n[i][/i][i][sup][c][c0c0c0][RMB] for selecting tool modes. )[-][/c][/sup][/i],,,,,,,,,,\n- 选择[b]生存工具[/b] 且 [c][ffff00]开采[-][/c] 使用无人机开采矿藏\n[i][/i][i][sup][c][c0c0c0][RMB] 用于选择工具模式。 )[-][/c][/sup][/i],,,,,,
pda_GSO0uC0,--,,,,,,,,,,--,,,,,,
pda_iKm0CeL,"Crft  - [c][80ffff]CalSig4c [-][/c]-on- [c][ffffff]BikeCrafted[-][/c] [i][c][ff8000](OffBy: FoundBike, placeBike)  [-][/c][/i][c][ff8080]>ToRwBy [-][/c][c][ff8000]>C_Off x4 [-][/c]",,,,,,,,,,"制造  - [c][80ffff]校准信号4c [-][/c]-开- [c][ffffff]摩托已制造[-][/c] [i][c][ff8000](关闭:找到摩托, 放置摩托)  [-][/c][/i][c][ff8080]>按行 [-][/c][c][ff8000]>C_关闭 x4 [-][/c]",,,,,,
pda_qWaWGtK,Hoverbike,,,,,,,,,,悬浮摩托,,,,,,
pda_SauaOiq,...,,,,,,,,,,...,,,,,,
pda_mwGmKOi,--,,,,,,,,,,--,,,,,,
pda_SIeqeSW,TlbC - [c][80ffff]CalSig4c [-][/c]Toolbar - [c][ffffff]PlaceBike[-][/c] [i][c][ff8000](OffBy: PlaceBike) [-][/c][/i][c][ff8000]>C_Offx4[-][/c],,,,,,,,,,工具栏 - [c][80ffff]校准信号4c [-][/c]工具栏 - [c][ffffff]放置摩托车[-][/c] [i][c][ff8000](关闭:放置摩托车) [-][/c][/i][c][ff8000]>C_关闭x4[-][/c],,,,,,
pda_LKCOCkq,Place Bike,,,,,,,,,,放置摩托车,,,,,,
pda_i0ueSO7,"Select it in [c][ffffff]Toolbar[-][/c], place on ground with [c][00ff00][LMB][-][/c]",,,,,,,,,,在[c][ffffff]工具栏[-][/c]中选择它，用[c][00ff00][LMB][-][/c]放置在地面上,,,,,,
pda_4Ku4qWe,--,,,,,,,,,,--,,,,,,
pda_a4aeqmK,(Debug) Taurus Explosion trigger,,,,,,,,,,（调试）金牛座爆炸触发,,,,,,
pda_GU4uua0,BoomLever,,,,,,,,,,爆炸杠杆,,,,,,
pda_8C2qO4i,New Action,,,,,,,,,,新动作,,,,,,
pda_eqGCuSm,--,,,,,,,,,,--,,,,,,
pda_iKaG0a4,Sig - [c][ffffff]Sprint[-][/c] Info- [i][c][ff8000](OnBy: ReportCaptain) [-][/c][/i],,,,,,,,,,信号 - [c][ffffff]冲刺[-][/c] 信息- [i][c][ff8000](开启:报告船长) [-][/c][/i],,,,,,
pda_mIemGbq,Sprinting,,,,,,,,,,冲刺,,,,,,
pda_mBKKCqq,--,,,,,,,,,,--,,,,,,
pda_Ouu8e4K,--,,,,,,,,,,--,,,,,,
pda_SeMWmR4,[c][00ff00]Move +[Shift][-][/c],,,,,,,,,,[c][00ff00]移动 +[Shift][-][/c],,,,,,
pda_IGCOC8e,--,,,,,,,,,,--,,,,,,
pda_84WwC46,Sig & [c][0080ff]nPOI[-][/c] _on [c][ffffff]Leak[-][/c] found [i][c][ff8000](SigOnByT:PerfectFarm)[-][/c][/i] [c][ffffff][c][ff8000] [i][b]+Dlg[/b]Var[/i]  >C_On[-][/c][-][/c],,,,,,,,,,信号 & [c][0080ff]nPOI[-][/c] _于 [c][ffffff]泄漏[-][/c] 发现 [i][c][ff8000](信号开启:完美农场)[-][/c][/i] [c][ffffff][c][ff8000] [i][b]+对话[/b]变量[/i]  >C_开[-][/c][-][/c],,,,,,
pda_uWue8iO,Leak found,,,,,,,,,,发现泄漏,,,,,,
pda_ErS8qGW,Return & [c][ffff00]talk to Galleon[-][/c],,,,,,,,,,返回并[c][ffff00]与盖伦交谈[-][/c],,,,,,
pda_8e40S0G,--,,,,,,,,,,--,,,,,,
pda_iiqmmmG,( Debug) Open HangarDoor,,,,,,,,,,（调试）开启机库门,,,,,,
pda_auC4CmU,OpenHangar,,,,,,,,,,开启机库,,,,,,
pda_q8i8mfi,New Action,,,,,,,,,,新动作,,,,,,
pda_eECSuGi,--,,,,,,,,,,--,,,,,,
pda_44qeOmK,invOp - [c][ffffff]Faction [-][/c]storage - Captain  [c][ff8080]>C_Off&C_On Junk[-][/c],,,,,,,,,,invOp - [c][ffffff]派系 [-][/c]存储 - 船长  [c][ff8080]>C_Off&C_On 废弃[-][/c],,,,,,
pda_CGKCaum,[c][ff80ff]Unused [-][/c]DvUse- [c][ffffff]Back to Bed[-][/c] - (Offby:,,,,,,,,,,[c][ff80ff]未使用 [-][/c]DvUse- [c][ffffff]回到床上 [-][/c] -（由：,,,,,,
pda_WrqGuei,Too Sleepy,,,,,,,,,,太困了,,,,,,
pda_uqOeme8,Used Bed,,,,,,,,,,使用过的床,,,,,,
pda_muui0Oq,--,,,,,,,,,,--,,,,,,
pda_4S8O8uW,"[i]""What the... Human,[c][ffffff][-][/c][/i][c][ffffff] get up!! [-][/c]\n[i]Earn your stay.""[/i]",,,,,,,,,,"[i]""什么... 人类，[c][ffffff][-][/c][/i][c][ffffff] 起来！！ [-][/c]\n[i]赢得你的立足之地。""[/i]",,,,,,
pda_8Si0mK4,To [c][ffffff]Sprint[-][/c]: \n[c][00ff00]Move +[Shift][-][/c]\n\n(Will make you hungry),,,,,,,,,,要 [c][ffffff]冲刺[-][/c]: \n[c][00ff00]移动 +[Shift][-][/c]\n\n（会让你感到饥饿）,,,,,,
pda_kiKeWmq,[c][ffffff]Dlg[-][/c]_Trig - Open [c][ffffff]HangarDoor & Jetpack[-][/c]  [c][ffff00]+UI All[-][/c],,,,,,,,,,[c][ffffff]对话[-][/c]_触发 - 打开 [c][ffffff]机库门 & 喷气背包[-][/c]  [c][ffff00]+UI 所有[-][/c],,,,,,
pda_aWSWieO,- Into Space -,,,,,,,,,,- 进入太空 -,,,,,,
pda_K8waKaP,WOp - [c][ffffff]Armor[b]Lo[/b]cker[-][/c] use (Gal) [i][c][ff8000](OffBy: PerfectFarm)[-][/c][/i],,,,,,,,,,WOp - [c][ffffff]护甲[b]柜[/b][-] 使用（银河） [/c][i][c]（由：完美农场关闭）[ff8000][-][/c],,,,,,
pda_0Gm8qaa,Get 'Into The Zone',,,,,,,,,,进入'区域',,,,,,
pda_SS4CqGS,Mine Ice,,,,,,,,,,开采冰,,,,,,
pda_OWKSu00,--,,,,,,,,,,--,,,,,,
pda_ua0amue,(Ignore) ... [c][ffff00]((Drone attack trigger))[-][/c],,,,,,,,,,（忽略） ... [c][ffff00]（（无人机攻击触发））[-][/c],,,,,,
pda_WceiKOO,--,,,,,,,,,,--,,,,,,
pda_aiumOWW,Zen Ice Mining,,,,,,,,,,禅意冰矿开采,,,,,,
pda_CuS0Wqu,Just a little more ...,,,,,,,,,,再坚持一下 ...,,,,,,
pda_qS48aue,--,,,,,,,,,,--,,,,,,
pda_Seuuuae,"[i][Captain] :[/i]\n \n""... I [i]knew [/i]it! [b][/b]\n[b]- Drones incoming [/b]!!""",,,,,,,,,,"[i][Captain] :[/i]\n \n""... 我 [i]早就 [/i]知道！[b][/b]\n[b]- 无人机来袭 [/b]!!""",,,,,,
pda_imoOGOe,[c][c0c0c0](( [-][/c][i][c][c0c0c0]Incoming Message [-][/c][/i][c][c0c0c0]))[-][/c],,,,,,,,,,[c][c0c0c0](( [-][/c][i][c][c0c0c0]来电消息 [-][/c][/i][c][c0c0c0]))[-][/c],,,,,,
pda_44SGGua,[i]...[/i],,,,,,,,,,[i]...[/i],,,,,,
pda_Kium4Wi,--,,,,,,,,,,--,,,,,,
pda_CumeC8u,[c][c0c0c0](( Incoming message ))[-][/c],,,,,,,,,,[c][c0c0c0](( 来电消息 ))[-][/c],,,,,,
pda_Y0KCC04,[i]< Incredible. You are a true Mining Hero. >[/i],,,,,,,,,,[i]< 难以置信。你真是个采矿英雄。 >[/i],,,,,,
pda_aCRGSS4,[c][c0c0c0](( [-][/c][i][c][c0c0c0]Incoming Message [-][/c][/i][c][c0c0c0]))[-][/c],,,,,,,,,,[c][c0c0c0](( [-][/c][i][c][c0c0c0]来电消息 [-][/c][/i][c][c0c0c0]))[-][/c],,,,,,
pda_uuGOiqg,[i]...[/i],,,,,,,,,,[i]...[/i],,,,,,
pda_CSgKmee,--,,,,,,,,,,--,,,,,,
pda_UeG0W4C,[c][c0c0c0](([-][/c][i][c][c0c0c0] Cursed Drill [-][/c][/i][c][c0c0c0]))[-][/c],,,,,,,,,,[c][c0c0c0](([-][/c][i][c][c0c0c0] 被诅咒的钻头 [-][/c][/i][c][c0c0c0]))[-][/c],,,,,,
pda_OCEUOua,[i]...[/i],,,,,,,,,,[i]...[/i],,,,,,
pda_bq8KaGO,--,,,,,,,,,,--,,,,,,
pda_uUi4W04,[i]< These Drones will ignore you. >[/i]\n[i][/i]\n[i]< Detecting a [c][ffff00]teleporter [-][/c]here- >[/i],,,,,,,,,,[i]< 这些无人机不会理你。 >[/i]\n[i][/i]\n[i]< 检测到这里有[c][ffff00]传送器 [-][/c]- >[/i],,,,,,
pda_44c0aGC,[c][c0c0c0](( [i]------[/i][-][/c][i][c][c0c0c0][-][/c][/i][c][c0c0c0] ))[-][/c],,,,,,,,,,[c][c0c0c0](( [i]------[/i][-][/c][i][c][c0c0c0][-][/c][/i][c][c0c0c0] ))[-][/c],,,,,,
pda_maSOuue,[i]...[/i],,,,,,,,,,[i]...[/i],,,,,,
pda_Cq0qiC8,--,,,,,,,,,,--,,,,,,
pda_CieSe4O,[c][ff8080]PfTLeft[-][/c][c][0080ff] (nPOI) [-][/c]- [c][ffffff]Flightime [-][/c]TeleP-[c][ff8000](OnByT:TeleCore)[-][/c] [i][c][ff8000]>Off: Diverse [-][/c][/i][c][ff0000]PurgeMiningCore [-][/c][i][c][ff8000][c][ffff00]+UI_All + SwimSignals[-][/c][-][/c][/i],,,,,,,,,,[c][ff8080]PfTLeft[-][/c][c][0080ff] （nPOI） [-][/c]- [c][ffffff]飞行时间 [-][/c]传送P-[c][ff8000]（由：传送核心开启）[-][/c] [i][c][ff8000]>关闭：多样 [-][/c][/i][c][ff0000]清除采矿核心 [-][/c][i][c][ff8000][c][ffff00]+UI_所有 + 游泳信号[-][/c][-][/c][/i],,,,,,
pda_CKGCS7u,FlightTime Message  [c][ffff00]ChapterOff diverse[-][/c],,,,,,,,,,飞行时间消息  [c][ffff00]多章节关闭[-][/c],,,,,,
pda_ueSGeWc,Sig & [c][0080ff]Mrk[-][/c] - on_[c][ff8080]N[-][/c] - [c][ffffff]HangarLeave [-][/c]to Palette [c][ff8080]([-][/c][c][ff8000][c][ff8080]OffBy:JunkChpts)[-][/c] >C-Off x2 >C_OffT >C-On x2 >CRw (OffBy:ExplodeShip) [-][/c][i][c][ff8000][c][0080ff]CloseDoor (3rdTask)[-][/c][-][/c][/i],,,,,,,,,,信号 & [c][0080ff]标记[-][/c] - 开启_[c][ff8080]N[-][/c] - [c][ffffff]离开机库 [-][/c]到调色板 [c][ff8080]（[-][/c][c][ff8000][c][ff8080]由：废弃飞船关闭）[-][/c] >C-Off x2 >C_OffT >C-On x2 >CRw（由：飞船爆炸关闭） [-][/c][i][c][ff8000][c][0080ff]关门（第3任务）[-][/c][-][/c][/i],,,,,,
pda_eee0eqK,Fly to Container,,,,,,,,,,飞向集装箱,,,,,,
pda_aOVSm8G,Collect Drill,,,,,,,,,,收集钻头,,,,,,
pda_im8CC4a,--,,,,,,,,,,--,,,,,,
pda_CK8Gqae,Get Drill,,,,,,,,,,获得钻头,,,,,,
pda_2W8SGGW,Open the Container,,,,,,,,,,打开集装箱,,,,,,
pda_KGWOeiS,---,,,,,,,,,,---,,,,,,
pda_C0Gq0eO,...,,,,,,,,,,...,,,,,,
pda_qG2oMa4,...,,,,,,,,,,...,,,,,,
pda_Ky1qCa0,--,,,,,,,,,,--,,,,,,
pda_qCKaS04,DvU - [c][ffffff]HV cockpit[-][/c] Comm [i][c][ff8000](OffBy:TelePlanet)  [c][ffff00]+UI[-][/c][-][/c][/i],,,,,,,,,,DvU - [c][ffffff]重型飞船驾驶舱[-][/c] 通讯 [i][c][ff8000]（由：传送行星关闭）  [c][ffff00]+UI[-][/c][-][/c][/i],,,,,,
pda_cqe2iGa,(( Galleon )),,,,,,,,,,(( 加利昂 )),,,,,,
pda_quqO0aE,...,,,,,,,,,,...,,,,,,
pda_aam8kqS,--,,,,,,,,,,--,,,,,,
pda_uOimia0,MPowS - Using powerbutton  [c][ff80ff] [c][ff8000](OffBy: HangarLeave)[c][ff80ff] Only works with CP?[-][/c][-][/c][-][/c],,,,,,,,,,MPowS - 使用电源按钮  [c][ff80ff] [c][ff8000]（由：离开机库关闭）[c][ff80ff] 仅适用于CP？[-][/c][-][/c][-][/c],,,,,,
pda_CqeWKqW,(( Galleon )),,,,,,,,,,(( 加利昂 )),,,,,,
pda_imIaqSa,...,,,,,,,,,,...,,,,,,
pda_e4aSki8,--,,,,,,,,,,--,,,,,,
pda_uGueGue,...,,,,,,,,,,...,,,,,,
pda_40KS088,...,,,,,,,,,,...,,,,,,
pda_uqmmKG0,"< The good news:\nWelcome to the [c][ffffff]""Explorer Point"" Star system ![-][/c]\n\n- Don't worry; we will be back to [b]mining [/b]in no time! >",,,,,,,,,,"< 好消息：\n欢迎来到 [c][ffffff]""探索者点"" 恒星系统！[-][/c]\n\n- 别担心；我们很快就能回来 [b]采矿 [/b]了！>",,,,,,
pda_mie02SS,[c][0080ff]Mrk[-][/c]_nUnit - [c][ff8080]V[-][/c] - [c][ffffff]Galleon[-][/c] [i][c][ff8000](OnBy GravGenOut) (OffBy:CaptainTalk) C_off[-][/c][/i],,,,,,,,,,[c][0080ff]标记[-][/c]_nUnit - [c][ff8080]V[-][/c] - [c][ffffff]加利昂[-][/c] [i][c][ff8000]（由：重力发生器关闭）（由：船长对话关闭）C_off[-][/c][/i],,,,,,
pda_im4avaG,Found: Galleon,,,,,,,,,,发现：加利昂,,,,,,
pda_KCuOqC8,...,,,,,,,,,,...,,,,,,
pda_GSqCi2i,--,,,,,,,,,,--,,,,,,
pda_WqieOuS,[c][ffffff]Dlg[-][/c] -[c][0080ff]nPOI[-][/c] - [c][ffffff]Captain: Talk[-][/c] to galleon   [i][c][ff8000](By:Dialog) [-][/c][/i][c][ff8000]C_On [-][/c][c][ff8000]>C_Off[-][/c],,,,,,,,,,[c][ffffff]对话[-][/c] -[c][0080ff]nPOI[-][/c] - [c][ffffff]船长：与加利昂交谈[-][/c]   [i][c][ff8000]（由：对话） [-][/c][/i][c][ff8000]C_On [-][/c][c][ff8000]>C_Off[-][/c],,,,,,
pda_4SqaCW8,Talk to Galleon,,,,,,,,,,与加利昂交谈,,,,,,
pda_quS4iMw,...,,,,,,,,,,...,,,,,,
pda_aq6WKm0,--,,,,,,,,,,--,,,,,,
pda_SS8iCOS,Armor: Jetpack controls,,,,,,,,,,护甲：喷气背包控制,,,,,,
pda_U8GOSq4,"[c][00ff00][J][-][/c] for[c][ffff00] Jetpack[-][/c][c][ffffff]\n [-][/c][c][00ff00][Space, C][-][/c]: Up, Down\n [c][00ff00][Q, E][-][/c]: Roll",,,,,,,,,,"[c][00ff00][J][-][/c]用于[c][ffff00]喷气背包[-][/c][c][ffffff]\n [-][/c][c][00ff00][空格, C][-][/c]: 上升, 下降\n [c][00ff00][Q, E][-][/c]: 翻滚",,,,,,
pda_CmSqemF,---,,,,,,,,,,---,,,,,,
pda_8K6s0Sa,...,,,,,,,,,,...,,,,,,
pda_uKqOaqi,--,,,,,,,,,,--,,,,,,
pda_aiEmaGG,[c][ffffff]Dlg[-][/c]_ [c][0080ff]Mrk[-][/c]- [c][0080ff]Task[-][/c] [c][ffffff]Armor [-][/c]locker [c][ff8000][i](OffBy: ArmorLocker) >>[u][b]C-On [/b][/u]& [u][b]C-Off[/b][/u][/i][-][/c],,,,,,,,,,[c][ffffff]对话[-][/c]_ [c][0080ff]标记[-][/c]- [c][0080ff]任务[-][/c] [c][ffffff]护甲 [-][/c]柜 [c][ff8000][i]（由：护甲柜关闭） >>[u][b]C-On [/b][/u]& [u][b]C-Off[/b][/u][/i][-][/c],,,,,,
pda_8ZGKGSe,Find armor locker,,,,,,,,,,找到护甲柜,,,,,,
pda_m8CqGSZ,--,,,,,,,,,,--,,,,,,
pda_WFKa84W,Sig - [c][ffffff]Swim & [c][ff0000]Purge MiningTowerCore [-][/c][-][/c][c][ffff00](sigs are off) [-][/c][c][ff8000][i](RwBy: FlightTIme)[/i][-][/c],,,,,,,,,,信号 - [c][ffffff]游泳 & [c][ff0000]清除采矿塔核心 [-][/c][-][/c][c][ffff00]（信号已关闭） [-][/c][c][ff8000][i]（由：飞行时间）[/i][-][/c],,,,,,
pda_8aKO04R,How to Swim,,,,,,,,,,如何游泳,,,,,,
pda_Ou880Gu,...,,,,,,,,,,...,,,,,,
pda_S4aekOa,--,,,,,,,,,,--,,,,,,
pda_Oia0RSC,Open Doors,,,,,,,,,,打开门,,,,,,
pda_44k484e,..,,,,,,,,,,..,,,,,,
pda_m4qejma,--,,,,,,,,,,--,,,,,,
pda_4Cii4YW,_____________ DEBUG ______________,,,,,,,,,,_____________ 调试 ______________,,,,,,
pda_e8u8a8G,--,,,,,,,,,,--,,,,,,
pda_pWtigK0,--,,,,,,,,,,--,,,,,,
pda_emTW84I,--,,,,,,,,,,--,,,,,,
pda_WNW4qWS,\n[i](Leave Hangar to continue)[/i],,,,,,,,,,\n[i]（离开机库继续）[/i],,,,,,
pda_nWe40mK,--,,,,,,,,,,--,,,,,,
pda_GGGCWg8,[i]< ... Had to improvise a bit. >[/i],,,,,,,,,,[i]< ... 不得不临时应付一下。 >[/i],,,,,,
pda_Iq4GCgO,Sig -[c][ffffff] GravGen[-][/c]Out&Boom[c][ff8000][i](OnBy: CaptainIntro) [/i]>C_Rw[-][/c] [c][ffff00]+UIOxy[-][/c],,,,,,,,,,信号 -[c][ffffff]重力发生器[-][/c]关闭&爆炸[c][ff8000][i]（由：船长介绍） [/i]>C_Rw[-][/c] [c][ffff00]+UI氧气[-][/c],,,,,,
pda_KcKOWqe,...,,,,,,,,,,...,,,,,,
pda_4KKm4cO,(Galleon?),,,,,,,,,,（加利昂？）,,,,,,
pda_E8iw0Oi,--,,,,,,,,,,--,,,,,,
pda_eei4SiO,...,,,,,,,,,,...,,,,,,
pda_CmeCieK,(Galleon...?),,,,,,,,,,（加利昂...？）,,,,,,
pda_aieaKqa,--,,,,,,,,,,--,,,,,,
pda_iWOaOCe,[c][0080ff](nPOI2a) Mrk[-][/c] -rw- [c][ffffff]PerfectFarm[-][/c][c][ff8000][i](RwBy: ArmorLockerUse) [/i]>C-Off x2 >SigOnT[-][/c],,,,,,,,,,[c][0080ff]（nPOI2a）标记[-][/c] -rw- [c][ffffff]完美农场[-][/c][c][ff8000][i]（由：护甲柜使用） [/i]>C-Off x2 >SigOnT[-][/c],,,,,,
pda_WqSWaOa,Earn your Stay,,,,,,,,,,赢得你的立足之地,,,,,,
pda_uCa8WKK,Enter the ship's Farm\n[sup](See [c][ffff00]Marker[-][/c])[/sup],,,,,,,,,,进入飞船的农场\n[sup]（参见 [c][ffff00]标记[-][/c]）[/sup],,,,,,
pda_uSa4CuS,--,,,,,,,,,,--,,,,,,
pda_K0meDam,Check for O[sub]2[/sub] leak,,,,,,,,,,检查氧气泄漏,,,,,,
pda_euSmGiE,"\n\n\n\n\n\n\n\nPress [c][00ff00][N][-][/c] for [c][ffffff]Building [-][/c]menu.\n\nSelect [b][c][ffffff][[[-][/c][/b][c][00ff00]Debug[-][/c][c][ffffff][b]]][/b][-][/c] [c][ffffff]tab.[-][/c]\n\nActivate '[c][00ff00]Show Oxygen[-][/c]'\n\n[N] to close, [c][ffff00]Follow trail[-][/c]",\n[N] to close.\n\nCheck trail.,,,,,,,,,\n\n\n\n\n\n\n\n按下 [c][00ff00][N][-][/c] 打开 [c][ffffff]建造 [-][/c]菜单。\n\n选择 [b][c][ffffff][[[-][/c][/b][c][00ff00]调试[-][/c][c][ffffff][b]]][/b][-][/c] [c][ffffff]选项卡。[-][/c]\n\n激活 '[c][00ff00]显示氧气[-][/c]'\n\n[N] 以关闭，[c][ffff00]跟随轨迹[-][/c],,,,,,
pda_qqG4WCW,---,,,,,,,,,,---,,,,,,
pda_m4miGeM,Teleport ice into box,,,,,,,,,,将冰传送到箱子,,,,,,
pda_8aCGS0m,[c][ffff00]Press[-][/c] [c][00ff00]['F4'][-][/c] for Logistics when in range,,,,,,,,,,[c][ffff00]在射程内按[-][/c] [c][00ff00]['F4'][-][/c] 进行物流传输,,,,,,
pda_SNWGWSi,[i](It's faster than flying there)[/i],,,,,,,,,,[i]（比飞过去更快）[/i],,,,,,
pda_m4Weu8A,--,,,,,,,,,,--,,,,,,
pda_WGG4SmG,"< With the [c][ffffff]Logistics [-][/c]system, you do not need to get this close...! \nC'mon, this is all time that we could have mined! >",,,,,,,,,,< 有了 [c][ffffff]物流 [-][/c]系统，你就不需要靠这么近了...！\n来吧，这些时间我们本可以用来挖矿的！>,,,,,,
pda_SmOC4SO,[i]< Wonderful! >[/i],,,,,,,,,,[i]< 太棒了！ >[/i],,,,,,
pda_O8SmS44,"[c][c0c0c0]( [c][c9a39c][b][i]Galleon[/i][/b] [-][/c]) :[-][/c]           [i]""Hey, stop that ! [/i]\n                              - ... [i][c][ffffff]Switch it back [-][/c]! ""[/i]",,,,,,,,,,"[c][c0c0c0]( [c][c9a39c][b][i]加利昂[/i][/b] [-][/c]) :[-][/c]           [i]""嘿，住手！ [/i]\n                              - ... [i][c][ffffff]把它开关回去 [-][/c]! ""[/i]",,,,,,
pda_G80i8am,"[i]< The bad news: \nWe [b]won't[/b] catch up with your crewmates.[/i]\n[i]With the power loss, the teleporter target had been wiped. >[/i]",,,,,,,,,,[i]< 坏消息是：\n我们 [b]无法[/b] 赶上你的船员了。[/i]\n[i]由于电力中断，传送器目标已被清除。>[/i],,,,,,
pda_OK0KKDs,_____________ BUNK ______________ [i]& junk[/i],,,,,,,,,,_____________ 床铺 ______________ [i]& 垃圾[/i],,,,,,
pda_ajSGeuS,--,,,,,,,,,,--,,,,,,
pda_WKauqau,--,,,,,,,,,,--,,,,,,
pda_4GuiSmF,--,,,,,,,,,,--,,,,,,
pda_8s0iC08,Press [c][00ff00][N][-][/c] for [c][ffffff]Building [-][/c]menu.\n\nSelect [b][[[/b][c][00ff00]Debug[-][/c][b]]][/b] tab.\n\nActivate '[c][00ff00]Show Oxygen[-][/c]'.\n\nCheck trail.,,,,,,,,,,按 [c][00ff00][N][-][/c] 打开 [c][ffffff]建造 [-][/c]菜单。\n\n选择 [b][[[/b][c][00ff00]调试[-][/c][b]]][/b] 标签页。\n\n激活'[c][00ff00]显示氧气[-][/c]'。\n\n检查轨迹。,,,,,,
pda_WiK00G4,New Action,,,,,,,,,,新动作,,,,,,
pda_YKGKGmq,--,,,,,,,,,,--,,,,,,
pda_vq8KK4S,[c][ffffff]_____________ HALLWAYS ______________ [-][/c](Coll diverse),,,,,,,,,,[c][ffffff]_____________ 走廊 ______________ [-][/c](收集各种),,,,,,
pda_C4Uuu00,-- (Collect diverse parts),,,,,,,,,,-- (收集各种零件),,,,,,
pda_8S4YqGi,--,,,,,,,,,,--,,,,,,
pda_4KOH8G4,--,,,,,,,,,,--,,,,,,
pda_vGXSi8s,Press [c][00ff00][N][-][/c] for [c][ffffff]Building [-][/c]menu.\n\nSelect [b][[[/b][c][00ff00]Debug[-][/c][b]]][/b] tab.\n\nActivate '[c][00ff00]Show Oxygen[-][/c]'.\n\nCheck trail.,,,,,,,,,,按 [c][00ff00][N][-][/c] 打开 [c][ffffff]建造 [-][/c]菜单。\n\n选择 [b][[[/b][c][00ff00]调试[-][/c][b]]][/b] 标签页。\n\n激活'[c][00ff00]显示氧气[-][/c]'。\n\n检查轨迹。,,,,,,
pda_SaS04uo,New Action,,,,,,,,,,新动作,,,,,,
pda_C0SGqWq,--,,,,,,,,,,--,,,,,,
pda_GV44aiW,[c][ffffff]_____________ ICE DRILLING ______________[-][/c],,,,,,,,,,[c][ffffff]_____________ 冰钻探 ______________[-][/c],,,,,,
pda_JaSO8Gu,--,,,,,,,,,,--,,,,,,
pda_l0GWSq0,--,,,,,,,,,,--,,,,,,
pda_0mOKqww,--,,,,,,,,,,--,,,,,,
pda_m84uuZC,[c][ffffff][b]_____________ PLANET ______________[/b][-][/c],,,,,,,,,,[c][ffffff][b]_____________ 星球 ______________[/b][-][/c],,,,,,
pda_4Ci00aK,--,,,,,,,,,,--,,,,,,
pda_awmO468,--,,,,,,,,,,--,,,,,,
pda_qWO48gh,--,,,,,,,,,,--,,,,,,
pda_KSVuu0e,(Debug) [c][ffff00]Turn on all UI[-][/c],,,,,,,,,,(调试) [c][ffff00]开启所有界面[-][/c],,,,,,
pda_pImKmCW,Turn On UI,,,,,,,,,,开启界面,,,,,,
pda_hw00uui,....,,,,,,,,,,....,,,,,,
pda_CKaveaS,--,,,,,,,,,,--,,,,,,
pda_Ge0e3mG,Activate [c][ffff00]+Lifestats[-][/c],,,,,,,,,,激活 [c][ffff00]+生命状态[-][/c],,,,,,
pda_CuKueWS,...,,,,,,,,,,...,,,,,,
pda_WuOCOMK,---,,,,,,,,,,---,,,,,,
pda_KeKCGiq,Find food,,,,,,,,,,寻找食物,,,,,,
pda_eSu0GOu,--,,,,,,,,,,--,,,,,,
pda_mOG8C0S,"Point at display, activate with [c][00ff00][b][F][/b][-][/c]",,,,,,,,,,指向显示屏，用[c][00ff00][b][F][/b][-][/c]激活,,,,,,
pda_aS88K4G,--,,,,,,,,,,--,,,,,,
pda_jiWW0Ci,[c][ffff00]Flee with Teleporter[-][/c],,,,,,,,,,[c][ffff00]用传送器撤离[-][/c],,,,,,
pda_GWCmSKm,Space Mining,,,,,,,,,,太空开采,,,,,,
pda_KuiuWOO,"Use '[u][b]Resource Mode[/b][/u]' ,\n[c][ffff00]Collect ice[-][/c] into your inventory with [c][00ff00][LMB][-][/c]",,,,,,,,,,"使用 '[u][b]资源模式[/b][/u]' ,\n[c][ffff00]采集冰[-][/c]到你的物品栏，使用[c][00ff00][LMB][-][/c]",,,,,,
pda_4O0S6aG,---,,,,,,,,,,---,,,,,,
pda_u4mPW4q,[i]<  Yes . That's the good box! >[/i]\n\n[i]< -[c][ffff00] Place the ice[-][/c] in there. [/i]- [i][c][ffffff]Close [-][/c]it when done. >[/i],,,,,,,,,,[i]<  是的，就是那个好箱子！ >[/i]\n\n[i]< -[c][ffff00] 把冰[-][/c]放在那里。 [/i]- [i][c][ffffff]完成后[-][/c]关上。 >[/i],,,,,,
pda_eeGmOKK,DvU - [c][ffffff]Cockpit[-][/c] Captain Comm[c][ff8000][i](OffBy: HangarLeave & ExplodeShip)[/i][-][/c],,,,,,,,,,DvU - [c][ffffff]驾驶舱[-][/c] 舰长通信[c][ff8000][i](关闭条件: 离开机库 & 引爆飞船)[/i][-][/c],,,,,,
pda_eC0IKqW,(( Captain )),,,,,,,,,,(( 舰长 )),,,,,,
pda_8YOk0ue,...,,,,,,,,,,...,,,,,,
pda_q4K8KSp,--,,,,,,,,,,--,,,,,,
pda_iOO4S04,DvU - [c][ffffff]Bench[-][/c] next to captain Comm -[i]  ([c][ff8000][c][ff0000][c][ff8000]OffBy: ReportCaptain & ExplodeShip[-][/c][-][/c])[-][/c][/i],,,,,,,,,,DvU - [c][ffffff]工作台[-][/c] 在舰长通信旁 -[i]  ([c][ff8000][c][ff0000][c][ff8000]关闭条件: 报告舰长 & 引爆飞船[-][/c][-][/c])[-][/c][/i],,,,,,
pda_aT8SCeK,(( Captain )),,,,,,,,,,(( 舰长 )),,,,,,
pda_eSKm4aa,...,,,,,,,,,,...,,,,,,
pda_OOZGSmC,--,,,,,,,,,,--,,,,,,
pda_44CWoGa,Equip drill,,,,,,,,,,装备钻头,,,,,,
pda_WeSKuia,"[i][sub](Container window)[/sub][/i]\nPut the\n[c][ffff00]Survival Tool into[-][/c]\n[c][ffff00]your [u]Toolbar[/u][-][/c], below.",,,,,,,,,,"[i][sub](容器窗口)[/sub][/i]\n将\n[c][ffff00]生存工具[-][/c]\n[c][ffff00]放入你的[u]工具栏[/u][-][/c], 在下方。",,,,,,
pda_Wami4Gj,--,,,,,,,,,,--,,,,,,
pda_iGO8mKx,Sig- on-[c][80ffff]CAL2[-][/c] [c][ffffff]IceDrilling [-][/c][c][80ffff](SigBy: EquipDrill) [-][/c][c][ffffff][c][ff8000]>C_OnOffT  >Dlg[-][/c][-][/c],,,,,,,,,,信号- 开启-[c][80ffff]CAL2[-][/c] [c][ffffff]冰钻[-][/c][c][80ffff](信号源: 装备钻头) [-][/c][c][ffffff][c][ff8000]>C_OnOffT  >Dlg[-][/c][-][/c],,,,,,
pda_iq4GGKO,[c][ff8080][b]WARNING[/b][-][/c],,,,,,,,,,[c][ff8080][b]警告[/b][-][/c],,,,,,
pda_Ku4YiSo,[i]System attack![/i],,,,,,,,,,[i]系统攻击！[/i],,,,,,
pda_0ua8aue,--,,,,,,,,,,--,,,,,,
pda_8ie0qaa,[i][c][ff8080][b][[ WARNING : [/b][-][/c][c][ffffff][b]Hacking[/b] [-][/c][c][ff8080][b]attempt detected.[/b][-][/c][/i]\n[i][c][ff8080]      Integrity is at - ]][-][/c][/i],,,,,,,,,,[i][c][ff8080][b][[ 警告 : [/b][-][/c][c][ffffff][b]检测到[/b] [-][/c][c][ff8080][b]黑客入侵尝试。[/b][-][/c][/i]\n[i][c][ff8080]      完整性为 - ]][-][/c][/i],,,,,,
pda_uYeSueu,[c][ff8080][b]WARNING[/b][-][/c],,,,,,,,,,[c][ff8080][b]警告[/b][-][/c],,,,,,
pda_KGeCaGq,[i]System attack![/i],,,,,,,,,,[i]系统攻击！[/i],,,,,,
pda_YKeCO8O,--,,,,,,,,,,--,,,,,,
pda_uSOSqOS,[i][c][ff8080][b][[ WARNING : [/b][-][/c][c][ffffff][b]Hacking[/b] [-][/c][c][ff8080][b]attempt detected.[/b][-][/c][/i]\n[i][c][ff8080]Integrity is at [b]50[/b]% ]][-][/c][/i],,,,,,,,,,[i][c][ff8080][b][[ 警告 : [/b][-][/c][c][ffffff][b]检测到[/b] [-][/c][c][ff8080][b]黑客入侵尝试。[/b][-][/c][/i]\n[i][c][ff8080]完整性为 [b]50[/b]% ]][-][/c][/i],,,,,,
pda_aI0uGSC,[c][ff8080][b]WARNING[/b][-][/c],,,,,,,,,,[c][ff8080][b]警告[/b][-][/c],,,,,,
pda_iaGWaO0,[i]System attack![/i],,,,,,,,,,[i]系统攻击！[/i],,,,,,
pda_KcCOieS,--,,,,,,,,,,--,,,,,,
pda_WiS1SO8,[i][c][ff8080][b][[ WARNING : [/b][-][/c][c][ffffff][b]Hacking[/b] [-][/c][c][ff8080][b]attempt detected.[/b][-][/c][/i]\n[i][c][ff8080]Integrity is at [b]10%[/b] ]][-][/c][/i],,,,,,,,,,[i][c][ff8080][b][[ 警告 : [/b][-][/c][c][ffffff][b]检测到[/b] [-][/c][c][ff8080][b]黑客入侵尝试。[/b][-][/c][/i]\n[i][c][ff8080]完整性为 [b]10%[/b] ]][-][/c][/i],,,,,,
pda_Kqaacm8,(( The Cursed Drill )),,,,,,,,,,(( 被诅咒的钻头 )),,,,,,
pda_aKCWuqL,...,,,,,,,,,,...,,,,,,
pda_aCuSW4K,--,,,,,,,,,,--,,,,,,
pda_8QGmWOG,Space Mining,,,,,,,,,,太空开采,,,,,,
pda_iCGKOWS,...,,,,,,,,,,...,,,,,,
pda_G4qKumQ,--,,,,,,,,,,--,,,,,,
pda_rdOGMOK,[c][c0c0c0]( [-][/c][c][ffffff][i]The [/i][i]Drill[/i][-][/c][c][c0c0c0][c][c9a39c][-][/c] ) [i]:[/i][-][/c][i][/i][i][/i]\n[i][/i]\n[i]< [c][ffffff]Hello there! [-][/c]... Can you [b]hear [/b]me now ? >[/i]\n[i]<  Nice to meet you ! >[/i],,,,,,,,,,[c][c0c0c0]( [-][/c][c][ffffff][i]钻头[/i][-][/c][c][c0c0c0][c][c9a39c][-][/c] ) [i]:[/i][-][/c][i][/i][i][/i]\n[i][/i]\n[i]< [c][ffffff]你好！ [-][/c]... 你能 [b]听到 [/b]我说话吗？ >[/i]\n[i]<  很高兴见到你！ >[/i],,,,,,
pda_iiKqJ0C,ItmPck - Hlp - [c][ffffff]Wrong slot[-][/c] Drill [i][c][ff8000](OffBy: EquipDrill)[-][/c][/i],,,,,,,,,,物品包 - 帮助 - [c][ffffff]错误的槽位[-][/c] 钻头 [i][c][ff8000](关闭：装备钻头)[-][/c][/i],,,,,,
pda_C00mCXi,(Wrong slot used),,,,,,,,,,(使用了错误的槽位),,,,,,
pda_6u04WOq,Put into your Toolbar,,,,,,,,,,放入你的工具栏,,,,,,
pda_GuQsO9q,--,,,,,,,,,,--,,,,,,
pda_0k8G403,"( To use, put this into your [c][ffff00]Toolbar[-][/c], at [c][ffffff]lower screen edge[-][/c]. )",,,,,,,,,,( 要使用，将它放入你的[c][ffff00]工具栏[-][/c]，在[c][ffffff]屏幕底部边缘[-][/c]。 ),,,,,,
pda_SWnqK8a,[i]< ... Better to [c][ffff80]craft Energy Bars [-][/c]out of it? >[/i]\n\n[i]< - You got this [c][ffffff]'Suit Constructor[-][/c]' [/i][c][00ff00][i][Tab] [/i][-][/c][i]... >[/i],,,,,,,,,,[i]< ... 最好用它来[c][ffff80]制造能量棒 [-][/c]？ >[/i]\n\n[i]< - 你得到了这个[c][ffffff]'防护服建造机[-][/c]' [/i][c][00ff00][i][Tab] [/i][-][/c][i]... >[/i],,,,,,
pda_8UsU4Gu,[b][c][ffffff]_____________ FLEET ______________[-][/c][/b],,,,,,,,,,[b][c][ffffff]_____________ 舰队 ______________[-][/c][/b],,,,,,
pda_4Mm8KC0,--,,,,,,,,,,--,,,,,,
pda_Ta0mKeu,--,,,,,,,,,,--,,,,,,
pda_0sqaKAC,--,,,,,,,,,,--,,,,,,
pda_0V8WGai,...,,,,,,,,,,...,,,,,,
pda_IOGeKCm,--,,,,,,,,,,--,,,,,,
pda_egWCVSi,Move this into the [c][ffff00]slot to the right of your character[-][/c],,,,,,,,,,将它移动到[c][ffff00]你角色右侧的槽位[-][/c],,,,,,
pda_Dcq08ae,[c][ffffff](Put into the correct slot - EVA)[-][/c],,,,,,,,,,[c][ffffff](放入正确的槽位 - EVA)[-][/c],,,,,,
pda_SmU800a,--,,,,,,,,,,--,,,,,,
pda_eenE4mi,(Move this into the [c][ffff00]slot next to the character[-][/c]),,,,,,,,,,(将它移动到[c][ffff00]角色旁边的槽位[-][/c]),,,,,,
pda_8maiKqe,Suit up,,,,,,,,,,穿上装备,,,,,,
pda_KC6OOWC,[c][ffff00]Suit up[-][/c]\n[i](Armor Locker)[/i],,,,,,,,,,[c][ffff00]穿上装备[-][/c]\n[i](护甲柜)[/i],,,,,,
pda_eq88mSX,[c][ffffff](Put into the correct slot - Armor)[-][/c],,,,,,,,,,[c][ffffff](放入正确的槽位 - 护甲)[-][/c],,,,,,
pda_84M0CFK,--,,,,,,,,,,--,,,,,,
pda_O0Wuqqu,(Move this into the [c][ffff00]slot next to the character[-][/c]),,,,,,,,,,(将它移动到[c][ffff00]角色旁边的槽位[-][/c]),,,,,,
pda_eOqWiaK,...,,,,,,,,,,...,,,,,,
pda_8qeKmiK,--,,,,,,,,,,--,,,,,,
pda_KmSSmOK,Move this into the [c][ffff00]slot to the left of your character[-][/c]. \n(You need to equip the armor first.),,,,,,,,,,将它移动到[c][ffff00]你角色左侧的槽位[-][/c]。 \n(你需要先装备护甲。),,,,,,
pda_aGeGii4,[sup](Then close armor locker)[/sup],,,,,,,,,,[sup](然后关闭护甲柜)[/sup],,,,,,
pda_Sm8Sia4,--,,,,,,,,,,--,,,,,,
pda_EW0qmKK,[u][b]Equip:[/b][/u]\nMove the Armor from the locker [c][ffff00]into the armor slot[-][/c] \n[i]([b]right [/b]to your character)[/i],,,,,,,,,,[u][b]装备：[/b][/u]\n将护甲从柜子中移动[c][ffff00]到护甲槽位[-][/c] \n[i]([b]右侧 [/b]对你的角色)[/i],,,,,,
pda_qaS04uG,Inv - [c][ffffff]SecretStash[-][/c] of Galleon [c][ff8000] +Dlg [-][/c] [c][ff8080]>C_Off&C_On Junk[-][/c],,,,,,,,,,物品栏 - [c][ffffff]秘密储藏[-][/c] 加利昂 [c][ff8000] +对话框 [-][/c] [c][ff8080]>C_关闭&C_开启垃圾[-][/c],,,,,,
pda_9eS40Ki,Suit up,,,,,,,,,,穿上装备,,,,,,
pda_84OK8Tg,[i](Armor Locker)[/i][c][ffffff]\nMove the Armor[-][/c] into the armor slot.\n[c][ffffff]Add ArmorBoosters[-][/c] to the other slots.,,,,,,,,,,[i](护甲柜)[/i][c][ffffff]\n将护甲[-][/c]移动到护甲槽位。\n[c][ffffff]添加护甲增强器[-][/c]到其他槽位。,,,,,,
pda_4G4aWaC,--,,,,,,,,,,--,,,,,,
pda_e8600kC,(Close window),,,,,,,,,,(关闭窗口),,,,,,
pda_CiuKOS4,--,,,,,,,,,,--,,,,,,
pda_m4mGCmK,"[i]([u]Armor Locker[/u]: [/i]\n[i]You can put on a [b]Light Armor [/b]even without this Locker.[/i]\n[i]... But for anything other, you will need this device.)[/i]",,,,,,,,,,[i]([u]护甲柜[/u]： [/i]\n[i]你可以穿上[b]轻甲 [/b]即使没有这个柜子。[/i]\n[i]...但对于其他任何装备，你需要这个设备。)[/i],,,,,,
pda_SS4u4WS,[u][b]Equip:[/b][/u]\nMove the [c][ffffff]Armor[-][/c] from the locker [c][ffff00]into the armor slot[-][/c] \n([b]right[/b][c][ffffff][-][/c]to your character)\n\nThen [c][ffffff][c][ffff00]add the EVA[-][/c] booster[-][/c] to Booster slot \n([b]left[/b] of character),,,,,,,,,,[u][b]装备：[/b][/u]\n将[c][ffffff]护甲[-][/c]从护甲柜[c][ffff00]移到护甲槽位[-][/c] \n([b]右侧[/b][c][ffffff][-][/c]对你的角色)\n\n然后将[c][ffffff][c][ffff00]EVA[-][/c]增强器[-][/c]添加到增强器槽位 \n([b]左侧[/b] 对角色),,,,,,
pda_eWioaaG,Close inventory: [c][00ff00][ESC][-][/c],,,,,,,,,,关闭物品栏：[c][00ff00][ESC][-][/c],,,,,,
pda_8KW0CJG,--,,,,,,,,,,--,,,,,,
pda_aLuRKi4,[c][0080ff]nPOI[-][/c] - Suit [c][ffffff]light2[-][/c]Flotsam  [c][ff8000][i] (OffBy: Bm-Light & PlantProt ) [b]>>C_Off[/b][/i][-][/c],,,,,,,,,,[c][0080ff]nPOI[-][/c] - 防护服 [c][ffffff]灯光2[-][/c]漂浮物  [c][ff8000][i] (关闭：Bm-灯光及植物保护) [b]>>C_关闭[/b][/i][-][/c],,,,,,
pda_eqSa82u,Suit light[c][00ff00][-][/c],,,,,,,,,,防护服灯光[c][00ff00][-][/c],,,,,,
pda_aiG40uq,Use with [c][00ff00][L][-][/c],,,,,,,,,,使用 [c][00ff00][L][-][/c],,,,,,
pda_C4m8u4S,--,,,,,,,,,,--,,,,,,
pda_K8UmWqa,Secret Stash,,,,,,,,,,秘密储藏,,,,,,
pda_niiOWmC,...,,,,,,,,,,...,,,,,,
pda_eGuiWGm,--,,,,,,,,,,--,,,,,,
pda_ui4C4aS,InvOp -on- [c][0080ff]SubCh[-][/c]: [c][ffffff]Quick [-][/c]transfer & eat (Fridge),,,,,,,,,,物品操作 -开启- [c][0080ff]子频道[-][/c]： [c][ffffff]快速 [-][/c]转移及食用 (冰箱),,,,,,
pda_mNamsau,Quick transfer,,,,,,,,,,快速转移,,,,,,
pda_eSK80u8,[sub][c][c0c0c0][i]At the Fridge:[/i][-][/c][/sub]\n[c][ffffff]Move items[-][/c] into your\ninventory with\n [c][00ff00][Shift]+[-][/c][c][00ff00][LMB][-][/c] keys\n[sup][c][c0c0c0][i](Left Mouse Button)[/i][-][/c][/sup]\n... or click the [c][ffffff]arrow[-][/c]\n at screen center,,,,,,,,,,[sub][c][c0c0c0][i]在冰箱处：[/i][-][/c][/sub]\n[c][ffffff]移动物品[-][/c]到你的\n物品栏，使用\n [c][00ff00][Shift]+[-][/c][c][00ff00][LMB][-][/c] 键\n[sup][c][c0c0c0][i](鼠标左键)[/i][-][/c][/sup]\n... 或点击屏幕中央的 [c][ffffff]箭头[-][/c],,,,,,
pda_c4GqeWK,--,,,,,,,,,,--,,,,,,
pda_iumGeSU,"[c][ffffff]Quick transfer [-][/c]of items:\n\nEither[c][ffffff] press[-][/c] [c][00ff00][Shift] + L[-][/c]eft [c][00ff00]M[-][/c]ouse[c][00ff00] B[-][/c]utton [c][00ff00][""LMB""][-][/c], on an item,\n\n... or use the [c][ffffff]arrows [-][/c] in the middle to transfer it all.",,,,,,,,,,"[c][ffffff]快速转移 [-][/c]物品：\n\n要么[c][ffffff]按[-][/c] [c][00ff00][Shift] + 左[-][/c]键[c][00ff00]鼠[-][/c]标[c][00ff00]按[-][/c]钮 [c][00ff00][""LMB""][-][/c]，在物品上，\n\n... 或使用中间的[c][ffffff]箭头 [-][/c]转移全部。",,,,,,
pda_C8KqCmk,Overview,,,,,,,,,,概览,,,,,,
pda_8SmiiK4,---,,,,,,,,,,---,,,,,,
pda_m8ShW80,Closing a window,,,,,,,,,,关闭窗口,,,,,,
pda_uaCGxX4,"\nScreen overview: \n---------------------\n                                                          \n<- Left                                                                                   Right -> \n                       \nYour[c][ffffff] [c][ffff00]inventory [-][/c][-][/c]slots                                                              [c][ffffff]Survival constructor.              [-][/c]\n[i](Collect resources)                                         [/i]                          [i] (Crafting templates)    [/i]\n\n\n\n\n\/  Bottom  \/\n\n       Your [c][ffffff]Life stats                         [-][/c]                             Your [c][ffffff]toolbar                            [-][/c]\n[i]                                                                      (Hold in hands, to use directly)[/i]",,,,,,,,,,\n屏幕概览：\n---------------------\n                                                          \n<- 左侧                                                                                   右侧 -> \n                       \n你的[c][ffffff] [c][ffff00]物品栏 [-][/c][-][/c]槽位                                                              [c][ffffff]生存建造机。              [-][/c]\n[i](收集资源)                                         [/i]                          [i] (制造模板)    [/i]\n\n\n\n\n\/  底部  \/\n\n       你的 [c][ffffff]生命状态                         [-][/c]                             你的 [c][ffffff]工具栏                            [-][/c]\n[i]                                                                      (手持使用，直接使用)[/i],,,,,,
pda_mt8qOGS,Trg- [c][ffffff]Sit CV[-][/c] Cockpit Drill -[c][ff8000] [i](OnBy: ExplodeShip)[/i][-][/c],,,,,,,,,,Trg- [c][ffffff]坐在CV[-][/c]驾驶舱钻头 -[c][ff8000] [i](开启方式：炸毁飞船)[/i][-][/c],,,,,,
pda_iCeaSqO,(( The Drill )),,,,,,,,,,(( 钻头 )),,,,,,
pda_aWeqK4q,...,,,,,,,,,,...,,,,,,
pda_aeCK00O,--,,,,,,,,,,--,,,,,,
pda_mgMiGmm,"[i]< I am sorry, this [c][ffffff]ship is a wreck. [-][/c]\nThrusters are gone. There is nothing left... >[/i]\n\n[i]< We have to go... >[/i]",,,,,,,,,,[i]< 抱歉，这艘[c][ffffff]飞船是一堆残骸。[-][/c]\n推进器都没了。什么都不剩了... >[/i]\n\n[i]< 我们必须离开... >[/i],,,,,,
pda_KKCS8ea,[c][c0c0c0](( Incoming message ))[-][/c],,,,,,,,,,[c][c0c0c0](( 收到消息 ))[-][/c],,,,,,
pda_0kKaGKS,[c][c0c0c0](( Incoming message ))[-][/c],,,,,,,,,,[c][c0c0c0](( 收到消息 ))[-][/c],,,,,,
pda_SeMmteq,[c][ffffff]Dlg[-][/c] -[c][ffffff] Explode[-][/c]Ship  [c][ff8000][i]> By:DlgAnsw  [/i]>C_OnT x2 >COff x3 [c][ffff00]TurnOff tele [-][/c][-][/c],,,,,,,,,,[c][ffffff]对话框[-][/c] -[c][ffffff] 炸毁[-][/c]飞船  [c][ff8000][i]> 通过对话框中回答  [/i]>C_OnT x2 >COff x3 [c][ffff00]关闭传送 [-][/c][-][/c],,,,,,
pda_aEGSCQG,[c][c0c0c0](([-][/c][i][c][c0c0c0] Cursed Drill [-][/c][/i][c][c0c0c0]))[-][/c],,,,,,,,,,[c][c0c0c0](([-][/c][i][c][c0c0c0] 被诅咒的钻头 [-][/c][/i][c][c0c0c0]))[-][/c],,,,,,
pda_8iS84Oj,[i]...[/i],,,,,,,,,,[i]...[/i],,,,,,
pda_0q4imKu,--,,,,,,,,,,--,,,,,,
pda_S0t4mi8,"[i]< Well, that is unfortunate ... >[/i]",,,,,,,,,,[i]< 呃，那真是不幸... >[/i],,,,,,
pda_isOm0m8,[c][0080ff]nPOI[-][/c] & Trg -off- Tele &[c][ffffff] Core[-][/c] place [i][c][ff8000](OnBy: ExplodeShip)  C_OnT >C_Rw >C_off[-][/c][/i],,,,,,,,,,[c][0080ff]nPOI[-][/c] & Trg -关闭 - 传送 &[c][ffffff] 核心[-][/c] 放置 [i][c][ff8000](开启方式：炸毁飞船)  C_OnT >C_Rw >C_off[-][/c][/i],,,,,,
pda_W0q8K8q,[c][ffff00]Fly to Teleporter[-][/c],,,,,,,,,,[c][ffff00]飞往传送器[-][/c],,,,,,
pda_CSO4mYS,...,,,,,,,,,,...,,,,,,
pda_q488KSC,--,,,,,,,,,,--,,,,,,
pda_ijOIWmi,[i]< It's [c][ffffff]offline[-][/c][b].[/b] The power is out. ->[/i]\n\n[i]<- The ship’s [b]Core got blasted[/b]. >[/i],,,,,,,,,,[i]< 它已[c][ffffff]离线[-][/c][b]。[/b] 动力中断。 ->[/i]\n\n[i]<- 飞船的[b]核心被炸毁[/b]。 >[/i],,,,,,
pda_4GKqqid,Open box,,,,,,,,,,打开箱子,,,,,,
pda_m8OiWo8,--,,,,,,,,,,--,,,,,,
pda_qqoi0Ou,[c][c0c0c0](( [-][/c][i][c][c0c0c0]Cursed Drill [-][/c][/i][c][c0c0c0]))[-][/c],,,,,,,,,,[c][c0c0c0](( [-][/c][i][c][c0c0c0]被诅咒的钻头 [-][/c][/i][c][c0c0c0]))[-][/c],,,,,,
pda_SKumOGa,...,,,,,,,,,,...,,,,,,
pda_040qWOS,--,,,,,,,,,,--,,,,,,
pda_e88wC0i,< [i]You need to [c][ffffff][b]claim [/b]this wreck[-][/c] ! >[/i]\n\n[i]< There's still a way... >[/i],,,,,,,,,,< [i]你需要[c][ffffff][b]认领[/b]这艘残骸[-][/c]！ >[/i]\n\n[i]< 还有办法... >[/i],,,,,,
pda_0bCsmee,...,,,,,,,,,,...,,,,,,
pda_cEm28Ym,--,,,,,,,,,,--,,,,,,
pda_iu0qmqG,Spare Core,,,,,,,,,,备用核心,,,,,,
pda_WeSqqWK,...,,,,,,,,,,...,,,,,,
pda_Si0KiGC,--,,,,,,,,,,--,,,,,,
pda_SduG0WG,Use [c][ffffff]Core to Claim[-][/c] Structure,,,,,,,,,,使用[c][ffffff]核心来认领[-][/c]建筑结构,,,,,,
pda_4GmaiFW,"[c][ffffff]Select[-][/c]Core with[c][00ff00] [Numbers][-][/c], [c][ffff00]place it[-][/c] [c][ffff00]on ship[-][/c]",,,,,,,,,,[c][ffffff]选择[-][/c]核心使用[c][00ff00] [Numbers][-][/c]，[c][ffff00]将其放置[-][/c] [c][ffff00]在飞船上[-][/c],,,,,,
pda_kOCGaSS,--,,,,,,,,,,--,,,,,,
pda_i4a480T,Put [c][ffffff]Core on toolbar[-][/c],,,,,,,,,,将[c][ffffff]核心放在工具栏上[-][/c],,,,,,
pda_a8SKm0C,--,,,,,,,,,,--,,,,,,
pda_qU808GA,"[i]< [c][ffffff]Select [-][/c]the block with[/i] [c][00ff00][Numbers] [-][/c], \n[i]then, [c][ffffff]place [-][/c]it at a safe spot. >[/i]",,,,,,,,,,[i]< [c][ffffff]选择[-][/c]方块使用[/i] [c][00ff00][Numbers] [-][/c]，\n[i]然后，[c][ffffff]放置[-][/c]在安全位置。 >[/i],,,,,,
pda_GKeC6Cq,Use Bandages,,,,,,,,,,使用绷带,,,,,,
pda_KCa0oCO,"[i][c][c0c0c0](Press [-][/c][c][00ff00][Tab][-][/c][c][c0c0c0] key for Inventory)[-][/c][/i]\n\n... In inventory, click\n on Bandages with:\n [c][00ff00][Shift] + [RMB][-][/c]\n[c][c0c0c0][sup][i]('RMB': Right Mouse Button)[/i][/sup][-][/c]",,,,,,,,,,[i][c][c0c0c0](按下[-][/c][c][00ff00][Tab][-][/c][c][c0c0c0]键打开物品栏)[-][/c][/i]\n\n...在物品栏中，点击\n 绷带使用：\n [c][00ff00][Shift] + [RMB][-][/c]\n[c][c0c0c0][sup][i]('右键'：鼠标右键)[/i][/sup][-][/c],,,,,,
pda_GmGAGCu,--,,,,,,,,,,--,,,,,,
pda_qKmqCK8,[i]You can [c][ffff00]close[-][/c][/i][i][c][ffff00] any window[-][/c] with[/i] [c][00ff00][ESC].[-][/c],,,,,,,,,,[i]你可以用[c][ffff00]关闭[-][/c][/i][i][c][ffff00]任何窗口[-][/c]，按下[/i] [c][00ff00][ESC]。[-][/c],,,,,,
pda_mGS0aVi,Orig - - Health and Saturation[c][ffff00] Lifestats[-][/c],,,,,,,,,,Orig - - 健康和饱和度[c][ffff00] 生命状态[-][/c],,,,,,
pda_aKK0bSe,Open inventory [c][00ff00][Tab][-][/c],,,,,,,,,,打开物品栏 [c][00ff00][Tab][-][/c],,,,,,
pda_SneE4GW,--,,,,,,,,,,--,,,,,,
pda_C84aOmu,Find something to eat,,,,,,,,,,找点东西吃,,,,,,
pda_iGWGCbi,--,,,,,,,,,,--,,,,,,
pda_jqOiGa8,[i]Eat and Use: [c][00ff00][Shift] +[-][/c] [c][ffffff][c][00ff00][[-][/c]R[-][/c]ight[c][ffffff]M[-][/c]ouse[c][ffffff]B[-][/c]utton/[c][00ff00]RMB][-][/c][/i][i].[/i],,,,,,,,,,[i]食用和使用：[c][00ff00][Shift] +[-][/c] [c][ffffff][c][00ff00][[-][/c]右[-][/c]键[c][ffffff]鼠[-][/c]标[c][ffffff]按[-][/c]钮/[c][00ff00]右键][-][/c][/i][i]。[/i],,,,,,
pda_mS0W300,Use item,,,,,,,,,,使用物品,,,,,,
pda_4ueKSe4,--,,,,,,,,,,--,,,,,,
pda_0K0CSqu,Use items,,,,,,,,,,使用物品,,,,,,
pda_aiWqS4m,Use / Eat /Consume:[c][00ff00] [Shift] + [RMB][-][/c],,,,,,,,,,使用/食用/消耗：[c][00ff00] [Shift] + [RMB][-][/c],,,,,,
pda_fE8m4m4,--,,,,,,,,,,--,,,,,,
pda_46qeWqi,"[c][ffff00]Eat / Consume / Use[-][/c]: \n[c][ffffff]Click on the item[-][/c] [c][ffffff]with[-][/c] [c][00ff00][Shift] + R[-][/c]ight [c][00ff00]M[-][/c]ouse[c][00ff00] B[-][/c]utton[c][00ff00] [""RMB""][-][/c]",,,,,,,,,,"[c][ffff00]食用/消耗/使用[-][/c]： \n[c][ffffff]点击物品[-][/c] [c][ffffff]使用[-][/c] [c][00ff00][Shift] + 右[-][/c]键[c][00ff00]鼠[-][/c]标[c][00ff00]按[-][/c]钮[c][00ff00] [""RMB""][-][/c]",,,,,,
pda_mWOq4i4,"[c][c0c0c0]( [-][/c][i][b][c][8080ff]Captain[-][/c][/b][/i][c][c0c0c0] )[-][/c] :            ""[i]One day, Human. [/i]\n                                [i]- Maybe.""[/i]",,,,,,,,,,"[c][c0c0c0]( [-][/c][i][b][c][8080ff]舰长[-][/c][/b][/i][c][c0c0c0] )[-][/c] :            ""[i]总有一天，人类。[/i]\n                                [i]- 也许吧。""[/i]",,,,,,
pda_OG4HU08,"[c][c0c0c0]( [-][/c][i][b][c][8080ff]Captain[-][/c][/b][/i][c][c0c0c0] )[-][/c] :           [i]""I'm right here, Human...""[/i]",,,,,,,,,,"[c][c0c0c0]( [-][/c][i][b][c][8080ff]舰长[-][/c][/b][/i][c][c0c0c0] )[-][/c] :           [i]""我就在这里，人类...""[/i]",,,,,,
pda_qBaGaSK,..,,,,,,,,,,..,,,,,,
pda_8M8auaG,...,,,,,,,,,,...,,,,,,
pda_4mWaJ0O,--,,,,,,,,,,--,,,,,,
pda_iOiq04u,"[c][c0c0c0]( [c][c9a39c][b][i]Galleon[/i][/b] [-][/c]) :[-][/c]           [i]"" This is MINE. - Get your own.""[/i]",,,,,,,,,,"[c][c0c0c0]( [c][c9a39c][b][i]加利昂[/i][/b] [-][/c]) :[-][/c]           [i]"" 这是我的。 - 自己去弄一艘。""[/i]",,,,,,
pda_a44WCiq,A[c][ffffff] Wireless Block [-][/c]in range! (100m),,,,,,,,,,一个[c][ffffff]无线方块[-][/c]在射程内！(100米),,,,,,
pda_00Sm4Ni,Use cargo [c][ffff00]Logistics[-][/c]: [c][00ff00][F4][-][/c],,,,,,,,,,使用货舱[c][ffff00]物流[-][/c]：[c][00ff00][F4][-][/c],,,,,,
pda_hWWmq0i,--,,,,,,,,,,--,,,,,,
pda_SWbqeOi,New Captain,,,,,,,,,,新任舰长,,,,,,
pda_OCIs8Sq,...,,,,,,,,,,...,,,,,,
pda_iGume4a,--,,,,,,,,,,--,,,,,,
pda_aSKOeuH,"[i]< Congrats, you just bec[/i]ame[i] [c][ffffff]Captain[-][/c]. >[/i]",,,,,,,,,,[i]< 恭喜，你刚刚成为了[/i][i] [c][ffffff]舰长[-][/c]。 >[/i],,,,,,
pda_mWqKK4q,[c][0080ff]nPOI[-][/c] - Wrn - Flying[c][ffffff] to LavaPlanet [-][/c]warning,,,,,,,,,,[c][0080ff]nPOI[-][/c] - Wrn - 飞往熔岩星球[c][ffffff]警告[-][/c],,,,,,
pda_eGoSeCu,"[c][c0c0c0]( [-][/c][i][b][c][8080ff]Captain[-][/c][/b][/i][c][c0c0c0] ) :[-][/c]        ""[i]Hey, Human, [c][ffffff]what are you doing[-][/c]...?""[/i]",,,,,,,,,,"[c][c0c0c0]( [-][/c][i][b][c][8080ff]舰长[-][/c][/b][/i][c][c0c0c0] ) :[-][/c]        ""[i]嘿，人类，[c][ffffff]你在干什么[-][/c]...?""[/i]",,,,,,
pda_umSO68a,Off the beaten tracks,,,,,,,,,,偏离常规路线,,,,,,
pda_4KKmC0u,[i]( Are you sure? [c][ff8000]This will [b]break the tutorial[/b].[-][/c][/i] \n[i]- You likely will be stuck. )[/i],,,,,,,,,,[i]( 你确定吗？[c][ff8000]这将[b]中断教程[/b]。[-][/c][/i] \n[i]- 你可能会卡住。 )[/i],,,,,,
pda_GWmia8G,--,,,,,,,,,,--,,,,,,
pda_8uO1C4K,"[c][c0c0c0]([i][/i][-][/c][i][b][c][8080ff]Captain[-][/c][/b][/i][c][c0c0c0] ) :[-][/c]             ""[i]Curse you!\n\n                         [b]You are right[/b]. I'm no slaver.\n\n                          ... See you on the other side, Human.""[/i]",,,,,,,,,,"[c][c0c0c0]([i][/i][-][/c][i][b][c][8080ff]舰长[-][/c][/b][/i][c][c0c0c0] ) :[-][/c]             ""[i]诅咒你！\n\n                         [b]你说得对[/b]. 我不是奴隶贩子。\n\n                          ...来世再见，人类。""[/i]",,,,,,
pda_Kamu8O4,(( Captain )),,,,,,,,,,(( 舰长 )),,,,,,
pda_8iG0eb0,...,,,,,,,,,,...,,,,,,
pda_km4Ks40,--,,,,,,,,,,--,,,,,,
pda_iqqgCqS,"_________ [i](Hallway, other triggers)[/i]",,,,,,,,,,_________ [i](走廊，其他触发器)[/i],,,,,,
pda_60Oas8m,--,,,,,,,,,,--,,,,,,
pda_eOEG040,--,,,,,,,,,,--,,,,,,
pda_mGaaiG8,--,,,,,,,,,,--,,,,,,
pda_gKwqi04,Sig - [c][ffffff]NoArmor[-][/c] in Farm[c][ff8000][i] (OffBy: ArmorLockerGal. ArmorLockerUse)[/i][-][/c],,,,,,,,,,信号 - [c][ffffff]无护甲[-][/c] 在农业区[c][ff8000][i] (关闭者：ArmorLockerGal. ArmorLockerUse)[/i][-][/c],,,,,,
pda_uIeagCG,No Oxygen!,,,,,,,,,,无氧气！,,,,,,
pda_W8quiMu,...,,,,,,,,,,...,,,,,,
pda_CKKaC6a,--,,,,,,,,,,--,,,,,,
pda_iqoCC0G,(( Cannot breathe... ! )),,,,,,,,,,(( 无法呼吸...！ )),,,,,,
pda_O9Cam00,[i][c][c0c0c0](Close Logistics if done)[-][/c][/i],,,,,,,,,,[i][c][c0c0c0](完成则关闭物流)[-][/c][/i],,,,,,
pda_KOum040,--,,,,,,,,,,--,,,,,,
pda_e4mq0Ci,"[i]< With the [c][ffffff]Logistics [-][/c]system, you do not need to get this close...! >[/i]\n\n[i]< C'mon, this is all time that we could have [b]mined [/b]... >[/i]",,,,,,,,,,[i]< 有了[c][ffffff]物流[-][/c]系统，你不需要靠这么近...！>[/i]\n\n[i]< 来吧，这都是我们可以[b]开采[/b]的时间... >[/i],,,,,,
pda_4aOWiiO,"_________ [i](Space, other triggers)[/i]",,,,,,,,,,_________ [i](太空，其他触发器)[/i],,,,,,
pda_0K0C8GK,--,,,,,,,,,,--,,,,,,
pda_ui8ueeq,--,,,,,,,,,,--,,,,,,
pda_4uu0480,--,,,,,,,,,,--,,,,,,
pda_GGCaKp0,Back to Mining!  [c][ffff00]>RevChptr   >Drone attack trigger[-][/c],,,,,,,,,,回到开采！  [c][ffff00]>RevChptr   >无人机攻击触发[-][/c],,,,,,
pda_ki4CXEu,...,,,,,,,,,,...,,,,,,
pda_e4QFO8e,--,,,,,,,,,,--,,,,,,
pda_uqOS404,< Back to Mining!! Glory awaits! >,,,,,,,,,,< 回到开采！！荣耀在等待！>,,,,,,
pda_umK2OqG,"< Those will be a good start.\nC'mon, let's go! >\n[i][/i]\n[i]-Chirp Chirp-[/i]",,,,,,,,,,< 这些将是一个好的起点。\n来吧，我们走！>\n[i][/i]\n[i]-叽喳叽喳-[/i],,,,,,
pda_mOC40WC,< So back to mining it is !\nDo you really think you have enough? I bet you need more! >\n[i][/i]\n[i]-Chirp Chirp-[/i],,,,,,,,,,< 所以回到开采吧！\n你真的觉得够了吗？我打赌你还需要更多！>\n[i][/i]\n[i]-叽喳叽喳-[/i],,,,,,
pda_eOGemau,[i]... Hold Tool in hands with: [/i][c][00ff00][Numbers][-][/c]\n[i]... Then [b]select modes[/b] with: [/i][c][00ff00][RMB][-][/c],,,,,,,,,,[i]... 手持工具：[/i][c][00ff00][Numbers][-][/c]\n[i]... 然后[b]选择模式[/b] 使用：[/i][c][00ff00][RMB][-][/c],,,,,,
pda_CqC8O4a,--,,,,,,,,,,--,,,,,,
pda_qQG0KmK,Open it,,,,,,,,,,打开它,,,,,,
pda_K4a880W,--,,,,,,,,,,--,,,,,,
pda_OIkWWGa,Back to mining,,,,,,,,,,回到开采,,,,,,
pda_WYSLmcS,...,,,,,,,,,,...,,,,,,
pda_au0OSqh,--,,,,,,,,,,--,,,,,,
pda_OD0aCQC,Logistics Teleport,,,,,,,,,,物流传送器,,,,,,
pda_WOWu88W,[c][ffff00]Fly in range of Wireless block[-][/c],,,,,,,,,,[c][ffff00]飞入无线方块射程内[-][/c],,,,,,
pda_0SuF4iq,--,,,,,,,,,,--,,,,,,
pda_qaKKaOO,Inventory management,,,,,,,,,,物品栏管理,,,,,,
pda_WOSSam4,Cargo teleport,,,,,,,,,,货物传送,,,,,,
pda_J4KqCGi,--,,,,,,,,,,--,,,,,,
pda_4SS0uiW,"< There's this device, a [c][ffffff]""Wireless Block""[-][/c]. \nIt allows to [b]access cargo containers[/b] from afar. >\n\n< By that, you can[c][ffffff] teleport items [-][/c]directly your ship or base! >",,,,,,,,,,< 有这个设备，一个[c][ffffff]“无线方块”[-][/c]。 \n它允许你从远处[b]访问货物容器[/b]。 >\n\n< 通过这个，你可以[c][ffffff]传送物品[-][/c]直接到你的飞船或基地！ >,,,,,,
pda_SKCWCA6,[i]<  ... That cargo palette has a[/i] [i][c][ffffff]Wireless Extender block. [-][/c]>[/i]\n[i][/i]\n[i]< We are nearly in range... [b]Try it out! [/b]- Just [c][ffff00]fly closer [-][/c]to it. >[/i],,,,,,,,,,[i]<  ...那个货物调色板有一个[/i] [i][c][ffffff]无线扩展方块。 [-][/c]>[/i]\n[i][/i]\n[i]< 我们几乎在射程内了... [b]试试看！ [/b]- 只需[c][ffff00]飞近一点 [-][/c]到它那里。 >[/i],,,,,,
pda_ASaSS80,In range of Wireless,,,,,,,,,,在无线射程内,,,,,,
pda_4uWeGSK,[i](Check above life stats:[/i]\n[i][b]Wireless symbol [/b]has lit up.)[/i],,,,,,,,,,[i](检查生命值上方：[/i]\n[i][b]无线信号[/b]已亮起。)[/i],,,,,,
pda_OI4OmKI,--,,,,,,,,,,--,,,,,,
pda_SSCu4ei,"< With the [c][ffffff]Logistics [-][/c]system, you do not need to get this close...! \nC'mon, this is all time that we could have mined! >",,,,,,,,,,< 有了[c][ffffff]物流[-][/c]系统，你就不需要靠这么近了...！\n来吧，这可都是我们能开采的时间！ >,,,,,,
pda_aC8KSWi,[i][c][c0c0c0]Logistics [-][/c][/i][c][00ff00][ F4 ][-][/c][i][c][c0c0c0] while in range:[-][/c][/i]\n[c][ffff00]Put the ice into the box.[-][/c],,,,,,,,,,[i][c][c0c0c0]物流[-][/c][/i][c][00ff00][ F4 ][-][/c][i][c][c0c0c0] 在射程内：[-][/c][/i]\n[c][ffff00]将冰放入箱子。[-][/c],,,,,,
pda_4WGO8mK,--,,,,,,,,,,--,,,,,,
pda_meumiqa,[c][ffff00]Fly closer to asteroid[-][/c],,,,,,,,,,[c][ffff00]飞近小行星[-][/c],,,,,,
pda_C04CW4W,--,,,,,,,,,,--,,,,,,
pda_qemq4eu,Collect Ice,,,,,,,,,,收集冰,,,,,,
pda_q4a4GmK,...,,,,,,,,,,...,,,,,,
pda_aemKeC3,--,,,,,,,,,,--,,,,,,
pda_OiwWi8G,< But there were reports - - You must be those who bridged over from another Galaxy! >,,,,,,,,,,< 但有报告说 - - 你们一定是从另一个星系穿越过来的那些人了！ >,,,,,,
pda_iOaeGOC,[c][c0c0c0][i](Check left corner of toolbar:[/i][-][/c]\n[c][c0c0c0][i][b]Wireless symbol [/b]has lit up.)[/i][-][/c],,,,,,,,,,[c][c0c0c0][i](检查工具栏左下角：[/i][-][/c]\n[c][c0c0c0][i][b]无线信号[/b]已亮起。)[/i][-][/c],,,,,,
pda_vGOqST8,--,,,,,,,,,,--,,,,,,
pda_cK8eCoq,"[i]< With the [c][ffffff]Logistics [-][/c]system, you do not need to get this close...! >[/i]\n\n[i]< C'mon, this is all time that we could have [b]mined [/b]... >[/i]",,,,,,,,,,[i]< 有了[c][ffffff]物流[-][/c]系统，你就不需要靠这么近了...！ >[/i]\n\n[i]< 来吧，这可都是我们能[b]开采[/b]的时间... >[/i],,,,,,
pda_OuKeiSa,"[i]< If the palette would be just a little [b]closer[/b]..., you could even [c][ffffff]link your inventory[-][/c] with it ... - - Awesome stuff. >[/i]",,,,,,,,,,[i]< 如果这个货柜能再[b]近一点[/b]...，你甚至可以用它[c][ffffff]连接你的物品栏[-][/c]... - 太棒了。 >[/i],,,,,,
pda_oiSqCm0,--,,,,,,,,,,--,,,,,,
pda_e8quamO,--,,,,,,,,,,--,,,,,,
pda_SaI4iaa,[c][0080ff]Mrk[-][/c] - Near[c][ffffff]Ice[-][/c] [i][c][ff8000](OnOffByT: Equip drill)[-][/c][/i],,,,,,,,,,[c][0080ff]标记[-][/c] - 靠近[c][ffffff]冰[-][/c] [i][c][ff8000](OnOffByT: 装备钻头)[-][/c][/i],,,,,,
pda_amKamp8,Collect Ice,,,,,,,,,,收集冰,,,,,,
pda_TW4qK4O,..,,,,,,,,,,..,,,,,,
pda_OCWE082,--,,,,,,,,,,--,,,,,,
pda_WKWGaCC,(( Captain )),,,,,,,,,,(( 舰长 )),,,,,,
pda_m0CKiiW,"[c][c0c0c0]([-][/c] [i][b][c][8080ff]Captain[-][/c][/b][/i] [c][c0c0c0]) :[-][/c]          ""... I [i]knew [/i]it! \n                              [b]- Drones incoming [/b]!!",,,,,,,,,,"[c][c0c0c0]([-][/c] [i][b][c][8080ff]舰长[-][/c][/b][/i] [c][c0c0c0]) :[-][/c]          ""... 我[i]早知道[/i]了！ \n                              [b]- 无人机来袭[/b]！",,,,,,
pda_aO2qGi4,...,,,,,,,,,,...,,,,,,
pda_C8eBK2W,--,,,,,,,,,,--,,,,,,
pda_Ko0SuNe,Mine...,,,,,,,,,,采矿...,,,,,,
pda_WuSeOKO,--,,,,,,,,,,--,,,,,,
pda_0ueqUW0,Trg - [c][ffff00]Turn off UI[-][/c] to [c][ffffff]end [-][/c]scene  [i][c][ff8000]RewBy: ClearedDock[-][/c][/i],,,,,,,,,,触发器 - [c][ffff00]关闭UI[-][/c]以[c][ffffff]结束[-][/c]场景[i][c][ff8000]奖励：清空船坞[-][/c][/i],,,,,,
pda_WO82m9G,[c][0080ff]nPOI[-][/c] - Find [c][ffffff]way [-][/c]to the cockpit [c][ff8000][i]RewBy: ClearedDock[/i][-][/c],,,,,,,,,,[c][0080ff]nPOI[-][/c] - 找到[c][ffffff]通往[-][/c]驾驶舱的道路[c][ff8000][i]奖励：清空船坞[/i][-][/c],,,,,,
pda_G0qWuu4,Get to the ship's Bridge,,,,,,,,,,前往舰桥,,,,,,
pda_qimgauS,...,,,,,,,,,,...,,,,,,
pda_S4Semu0,---,,,,,,,,,,---,,,,,,
pda_aaCeaSS,[c][0080ff]nPOI[-][/c] - Fleet [c][ffffff]arrival[-][/c]- [c][ff8000][i](OnByT:AvoidDrones & fleetArrival)[/i]  >CRew[u]Task[/u][-][/c],,,,,,,,,,[c][0080ff]nPOI[-][/c] - 舰队[c][ffffff]抵达[-][/c]- [c][ff8000][i](OnByT:避开无人机与舰队抵达)[/i]  >船员[u]任务[/u][-][/c],,,,,,
pda_4q08BaS,[c][ffff00]Reach the Fleet.[-][/c],,,,,,,,,,[c][ffff00]抵达舰队。[-][/c],,,,,,
pda_4AW4esS,Brakes on/off:[c][00ff00] [ i ][-][/c]\n[i]( Cruise lock: [Cntrl] + Move )[/i]\n--\n Auto-orient: [c][00ff00] [ O ][-][/c]\nPilot modes: [c][00ff00][Shift] + [ i ][-][/c],,,,,,,,,,刹车开/关:[c][00ff00] [ i ][-][/c]\n[i](巡航锁定: [Cntrl] + 移动 )[/i]\n--\n 自动定向: [c][00ff00] [ O ][-][/c]\n驾驶模式: [c][00ff00][Shift] + [ i ][-][/c],,,,,,
pda_aWOKeNC,---,,,,,,,,,,---,,,,,,
pda_CqiOem9,Back home[c][ffff00][-][/c],,,,,,,,,,返回基地[c][ffff00][-][/c],,,,,,
pda_GW8rO0O,[c][ffff00]Reach the Command ship.[-][/c]\n\n-------[sup][/sup][c][c0c0c0]\n[sup]Brakes on/off[/sup][-][/c][sup]:[c][00ff00] [ i ][-][/c][/sup] [sup][c][c0c0c0]\nAuto-orient:[-][/c] [c][00ff00] [ O ][-][/c]\n[c][c0c0c0]Pilot modes:[-][/c] [c][00ff00][Shift] + [ i ][-][/c][/sup],,,,,,,,,,[c][ffff00]抵达指挥舰。[-][/c]\n\n-------[sup][/sup][c][c0c0c0]\n[sup]刹车开/关[/sup][-][/c][sup]:[c][00ff00] [ i ][-][/c][/sup] [sup][c][c0c0c0]\n自动定向:[-][/c] [c][00ff00] [ O ][-][/c]\n[c][c0c0c0]驾驶模式:[-][/c] [c][00ff00][Shift] + [ i ][-][/c][/sup],,,,,,
pda_x00KqO4,---,,,,,,,,,,---,,,,,,
pda_0imO0m4,[c][ffffff]DvUse[-][/c] - Sit [c][ffffff]cockpit [-][/c]- [c][ff8000][c][ffff00]ENDING[-][/c] [c][ffff00]- UI on[-][/c][-][/c],,,,,,,,,,[c][ffffff]驾驶使用[-][/c] - 坐入 [c][ffffff]驾驶舱 [-][/c]- [c][ff8000][c][ffff00]结束[-][/c] [c][ffff00]- 界面开启[-][/c][-][/c],,,,,,
pda_a8KOeua,TUTORIAL END,,,,,,,,,,教程结束,,,,,,
pda_eWSemuK,..,,,,,,,,,,..,,,,,,
pda_K0jpu4s,---,,,,,,,,,,---,,,,,,
pda_u8g9G0W,[b][c][ffffff]_____________ WARP ______________[-][/c][/b],,,,,,,,,,[b][c][ffffff]_____________ 翘曲 ______________[-][/c][/b],,,,,,
pda_eqi8CWE,--,,,,,,,,,,--,,,,,,
pda_OeaSe4a,--,,,,,,,,,,--,,,,,,
pda_OGmKqKa,--,,,,,,,,,,--,,,,,,
pda_eeUOOCK,"[c][0080ff](nPOI)[-][/c] - [c][ffffff]OrbitWarp[-][/c]SV, fun ride [i][c][ff8000](OnBy: Liftoff)[-][/c][/i][c][ff8000] >C_Off[-][/c][i][c][ff8000][-][/c][/i]",,,,,,,,,,"[c][0080ff](新兴趣点)[-][/c] - [c][ffffff]轨道翘曲[-][/c]小型飞船, 趣味骑行 [i][c][ff8000](启动: 起飞)[-][/c][/i][c][ff8000] >C_关闭[-][/c][i][c][ff8000][-][/c][/i]",,,,,,
pda_8iQK4eq,...,,,,,,,,,,...,,,,,,
pda_uKiKWC2,...,,,,,,,,,,...,,,,,,
pda_a8aWieg,---,,,,,,,,,,---,,,,,,
pda_iCuq8qO,WnOp - [c][ffffff]Galaxy[-][/c] map & select target[i][c][ff8000] (OnBy:LiftOff)[-][/c][/i][c][ff8000][-][/c][b][c][ff8000]>C_Rev[-][/c][/b],,,,,,,,,,窗口操作 - [c][ffffff]星系[-][/c] 地图 & 选择目标[i][c][ff8000] (启动:起飞)[-][/c][/i][c][ff8000][-][/c][b][c][ff8000]>C_重写[-][/c][/b],,,,,,
pda_T0lu4ia,Galaxy Map,,,,,,,,,,星系地图,,,,,,
pda_08vKqo0,...,,,,,,,,,,...,,,,,,
pda_qKW2iK0,--,,,,,,,,,,--,,,,,,
pda_WVia8WK,[c][ffffff]pfLeft[-][/c] - Leave playfield[i][c][ff8000] (RwBy:UseWarp)[-][/c][/i],,,,,,,,,,[c][ffffff]左侧游戏区域[-][/c] - 离开游戏区域[i][c][ff8000] (重写:使用翘曲)[-][/c][/i],,,,,,
pda_OemO8ii,...,,,,,,,,,,...,,,,,,
pda_8iaG8Sa,...,,,,,,,,,,...,,,,,,
pda_su4um0i,--,,,,,,,,,,--,,,,,,
pda_aYq8eWm,_____________ WARP-PREP ______________,,,,,,,,,,_____________ 翘曲准备 ______________,,,,,,
pda_0WOGVGK,--,,,,,,,,,,--,,,,,,
pda_4miGqKK,--,,,,,,,,,,--,,,,,,
pda_KGC44Sa,--,,,,,,,,,,--,,,,,,
pda_eqKeGKm,[c][0080ff]Mrk[-][/c]_nUnit - [c][ffffff]FuelStash[-][/c] [i][c][ff8000](OnByT: SVHangar) (OffBy: LiftOff & ResBox)[-][/c][/i],,,,,,,,,,[c][0080ff]标记[-][/c]_新单位 - [c][ffffff]燃料储藏[-][/c] [i][c][ff8000](由触发: 小型飞船机库) (关闭: 起飞 & 资源箱)[-][/c][/i],,,,,,
pda_C0mC8Gc,...,,,,,,,,,,...,,,,,,
pda_uioOGCG,...,,,,,,,,,,...,,,,,,
pda_S8mKkRM,---,,,,,,,,,,---,,,,,,
pda_uOi4G8q,[c][ffffff]_____________ HV RIDE & Controls ______________[-][/c],,,,,,,,,,[c][ffffff]_____________ 悬浮飞船骑行 & 控制 ______________[-][/c],,,,,,
pda_C00Cea0,--,,,,,,,,,,--,,,,,,
pda_W4amsmC,--,,,,,,,,,,--,,,,,,
pda_We0CSq8,--,,,,,,,,,,--,,,,,,
pda_AKEq6eK,[c][ffffff]_____________ CHALLGENGE ISLAND ______________[-][/c],,,,,,,,,,[c][ffffff]_____________ 挑战岛 ______________[-][/c],,,,,,
pda_W0WWamS,--,,,,,,,,,,--,,,,,,
pda_48gGKuS,--,,,,,,,,,,--,,,,,,
pda_GeuVXSa,--,,,,,,,,,,--,,,,,,
pda_qiWaq8q,[c][0080ff]nPOI[-][/c] & Trg - N -[c][00ffff] CAL15[-][/c]- [c][ffffff]Artillery[-][/c] Base [c][ff8040][i](OnByT:ArtyDisc & ArtyEarly)[/i][-][/c] [c][ff8000]>C_OnT x4 >C_OffT x3 >C_Off[-][/c],,,,,,,,,,[c][0080ff]新兴趣点[-][/c] & 触发器 - 北 -[c][00ffff] CAL15[-][/c]- [c][ffffff]火炮[-][/c] 基地 [c][ff8040][i](由触发:火炮发现 & 火炮早期)[/i][-][/c] [c][ff8000]>C_开启 x4 >C_关闭 x3 >C_关闭[-][/c],,,,,,
pda_TIWGCei,Claim Artillery Base,,,,,,,,,,占领火炮基地,,,,,,
pda_qOCqYSG,- Destroy enemy Core,,,,,,,,,,- 摧毁敌方核心,,,,,,
pda_4GeS4ia,---,,,,,,,,,,---,,,,,,
pda_GqSurOm,_____________ NEST ______________ & older msg,,,,,,,,,,_____________ 巢穴 ______________ & 旧消息,,,,,,
pda_uOmOOam,--,,,,,,,,,,--,,,,,,
pda_Se0B0Wm,--,,,,,,,,,,--,,,,,,
pda_mQSmS2m,--,,,,,,,,,,--,,,,,,
pda_aS0Ce0C,[c][0080ff]nPOI[-][/c] - Evil[c][ffffff]HackDrill[-][/c]Attack[c][ff80ff] [i][c][ff8000](OnBy: ExplNest) [-][/c][/i][-][/c][c][ff8000]>C_OnT >C_Off x5 (C_OffOn Hangar)[-][/c],,,,,,,,,,[c][0080ff]新兴趣点[-][/c] - 邪恶[c][ffffff]黑客钻探[-][/c]攻击[c][ff80ff] [i][c][ff8000](启动: 爆炸巢穴) [-][/c][/i][-][/c][c][ff8000]>C_开启 >C_关闭 x5 (关闭开启机库)[-][/c],,,,,,
pda_WOWqS4p,...,,,,,,,,,,...,,,,,,
pda_Gm04u5i,...,,,,,,,,,,...,,,,,,
pda_8uC6SaC,---,,,,,,,,,,---,,,,,,
pda_a8eeauC,[c][0080ff]Mrk[-][/c] -SV to [c][ffffff]Starlight [-][/c][i][c][ff80ff] [c][ff8000](OnByT: ArtyBase) (OffByT: NestOpen & SVHangar& ReachDBVess)[-][/c][-][/c][/i],,,,,,,,,,[c][0080ff]标记[-][/c] -小型飞船至 [c][ffffff]星光 [-][/c][i][c][ff80ff] [c][ff8000](由触发: 火炮基地) (关闭触发: 巢穴开启 & 小型飞船机库& 到达基地飞船)[-][/c][-][/c][/i],,,,,,
pda_Sma0Gau,...,,,,,,,,,,...,,,,,,
pda_OWuBWWi,...,,,,,,,,,,...,,,,,,
pda_SW8iCmO,---,,,,,,,,,,---,,,,,,
pda_CgCqmu8,[c][ffffff][c][ff8080]B_Dstr[-][/c] [-][/c]-on- DB [c][ffffff]Turrets[-][/c]Down [c][ff8000][i](OnByT: Artillery) [/i]>C_Off [i][/i][c][ff8080]>C_Rw [-][/c][-][/c],,,,,,,,,,[c][ffffff][c][ff8080]基地摧毁[-][/c] [-][/c]-开放- 数据库 [c][ffffff]炮塔[-][/c]瘫痪 [c][ff8000][i](由触发: 火炮) [/i]>C_关闭 [i][/i][c][ff8080]>C_重写 [-][/c][-][/c],,,,,,
pda_KqaeuCK,Turrets destroyed,,,,,,,,,,炮塔已摧毁,,,,,,
pda_WOKqgq8,...,,,,,,,,,,...,,,,,,
pda_iiCKi30,---,,,,,,,,,,---,,,,,,
pda_ueGm8Ke,[c][0080ff]Mrk[-][/c] & Trg - [c][ffffff]Drill [-][/c]HV [i][c][ff8000](OnBy:[-][/c][c][ff80ff][-][/c][c][ff8000] DB DIfficulty) [-][/c][/i](OffBy:FightBoost),,,,,,,,,,[c][0080ff]标记[-][/c] & 触发器 - [c][ffffff]钻头 [-][/c]悬浮飞船 [i][c][ff8000](启动:[-][/c][c][ff80ff][-][/c][c][ff8000] 数据库难度) [-][/c][/i](关闭:战斗强化),,,,,,
pda_aqGU0Cq,Drilling,,,,,,,,,,钻探,,,,,,
pda_aiCeKAQ,...,,,,,,,,,,...,,,,,,
pda_8CuuiCq,---,,,,,,,,,,---,,,,,,
pda_CW1W04i,[c][0080ff]Mrk[-][/c] & Trg - [c][ffffff]TankHV  [-][/c]- Full frontal attack [i][c][ff8000](OnBy: [-][/c][/i][i][c][ff8000]DrillHackMsg_2) [-][/c][/i](OffBy:FightBoost),,,,,,,,,,[c][0080ff]标记[-][/c] & 触发器 - [c][ffffff]坦克悬浮飞船  [-][/c]- 全面正面攻击 [i][c][ff8000](启动: [-][/c][/i][i][c][ff8000]钻探黑客消息_2) [-][/c][/i](关闭:战斗强化),,,,,,
pda_mqeOaee,Tank Goodness,,,,,,,,,,坦克威力,,,,,,
pda_VOqC4ei,...,,,,,,,,,,...,,,,,,
pda_waGWCq8,---,,,,,,,,,,---,,,,,,
pda_e4eW0oq,[c][ffffff][c][ff80ff]Off retool maybe [-][/c][-][/c]DvUse_Cockpit - Simple hover control,,,,,,,,,,[c][ffffff][c][ff80ff]关闭重组可能 [-][/c][-][/c]驾驶舱使用 - 简易悬浮控制,,,,,,
pda_Ce4084O,Vessel orientation,,,,,,,,,,飞船朝向,,,,,,
pda_Y8CuO4S,[c][00ff00][Z] : [-][/c]Power\n[c][00ff00][Shift] + [I] [-][/c]: Pilot modes\n[c][00ff00][Shift] : [-][/c]Upright vessel\n[c][00ff00][O][-][/c] : Auto-level,,,,,,,,,,[c][00ff00][Z] : [-][/c]电源\n[c][00ff00][Shift] + [I] [-][/c]: 飞行员模式\n[c][00ff00][Shift] : [-][/c]直立飞船\n[c][00ff00][O][-][/c] : 自动水平,,,,,,
pda_caKmuG4,---,,,,,,,,,,---,,,,,,
pda_qi08iuu,[c][ffffff]_____________ POI CLUSTER & ANTENNA ______________[-][/c],,,,,,,,,,[c][ffffff]_____________ 兴趣点集群 & 天线 ______________[-][/c],,,,,,
pda_CaOK0qq,--,,,,,,,,,,--,,,,,,
pda_YGCigCi,--,,,,,,,,,,--,,,,,,
pda_C0OOsOG,--,,,,,,,,,,--,,,,,,
pda_eC4K4S4,"[c][0080ff]Mrk[-][/c] & Trg - [b][c][ffffff]Settle[-][/c][/b]&Console [i][c][ff8000](RwBy: ReaSett_TowDne, ReaSett_IslDne) [-][/c][/i][c][ff8000]>C_Off x3 [c][ffff00]SecClearMrk[-][/c][-][/c]",,,,,,,,,,"[c][0080ff]标记[-][/c] & 触发器 - [b][c][ffffff]定居点[-][/c][/b]&控制台 [i][c][ff8000](重写: 重新定居_城镇黎明, 重新定居_岛屿黎明) [-][/c][/i][c][ff8000]>C_关闭 x3 [c][ffff00]秒清除标记[-][/c][-][/c]",,,,,,
pda_eaK0iae,Reach Console,,,,,,,,,,到达控制台,,,,,,
pda_aKam8Ki,Talk to Console on top of Antenna,,,,,,,,,,与天线顶部的控制台对话,,,,,,
pda_euWSKi0,---,,,,,,,,,,---,,,,,,
pda_OKWqKm4,[c][0080ff]Mrk[-][/c] -rw - WeatherStat [c][ffffff]WeakSignal [-][/c][i][c][ff8000](RwByT: UseRadar) (Off&ToRw:SteelSalvage) (OffBy: GoToHR [-][/c][/i][i][c][ff8000]& NextGoal[-][/c][/i][i][c][ff8000]) [c][ff80ff]OffBy:[-][/c][-][/c][/i],,,,,,,,,,[c][0080ff]标记[-][/c] -rw - 天气监测站 [c][ffffff]弱信号 [-][/c][i][c][ff8000](重置条件：使用雷达) (关闭并重置：钢材回收) (关闭条件：前往任务点 [-][/c][/i][i][c][ff8000]& 下一个目标[-][/c][/i][i][c][ff8000]) [c][ff80ff]关闭条件：[-][/c][-][/c][/i],,,,,,
pda_8aa0OaG,...,,,,,,,,,,...,,,,,,
pda_NSe4Om8,...,,,,,,,,,,...,,,,,,
pda_iG4q8KW,---,,,,,,,,,,---,,,,,,
pda_WuaGGK4,_____________ VESSEL BUILD ______________,,,,,,,,,,_____________ 飞船建造 ______________,,,,,,
pda_4um0m4c,--,,,,,,,,,,--,,,,,,
pda_WW08CWi,--,,,,,,,,,,--,,,,,,
pda_4WYK0Wi,--,,,,,,,,,,--,,,,,,
pda_4KqKmG0,[c][0080ff](nPOI)[-][/c] - [c][80ffff]CAL12[-][/c] - [c][ffffff]BAattack[-][/c] Troop transport [i][c][ff8000](OnBy: EndBuild) [-][/c][/i][c][ff8000]>C_OnT x2 >C_Rw[-][/c],,,,,,,,,,[c][0080ff](兴趣点)[-][/c] - [c][80ffff]CAL12[-][/c] - [c][ffffff]基地攻击[-][/c] 部队运输 [i][c][ff8000](开启条件：结束建造) [-][/c][/i][c][ff8000]>C_OnT x2 >C_Rw[-][/c],,,,,,
pda_uSqiqG8,[i]( Noises... )[/i],,,,,,,,,,[i]( 噪音... )[/i],,,,,,
pda_WGeGiui,[c][0080ff]Mrk[-][/c] - [c][ffffff]Dronebase[-][/c] loc  [i][c][ff8000](OnByT:[-][/c][/i][i][c][ff8000]UseOreScan[-][/c][/i][i][c][ff8000] & NewShores) (OffBy: OpnHangar &[-][/c][/i],,,,,,,,,,[c][0080ff]标记[-][/c] - [c][ffffff]无人机基地[-][/c]位置  [i][c][ff8000](开启条件：[-][/c][/i][i][c][ff8000]使用矿石扫描[-][/c][/i][i][c][ff8000] 和 新海岸) (关闭条件：打开机库 &[-][/c][/i],,,,,,
pda_OeqqimW,Found: Zirax [c][ff8000]Dronebase[-][/c],,,,,,,,,,发现：兹瑞克斯 [c][ff8000]无人机基地[-][/c],,,,,,
pda_CSqKqa0,...,,,,,,,,,,...,,,,,,
pda_CumKaqA,...,,,,,,,,,,...,,,,,,
pda_AmCum60,_____________ SUBSPACE ANTENNA ______________ (& stuff),,,,,,,,,,_____________ 亚空间天线 _____________ (& 其他),,,,,,
pda_7KSKCG8,--,,,,,,,,,,--,,,,,,
pda_C0msmaK,--,,,,,,,,,,--,,,,,,
pda_SCBS0m8,--,,,,,,,,,,--,,,,,,
pda_a8iKmWu,"Sig - [c][80ffff]CAL8[-][/c] - Shoot&[b][c][ffffff]Core claim[-][/c][/b] [c][ff8000]>C_On/OffT  >C_Rw >C_VisOffT, VisOn, C_Off[-][/c][c][ff8000] x3[-][/c][b][c][ffffff][-][/c][/b][c][ffffff] PrimeCoreKill[-][/c]",,,,,,,,,,"信号 - [c][80ffff]CAL8[-][/c] - 射击&[b][c][ffffff]核心宣示[-][/c][/b] [c][ff8000]>C_On/OffT  >C_Rw >C_VisOffT, VisOn, C_Off[-][/c][c][ff8000] x3[-][/c][b][c][ffffff][-][/c][/b][c][ffffff] 主核心击杀[-][/c]",,,,,,
pda_mu8eCKq,InvOP - [c][ffffff]Multitool T2 [-][/c]in a box[c][ffffff][-][/c],,,,,,,,,,物品栏操作 - [c][ffffff]多功能工具 T2 [-][/c]在箱子中[c][ffffff][-][/c],,,,,,
pda_GPO08aK,Multitool T2,,,,,,,,,,多功能工具 T2,,,,,,
pda_qquqVaT,...,,,,,,,,,,...,,,,,,
pda_W4aiGGm,---,,,,,,,,,,---,,,,,,
pda_eK8Om48,InvOp - [c][ffffff]Shells[-][/c] in a box [i][c][ff8000](OffByT: ArtilleryBase)[-][/c][/i],,,,,,,,,,物品栏操作 - [c][ffffff]炮弹[-][/c]在箱子中 [i][c][ff8000](关闭条件：炮兵基地)[-][/c][/i],,,,,,
pda_meiqCui,...,,,,,,,,,,...,,,,,,
pda_Ouu4u4C,...,,,,,,,,,,...,,,,,,
pda_PS8Oq8W,---,,,,,,,,,,---,,,,,,
pda_4WGbW4y,[c][ffffff]pfEnt[-][/c] - Wrn Orbit & [c][ffffff]NoWarp[-][/c] [i] [c][ff8000](OffBy: Liftoff)[-][/c][/i],,,,,,,,,,[c][ffffff]pfEnt[-][/c] - 警告轨道 & [c][ffffff]无翘曲[-][/c] [i] [c][ff8000](关闭条件：升空)[-][/c][/i],,,,,,
pda_GiKSieq,No Warp Drive !\n[i][c][c0c0c0][sup](Cannot leave yet...)[/sup][-][/c][/i],,,,,,,,,,无翘曲引擎！\n[i][c][c0c0c0][sup](尚不能离开...)[/sup][-][/c][/i],,,,,,
pda_OSmaWqq,...,,,,,,,,,,...,,,,,,
pda_e6aiS4A,---,,,,,,,,,,---,,,,,,
pda_iqeueeO,"[c][ff8080][b]B_Dstr[/b][-][/c] - DB[c][ffffff]CoreKill[-][/c], drill is back  [c][ff8000]>C_Off x16 >C_On >C_RwT[-][/c]",,,,,,,,,,[c][ff8080][b]B_Dstr[/b][-][/c] - DB[c][ffffff]核心击杀[-][/c]，钻头已回收  [c][ff8000]>C_Off x16 >C_On >C_RwT[-][/c],,,,,,
pda_f6WuOiS,Dronebase destroyed,,,,,,,,,,无人机基地已摧毁,,,,,,
pda_KuO0aW4,...,,,,,,,,,,...,,,,,,
pda_w0u0uS4,---,,,,,,,,,,---,,,,,,
pda_Aqqu4Sq,_____________ DRONEBASE RAID ______________,,,,,,,,,,_____________ 无人机基地突袭 ______________,,,,,,
pda_GiWGCeq,--,,,,,,,,,,--,,,,,,
pda_e0qSui8,--,,,,,,,,,,--,,,,,,
pda_mqaqiqG,--,,,,,,,,,,--,,,,,,
pda_mCGOmmC,[c][0080ff](nPOI)[-][/c] - EndBuild - [c][ffffff]MakeBP [-][/c][c][ff8000][i](OnBy: DoneBuild_PDA)[/i] >C_On[-][/c],,,,,,,,,,[c][0080ff](兴趣点)[-][/c] - 结束建造 - [c][ffffff]制作蓝图 [-][/c][c][ff8000][i](开启条件：建造完成_PDA)[/i] >C_On[-][/c],,,,,,
pda_umOG8S0,Blueprints,,,,,,,,,,蓝图,,,,,,
pda_W8YGKBO,[sub][i](Close BP library)[/i][/sub],,,,,,,,,,[sub][i](关闭蓝图库)[/i][/sub],,,,,,
pda_KCCAOOs,---,,,,,,,,,,---,,,,,,
pda_OOCuuKK,[c][ff80ff]Off -still needed? [-][/c][c][ffffff]Prod - [-][/c]Spawn [c][ffffff]HV[-][/c] -,,,,,,,,,,[c][ff80ff]关闭 - 仍需要？ [-][/c][c][ffffff]生产 - [-][/c]生成 [c][ffffff]HV[-][/c] -,,,,,,
pda_mCmqWiW,HV produced,,,,,,,,,,已生产HV,,,,,,
pda_8uASKhK,Open Blueprint Library [ F2 ],,,,,,,,,,打开蓝图库 [ F2 ],,,,,,
pda_8DSmi84,---,,,,,,,,,,---,,,,,,
pda_uiGSgKG,WinOp - [c][ffffff]FoodProc_1st [-][/c]- [c][ff8000]OnBy: BackToFarm[-][/c]  >C_Off,,,,,,,,,,WinOp - [c][ffffff]食品加工_第一阶段 [-][/c]- [c][ff8000]开启条件：回归农场[-][/c]  >C_Off,,,,,,
pda_Suo0a0a,[i]( New Constructor Type! )[/i],,,,,,,,,,[i]( 新型建造机！ )[/i],,,,,,
pda_TmmWuSq,"[c][0080ff][c][ff80ff]Off -check if needed, else delete -[-][/c] nPOI[-][/c] - Entered a faction territory",,,,,,,,,,[c][0080ff][c][ff80ff]关闭 - 如需要请检查，否则删除 -[-][/c] 兴趣点[-][/c] - 已进入派系领地,,,,,,
pda_iOEA0u4,Faction Territory,,,,,,,,,,派系领地,,,,,,
pda_6eaSGWW,...,,,,,,,,,,...,,,,,,
pda_WGCWquC,---,,,,,,,,,,---,,,,,,
pda_auG40qW,"_____________ POI, Other ______________",,,,,,,,,,_____________ 兴趣点，其他 ______________,,,,,,
pda_WGiOia4,--,,,,,,,,,,--,,,,,,
pda_U4G04ia,--,,,,,,,,,,--,,,,,,
pda_u8eMCCa,--,,,,,,,,,,--,,,,,,
pda_aqmqoSm,[c][0080ff]nPOI[-][/c] &Trig- [c][80ffff]CAL11[-][/c] - [c][ffffff]UseOreScan[-][/c] Promethium [c][ff8000][i](OnByT: OreProcess)  [/i]C_OnTx2 >C_Off >C_Rw[-][/c],,,,,,,,,,[c][0080ff]n兴趣点[-][/c] 和触发- [c][80ffff]CAL11[-][/c] - [c][ffffff]使用矿石扫描[-][/c] 钷 [c][ff8000][i]（开启条件：矿石处理）  [/i]C_OnTx2 >C_Off >C_Rw[-][/c],,,,,,
pda_OSqOsee,Mine Promethium nodes,,,,,,,,,,开采钷矿脉,,,,,,
pda_8SXmKqK,"[i]Keep [c][ffffff]Ore Scanner[-][/c] in inventory, \n[c][ffff00]Hold better Drill.[-][/c][/i]\n\nThen:[c][ffff00] Search for blue outlines[-][/c]\nin the ground, and [c][ffff00]drill [-][/c]them\n\n[i](Better visible with Tool Drone [/i][c][00ff00][ F5 ][-][/c][i], while moving)[/i]",,,,,,,,,,[i]将 [c][ffffff]矿石扫描器[-][/c] 存放在物品栏中，\n[c][ffff00]持有更好的钻头。[-][/c][/i]\n\n然后：[c][ffff00]在地面上寻找蓝色轮廓[-][/c]，并使用[c][ffff00]钻头[-][/c]挖掘它们\n\n[i]（使用工具无人机时更清晰可见[/i][c][00ff00][ F5 ][-][/c][i]，移动时）[/i],,,,,,
pda_Wq4eql8,---,,,,,,,,,,---,,,,,,
pda_SC4W01C,_____________ LOST GARDEN & CACHE ______________,,,,,,,,,,_____________ 失落花园与缓存 ______________,,,,,,
pda_OuCce0K,--,,,,,,,,,,--,,,,,,
pda_KGm00CW,--,,,,,,,,,,--,,,,,,
pda_KiPSaCu,--,,,,,,,,,,--,,,,,,
pda_m0AaWWg,invOpP - off - [c][ffffff]small grid[-][/c] Starter block[c][ff8000][i] (OnByT: SpawnTimes)[/i][-][/c],,,,,,,,,,invOpP - 关闭 - [c][ffffff]小型网格[-][/c] 入门方块[c][ff8000][i] (开启ByT: 出生时间)[/i][-][/c],,,,,,
pda_CiamO48,...,,,,,,,,,,...,,,,,,
pda_4aiH0WK,...,,,,,,,,,,...,,,,,,
pda_aKKiOqu,---,,,,,,,,,,---,,,,,,
pda_SCSum0i,[c][ffffff]BlkPlc[-][/c] - [c][80ffff]CalSig10[-][/c] - Solar [c][ffffff]panel [-][/c]location [c][ff8000]RwBy: LogisticsCache   >RwTask x2[-][/c],,,,,,,,,,[c][ffffff]方块放置[-][/c] - [c][80ffff]校准信号10[-][/c] - 太阳能[c][ffffff]板 [-][/c]位置 [c][ff8000]奖励By: 物流缓存   >奖励任务 x2[-][/c],,,,,,
pda_e0Wmqem,Check Solar Panels,,,,,,,,,,检查太阳能板,,,,,,
pda_qCiCGaW,...,,,,,,,,,,...,,,,,,
pda_WuSei0W,--,,,,,,,,,,--,,,,,,
pda_0C0KSaK,_____________ WORKSHOP ______________,,,,,,,,,,_____________ 工坊 ______________,,,,,,
pda_mCKeI80,--,,,,,,,,,,--,,,,,,
pda_4uas8SE,--,,,,,,,,,,--,,,,,,
pda_4Cu0q0S,--,,,,,,,,,,--,,,,,,
pda_GuOCWmu,"[c][0080ff]nPOI[-][/c] -rw- [c][ff8080]N[-][/c] - Steel[c][ffffff]Salvage[-][/c] [c][ff8000][i](RwBy:PCCrafts) (OffBy:SteelDestr, RightJunk) [/i][-][/c] [c][ff8000]>C_Rew >C_Off x3 >ToRw[-][/c]",,,,,,,,,,"[c][0080ff]nPOI[-][/c] -回收- [c][ff8080]N[-][/c] - 钢材[c][ffffff]回收[-][/c] [c][ff8000][i](奖励By: PCCrafts) (关闭By: 钢材摧毁, 右垃圾) [/i][-][/c] [c][ff8000]>C_Rew >C_Off x3 >ToRw[-][/c]",,,,,,
pda_aquGGmC,Steel salvage,,,,,,,,,,钢材回收,,,,,,
pda_WS8eaKi,\n- Select [c][ffffff][b]Salvage mode[/b] [-][/c][c][00ff00][RMB][-][/c] of Survival tool\n- [c][ffff00]Cut metal[-][/c] from a wreck\n[c][c0c0c0][sup][i](See marker)[/i][/sup][-][/c],,,,,,,,,,\n- 选择[c][ffffff][b]回收模式[/b] [-][/c][c][00ff00][RMB][-][/c] 的生存工具\n- [c][ffff00]切割金属[-][/c] 从残骸中\n[c][c0c0c0][sup][i](参见标记)[/i][/sup][-][/c],,,,,,
pda_aGWOiWm,---,,,,,,,,,,---,,,,,,
pda_m4a0Ome,[c][0080ff]Mrk[-][/c] -[c][ffffff] EnemyCore[-][/c]  [c][ff8000][i](OnBy/OffBy: SpawnPad & Core)[/i][-][/c],,,,,,,,,,[c][0080ff]标记[-][/c] -[c][ffffff] 敌人核心[-][/c]  [c][ff8000][i](开启/关闭By: 出生平台 & 核心)[/i][-][/c],,,,,,
pda_KOS548X,Destroy Core,,,,,,,,,,摧毁核心,,,,,,
pda_M08r8i8,...,,,,,,,,,,...,,,,,,
pda_W8imS0G,---,,,,,,,,,,---,,,,,,
pda_G80kqiG,[c][0080ff](nPOI)[-][/c] - [c][ffffff]Control panel[-][/c]- [i][c][ff8000](RwBy: CoreClaim) >[-][/c][/i][c][ff8000]RwTsk >C_Rw[-][/c],,,,,,,,,,[c][0080ff](nPOI)[-][/c] - [c][ffffff]控制面板[-][/c]- [i][c][ff8000](奖励By: 核心认领) >[-][/c][/i][c][ff8000]奖励任务 >C_Rw[-][/c],,,,,,
pda_WWq4qKi,The Control Panel,,,,,,,,,,控制面板,,,,,,
pda_q8eKSSu,"Point at floor, [c][ffffff]press[-][/c] [c][00ff00][P][-][/c]",,,,,,,,,,指向地面，[c][ffffff]按下[-][/c] [c][00ff00][P][-][/c],,,,,,
pda_ueGSSi0,---,,,,,,,,,,---,,,,,,
pda_GaW0qC4,[c][0080ff](nPOI)[-][/c] & Trg - [c][0080ff]Task[-][/c] [c][ffffff]Ammo[-][/c]Box [c][ff80ff][i][c][ff8000](OnByT: BA attack)[-][/c][/i][c][ff8000] >C_OnT[-][/c][-][/c],,,,,,,,,,[c][0080ff](nPOI)[-][/c] & 触发器 - [c][0080ff]任务[-][/c] [c][ffffff]弹药[-][/c]箱 [c][ff80ff][i][c][ff8000](开启ByT: BA攻击)[-][/c][/i][c][ff8000] >C_OnT[-][/c][-][/c],,,,,,
pda_OS4aaqa,Find Ammo Box,,,,,,,,,,找到弹药箱,,,,,,
pda_eq4mG8e,Find Ammo Box\n[sup](of Farpoint Base)[/sup],,,,,,,,,,找到弹药箱\n[sup](法点基地)[/sup],,,,,,
pda_8CiCaKW,--,,,,,,,,,,--,,,,,,
pda_CGeSuuK,Tb_Sel [c][ffffff]mass [-][/c]block - N building menu - center of mass,,,,,,,,,,Tb_Sel [c][ffffff]质量 [-][/c]方块 - N 建筑菜单 - 质心,,,,,,
pda_mKKe4Cq,Mass distribution,,,,,,,,,,质量分布,,,,,,
pda_0OhZuCC,...,,,,,,,,,,...,,,,,,
pda_GuKqSS0,---,,,,,,,,,,---,,,,,,
pda_u0GeSm4,InvC - [c][ffffff]Starter block [-][/c]HV (General Info) >C_off,,,,,,,,,,InvC - [c][ffffff]入门方块 [-][/c]悬浮飞船 (一般信息) >C_off,,,,,,
pda_8OgUWeW,Hover Vessel Starter,,,,,,,,,,悬浮飞船入门,,,,,,
pda_eubq0OO,...,,,,,,,,,,...,,,,,,
pda_i00iqaC,--,,,,,,,,,,--,,,,,,
pda_icO0Wqe,Fly to Container,,,,,,,,,,飞向容器,,,,,,
pda_m4dOCeG,Collect Drill,,,,,,,,,,收集钻头,,,,,,
pda_ueKX00G,--,,,,,,,,,,--,,,,,,
pda_OGfTqaC,"[c][c0c0c0]( [c][c9a39c][b][i]Galleon[/i][/b] [-][/c]) :[-][/c]           [i]""... Just do what it wants, and it will be over quickly.""[/i]",,,,,,,,,,"[c][c0c0c0]( [c][c9a39c][b][i]加利昂[/i][/b] [-][/c]) :[-][/c]           [i]""... 按它说的做，很快就会结束。""[/i]",,,,,,
pda_K088K4e,...,,,,,,,,,,...,,,,,,
pda_8BOmK8a,--,,,,,,,,,,--,,,,,,
pda_W0Oa4uW,[i]< But there's [b]joy [/b]hidden in this. >[/i]\n[i]\n< For safety. - For riches. - It's [b]so [/b]soothing. \n... And you directly see the results. >[/i],,,,,,,,,,[i]< 但是这其中隐藏着[b]喜悦[/b]。 >[/i]\n[i]\n< 为了安全。 - 为了财富。 - 它是如此[b]令人[/b]平静。\n... 而且你能直接看到成果。 >[/i],,,,,,
pda_kGlPSe0,Space Mining (5 of 100),,,,,,,,,,太空采矿 (5/100),,,,,,
pda_G0iSUgm,Collect more ice,,,,,,,,,,收集更多冰,,,,,,
pda_CKSiuh4,---,,,,,,,,,,---,,,,,,
pda_8aGuWqq,"[c][c0c0c0]( [c][c9a39c][b][i]Galleon[/i][/b] [-][/c]) :[-][/c]           [i]""[c][ffff00]Fly to that container[-][/c], and take the drill.""[/i]",,,,,,,,,,"[c][c0c0c0]( [c][c9a39c][b][i]加利昂[/i][/b] [-][/c]) :[-][/c]           [i]""[c][ffff00]飞向那个容器[-][/c], 并取下钻头。""[/i]",,,,,,
pda_44Ge4eo,[i]( ... please ... )[/i],,,,,,,,,,[i]( ... 请 ... )[/i],,,,,,
pda_SGOOaCu,--,,,,,,,,,,--,,,,,,
pda_mmOScuK,"( [b][c][8080ff]Flight Dispatch[-][/c][/b] ) :          [i]""UCH Vessel, this is Flight Dispatch."" [/i]\n\n                                          [i]"" - Welcome home.""[/i]",,,,,,,,,,"( [b][c][8080ff]飞行调度[-][/c][/b] ) :          [i]""UCH飞船，这里是飞行调度。"" [/i]\n\n                                          [i]"" - 欢迎回家。""[/i]",,,,,,
pda_8KKqi88,(( Comm )),,,,,,,,,,(( 通讯 )),,,,,,
pda_m0imWeO,[c][ffff00]Reach the Command ship.[-][/c]\n\n-------[sup][/sup][c][c0c0c0]\n[sup]Brakes on/off[/sup][-][/c][sup]:[c][00ff00] [ i ][-][/c][/sup] [sup][c][c0c0c0]\nAuto-orient:[-][/c] [c][00ff00] [ O ][-][/c]\n[c][c0c0c0]Pilot modes:[-][/c] [c][00ff00][Shift] + [ i ][-][/c][/sup],,,,,,,,,,[c][ffff00]抵达指挥舰。[-][/c]\n\n-------[sup][/sup][c][c0c0c0]\n[sup]刹车开关[/sup][-][/c][sup]:[c][00ff00] [ i ][-][/c][/sup] [sup][c][c0c0c0]\n自动定向:[-][/c] [c][00ff00] [ O ][-][/c]\n[c][c0c0c0]飞行员模式:[-][/c] [c][00ff00][Shift] + [ i ][-][/c][/sup],,,,,,
pda_CC8uaei,---,,,,,,,,,,---,,,,,,
pda_biG0WGC,"( [b][c][8080ff]Flight Dispatch[-][/c][/b] ) :         [i]""It has been a long journey.[/i]\n\n                                         [i]""- Please proceed to the [c][ffffff]Command Ship[-][/c].""[/i]",,,,,,,,,,"( [b][c][8080ff]飞行调度[-][/c][/b] ) :         [i]""这是一段漫长的旅程。[/i]\n\n                                         [i]""- 请前往[c][ffffff]指挥舰[-][/c]。""[/i]",,,,,,
pda_4CiiO4S,[c][0080ff]Mrk[-][/c] - [c][ffffff]Galleon[-][/c]Fleet Pos  [i][c][ff8000](OffBy: CcokpitEnd)[-][/c][/i],,,,,,,,,,[c][0080ff]标记[-][/c] - [c][ffffff]加利昂[-][/c]舰队位置  [i][c][ff8000](关闭By: 驾驶舱结束)[-][/c][/i],,,,,,
pda_KuOC8mG,...,,,,,,,,,,...,,,,,,
pda_ammOOmK,...,,,,,,,,,,...,,,,,,
pda_oKeCuOA,---,,,,,,,,,,---,,,,,,
pda_8WK88Sa,[c][0080ff]Mrk[-][/c] - [c][ffffff]Captain[-][/c]Fleet Pos [i][c][ff8000](OffBy: CcokpitEnd)[-][/c][/i],,,,,,,,,,[c][0080ff]标记[-][/c] - [c][ffffff]舰长[-][/c]舰队位置 [i][c][ff8000](关闭By: 驾驶舱结束)[-][/c][/i],,,,,,
pda_u4mWSi4,...,,,,,,,,,,...,,,,,,
pda_8KSSTSe,...,,,,,,,,,,...,,,,,,
pda_tW0uvmO,---,,,,,,,,,,---,,,,,,
pda_SemCK48,[c][0080ff]Mrk[-][/c] - [c][ffffff]Command[-][/c] Fleet Pos [i][c][ff8000] (OnBy: Captain&GalleonFleetPos)   (OffBy: CcokpitEnd)[-][/c][/i],,,,,,,,,,[c][0080ff]标记[-][/c] - [c][ffffff]指挥官[-][/c] 舰队位置 [i][c][ff8000] (开启By: 舰长&加利昂舰队位置)   (关闭By: 驾驶舱结束)[-][/c][/i],,,,,,
pda_8qsK4oS,...,,,,,,,,,,...,,,,,,
pda_kSG040i,...,,,,,,,,,,...,,,,,,
pda_SeqiiuG,---,,,,,,,,,,---,,,,,,
pda_meaa6G0,[c][0080ff]nPOI[-][/c] - [c][ffffff]Cleared [-][/c]to dock  [i][c][ff8000]RewBy[u]Task[/u]: FleetArrival >CRew x2[-][/c][/i],,,,,,,,,,[c][0080ff]nPOI[-][/c] - [c][ffffff]允许 [-][/c]停靠  [i][c][ff8000]奖励By[u]任务[/u]: 舰队抵达 >CRew x2[-][/c][/i],,,,,,
pda_MaE00cm,Cleared to dock,,,,,,,,,,允许停靠,,,,,,
pda_COaCuKi,- Fly to Command ship,,,,,,,,,,- 飞往指挥舰,,,,,,
pda_SOCS0mq,--,,,,,,,,,,--,,,,,,
pda_KcLhi0m,"""UCH vessel, you are cleared to dock.""\n\n""Please [c][ffff00]fly into the hangar.[-][/c]""",,,,,,,,,,"""UCH飞船，允许停靠。""\n\n""请[c][ffff00]飞入机库。[-][/c]""",,,,,,
pda_m44TSiX,"""[c][ffff00]Land [-][/c]your vessel in the area""",,,,,,,,,,"""[c][ffff00]降落 [-][/c]你的飞船在该区域""",,,,,,
pda_im0eQSK,Playtest - EndSpace: Enter sun sector,,,,,,,,,,试玩 - 末段空间: 进入太阳星区,,,,,,
pda_KGNOm3q,New Task,,,,,,,,,,新任务,,,,,,
pda_80iaqe0,Turning on,,,,,,,,,,开启中,,,,,,
pda_T4MWkCS,--,,,,,,,,,,--,,,,,,
pda_Gaq0K80,(Rewarding last chapter),,,,,,,,,,(奖励最后一章),,,,,,
pda_q8mWSGS,(Reached Bridge),,,,,,,,,,(到达舰桥),,,,,,
pda_0i4qiCC,..,,,,,,,,,,..,,,,,,
pda_GOKaCKC,--,,,,,,,,,,--,,,,,,
pda_eESCCmm,[i]< I knew it I knew it I knew it !!!![/i]\n\n[i]- This ship is fitted with [b][c][ffffff]MINING LASERS[-][/c].[/b] ! ! ! >[/i]\n\n\n\n[i]< ... [b][c][ffff00][c][ff8000][b]The Galaxy is Yours.[/b][-][/c] [-][/c][/b]>[/i],,,,,,,,,,[i]< 我就知道我就知道我就知道 !!!![/i]\n\n[i]- 这艘飞船配备了[b][c][ffffff]采矿激光[-][/c]。[/b] ! ! ! >[/i]\n\n\n\n[i]< ... [b][c][ffff00][c][ff8000][b]星系属于你。[/b][-][/c] [-][/c][/b]>[/i],,,,,,
pda_SCuay4u,Playtest - EndSpace: Cleared to dock (EndShip),,,,,,,,,,试玩 - 末段空间: 允许停靠 (末段飞船),,,,,,
pda_iOSGOi4,New Task,,,,,,,,,,新任务,,,,,,
pda_mS0Gmua,Turning on,,,,,,,,,,开启中,,,,,,
pda_iCW4G4s,--,,,,,,,,,,--,,,,,,
pda_6CSCuua,(Rewarding last chapter),,,,,,,,,,(奖励最后一章),,,,,,
pda_aG0KCiG,Debug - EndSpace: Give cockpit key,,,,,,,,,,调试 - 末段空间: 给予驾驶舱钥匙,,,,,,
pda_748GWac,New Task,,,,,,,,,,新任务,,,,,,
pda_GOSO0ei,Turning on,,,,,,,,,,开启中,,,,,,
pda_CqqS0uK,--,,,,,,,,,,--,,,,,,
pda_Wm4uumi,(Rewarding last chapter),,,,,,,,,,(奖励最后一章),,,,,,
pda_k0GNa4O,TUTORIAL END,,,,,,,,,,教程结束,,,,,,
pda_M840aaG,...,,,,,,,,,,...,,,,,,
pda_mu80iW6,--,,,,,,,,,,--,,,,,,
pda_u08u40U,"[i]"" Pilot, there are more Zirax vessels ahead. [/i]\n\n[i]... Let's bring this to a good[c][ff8000] [b]end[/b][-][/c].""[/i]",,,,,,,,,,"[i]""飞行员, 前方还有更多的兹瑞克斯飞船。[/i]\n\n[i]... 让我们把这一切带向一个美好的[c][ff8000] [b]终结[/b][-][/c]。""[/i]",,,,,,
pda_GmCq4WK,Sig -  [c][ffffff]defense [-][/c]mode [c][ff8000]>C_off x2[-][/c],,,,,,,,,,信号 -  [c][ffffff]防御 [-][/c]模式 [c][ff8000]>C_off x2[-][/c],,,,,,
pda_mmKCS4G,Defense mode,,,,,,,,,,防御模式,,,,,,
pda_WS48aOS,[i](Survival Tool)[/i]\nSelect[c][ffffff][-][/c] with [c][00ff00][RMB][-][/c],,,,,,,,,,[i](生存工具)[/i]\n选择[c][ffffff][-][/c] 用 [c][00ff00][RMB][-][/c],,,,,,
pda_mWGqGmC,---,,,,,,,,,,---,,,,,,
pda_CWaO8CX,WnCls_ArmLck (&sig) - rw- Evil[c][ffffff]HackCount[-][/c]er[i][c][ff8000] (RwBy: ExploreNest)[-][/c][/i][c][ff80ff][c][ff8000] >C_Off >C_On x2 [-][/c][-][/c],,,,,,,,,,WnCls_ArmLck (&信号) - rw- 邪恶[c][ffffff]黑客计数[-][/c]器[i][c][ff8000] (重置条件: 探索巢穴)[-][/c][/i][c][ff80ff][c][ff8000] >C_Off >C_On x2 [-][/c][-][/c],,,,,,
pda_qmqme0G,...,,,,,,,,,,...,,,,,,
pda_uHIBmOm,...,,,,,,,,,,...,,,,,,
pda_SmGY0eG,---,,,,,,,,,,---,,,,,,
pda_4e4qOaC,Low Oxygen  - PLACEHOLDER,,,,,,,,,,低氧气 - 占位符,,,,,,
pda_e08eaK4,New Task,,,,,,,,,,新任务,,,,,,
pda_mSqea80,New Action,,,,,,,,,,新行动,,,,,,
pda_Magu8Sq,--,,,,,,,,,,--,,,,,,
pda_06mKi4q,"Trg_Stat - [c][ffffff]LowFood[-][/c] [i][c][ff8000] (FinalOff: BackToFarm, DBDoorBreach)[-][/c][/i][i][c][ff8000](Offby:DoorHack&Explode - OnBy: FillFuel)[-][/c][/i]",,,,,,,,,,"触发_状态 - [c][ffffff]低食物[-][/c] [i][c][ff8000] (最终关闭: 返回农场, DBDoorBreach)[-][/c][/i][i][c][ff8000](关闭条件: 门破解与爆炸 - 开启条件: 填燃料)[-][/c][/i]",,,,,,
pda_eWmWeCC,Getting hungry ...,,,,,,,,,,感到饥饿...,,,,,,
pda_eqGOeuS,"_________ [i](Bunk, other triggers)[/i]",,,,,,,,,,"_________ [i](铺位, 其他触发器)[/i]",,,,,,
pda_GKeS4Gm,--,,,,,,,,,,--,,,,,,
pda_iKA4m84,--,,,,,,,,,,--,,,,,,
pda_OWCK0Se,--,,,,,,,,,,--,,,,,,
pda_pSSmeqW,Sig - Hallway [c][ffffff]Ignore[-][/c]Capt [c][ff8000][i](OffBy: CaptainTalk)[/i][-][/c],,,,,,,,,,信号 - 走廊 [c][ffffff]忽视[-][/c]舰长 [c][ff8000][i](关闭条件: 舰长对话)[/i][-][/c],,,,,,
pda_044Ia8u,[i](Ignored Captain)[/i],,,,,,,,,,[i](被忽视的舰长)[/i],,,,,,
pda_uakeOWa,...,,,,,,,,,,...,,,,,,
pda_SOuaSmt,---,,,,,,,,,,---,,,,,,
pda_uuq4C40,"[i]< Hey, you look new... >[/i]\n[i]< [/i][i]One of these people [b]from another galaxy[/b] , I assume...?...  '[b][c][ffffff]Humans[-][/c]'[/b] [/i]?\n[i][/i][i]- [b]Well met[/b]! >[/i]",,,,,,,,,,"[i]< 嘿, 你看起来是新来的... >[/i]\n[i]< [/i][i]其中一个来自[b]另一个星系[/b]的人, 我猜...?...  '[b][c][ffffff]人类[-][/c]'[/b] [/i]?\n[i][/i][i]- [b]幸会[/b]! >[/i]",,,,,,
pda_KOmiwKe,(( Cursed Drill )),,,,,,,,,,(( 被诅咒的钻头 )),,,,,,
pda_mGGmW0W,[i]...[/i],,,,,,,,,,[i]...[/i],,,,,,
pda_uqKw4CC,--,,,,,,,,,,--,,,,,,
pda_e8aqeem,[i]< Brzzt. bt ! >[/i]\n\n[i]< bzzt - [b]bzzt [/b]? >  [/i],,,,,,,,,,[i]< 滋滋. 砰! >[/i]\n\n[i]< 滋滋 - [b]滋滋 [/b]? >  [/i],,,,,,
pda_KNae8Kq,[c][ff80ff]Unused -  [-][/c][c][0080ff]nPOI[-][/c] - [c][ffffff]Convince[-][/c] Drones [i][c][ff8000](On&OffByT:CorePlace) [-][/c][/i][c][ff80ff](POI is out-commented from pf file)[-][/c],,,,,,,,,,[c][ff80ff]未使用 -  [-][/c][c][0080ff]nPOI[-][/c] - [c][ffffff]说服[-][/c] 无人机 [i][c][ff8000](开启/关闭条件: 核心放置) [-][/c][/i][c][ff80ff](POI已从pf文件中注释掉)[-][/c],,,,,,
pda_8i0Caoe,...,,,,,,,,,,...,,,,,,
pda_mGCuS8e,...,,,,,,,,,,...,,,,,,
pda_8SlOmK0,--,,,,,,,,,,--,,,,,,
pda_c08OAAi,[c][0080ff](nPOI2)[-][/c] - rw -[c][80ffff]CAL6[-][/c] -[c][0080ff]Task[-][/c]- [c][ffffff]EnterMine[-][/c] [i][c][ff8080](RwBy: EnterSignal)[-][/c][c][ff8000][c][ff80ff][c][ff8000] (ToOnBy: CopperDiscover) ((OffBy:NewShores)) [-][/c][-][/c][-][/c][c][ff8000][c][ff80ff][c][ff8000][c][ff8080]C_Rw [-][/c][-][/c][-][/c][-][/c][/i][c][ff8000][c][ff80ff][c][ff8000]>C_Off x4 >C_OnTsk[-][/c][-][/c][-][/c],,,,,,,,,,[c][0080ff](nPOI2)[-][/c] - rw -[c][80ffff]CAL6[-][/c] -[c][0080ff]任务[-][/c]- [c][ffffff]进入矿洞[-][/c] [i][c][ff8080](RwBy: 进入信号)[-][/c][c][ff8000][c][ff80ff][c][ff8000] (开启条件: 发现铜矿) ((关闭条件: 新海岸)) [-][/c][-][/c][-][/c][c][ff8000][c][ff80ff][c][ff8000][c][ff8080]C_Rw [-][/c][-][/c][-][/c][-][/c][/i][c][ff8000][c][ff80ff][c][ff8000]>C_Off x4 >C_OnTsk[-][/c][-][/c][-][/c],,,,,,
pda_8qOm9K0,[i](Location added)[/i],,,,,,,,,,[i](位置已添加)[/i],,,,,,
pda_Wea4KmU,...,,,,,,,,,,...,,,,,,
pda_mC4eaOm,--,,,,,,,,,,--,,,,,,
pda_e8Gqaaq,InvC  - [c][80ffff]CalSig4c [-][/c] - on- [c][ffffff]BikeFound[-][/c] [i][c][ff8000](OffBy: Craft& Place& Toolbar ) [-][/c][/i][c][ff8080]>ToRw [-][/c][c][ff8000]>C_Off x4 [-][/c],,,,,,,,,,InvC  - [c][80ffff]CalSig4c [-][/c] - on- [c][ffffff]BikeFound[-][/c] [i][c][ff8000](OffBy: Craft& Place& Toolbar ) [-][/c][/i][c][ff8080]>ToRw [-][/c][c][ff8000]>C_Off x4 [-][/c],,,,,,
pda_CeCW8nm,Hoverbike,,,,,,,,,,悬浮摩托,,,,,,
pda_S0Sq8uq,...,,,,,,,,,,...,,,,,,
pda_80qYqdi,--,,,,,,,,,,--,,,,,,
pda_0a0WueW,_____________[c][ffff00] Autotriggers for [b]Devices [/b][-][/c](Use tips) ______,,,,,,,,,,_____________[c][ffff00] 设备自动触发 [b]设备 [/b][-][/c](使用提示) ______,,,,,,
pda_4miiOWa,...,,,,,,,,,,...,,,,,,
pda_e24a04I,...,,,,,,,,,,...,,,,,,
pda_0uWeGa4,--,,,,,,,,,,--,,,,,,
pda_Ca8iWaV,_____________ BEACHED ________ & old stuff,,,,,,,,,,_____________ 搁浅 ________ & 旧物品,,,,,,
pda_suC4i8K,--,,,,,,,,,,--,,,,,,
pda_eGaWUe0,--,,,,,,,,,,--,,,,,,
pda_KsCiKGi,--,,,,,,,,,,--,,,,,,
pda_i4uKMu2,[c][ff8000]bmC[-][/c]- Suit [c][ffffff]light[-][/c][i][c][ffffff][-][/c](( BmChange- to Palms )) [c][ff8000](OffBy:N_Poi Light) [b]>>C_Off[/b][-][/c][/i],,,,,,,,,,[c][ff8000]bmC[-][/c]- 防护服[c][ffffff]灯[-][/c][i][c][ffffff][-][/c](( BmChange- to Palms )) [c][ff8000](OffBy:N_Poi Light) [b]>>C_Off[/b][-][/c][/i],,,,,,
pda_iCiCSGi,Suit Light,,,,,,,,,,防护服灯,,,,,,
pda_iCCGCoq,Use with [c][00ff00][L][-][/c],,,,,,,,,,与[c][00ff00][L][-][/c]配合使用,,,,,,
pda_4KCTESG,--,,,,,,,,,,--,,,,,,
pda_8j8QKCi,"[c][0080ff]Mrk [-][/c]-off- -rw-[c][ff8080]V [-][/c]- [c][ffffff]Dig Carbo[-][/c]n [c][ff8000][i](ToRwBy:Tasks2) [/i][-][/c] [i][c][ff8000]([-][/c][c][ff8000]RwBy: TipFood, NoWeapWarn) OffBy: FoundCarbon &(Techtrees)[-][/c][/i][i][c][ff8000] & Task3[-][/c][/i]",,,,,,,,,,"[c][0080ff]Mrk [-][/c]-off- -rw-[c][ff8080]V [-][/c]- [c][ffffff]挖掘碳[-][/c] [c][ff8000][i](ToRwBy:Tasks2) [/i][-][/c] [i][c][ff8000]([-][/c][c][ff8000]RwBy: TipFood, NoWeapWarn) OffBy: FoundCarbon &(Techtrees)[-][/c][/i][i][c][ff8000] & Task3[-][/c][/i]",,,,,,
pda_Dumm4OK,Rock Resources,,,,,,,,,,岩石资源,,,,,,
pda_KiIejee,...,,,,,,,,,,...,,,,,,
pda_8K0ceCi,--,,,,,,,,,,--,,,,,,
pda_SKaSaaS,[c][0080ff]Mrk[-][/c]& trg - rw - [c][ffffff]Chop [-][/c]wood[c][ff8000][i](OnBy:PCCrafts) [/i][-][/c][i][c][ff8000](OffBy: FoundWood[-][/c][/i][i][c][ff8000] & Task3[-][/c][/i][i][c][ff8000]) (OffOnBy: BikeReminder& Placebike -- BikeControls)[-][/c][/i],,,,,,,,,,[c][0080ff]Mrk[-][/c]& trg - rw - [c][ffffff]砍伐[-][/c]木材[c][ff8000][i](OnBy:PCCrafts) [/i][-][/c][i][c][ff8000](OffBy: FoundWood[-][/c][/i][i][c][ff8000] & Task3[-][/c][/i][i][c][ff8000]) (OffOnBy: BikeReminder& Placebike -- BikeControls)[-][/c][/i],,,,,,
pda_OmG86CO,Wood and Fiber,,,,,,,,,,木材和纤维,,,,,,
pda_q4mUiiW,...,,,,,,,,,,...,,,,,,
pda_mZC880K,--,,,,,,,,,,--,,,,,,
pda_OF0emSe,"[c][0080ff]Mrk_rw[-][/c] - [c][ffffff]HarvestMarker[-][/c] [i][c][ff8000](RwBy: Fridge, (OnBy:TipFood) OffBy: PickPlantProt [-][/c][/i][i][c][ff8000] & Task3[-][/c][/i][i][c][ff8000])[-][/c][/i]",,,,,,,,,,"[c][0080ff]Mrk_rw[-][/c] - [c][ffffff]收获标记[-][/c] [i][c][ff8000](RwBy: Fridge, (OnBy:TipFood) OffBy: PickPlantProt [-][/c][/i][i][c][ff8000] & Task3[-][/c][/i][i][c][ff8000])[-][/c][/i]",,,,,,
pda_QCC0CmX,Food,,,,,,,,,,食物,,,,,,
pda_eqCqSWa,...,,,,,,,,,,...,,,,,,
pda_4kGa48a,--,,,,,,,,,,--,,,,,,
pda_4iamuWC,"itmPick - Closed [c][ffffff]Fridge [-][/c][i][c][ff8000](OffBy PickPlantProt)[-][/c][/i] [i][b][c][ff8000]>C_On [-][/c][/b][/i] (SecOff:Boom&Heal, EnterMine, ShootCoreFarm) [c][ff8000]>C_Off[-][/c]",,,,,,,,,,"itmPick - 关闭 [c][ffffff]冰箱 [-][/c][i][c][ff8000](OffBy PickPlantProt)[-][/c][/i] [i][b][c][ff8000]>C_On [-][/c][/b][/i] (SecOff:Boom&Heal, EnterMine, ShootCoreFarm) [c][ff8000]>C_Off[-][/c]",,,,,,
pda_OKS0Oqi,[i]Need more Food[/i],,,,,,,,,,[i]需要更多食物[/i],,,,,,
pda_eqCiSuS,<< ... Scanning ... >>,,,,,,,,,,<< ... 扫描中 ... >>,,,,,,
pda_SmCiO8O,--,,,,,,,,,,--,,,,,,
pda_4qquGmu,[i]< ... This won't last long ... >[/i]\n\n[i]< ... Detecting possible [/i][c][ffff00]food plants[-][/c][i] nearby. [/i]- [i]Check that palm area[/i].[i][c][ffff00][-][/c]>[/i],,,,,,,,,,[i]< ...这不会持续太久... >[/i]\n\n[i]< ...检测到可能存在的[/i][c][ffff00]食用植物[-][/c][i] 在附近。 [/i]- [i]检查那片棕榈林区域[/i]。[i][c][ffff00][-][/c]>[/i],,,,,,
pda_quuqC4q,_____________ FARM CORE ______________ & genny note,,,,,,,,,,_____________ 农业核心 ______________ & 发电机提示,,,,,,
pda_4qqmKOi,--,,,,,,,,,,--,,,,,,
pda_OiqKWK4,--,,,,,,,,,,--,,,,,,
pda_KKCaqOa,--,,,,,,,,,,--,,,,,,
pda_ui8Wjm0,_____________ PROMETHIUM SCANNER  ______________,,,,,,,,,,_____________ 钷扫描仪  ______________,,,,,,
pda_iqm8mn8,--,,,,,,,,,,--,,,,,,
pda_C8uGaU0,--,,,,,,,,,,--,,,,,,
pda_I0mmquu,--,,,,,,,,,,--,,,,,,
pda_WlmuG00,Enemy drone[c][ffffff][-][/c],,,,,,,,,,敌方无人机[c][ffffff][-][/c],,,,,,
pda_u0W800S,[c][ffffff][c][ffff00]Destroy [c][ffffff]attacking drone[-][/c][-][/c][-][/c]\n[c][ffffff][c][ffff00][c][ffffff]\n[i](Red dot[/i][-][/c][-][/c][-][/c][i] on radar.[/i]\n[i]Shoot eye for max damage.)[/i]\n\n[c][c0c0c0][i][sub](Note: Timeout for task is ca. 5 minutes)[/sub][/i][-][/c],,,,,,,,,,[c][ffffff][c][ffff00]摧毁[c][ffffff]攻击无人机[-][/c][-][/c][-][/c]\n[c][ffffff][c][ffff00][c][ffffff]\n[i](红点[/i][-][/c][-][/c][-][/c][i] 在雷达上。[/i]\n[i]射击眼睛造成最大伤害。 )[/i]\n\n[c][c0c0c0][i][sub](注意：任务超时时间约为5分钟)[/sub][/i][-][/c],,,,,,
pda_4caqqaG,---,,,,,,,,,,---,,,,,,
pda_qiWeKOS,Sig - on-  [c][ff8080]V[-][/c] -[c][ffffff] GenOffline[-][/c] & SVHangarOpen [i][c][ff8000](OffBy DBCoreKill) [-][/c][/i][c][ff8000]>C_Off >VisOff[-][/c],,,,,,,,,,Sig - on-  [c][ff8080]V[-][/c] -[c][ffffff] 发电机离线[-][/c] & 空间站机库开启 [i][c][ff8000](OffBy DBCoreKill) [-][/c][/i][c][ff8000]>C_Off >VisOff[-][/c],,,,,,
pda_SKeun00,...,,,,,,,,,,...,,,,,,
pda_iCu8WIW,...,,,,,,,,,,...,,,,,,
pda_a88GWKW,--,,,,,,,,,,--,,,,,,
pda_a8eSiaK,[c][0080ff](nPOI)[-][/c] - Use [c][ffffff]Warp[-][/c][c][ff8000][c][ffffff][-][/c][i] (RwBy: GalaxyMap)  [/i]>C_RwTsk[-][/c],,,,,,,,,,[c][0080ff](nPOI)[-][/c] - 使用[c][ffffff]翘曲[-][/c][c][ff8000][c][ffffff][-][/c][i] (RwBy: GalaxyMap)  [/i]>C_RwTsk[-][/c],,,,,,
pda_G8vuSOi,Interstellar Travel,,,,,,,,,,星际旅行,,,,,,
pda_mgS0O6K,"[c][ffffff]- [b]Fly towards[/b] orange [-][/c]target\n(""Heka Artemis"")\n- [c][00ff00][K] [-][/c][b][c][ffffff]to warp[-][/c][/b]\n[c][c0c0c0]\n[sup][i](If you do not see target, check screen edges, or try to re-select star in map.)[/i][/sup][-][/c]",,,,,,,,,,"[c][ffffff]- [b]飞向[/b]橙色[-][/c]目标\n(""赫卡·阿尔忒弥斯"")\n- [c][00ff00][K] [-][/c][b][c][ffffff]进行翘曲[-][/c][/b]\n[c][c0c0c0]\n[sup][i](如果看不到目标，请检查屏幕边缘，或尝试在星图中重新选择恒星。 )[/i][/sup][-][/c]",,,,,,
pda_SimOGeC,--,,,,,,,,,,--,,,,,,
pda_iaG84kC,[c][ffffff]pfEnt[-][/c] - Avoid the [c][ffffff]drones [-][/c][i][c][ff8000]([-][/c][/i][c][ff80ff][c][ff8000][i]RwByTsk: UseWarp)[/i]  >C_OnT x2[-][/c][-][/c],,,,,,,,,,[c][ffffff]pfEnt[-][/c] - 避开[c][ffffff]无人机[-][/c][i][c][ff8000]([-][/c][/i][c][ff80ff][c][ff8000][i]RwByTsk: UseWarp)[/i]  >C_OnT x2[-][/c][-][/c],,,,,,
pda_iqS84Oq,Space drones,,,,,,,,,,太空无人机,,,,,,
pda_AamCCUI,Got detected!,,,,,,,,,,被发现！,,,,,,
pda_88SWq28,---,,,,,,,,,,---,,,,,,
pda_S4um0eo,[c][0080ff](nPOI)[-][/c] - EvilHack [c][ffffff]Upgrade[-][/c] Drill (OnBy: CloneHome),,,,,,,,,,[c][0080ff](nPOI)[-][/c] - 邪恶黑客 [c][ffffff]升级[-][/c]钻头 (OnBy: CloneHome),,,,,,
pda_i8aSemi,???,,,,,,,,,,???,,,,,,
pda_204C4mH,...,,,,,,,,,,...,,,,,,
pda_8iqc8e4,---,,,,,,,,,,---,,,,,,
pda_q4Gqo4C,...,,,,,,,,,,...,,,,,,
pda_uW4m0OC,"[c][0080ff]nPOI[-][/c] - [c][ffffff]MarshNavi[-][/c]gate [i][c][ff8000](RwBy: ReaSett_TowDne, ReaSett_IslDne)  [-][/c][/i][c][ff8000]>C_On >C_OnT[-][/c]",,,,,,,,,,"[c][0080ff]nPOI[-][/c] - [c][ffffff]MarshNavi[-][/c]门 [i][c][ff8000](RwBy: ReaSett_TowDne, ReaSett_IslDne)  [-][/c][/i][c][ff8000]>C_On >C_OnT[-][/c]",,,,,,
pda_4Q0Euqq,Hoverbike handling,,,,,,,,,,悬浮摩托操控,,,,,,
pda_O0qSwaO,[c][ffff00]Get to closer to the settlement.[-][/c]\n\n[c][c0c0c0]... Unlock camera:[-][/c][c][00ff00] [ Alt ][-][/c]\n[c][c0c0c0]Zoom in / out: [-][/c][c][00ff00][ MouseWheel ][-][/c],,,,,,,,,,[c][ffff00]靠近定居点。[-][/c]\n\n[c][c0c0c0]... 解锁摄像机：[-][/c][c][00ff00] [ Alt ][-][/c]\n[c][c0c0c0]缩放： [-][/c][c][00ff00][ 鼠标滚轮 ][-][/c],,,,,,
pda_KeOe4qm,---,,,,,,,,,,---,,,,,,
pda_S84KIqa,...,,,,,,,,,,...,,,,,,
pda_ieQmiCq,--,,,,,,,,,,--,,,,,,
pda_m44mG4o,[i]< Switch to the Survival Tool's [c][ffffff][c][ffff00][b]Salvage [/b]mode[-][/c][-][/c] with[c][00ff00] [RMB][-][/c]. >[/i]\n[c][ffffff][-][/c]\n[i]<[c][ffffff] Collect some steel plates.[-][/c] >[/i],,,,,,,,,,[i]< 使用[c][00ff00] [RMB][-][/c]切换到生存工具的[c][ffffff][c][ffff00][b]回收[/b]模式[-][/c][-][/c]。 >[/i]\n[c][ffffff][-][/c]\n[i]<[c][ffffff]收集一些钢板。[-][/c] >[/i],,,,,,
pda_eSaSeeS,Collect 10 steel plates,,,,,,,,,,收集10块钢板,,,,,,
pda_0Imq8W4,"[u]Smart cutting:[/u] (Planetside only)\n\nYou can [c][ffffff]salvage much faster[-][/c], if you [c][ffff00]remove the support[-][/c] of blocks, and [c][ffff00]pick up the debris by hand[-][/c] [c][00ff00][ F ] [-][/c].",,,,,,,,,,"[u]智能切割:[/u] (仅限星球表面)\n\n如果你[c][ffff00]移除支撑[-][/c]，并[c][ffff00]用手拾起碎片[-][/c] [c][00ff00][ F ] [-][/c], 你可以[c][ffffff]更快地回收[-][/c]。",,,,,,
pda_4IOiKSG,- [c][ffff00]Cut trough a section[-][/c] so that the upper part will fall down.\n- [c][ffff00]Pick it up[-][/c] by hand with [c][00ff00][ F ][-][/c],,,,,,,,,,- [c][ffff00]切割一段[-][/c]使上部掉落。\n- 用手[c][ffff00]拾起[-][/c] [c][00ff00][ F ][-][/c],,,,,,
pda_CKSi4Ge,--,,,,,,,,,,--,,,,,,
pda_mWCq8OS,< Good ! >,,,,,,,,,,< 好！ >,,,,,,
pda_KWuWLWa,...,,,,,,,,,,...,,,,,,
pda_u4iOi40,...,,,,,,,,,,...,,,,,,
pda_KOaqi4e,--,,,,,,,,,,--,,,,,,
pda_SWKemOW,[u][c][ffffff]Third person view[-][/c]:[/u]\n\n [c][00ff00][Alt][-][/c] for [c][ffff00]unlocked camera[-][/c]\n\n[i]( View distance: [/i][c][00ff00][MouseWheel][-][/c] [i])[/i],,,,,,,,,,[u][c][ffffff]第三人称视角[-][/c]:[/u]\n\n [c][00ff00][Alt][-][/c] 用于[c][ffff00]解锁摄像机[-][/c]\n\n[i]( 视角距离: [/i][c][00ff00][MouseWheel][-][/c] [i])[/i],,,,,,
pda_KW8iieS,_____________ BEACH MAZE ______________,,,,,,,,,,_____________ 海滩迷宫 ______________,,,,,,
pda_GCWeeqi,--,,,,,,,,,,--,,,,,,
pda_mu48WGq,--,,,,,,,,,,--,,,,,,
pda_aWWGeWh,--,,,,,,,,,,--,,,,,,
pda_aCX4SeW,Press [c][00ff00][N][-][/c] for [c][ffffff]Building [-][/c]menu.\n\nSelect [b][[[/b][c][00ff00]Debug[-][/c][b]]][/b] tab.\n\nActivate '[c][00ff00]Show Oxygen[-][/c]'.\n\nCheck trail.,,,,,,,,,,按下 [c][00ff00][N][-][/c] 打开[c][ffffff]建造[-][/c]菜单。\n\n选择[b][[[/b][c][00ff00]调试[-][/c][b]]][/b] 选项卡。\n\n激活'[c][00ff00]显示氧气[-][/c]'。\n\n检查轨迹。,,,,,,
pda_ROgUaCa,New Action,,,,,,,,,,新行动,,,,,,
pda_Wq0SuO8,--,,,,,,,,,,--,,,,,,
pda_4uUCeqG,[c][0080ff]nPOI[-][/c] - Beach[c][ffffff]Maze[-][/c]  [i][c][ff8000](Offby: SettleConsole)[-][/c][/i],,,,,,,,,,[c][0080ff]nPOI[-][/c] - 海滩[c][ffffff]迷宫[-][/c]  [i][c][ff8000](Offby: SettleConsole)[-][/c][/i],,,,,,
pda_a0SOuCS,Beach maze,,,,,,,,,,海滩迷宫,,,,,,
pda_4Sa0Wme,... Use Map [c][ffffff][-][/c][c][00ff00][M][-][/c] to [c][ffffff]get to northern island[-][/c][c][00ff00][-][/c],,,,,,,,,,... 使用地图 [c][ffffff][-][/c][c][00ff00][M][-][/c] 来[c][ffffff]到达北方岛屿[-][/c][c][00ff00][-][/c],,,,,,
pda_u4iTSWO,---,,,,,,,,,,---,,,,,,
pda_6WICeta,[i]< Seems a bit like a [b]maze[/b]... >\n\n< ... Better [c][ffff00]check your directions[-][/c] with the [c][ffffff]map [-][/c][c][00ff00][M] [-][/c]>[/i],,,,,,,,,,[i]<看起来有点像[b]迷宫[/b]... >\n\n< ... 最好用[c][ffffff]地图[-][/c][c][00ff00][M] [-][/c]检查一下[c][ffff00]方向[-][/c]。>[/i],,,,,,
pda_WuWi800,Hoverbike handling,,,,,,,,,,悬浮摩托操控,,,,,,
pda_8m0WaO6,[c][ffff00]Get to closer to the settlement.[-][/c]\n\n[c][c0c0c0]... Unlock camera:[-][/c][c][00ff00] [ Alt ][-][/c]\n[c][c0c0c0]Zoom in / out: [-][/c][c][00ff00][ MouseWheel ][-][/c],,,,,,,,,,[c][ffff00]靠近定居点。[-][/c]\n\n[c][c0c0c0]... 解锁摄像机：[-][/c][c][00ff00] [ Alt ][-][/c]\n[c][c0c0c0]缩放： [-][/c][c][00ff00][ 鼠标滚轮 ][-][/c],,,,,,
pda_mammeKa,---,,,,,,,,,,---,,,,,,
pda_G8G80eG,PckUp - [c][ffffff]BikePickup[-][/c] & 3rd Person Cam [i][c][ff8000](C_OnTBy: MarshNavi)[-][/c][/i],,,,,,,,,,拾取 - [c][ffffff]自行车拾取[-][/c] & 第三人称摄像机 [i][c][ff8000](C_OnTBy: MarshNavi)[-][/c][/i],,,,,,
pda_kS08kWL,View[c][ffffff] camera[-][/c],,,,,,,,,,视角[c][ffffff] 摄像机[-][/c],,,,,,
pda_40aqCqC,Switch with[c][00ff00] [V][-][/c],,,,,,,,,,使用[c][00ff00] [V][-][/c]切换,,,,,,
pda_SCKeGSS,--,,,,,,,,,,--,,,,,,
pda_imOPWuC,"For more [c][ffffff]3rd person View,[-][/c] press [c][00ff00][V][-][/c].\n[i][/i]\n[i](Then [c][00ff00][Alt] [-][/c], [Mousewheel] as with the bike.)[/i]",,,,,,,,,,"更多[c][ffffff]第三人称视角,[-][/c] 按下 [c][00ff00][V][-][/c]。\n[i][/i]\n[i](然后 [c][00ff00][Alt] [-][/c], [Mousewheel] 和自行车一样。)[/i]",,,,,,
pda_UmqaG0m,"[i]< Wrecks like these, are a good source of [c][ffffff]steel[-][/c][/i][i] ... [/i][i]>[/i]",,,,,,,,,,[i]<像这样的残骸是获取[c][ffffff]钢材[-][/c][/i][i]的好来源 ... [/i][i]>[/i],,,,,,
pda_qKi8WuG,...,,,,,,,,,,...,,,,,,
pda_Wii44WO,...,,,,,,,,,,...,,,,,,
pda_mi8aqgC,...,,,,,,,,,,...,,,,,,
pda_0mi0eqi,--,,,,,,,,,,--,,,,,,
pda_Sue0i4S,______________ [i](Spider lootbox)[/i],,,,,,,,,,______________ [i](蜘蛛战利品箱)[/i],,,,,,
pda_7aqGG8i,--,,,,,,,,,,--,,,,,,
pda_a8eCG8e,--,,,,,,,,,,--,,,,,,
pda_6Oeoq4q,--,,,,,,,,,,--,,,,,,
pda_Kqf0G0a,[c][ff8080]Kill[-][/c] - [c][ffffff]Smallest Spid[-][/c]er [c][ff8000][i](OffBy: UsedConsole) [/i]>COff >C_Rew[-][/c][c][ffffff][i][b][c][ff8000][c][ffff00]>[-][/c][-][/c][/b][/i][-][/c][c][ff80ff][i][c][ffff00]FlotSig[-][/c] [/i][-][/c],,,,,,,,,,[c][ff8080]击杀[-][/c] - [c][ffffff]最小的蜘[-][/c]蛛 [c][ff8000][i](OffBy: 使用控制台) [/i]>COff >C_Rew[-][/c][c][ffffff][i][b][c][ff8000][c][ffff00]>[-][/c][-][/c][/b][/i][-][/c][c][ff80ff][i][c][ffff00]FlotSig[-][/c] [/i][-][/c],,,,,,
pda_XSUGq4W,Smallest Spider,,,,,,,,,,最小的蜘蛛,,,,,,
pda_G8CW80S,"[c][ffffff]Dlg[-][/c] - [c][ffffff]Used [-][/c]console, [c][ff8000]ByDialog [i][b]>CRewTask PDA Chapter  >C_OnOffT [/b][/i]>COff x2 >C_VisOff x1[-][/c]",,,,,,,,,,"[c][ffffff]对话框[-][/c] - [c][ffffff]使用[-][/c]控制台, [c][ff8000]通过对话框 [i][b]>CRewTask PDA 章节  >C_OnOffT [/b][/i]>COff x2 >C_VisOff x1[-][/c]",,,,,,
pda_ueiGSus,...,,,,,,,,,,...,,,,,,
pda_eji4WYe,[c][ff80ff][c][0080ff]nPOI[-][/c] [-][/c]- Hlp - [c][ffffff]Fell out[-][/c] of ship   [i][c][ff8000](OffBy:HangarLeave)[-][/c][/i],,,,,,,,,,[c][ff80ff][c][0080ff]nPOI[-][/c] [-][/c]- 帮助 - [c][ffffff]掉出[-][/c]飞船   [i][c][ff8000](OffBy:HangarLeave)[-][/c][/i],,,,,,
pda_CCee4eC,Activate Jetpack,,,,,,,,,,激活喷气背包,,,,,,
pda_SKim0ei,(Accelerated by artificial gravity),,,,,,,,,,（由人工重力加速）,,,,,,
pda_88W85CK,--,,,,,,,,,,--,,,,,,
pda_tu84eOW,"[c][ffff00]Press:[-][/c][c][00ff00] [J][-][/c] for Jetpack.\n\n--------------------------\nThen:[c][00ff00][-][/c]\n[c][00ff00][Space] [-][/c]/[c][00ff00] [C] : [-][/c]Up / down[c][00ff00][-][/c], [c][00ff00][Q][-][/c],[c][00ff00] [E] [-][/c]roll[c][00ff00][-][/c]",,,,,,,,,,"[c][ffff00]按下：[-][/c][c][00ff00] [J][-][/c] 启动喷气背包。\n\n--------------------------\n然后：[c][00ff00][-][/c]\n[c][00ff00][Space] [-][/c]/[c][00ff00] [C] : [-][/c]上升 / 下降[c][00ff00][-][/c], [c][00ff00][Q][-][/c],[c][00ff00] [E] [-][/c]翻滚[c][00ff00][-][/c]",,,,,,
pda_euiOmWu,"Stat - Wrn - [c][ffffff]No EVA[-][/c][i] [c][ff8000](OnBy: HangarLve, [-][/c][/i][c][ff8000][i]OffBy: TelePlanet)[/i][-][/c]",,,,,,,,,,"状态 - 警告 - [c][ffffff]无EVA[-][/c][i] [c][ff8000](OnBy: HangarLve, [-][/c][/i][c][ff8000][i]OffBy: TelePlanet)[/i][-][/c]",,,,,,
pda_0KWmOu8,No EVA Booster!,,,,,,,,,,没有EVA增强器！,,,,,,
pda_DaGQiSu,Please return to the Armor locker,,,,,,,,,,请返回护甲柜,,,,,,
pda_i84qokc,--,,,,,,,,,,--,,,,,,
pda_CiqKeS7,"You are [c][ffffff]freezing [-][/c]! \n\n- Please [c][ffff00]return to the Armor Locker[-][/c], and \n\n- put the [c][ffff00]EVA booster into the armor[-][/c] slot.",,,,,,,,,,你正在[c][ffffff]冻结[-][/c]！\n\n- 请[c][ffff00]返回护甲柜[-][/c]，并且\n\n- 将[c][ffff00]EVA增强器放入护甲[-][/c]槽位。,,,,,,
pda_eeaC0S0,[c][ff80ff]Check rw again[-][/c] itmPck_CrushStone x100 -rw- Mining note01 [c][ff8000][i](RwBy: StartDrillingPos)[/i][-][/c],,,,,,,,,,[c][ff80ff]再次检查rw[-][/c] itmPck_CrushStone x100 -rw- 采矿笔记01 [c][ff8000][i](RwBy: StartDrillingPos)[/i][-][/c],,,,,,
pda_GMmCSee,...,,,,,,,,,,...,,,,,,
pda_GimOOWU,"[u][c][ffffff]Galaxy map[-][/c] controls[/u]:\n\n[c][00ff00][W,A,S,D][-][/c] to move[c][00ff00][-][/c]\n[c][00ff00][LMB] + Drag [-][/c]to rotate\n\nHold [c][00ff00][Shift] [-][/c]to move faster,\n[c][00ff00][Shift] [-][/c] [c][00ff00]+ [Cntrl] [-][/c]for ultraspeed",,,,,,,,,,"[u][c][ffffff]银河系地图[-][/c] 控制[/u]:\n\n[c][00ff00][W,A,S,D][-][/c] 移动[c][00ff00][-][/c]\n[c][00ff00][LMB] + 拖动 [-][/c]旋转\n\n按住 [c][00ff00][Shift] [-][/c] 加速移动，\n[c][00ff00][Shift] [-][/c] [c][00ff00]+ [Cntrl] [-][/c] 超高速",,,,,,
pda_GWSW8mR,[i]< [c][ffffff]Leaving [-][/c][b]star system. [/b][/i]\n[i]- ... You did it! >[/i],,,,,,,,,,[i]< [c][ffffff]离开[-][/c][b]恒星系统。[/b][/i]\n[i]- ... 你成功了！>[/i],,,,,,
pda_SOCCaOO,Galaxy map,,,,,,,,,,星系地图,,,,,,
pda_mKuenGK,[u][c][ffff00]Select a warp target:[-][/c][/u]\n\n[c][00ff00][LMB][-][/c] on[c][ffffff] 'Heka Artemis'[-][/c]\nThen press [c][ffffff][[[-][/c] [c][00ff00]Lock Target [-][/c][c][ffffff]]][-][/c]  at lower screen edge\n\n---\n([b]Close map[/b] when you are done.),,,,,,,,,,[u][c][ffff00]选择翘曲目标：[-][/c][/u]\n\n[c][00ff00][LMB][-][/c] 在[c][ffffff] '赫卡·阿尔忒弥斯'[-][/c]上\n然后按 [c][ffffff][[[-][/c] [c][00ff00]锁定目标 [-][/c][c][ffffff]]][-][/c]  在屏幕底部边缘\n\n---\n（[b]关闭地图[/b] 当你完成时。）,,,,,,
pda_8KuYuGC,[i]< The target is [c][ff8000][b]Orange[/b][-][/c].[/i]\n[i][c][ffff00]Fly towards[-][/c] it.[/i]\n\n[i]... Then [c][ffffff]press [-][/c][c][00ff00][K][-][/c] for warp drive. >[/i],,,,,,,,,,[i]< 目标是[c][ff8000][b]橙色[/b][-][/c].[/i]\n[i][c][ffff00]向它[-][/c]飞行。[/i]\n\n[i]... 然后[c][ffffff]按[-][/c][c][00ff00][K][-][/c]进行翘曲引擎。 >[/i],,,,,,
pda_Gi8Q0CC,- [c][00ff00][LMB][-][/c] on star[c][ffffff] 'Heka Artemis'[-][/c]\n- [c][ffffff]Press [-][/c][[ [c][00ff00]Lock Target [-][/c]]] button,,,,,,,,,,- [c][00ff00][LMB][-][/c] 在恒星[c][ffffff] '赫卡·阿尔忒弥斯'[-][/c]上\n- [c][ffffff]按下 [-][/c][[ [c][00ff00]锁定目标 [-][/c]]] 按钮,,,,,,
pda_K4Kg6i0,--,,,,,,,,,,--,,,,,,
pda_m7iiuqu,[i]< [c][ffffff]There is nothing[-][/c] in this orbit... >[/i]\n\n[i]< We [c][ff8000]need a warp-capable[-][/c] vessel to leave this world. >[/i],,,,,,,,,,[i]< [c][ffffff]这个轨道上什么都没有[-][/c]... >[/i]\n\n[i]< 我们需要一艘[c][ff8000]具备翘曲能力[-][/c]的飞船才能离开这个世界。 >[/i],,,,,,
pda_CeSiWuO,Basic vessel controls[c][00ff00][-][/c]\n[c][00ff00][Y] : [-][/c]Power\n[c][00ff00][Shift] + [I] [-][/c]: Pilot modes\n[c][00ff00][Shift] : [-][/c]Upright vessel\n[c][00ff00][O][-][/c] : Auto-level,,,,,,,,,,基础飞船控制[c][00ff00][-][/c]\n[c][00ff00][Y] : [-][/c]动力\n[c][00ff00][Shift] + [I] [-][/c]: 驾驶模式\n[c][00ff00][Shift] : [-][/c]飞船直立\n[c][00ff00][O][-][/c] : 自动水平,,,,,,
pda_0i000ue,Trg - Give token: All vessel conrols PLACEHOLDER,,,,,,,,,,触发 - 给予令牌：所有飞船控制占位符,,,,,,
pda_G8iOQqS,New Task,,,,,,,,,,新任务,,,,,,
pda_bqaiCuW,New Action,,,,,,,,,,新动作,,,,,,
pda_a0GiqA0,---,,,,,,,,,,---,,,,,,
pda_8GOaKG4,Loot the Drone,,,,,,,,,,搜刮无人机,,,,,,
pda_mW7W94C,[b]Access enemy drone[/b] with [c][00ff00][F][-][/c],,,,,,,,,,[b]访问敌方无人机[/b] 使用 [c][00ff00][F][-][/c],,,,,,
pda_4MaKKq4,---,,,,,,,,,,---,,,,,,
pda_mkemaO4,Sig - [c][80ffff]CAL_Sv[-][/c] Reached [c][ffffff]SVHangar[-][/c] [c][ff8000]>RwT x2  >C_OffT x3[-][/c],,,,,,,,,,信号 - [c][80ffff]CAL_Sv[-][/c] 到达 [c][ffffff]SV机库[-][/c] [c][ff8000]>RwT x2  >C_OffT x3[-][/c],,,,,,
pda_oI0WOuC,Prepare ship,,,,,,,,,,准备飞船,,,,,,
pda_8mqmSOq,Take Pentaxid,,,,,,,,,,获取翘曲水晶,,,,,,
pda_VSOGiS4,---,,,,,,,,,,---,,,,,,
pda_MSeGuQ0,Take Oxygen,,,,,,,,,,获取氧气,,,,,,
pda_GgWmSSW,--,,,,,,,,,,--,,,,,,
pda_OeSiOuS,"InOpP -[c][80ffff]CalSig_Sv[-][/c] [c][ffffff]Resource[-][/c]Box[c][ff8080]>C_On, >C_Off[-][/c]",,,,,,,,,,"InOpP -[c][80ffff]CalSig_Sv[-][/c] [c][ffffff]资源[-][/c]箱[c][ff8080]>C_开启, >C_关闭[-][/c]",,,,,,
pda_SSQeW4q,[i]( ... Extrapolating Flight Path... )[/i],,,,,,,,,,[i]( ... 推算飞行路径... )[/i],,,,,,
pda_KCGW2KS,...,,,,,,,,,,...,,,,,,
pda_6GCWi4N,--,,,,,,,,,,--,,,,,,
pda_iC0048q,"[i]< Careful. you are [c][ffffff]getting hungry[-][/c]...>[/i]\n\n[i]< Be [b]warned[/b], non-refrigerated food does [c][ffffff]spoil[-][/c]. \nAlways have some spare. >[/i]",,,,,,,,,,[i]< 小心。你正在[c][ffffff]变饿[-][/c]...>[/i]\n\n[i]< 要[b]注意[/b]，未冷藏的食物会[c][ffffff]变质[-][/c]。 \n总是备有一些余粮。 >[/i],,,,,,
pda_4WaKfSu,(Have food ready),,,,,,,,,,（准备好食物）,,,,,,
pda_qKuKieP,--,,,,,,,,,,--,,,,,,
pda_mmKG8Oq,_____________ COPPER MINE ______________,,,,,,,,,,_____________ 铜矿 ______________,,,,,,
pda_KqoOuqC,--,,,,,,,,,,--,,,,,,
pda_SGCaaKG,xx,,,,,,,,,,xx,,,,,,
pda_07Pu48O,--,,,,,,,,,,--,,,,,,
pda_a3kKwC4,_____________ WEATHER STATION  ______________,,,,,,,,,,_____________ 气象站  ______________,,,,,,
pda_e44Cmqu,--,,,,,,,,,,--,,,,,,
pda_QOem2me,--,,,,,,,,,,--,,,,,,
pda_qu80SKS,--,,,,,,,,,,--,,,,,,
pda_uOamimT,Press [c][00ff00][N][-][/c] for [c][ffffff]Building [-][/c]menu.\n\nSelect [b][[[/b][c][00ff00]Debug[-][/c][b]]][/b] tab.\n\nActivate '[c][00ff00]Show Oxygen[-][/c]'.\n\nCheck trail.,,,,,,,,,,按 [c][00ff00][N][-][/c] 打开 [c][ffffff]建造 [-][/c]菜单。\n\n选择 [b][[[/b][c][00ff00]调试[-][/c][b]]][/b] 选项卡。\n\n激活 '[c][00ff00]显示氧气[-][/c]'。\n\n检查轨迹。,,,,,,
pda_AvC4CKi,New Action,,,,,,,,,,新动作,,,,,,
pda_GWC0CC4,--,,,,,,,,,,--,,,,,,
pda_WqW8a4S,[c][0080ff](nPOI_2)[-][/c] - off - [c][80ffff][b]CAL4b[/b] [-][/c]- [c][ff8080]N&V[-][/c]- [c][ffffff]HoverbikeCraft[-][/c] [c][ff8080](ToRwBy: Tasks2) (RwBy: PCOpen) (OnBy: BridgeHoverbike) [-][/c][c][ff8000] >C_On x2  >C_Offx2[-][/c],,,,,,,,,,[c][0080ff](nPOI_2)[-][/c] - 关闭 - [c][80ffff][b]CAL4b[/b] [-][/c]- [c][ff8080]N&V[-][/c]- [c][ffffff]悬浮摩托制造[-][/c] [c][ff8080](由任务2连接) (由PCOpen触发) (由BridgeHoverbike开启) [-][/c][c][ff8000] >C_开启 x2  >C_关闭x2[-][/c],,,,,,
pda_0q4CCuO,Prepare crafting:,,,,,,,,,,准备制造：,,,,,,
pda_Sq4eCWW,"[i]< That impatient robot...[/i]\n[i]Always '[b]racing for the goal'[/b], and yet - [b]Never be happy [/b]with it. >[/i]\n\n[i]< It's better to cherish the activity itself...? >[/i]",,,,,,,,,,[i]< 那个不耐烦的机器人...[/i]\n[i]总是 '[b]直奔目标'[/b]，然而 - [b]从不满足[/b]于此。 >[/i]\n\n[i]< 或许更应该珍惜活动本身...？ >[/i],,,,,,
pda_0qSG8Oa,"Use your Armor's [c][ffffff][c][ffff00]Jetpack[-][/c] [-][/c]to fly to the cargo box.\n\n[i][c][00ff00][J] [-][/c][c][ffff00]to activate[-][/c][/i]\n[i][c][00ff00][Space, C] [-][/c]up, Down [/i]\n[i][c][00ff00][Q. E][-][/c] Roll[/i]",,,,,,,,,,"使用你的护甲的[c][ffffff][c][ffff00]喷气背包[-][/c] [-][/c]飞向货箱。\n\n[i][c][00ff00][J] [-][/c][c][ffff00]进行激活[-][/c][/i]\n[i][c][00ff00][空格, C] [-][/c]上升, 下降 [/i]\n[i][c][00ff00][Q, E][-][/c] 翻滚[/i]",,,,,,
pda_q9OemmW,"[i]< [c][ffffff]Drill[-][/c], [c][ffffff]build[-][/c], [c][ffffff]scout[-][/c]... [/i][i]- - Stats are really impressive... [/i][i]>[/i]\n\n[i]< Seems it can do it [b]all [/b]- Except [b]shooting[/b]. >[/i]\n[i][/i]\n[i]< ... Use [c][00ff00][Shift] [-][/c]to [c][ffffff]move faster[-][/c]. >[/i]",,,,,,,,,,"[i]< [c][ffffff]钻头[-][/c], [c][ffffff]建造[-][/c], [c][ffffff]侦察兵[-][/c]... [/i][i]- - 状态真的令人印象深刻... [/i][i]>[/i]\n\n[i]< 看起来除了[b]射击[/b]之外，它什么都能干。 >[/i]\n[i][/i]\n[i]< ... 使用[c][00ff00][Shift] [-][/c]来[c][ffffff]加速移动[-][/c]. >[/i]",,,,,,
pda_KCmuieO,...,,,,,,,,,,...,,,,,,
pda_WKC88aW,--,,,,,,,,,,--,,,,,,
pda_8aC8Weq,Hoverbike,,,,,,,,,,悬浮摩托,,,,,,
pda_IaGOK8W,...,,,,,,,,,,...,,,,,,
pda_KiC4GOa,--,,,,,,,,,,--,,,,,,
pda_KK8C0aO,Craft / invC /itmPck - [c][ffffff]Gained [-][/c]Tent [c][80ffff]CalSigTent[-][/c]  [c][ff8000][i](OffBy:TentTB & TentPlc) [/i][-][/c][c][ff8080][c][ff8000]>C_off[-][/c][-][/c],,,,,,,,,,Craft / invC /itmPck - [c][ffffff]获得 [-][/c]帐篷 [c][80ffff]CalSigTent[-][/c]  [c][ff8000][i](OffBy:TentTB & TentPlc) [/i][-][/c][c][ff8080][c][ff8000]>C_off[-][/c][-][/c],,,,,,
pda_mgW08ee,Tent,,,,,,,,,,帐篷,,,,,,
pda_uuOi4Gm,Put[c][ffff00] into toolbar[-][/c],,,,,,,,,,放入[c][ffff00]工具栏[-][/c],,,,,,
pda_4u0Gm8G,--,,,,,,,,,,--,,,,,,
pda_0uGe4q8,"[i]< A [c][ffffff]Tent[-][/c], very good! >[/i]\n\n[i]< To [b]use[/b], put it [c][ffff00]into your toolbar[-][/c]. >[/i]",,,,,,,,,,[i]< 一个[c][ffffff]帐篷[-][/c]，非常好！ >[/i]\n\n[i]< 要[b]使用[/b]，把它放进[c][ffff00]你的工具栏[-][/c]。 >[/i],,,,,,
pda_iG8Uuq8,TlbC - Tent in [c][ffffff]toolbar [-][/c]- how to place [c][80ffff]CalSigTent [-][/c][i][c][ff8000]>C_Off (OffBy:TentPlc) [-][/c][/i],,,,,,,,,,TlbC - 帐篷放入[c][ffffff]工具栏 [-][/c]- 如何放置 [c][80ffff]CalSigTent [-][/c][i][c][ff8000]>C_Off (OffBy:TentPlc) [-][/c][/i],,,,,,
pda_SG8GGSC,Place tent,,,,,,,,,,放置帐篷,,,,,,
pda_CSK7aek,Select & place on ground with [c][00ff00][LMB][-][/c],,,,,,,,,,选择并用[c][00ff00][LMB][-][/c]放置在地面上,,,,,,
pda_KWGiO4e,--,,,,,,,,,,--,,,,,,
pda_Gi8WWeW,test,,,,,,,,,,测试,,,,,,
pda_HKOeKSN,Crft - on- Crafted [c][ffffff]BikeComponents [i][c][ff8000](OffBy: Craft& Found& Toolbar) [-][/c][/i][c][ff8000]>C_off[-][/c][i][c][ff8000][-][/c][/i][-][/c],,,,,,,,,,Crft - 开启- 制作完成 [c][ffffff]自行车组件 [i][c][ff8000](OffBy: Craft& Found& Toolbar) [-][/c][/i][c][ff8000]>C_off[-][/c][i][c][ff8000][-][/c][/i][-][/c],,,,,,
pda_mWOKWGC,Component,,,,,,,,,,组件,,,,,,
pda_0Ti8iK9,... crafted.,,,,,,,,,,...制作完成。,,,,,,
pda_SmsC48G,--,,,,,,,,,,--,,,,,,
pda_aSSFu04,invCc - Gained [c][ffffff]Pistol[-][/c],,,,,,,,,,invCc - 获得 [c][ffffff]手枪[-][/c],,,,,,
pda_UmK4S4C,Gained:,,,,,,,,,,获得：,,,,,,
pda_WO0qOE8,Pistol,,,,,,,,,,手枪,,,,,,
pda_O4WKOik,--,,,,,,,,,,--,,,,,,
pda_4G4teGg,invCc - Gained [c][ffffff]Shotgun [-][/c][i][c][ff8000]([-][/c][c][ff8000]OffBy:CoreClaimFarm & HRExit & Doorhack & DoorExplde)[-][/c][/i][c][ffffff][-][/c][c][ff8000] >CRew [-][/c],,,,,,,,,,invCc - 获得 [c][ffffff]霰弹枪 [-][/c][i][c][ff8000]([-][/c][c][ff8000]OffBy:CoreClaimFarm & HRExit & Doorhack & DoorExplde)[-][/c][/i][c][ffffff][-][/c][c][ff8000] >CRew [-][/c],,,,,,
pda_KiGiS4m,Gained:,,,,,,,,,,获得：,,,,,,
pda_Oe8SCCG,Shotgun,,,,,,,,,,霰弹枪,,,,,,
pda_2SGWq0G,--,,,,,,,,,,--,,,,,,
pda_9eK8ueu,[i]< Devastating at close range ... >[/i],,,,,,,,,,[i]< 近距离毁灭性武器... >[/i],,,,,,
pda_Sew84KC,InvCc - Gained Assault Rifle [c][ffffff][-][/c][i][c][ff8000]([-][/c][c][ff8000]OffBy:CoreClaimFarm)[-][/c][/i][c][ffffff][-][/c][c][ff8000] >CRew [-][/c],,,,,,,,,,InvCc - 获得突击步枪 [c][ffffff][-][/c][i][c][ff8000]([-][/c][c][ff8000]OffBy:CoreClaimFarm)[-][/c][/i][c][ffffff][-][/c][c][ff8000] >CRew [-][/c],,,,,,
pda_O4G0u8K,Gained:,,,,,,,,,,获得：,,,,,,
pda_miGeGCo,Assault Rifle,,,,,,,,,,突击步枪,,,,,,
pda_G4Uiu05,--,,,,,,,,,,--,,,,,,
pda_euuX48G,[i]< Jack-of-all-trades weapon. >[/i],,,,,,,,,,[i]< 万金油武器。 >[/i],,,,,,
pda_4SqO408,invCc - Gained [c][ffffff]Sniper [-][/c][i][c][ff8000]>CRew[-][/c][/i],,,,,,,,,,invCc - 获得 [c][ffffff]狙击步枪 [-][/c][i][c][ff8000]>CRew[-][/c][/i],,,,,,
pda_W6u004x,Gained:,,,,,,,,,,获得：,,,,,,
pda_CwOe24m,Sniper,,,,,,,,,,狙击步枪,,,,,,
pda_uiqaSaq,--,,,,,,,,,,--,,,,,,
pda_GWOKKWi,[i]< Only really effective on head shots. [/i]\n[i]... But will double as a [b]spyglass[/b]. [c][00ff00][RMB][-][/c] >[/i],,,,,,,,,,[i]< 只有击中头部才真正有效。 [/i]\n[i]...但也可以兼作[b]望远镜[/b]。 [c][00ff00][RMB][-][/c] >[/i],,,,,,
pda_GCeqSGq,InvC - Gained [c][ffffff]Rocket Launcher[-][/c],,,,,,,,,,InvC - 获得 [c][ffffff]火箭发射器[-][/c],,,,,,
pda_5kO0Km4,Gained:,,,,,,,,,,获得：,,,,,,
pda_a8GCCul,Rocket Launcher,,,,,,,,,,火箭发射器,,,,,,
pda_ZSOSmJ8,--,,,,,,,,,,--,,,,,,
pda_Ci0qa00,"[i]< Alright! ... THIS is the stuff you need to take down an enemy base's [b]sentry turret[/b]... - - But [c][ffffff]trees [-][/c]might do, too ! >[/i]",,,,,,,,,,[i]< 好的！...这就是你需要用来摧毁敌方基地的[b]哨戒炮塔[/b]的东西... - - 但[c][ffffff]树木[-][/c]可能也行！ >[/i],,,,,,
pda_KCKae06,WnCls_GunSc- on - [c][ffffff]Ammo[-][/c]MatsSniper[i][c][ff8000] (ToRwBy:Tasks 3) (RwBy:(Weapons) (OffBy: TTAmmoMats & EnterMine & GoToHeatRad )[-][/c][/i],,,,,,,,,,WnCls_GunSc- 开启 - [c][ffffff]弹药[-][/c]狙击枪材料[i][c][ff8000] (ToRwBy:Tasks 3) (RwBy:(Weapons) (OffBy: TTAmmoMats & EnterMine & GoToHeatRad )[-][/c][/i],,,,,,
pda_m4eOSe0,Ammo crafting,,,,,,,,,,弹药制作,,,,,,
pda_H4WW8OO,...,,,,,,,,,,...,,,,,,
pda_OWWm4a6,--,,,,,,,,,,--,,,,,,
pda_02CWauO,"[i]< This weapon needs [c][ffffff]ammo[-][/c]. [/i]\n[i]... Which [c][ffff00]needs resources [-][/c]of [b]iron[/b], [b]copper [/b]and organics like [b]wood[/b]. >[/i]\n[i][/i]\n[i]< To craft it, the [b]tech[/b] has to be [c][ffffff]unlocked[-][/c], too... >[/i]",,,,,,,,,,[i]< 这把武器需要[c][ffffff]弹药[-][/c]。 [/i]\n[i]...而[c][ffff00]弹药需要资源[-][/c]如[b]铁[/b]、[b]铜 [/b]和有机物如[b]木材[/b]。 >[/i]\n[i][/i]\n[i]< 要制作它，必须先[b]科技[/b]被[c][ffffff]解锁[-][/c]，也是... >[/i],,,,,,
pda_eieE0K0,...,,,,,,,,,,...,,,,,,
pda_I4GWsu2,--,,,,,,,,,,--,,,,,,
pda_sSQCZGE,...,,,,,,,,,,...,,,,,,
pda_aiSK4We,--,,,,,,,,,,--,,,,,,
pda_aeSiScO,...,,,,,,,,,,...,,,,,,
pda_CmmiCEu,--,,,,,,,,,,--,,,,,,
pda_8GGYg8a,"To [c][ffff00]swim[-][/c], keep your [c][ffffff]hands free[-][/c].\n[i]( E.g. select your Toolbar slot zero. )[/i]",,,,,,,,,,要[c][ffff00]游泳[-][/c]，请保持[c][ffffff]双手空闲[-][/c]。\n[i]（例如，选择你的工具栏零号槽位。）[/i],,,,,,
pda_YS4phCK,[c][0080ff]nUnit[-][/c] - Spider [c][ffffff]Lootbox[-][/c] [i][c][ff80ff][c][ff8000](RewBy: SpiderKill.) (OffBy:SpiderLoot &TentGain & TentPlace)[-][/c][-][/c][/i],[-][/c] [c][ff8000]OffBy ClsBox)[-][/c][-][/c][/i],,,,,,,,,[c][0080ff]nUnit[-][/c] - 蜘蛛[c][ffffff]战利品箱[-][/c] [i][c][ff80ff][c][ff8000](RewBy: SpiderKill.) (OffBy:SpiderLoot &TentGain & TentPlace)[-][/c][-][/c][/i],,,,,,
pda_iKKe6CC,Supplies found,,,,,,,,,,找到补给,,,,,,
pda_iRue8uu,...,,,,,,,,,,...,,,,,,
pda_SWS4Meu,---,,,,,,,,,,---,,,,,,
pda_IeWKGuu,...,,,,,,,,,,...,,,,,,
pda_O0e4MCm,...,,,,,,,,,,...,,,,,,
pda_40gue4C,--,,,,,,,,,,--,,,,,,
pda_uOSqGiq,"[i]< ... You will [c][ffffff]lose [-][/c][b]some [/b]of the materials, though ... >[/i]\n[i][/i]\n[i]< Just do it [b]for basic [/b]things. >[/i]",,,,,,,,,,[i]< ...不过，你会[c][ffffff]损失[-][/c][b]一些[/b]材料...>[/i]\n[i][/i]\n[i]< 对于[b]基础[/b]物品，尽管这么做吧。>[/i],,,,,,
pda_8e8WmKa,[c][ff8080]Unlock[-][/c] - [c][ff8080]V1[-][/c]_on- [c][ffffff]Direct[-][/c]Unlock PC & craft it [c][ff8000][i][c][ff8080](OffByT: CarbonR) [-][/c][/i][-][/c][c][ff8000][i][c][ff8080](OffBy: Techtree)  [-][/c][/i][-][/c][c][ff8000][i][c][ff8080]>C_Off x2 [-][/c][/i]>C_On[-][/c],,,,,,,,,,[c][ff8080]解锁[-][/c] - [c][ff8080]V1[-][/c]_开启- [c][ffffff]直接[-][/c]解锁PC并制作它 [c][ff8000][i][c][ff8080](OffByT: CarbonR) [-][/c][/i][-][/c][c][ff8000][i][c][ff8080](OffBy: Techtree)  [-][/c][/i][-][/c][c][ff8000][i][c][ff8080]>C_Off x2 [-][/c][/i]>C_On[-][/c],,,,,,
pda_qmChCqK,A new Constructor,,,,,,,,,,一个新的建造机,,,,,,
pda_WaCWeq4,Open Inventory [c][00ff00][Tab][-][/c],,,,,,,,,,打开物品栏 [c][00ff00][Tab][-][/c],,,,,,
pda_G40A0e8,--,,,,,,,,,,--,,,,,,
pda_an8CaSe,"To craft, click on the [c][ffff80]picture of the Portable Contstructor[-][/c]. >>",,,,,,,,,,要制作，请点击[c][ffff80]便携式建造机的图片[-][/c]。 >>,,,,,,
pda_umiq0Gu,Craft [c][ffff00]Portable Constructor[-][/c]\nin [c][ffffff]SuitConstructor[-][/c]\n[i](Click on pic at right side)[/i],,,,,,,,,,在[c][ffffff]防护服建造机[-][/c]中\n制作[c][ffff00]便携式建造机[-][/c]\n[i](点击右侧图片)[/i],,,,,,
pda_8eGKmbW,--,,,,,,,,,,--,,,,,,
pda_iOKu4AC,"[i]< Crafting needs [c][ffff80]time[-][/c]...\nYou can [c][ffffff]skip [-][/c]things during [c][ffffff]sleep[-][/c]. >[/i]\n\n[sub]... Or could adjust the game's [c][ffffff]difficulty settings[-][/c]. \n(->Either at game start, or ""[b]Resume Game[/b]"" Menu)[/sub]",,,,,,,,,,"[i]< 制作需要[c][ffff80]时间[-][/c]...\n你可以通过[c][ffffff]跳过[-][/c]来加速制作，在[c][ffffff]睡觉[-][/c]时。>[/i]\n\n[sub]...或者你可以调整游戏的[c][ffffff]难度设置[-][/c]。\n(->在游戏开始时，或通过""[b]继续游戏[/b]""菜单调整)[/sub]",,,,,,
pda_wOO8uCa,[i]< Open inventory [/i][c][ffff80][c][00ff00][Tab][-][/c][-][/c] [i]>[/i]\n\n[i]< Craft the [c][ffffff]Portable Constructor[-][/c] in your [/i][c][ffff80][i]Survival (Suit)[/i] [-][/c][i]>[/i],,,,,,,,,,[i]< 打开物品栏 [/i][c][ffff80][c][00ff00][Tab][-][/c][-][/c] [i]>[/i]\n\n[i]< 在你的[/i][c][ffff80][i]生存(防护服)[/i] [-][/c][i]中制作[c][ffffff]便携式建造机[-][/c]>[/i],,,,,,
pda_8OKqgu4,Resources,,,,,,,,,,资源,,,,,,
pda_8m4SC0W,"[c][0080ff]nPOI[-][/c] -on- V - [c][ffffff]NoWeap[-][/c]Warn Critters[c][ff80ff] [i][c][ff8000](OffByT:PCCrafts, CheckTowEarly) (OnBy: BackToBeach) >C_Rw[-][/c][/i][-][/c]",,,,,,,,,,"[c][0080ff]nPOI[-][/c] -开启- V - [c][ffffff]无武器[-][/c]警告生物[c][ff80ff] [i][c][ff8000](OffByT:PCCrafts, CheckTowEarly) (OnBy: BackToBeach) >C_Rw[-][/c][/i][-][/c]",,,,,,
pda_6KCe4Wi,Critters here,,,,,,,,,,这里有生物,,,,,,
pda_0Ceu4ia,New Tech,,,,,,,,,,新技术,,,,,,
pda_G05uuq4,...,,,,,,,,,,...,,,,,,
pda_qT80axi,...,,,,,,,,,,...,,,,,,
pda_uWCPCie,"[i]< ... Pistols... They can even down an [b]enemy drone[/b], if aimed at the weak spot ... >[/i]",,,,,,,,,,[i]< ...手枪...如果瞄准弱点，它们甚至能击落一架[b]敌方无人机[/b]...>[/i],,,,,,
pda_aOGO4iG,HoldItm_Weapon -on- How to [c][ffffff]reload[-][/c] [c][ff80ff][-][/c][c][ff8000][i](Offby:DoorExplode&DoorHack)[/i][-][/c],,,,,,,,,,HoldItm_Weapon -开启- 如何[c][ffffff]重新装填[-][/c] [c][ff80ff][-][/c][c][ff8000][i](Offby:DoorExplode&DoorHack)[/i][-][/c],,,,,,
pda_jaqamGq,How to (re)load,,,,,,,,,,如何(重新)装填,,,,,,
pda_A0COmWm,"Have ammo, then press[c][00ff00] [R][-][/c]",,,,,,,,,,准备好弹药，然后按下[c][00ff00] [R][-][/c],,,,,,
pda_GeOq4Su,--,,,,,,,,,,--,,,,,,
pda_eoiKOCW,[u][c][ffffff]Re[-][/c][c][ffffff]load[-][/c][/u] a weapon / tool:\nPress [c][00ff00][R][-][/c]\n[c][00ff00][-][/c]\n--[c][00ff00][-][/c]\n[c][ffffff]Aim[-][/c]:[c][00ff00] [RMB][-][/c],,,,,,,,,,[u][c][ffffff]重新[-][/c][c][ffffff]装填[-][/c][/u]武器/工具：\n按下[c][00ff00][R][-][/c]\n[c][00ff00][-][/c]\n--[c][00ff00][-][/c]\n[c][ffffff]瞄准[-][/c]:[c][00ff00] [RMB][-][/c],,,,,,
pda_eeu08O6,...,,,,,,,,,,...,,,,,,
pda_CCSKqGK,"[c][0080ff]nPOI[-][/c] -[c][ffffff] OreProcesso[-][/c]r & sneak[c][ffffff] [c][ff80ff][i][c][ff8000](OnBy:PromRes)[-][/c][/i] [-][/c][c][ff8000]>>C_OnT x3, C_OffT [-][/c][-][/c][c][ffff80]DevicePow[-][/c]",,,,,,,,,,"[c][0080ff]nPOI[-][/c] -[c][ffffff]矿石处理器[-][/c] & 潜行[c][ffffff] [c][ff80ff][i][c][ff8000](OnBy:PromRes)[-][/c][/i] [-][/c][c][ff8000]>>C_OnT x3, C_OffT [-][/c][-][/c][c][ffff80]设备电源[-][/c]",,,,,,
pda_uS0u8iC,Collecting a Scanner,,,,,,,,,,收集扫描器,,,,,,
pda_WI6WeCe,Go to entry door\n[sup](Ore Processor building)[/sup],,,,,,,,,,前往入口门\n[sup](矿石处理器建筑)[/sup],,,,,,
pda_uODCaCm,--,,,,,,,,,,--,,,,,,
pda_qCSuiKC,Prepare to Claim,,,,,,,,,,准备占领,,,,,,
pda_GqqYiG0,Open Cargo Palette\n[sup](here in this room)[/sup],,,,,,,,,,打开货物面板\n[sup](在这个房间里)[/sup],,,,,,
pda_WKaGGWq,--,,,,,,,,,,--,,,,,,
pda_f44CKee,[i]( Danger )[/i],,,,,,,,,,[i](危险)[/i],,,,,,
pda_C8IeO0K,"[i]< [c][ffff00]Take the Core[-][/c], and that [b]weapon[/b], too. [/i]\n[i]... We will need it shortly... , because ...  >[/i]",,,,,,,,,,[i]< [c][ffff00]拿走核心[-][/c]，还有那把[b]武器[/b]，也一起带走。[/i]\n[i]...我们很快会用到它...因为...>[/i],,,,,,
pda_SuSCmi8,Remove Enemy Core,,,,,,,,,,移除敌方核心,,,,,,
pda_JKemm0C,"""Shoot the Core.""",,,,,,,,,,"""射击核心。""",,,,,,
pda_a0iWuGa,--,,,,,,,,,,--,,,,,,
pda_4Cqms8s,"Take Core from Palette, put into Toolbar",,,,,,,,,,从面板中取出核心，放入工具栏,,,,,,
pda_WGCWqGm,--,,,,,,,,,,--,,,,,,
pda_GCCmqb0,"[i]< ... I have trouble to [b]re-hack [/b]this other Core. >[/i]\n\n[i]< There can only be one [b]Core [/b]... on a structure.[/i]\n[i]- You have to [c][ffff00]destroy it[-][/c], to be able to [c][ffffff]place your own[-][/c]. >[/i]",,,,,,,,,,[i]< ...我在重新破解这个其他核心时遇到了麻烦。>[/i]\n\n[i]< 一个建筑结构上只能有一个核心。[/i]\n[i]- 你必须[c][ffff00]摧毁它[-][/c]，才能[c][ffffff]放置你自己的[-][/c]。>[/i],,,,,,
pda_4kfGimw,"[c][ffff80]Place missing devices[-][/c]\n[c][c0c0c0][i][sub](Select in Toolbar,[/sub][/i][-][/c]\n[c][c0c0c0][i][sup]place at empty spot)[/sup][/i][-][/c]",,,,,,,,,,[c][ffff80]放置缺失的设备[-][/c]\n[c][c0c0c0][i][sub](在工具栏中选择，[/sub][/i][-][/c]\n[c][c0c0c0][i][sup]放置在空位上)[/sup][/i][-][/c],,,,,,
pda_uwE8Wa8,Place [b]Generator[/b],,,,,,,,,,放置[b]发电机[/b],,,,,,
pda_CfiKSW8,---,,,,,,,,,,---,,,,,,
pda_WCiKGCm,[c][0080ff]nPOI[-][/c] - Busy [c][ffffff]hub[-][/c] [c][ff8000][i](OnBy: MarshNavi) (Offby: SettleConsole)[/i][-][/c],,,,,,,,,,[c][0080ff]nPOI[-][/c] - 繁忙的[c][ffffff]枢纽[-][/c] [c][ff8000][i](OnBy: MarshNavi) (Offby: SettleConsole)[/i][-][/c],,,,,,
pda_CuGqO83,...,,,,,,,,,,...,,,,,,
pda_KiCa8CW,...,,,,,,,,,,...,,,,,,
pda_Km404aq,---,,,,,,,,,,---,,,,,,
pda_aWqM04a,[i]< This place ... It used to be a busy hub ... [/i]\n[i]What [b]happened [/b]here ...? >[/i],,,,,,,,,,[i]< 这个地方……曾经是个繁忙的枢纽……[/i]\n[i]这里[b]发生了什么[/b]……？>[/i],,,,,,
pda_S0hmWWK,[i]< That ... over there is an Ore Processing station ![/i]\n[i]It might have still [c][ffffff]some useful gear [-][/c]..[/i][i]. for this? >[/i],,,,,,,,,,[i]< 那边……那个是矿石处理站！[/i]\n[i]它或许还留有[c][ffffff]一些有用的装备[-][/c]……[/i][i]。对此来说？>[/i],,,,,,
pda_SGS5iF4,[c][0080ff]nPOI[-][/c] - [c][ff8080]N[-][/c] - [c][ffffff]PromRes[-][/c] & Ore scanner [i][c][ff8000](OnBy:PromDepFrst) [-][/c][/i][c][ff8000]>C_OnT  >C_Off [-][/c][c][ffff80]&DevicePow[-][/c],,,,,,,,,,[c][0080ff]nPOI[-][/c] - [c][ff8080]N[-][/c] - [c][ffffff]PromRes[-][/c] & 矿石扫描仪[i][c][ff8000](OnBy:PromDepFrst)[-][/c][/i][c][ff8000]>C_OnT  >C_Off [-][/c][c][ffff80]&DevicePow[-][/c],,,,,,
pda_uau4Kmq,Claim the Base,,,,,,,,,,占领基地,,,,,,
pda_qOmSOSS,"Place your Core at a safe spot\n[i][c][c0c0c0][sub](Put into toolbar, select, [LMB])[/sub][-][/c][/i]",,,,,,,,,,将你的核心放在安全位置\n[i][c][c0c0c0][sub](放入工具栏，选择，[LMB])[/sub][-][/c][/i],,,,,,
pda_qqasvOi,--,,,,,,,,,,--,,,,,,
pda_GOaK0GW,"[i]< Still a bit broken, but - - This [c][ffffff]place is now [b]yours[/b][-][/c]. >[/i]",,,,,,,,,,[i]< 还有点破损，但 - - 这个[c][ffffff]地方现在是[b]你的[/b][-][/c]了。 >[/i],,,,,,
pda_uI8eeGW,"[i]< Since you are now the [b]Owner[/b], you have [c][ffffff]full control [-][/c]over this Base. >[/i]\n\n[i]< Try it! - [c][ffff00]Point at the floor[-][/c], and press [c][00ff00][P] [-][/c]... >[/i]",,,,,,,,,,[i]< 既然你现在是[b]所有者[/b]，你对这个基地拥有[c][ffffff]完全控制权[-][/c]。 >[/i]\n\n[i]< 试试看！ - [c][ffff00]指向地面[-][/c]，然后按[c][00ff00][P] [-][/c]... >[/i],,,,,,
pda_GmACGja,"[i]< Hm, seems I [b]cannot breach [/b]this door ... >[/i]\n\n[i]< But one moment - >[/i]",,,,,,,,,,[i]< 嗯，看来我[b]无法突破[/b]这扇门... >[/i]\n\n[i]< 但等一下 - >[/i],,,,,,
pda_KiCWie0,Alternative Entry,,,,,,,,,,备用入口,,,,,,
pda_aSeOe0a,...,,,,,,,,,,...,,,,,,
pda_JCGqKWb,...,,,,,,,,,,...,,,,,,
pda_84aAtm4,[i]< Unlocked [b]a maintenance hatch[/b]. > [/i]\n\n[i]< ... It is at the [c][ffffff]top of the building[-][/c].[/i]\n[i]With the [c][ffff00]Tool drone [-][/c][c][00ff00][ F5 ] [-][/c]you should be able to get in. >[/i],,,,,,,,,,[i]< 解锁 [b]维护舱口[/b]。 > [/i]\n\n[i]< ...它在建筑[c][ffffff]顶峰[-][/c]。[/i]\n[i]使用[c][ffff00]工具无人机 [-][/c][c][00ff00][ F5 ] [-][/c]你应该能够进入。 >[/i],,,,,,
pda_C8SumOM,Alternative Entry,,,,,,,,,,备用入口,,,,,,
pda_WbeWiWG,Use [c][ffff00][b]Tool Drone[/b][-][/c] [c][00ff00][ F5 ] [-][/c]to enter building through[c][ffffff] [c][ffff00]roof[-][/c] [b]hatch[/b][-][/c],,,,,,,,,,使用[c][ffff00][b]工具无人机[/b][-][/c] [c][00ff00][ F5 ] [-][/c]通过[c][ffffff] [c][ffff00]屋顶[-][/c] [b]舱口[/b][-][/c]进入建筑,,,,,,
pda_4NTGmiW,--,,,,,,,,,,--,,,,,,
pda_GSjKc8H,Drone Scouting,,,,,,,,,,无人机侦察,,,,,,
pda_OCuA0kq,- Fly inside                      \n - Get close to Backpack\n- Access it with [c][00ff00][ F ][-][/c]          [c][00ff00][-][/c],,,,,,,,,,- 飞进去\n - 靠近背包\n- 使用[c][00ff00][ F ][-][/c]访问它          [c][00ff00][-][/c],,,,,,
pda_MvK0eaa,--,,,,,,,,,,--,,,,,,
pda_meWYaqG,"[i]< Detecting a container, - a '[c][ffffff]backpack[-][/c]' ...?[/i]\n[i]It might contain what we need. >[/i]\n\n[i]< - Check out the [c][ffff00]lower floor[-][/c] hall ! >[/i]",,,,,,,,,,[i]< 检测到一个容器 - 一个'[c][ffffff]背包[-][/c]'...？[/i]\n[i]里面可能有我们需要的东西。 >[/i]\n\n[i]< - 去检查一下[c][ffff00]下层[-][/c]大厅！ >[/i],,,,,,
pda_8imiu0i,"[i]<  This is - - hm.[/i]\n[i]... Sneak past those [b]critters [/b]... - >[/i]\n[i][/i]\n[i]< At the [c][ffffff]end of this hall[-][/c]. [/i]\n[i][c][ffff00]Access the Backpack[-][/c], and [c][ffff00]collect [-][/c]the gear. >[/i]",,,,,,,,,,[i]< 这是 - - 嗯。[/i]\n[i]... 悄悄溜过那些[b]小生物[/b]... - >[/i]\n[i][/i]\n[i]< 在[c][ffffff]这个大厅的尽头[-][/c]。[/i]\n[i][c][ffff00]打开背包[-][/c]，然后[c][ffff00]收集[-][/c]装备。 >[/i],,,,,,
pda_Oi0SWgW,Collect Gear,,,,,,,,,,收集装备,,,,,,
pda_WCmSmSC,Collect the gear from the human backpack,,,,,,,,,,从人类背包中收集装备,,,,,,
pda_0Cmq0Ca,--,,,,,,,,,,--,,,,,,
pda_w4GqaCH,Close Drone view,,,,,,,,,,关闭无人机视角,,,,,,
pda_aqOKO48,Close drone view with [c][00ff00][ F5 ][-][/c],,,,,,,,,,关闭无人机视角，使用[c][00ff00][ F5 ][-][/c],,,,,,
pda_uOOqKim,--,,,,,,,,,,--,,,,,,
pda_Om4SVq8,"[i]< It's better, we [b]leave this place[/b] now alone. Lest we stir something up? >[/i]\n\n[i]< ... Back to [c][ffff00]drilling Promethium[-][/c] ! [/i]\n[i]Keep the [c][ffffff]Ore Scanner in your inventory[-][/c][/i].[i] - Come on, try it !! >[/i]",,,,,,,,,,[i]< 最好，我们[b]离开这个地方[/b]现在，免得惹出什么麻烦？ >[/i]\n\n[i]< ... 回到[c][ffff00]钻取钷[-][/c]！[/i]\n[i]把[c][ffffff]矿石扫描仪放在物品栏[-][/c][/i]里。[i] - 来，试试吧！！ >[/i],,,,,,
pda_qqaCiSe,[i]< Careful - - In that room ...  >[/i],,,,,,,,,,[i]< 小心 - - 那个房间里... >[/i],,,,,,
pda_aeaS4ui,"[u][c][ffffff]Control Panel[-][/c][/u] [c][00ff00][P][-][/c]\n\nCritical[b] management tool[/b] for any Base or Vessel.\n\n\n[i]E.g. [/i]\n\n[i]- [b]Remote access[/b] to devices[/i]\n[i]- Crafting & Inventory[/i]\n[i]- Statistics, warnings [/i]\n\n\n---------\n\n[[[c][ffffff] OK [-][/c]]][c][ffffff] for next page[-][/c]  ( 1 of 3 )",,,,,,,,,,[u][c][ffffff]控制面板[-][/c][/u] [c][00ff00][P][-][/c]\n\n任何基地或飞船的[b]关键[/b]管理工具。\n\n\n[i]例如：[/i]\n\n[i]- [b]远程访问[/b]设备[/i]\n[i]- 制作与物品栏[/i]\n[i]- 统计、警告[/i]\n\n\n---------\n\n[[[c][ffffff] 确定 [-][/c]]][c][ffffff]下一页[-][/c]  ( 1 / 3 ),,,,,,
pda_i4iS8qW,[c][0080ff]Mrk[-][/c] - [c][ffffff]Backp[-][/c]ack [i][c][ff8000](OnOffByTask: OreProcessor)[-][/c][/i],,,,,,,,,,[c][0080ff]标记[-][/c] - [c][ffffff]背包[-][/c] [i][c][ff8000](OnOffByTask: OreProcessor)[-][/c][/i],,,,,,
pda_a4WuKvG,Collect gear,,,,,,,,,,收集装备,,,,,,
pda_acCC8fS,...,,,,,,,,,,...,,,,,,
pda_mmueme8,---,,,,,,,,,,---,,,,,,
pda_8eoMC4e,____[c][ffff00] Ore Scanner[-][/c] ______,,,,,,,,,,____[c][ffff00] 矿石扫描仪[-][/c] ______,,,,,,
pda_a0qqq4a,...,,,,,,,,,,...,,,,,,
pda_44KeKOG,...,,,,,,,,,,...,,,,,,
pda_Sqe9muO,--,,,,,,,,,,--,,,,,,
pda_umSiCGa,Wrn - Keep OreScanner [c][ffffff]in backpack[-][/c],,,,,,,,,,警告 - 将矿石扫描仪[c][ffffff]放在背包里[-][/c],,,,,,
pda_WqaqWSO,Keep in backpack,,,,,,,,,,放在背包里,,,,,,
pda_q0uOQcu,...,,,,,,,,,,...,,,,,,
pda_GISq4ia,--,,,,,,,,,,--,,,,,,
pda_0iK0TKa,"[i]< [c][ffff00]Keep this in your inventory [-][/c]... It won't work in your Toolbar. >[/i]\n[i][/i]\n[i]< [c][ffffff]Wear your[-][/c] [c][ffffff]helmet[-][/c] [c][00ff00][U][-][/c] , and have a Drill in your hands. >[/i]",,,,,,,,,,[i]< [c][ffff00]把它放在你的物品栏里 [-][/c]... 它在工具栏里不会起作用。 >[/i]\n[i][/i]\n[i]< [c][ffffff]戴上你的[-][/c] [c][ffffff]头盔[-][/c] [c][00ff00][U][-][/c] ，并手持钻头。 >[/i],,,,,,
pda_qeSmfuc,[c][0080ff](nPOI)[-][/c] [c][ffffff]Open[-][/c]HangarDoor [i][c][ff8000]([-][/c][/i][c][ff80ff][c][ff8000][i]OnByT: DrillAmbush)[/i] >C_On >C_RwT >C_OffT >Coff[-][/c][-][/c],,,,,,,,,,[c][0080ff](nPOI)[-][/c] [c][ffffff]打开[-][/c]机库门 [i][c][ff8000]([-][/c][/i][c][ff80ff][c][ff8000][i]OnByT: DrillAmbush)[/i] >C_On >C_RwT >C_OffT >Coff[-][/c][-][/c],,,,,,
pda_iOmW8GG,...,,,,,,,,,,...,,,,,,
pda_Sm8umiu,...,,,,,,,,,,...,,,,,,
pda_KCC4SCq,--,,,,,,,,,,--,,,,,,
pda_heqG4GK,[i]< ... Could you please [b]check out[/b] that [c][ffffff]door [-][/c]at that locked bunker?[/i]\n[i]I will put a [c][ffff00]Marker [-][/c]on it. >[/i],,,,,,,,,,[i]< ... 你能帮忙[b]检查一下[/b]那个[c][ffffff]门 [-][/c]在那个锁定的地堡吗？[/i]\n[i]我会在上面放一个[c][ffff00]标记 [-][/c]。 >[/i],,,,,,
pda_W1O8W8i,Get to Deposit,,,,,,,,,,前往矿藏,,,,,,
pda_uYmqem0,[c][ffff80]Get to[-][/c][c][ffff80] Promethium[-][/c] deposit\n(Find it e.g. with your [c][ffffff]Detector[-][/c] and [c][ffffff]Map[-][/c] [c][00ff00][M][-][/c] ),,,,,,,,,,[c][ffff80]前往[-][/c][c][ffff80] 钷[-][/c]矿藏\n(例如，使用你的[c][ffffff]探测器[-][/c]和[c][ffffff]地图[-][/c] [c][00ff00][M][-][/c] 找到它),,,,,,
pda_CSG8cq8,---,,,,,,,,,,---,,,,,,
pda_KGGKS4m,[i]< This is it !! >[/i]\n\n[i]< All set. [/i]\n[i]- But there is a catch... >[/i],,,,,,,,,,[i]< 就是这个！！ >[/i]\n\n[i]< 一切就绪。 [/i]\n[i]- 但有个问题... >[/i],,,,,,
pda_ea80680,Get Ore Scanner,,,,,,,,,,获取矿石扫描仪,,,,,,
pda_0CC8Wqi,...,,,,,,,,,,...,,,,,,
pda_74O4OoO,--,,,,,,,,,,--,,,,,,
pda_ika4q4m,"[i]< This deposit consists ouf of [b]Ore Nodes[/b]... >[/i]\n\n[i]< They are really cool, but [b]scattered [/b]and [b]hard to find. [/b][/i]\n[i]... I have seen people using a [c][ffffff]special scanner[-][/c][/i][i] ... >[/i]",,,,,,,,,,[i]< 这个矿藏由[b]矿石节点[/b]组成... >[/i]\n\n[i]< 它们很酷，但[b]分散[/b]且[b]难以寻找。 [/b][/i]\n[i]... 我见过有人使用[c][ffffff]特殊扫描仪[-][/c][/i][i] ... >[/i],,,,,,
pda_8OmIaGK,ItmPck  [c][ffffff]Break[-][/c]Plot -[c][ff80ff] [i][c][ff8000](OnBy: LostGarden) (OffBy: LogisticsCache)[-][/c][/i][-][/c],,,,,,,,,,ItmPck  [c][ffffff]打碎[-][/c]剧情 -[c][ff80ff] [i][c][ff8000](OnBy: LostGarden) (OffBy: LogisticsCache)[-][/c][/i][-][/c],,,,,,
pda_KODC3Wa,Broke the block!,,,,,,,,,,打碎了方块！,,,,,,
pda_iSK8SO8,Place a Core & use 'Retrieve blocks' mode,,,,,,,,,,放置核心并使用'回收方块'模式,,,,,,
pda_CqCa880,---,,,,,,,,,,---,,,,,,
pda_uSONJKi,"[i]< The block [c][ffffff]broke into components[-][/c] ... >[/i]\n\n[i]< To get it in [b]one piece[/b]: [/i]\n[i][c][ffff00]Place a Core.[-][/c] Then, use the Multitool's  '[c][ffff00]Retrieve Blocks[-][/c]' mode, and try again. > [/i]",,,,,,,,,,[i]< 方块[c][ffffff]碎裂成了组件[-][/c] ... >[/i]\n\n[i]< 要将其[b]完整[/b]获取：[/i]\n[i][c][ffff00]放置一个核心。[-][/c] 然后，使用多功能工具的'[c][ffff00]回收方块[-][/c]'模式，再试一次。 > [/i],,,,,,
pda_Sa4aWCi,[i]( Strange noise? )[/i],,,,,,,,,,[i]( 奇怪的声音？ )[/i],,,,,,
pda_qmKmKGi,...,,,,,,,,,,...,,,,,,
pda_XO64MiC,---,,,,,,,,,,---,,,,,,
pda_O0X0u08,[i]( Getting closer? )[/i],,,,,,,,,,[i]( 更近了吗？ )[/i],,,,,,
pda_KlCmKqi,...,,,,,,,,,,...,,,,,,
pda_OOuSuue,--,,,,,,,,,,--,,,,,,
pda_aCqmOCm,[i]< - -  Something[b] isn't right here ... [/b][/i][i]!? >[/i],,,,,,,,,,[i]< - - 这里[b]有些不对劲 ... [/b][/i][i]!? >[/i],,,,,,
pda_eqS48Oa,Ambush,,,,,,,,,,伏击,,,,,,
pda_OKqCKaG,...,,,,,,,,,,...,,,,,,
pda_SuuumuO,--,,,,,,,,,,--,,,,,,
pda_OjOuJoW,\n[i]< [c][ffffff]Incoming![-][/c] >[/i],,,,,,,,,,\n[i]< [c][ffffff]来袭！[-][/c] >[/i],,,,,,
pda_Ki8XXWu,Drill Promethium,,,,,,,,,,钻取钷,,,,,,
pda_WGeCK8G,Go back to the deposit,,,,,,,,,,返回矿藏,,,,,,
pda_mSSKeGm,--,,,,,,,,,,--,,,,,,
pda_5meSaCa,"[i]< Running a [c][ffffff]Drone patrol[-][/c] Op... that requires [b]a lot[/b] of buildings. >[/i]\n[i]< - Production, Defenses, Radars, Fuel stores ... >[/i]\n[i][/i]\n[i]< ... But ... this island does [b]not have[/b] these...? >[/i]",,,,,,,,,,[i]< 运行一次[c][ffffff]无人机巡逻[-][/c] 行动... 这需要[b]大量[/b]的建筑物。 >[/i]\n[i]< - 生产、防御、雷达、燃料库... >[/i]\n[i][/i]\n[i]< ... 但是... 这座岛屿上[b]没有[/b]这些...？ >[/i],,,,,,
pda_OaBa8OS,Get Ore Scanner,,,,,,,,,,获取矿石扫描仪,,,,,,
pda_qkiiauC,...,,,,,,,,,,...,,,,,,
pda_OiG4tiO,--,,,,,,,,,,--,,,,,,
pda_Cu74Pq0,HP0 -on- [c][ffffff]Primer Death[-][/c] chapter [c][ff8000][i]>ChRw[/i][-][/c],,,,,,,,,,HP0 -on- [c][ffffff]重生指南[-][/c] 章节 [c][ff8000][i]>ChRw[/i][-][/c],,,,,,
pda_0OqaeK4,Death,,,,,,,,,,死亡,,,,,,
pda_WKWGWim,...,,,,,,,,,,...,,,,,,
pda_qOiqSCe,--,,,,,,,,,,--,,,,,,
pda_wm8qea8,"[i]<  Oh, my... >[/i]",,,,,,,,,,[i]< 哦，我的... >[/i],,,,,,
pda_uumamC6,Stat250 -rw- [c][ffffff]Respawn note[-][/c][c][ff8000][i] (RwBy RespawnPrimer) [/i][-][/c][c][ffff00]+Dialog[-][/c],,,,,,,,,,Stat250 -rw- [c][ffffff]重生说明[-][/c][c][ff8000][i] (RwBy RespawnPrimer) [/i][-][/c][c][ffff00]+Dialog[-][/c],,,,,,
pda_EqOKqmu,Dropped Backpack,,,,,,,,,,掉落的背包,,,,,,
pda_miqqG08,Go collect it,,,,,,,,,,去收集它,,,,,,
pda_8eCKqb0,--,,,,,,,,,,--,,,,,,
pda_iSC4cCi,"[u][c][ffffff]Lost backpack[-][/c][/u]:\n\nYou just died and dropped a part of your gear.\nIt will [b]vanish [/b]in [c][ffffff]20 minutes. [-][/c]\n\n- [i]If you are closer to 150m to the backpack, it will appear as a marker.[/i]\n[i]- To reach it when near to enemies, use your [b]Tool Drone[/b] [c][00ff00][ F5 ][-][/c].[/i]\n\n[i]---[/i]\n\n[i]- How much you drop can be tweaked in the game's [b]difficulty settings[/b]. [/i]\n[i] (In the Tutorial, some items you will never lose.)[/i]",,,,,,,,,,[u][c][ffffff]丢失的背包[-][/c][/u]:\n\n你刚刚死亡并掉落了一部分装备。\n它将在[b]20分钟[/b]后[c][ffffff]消失。 [-][/c]\n\n- [i]如果你距离背包150米以内，它会显示为一个标记。[/i]\n[i]- 要在敌人附近到达它，请使用你的[b]工具无人机[/b] [c][00ff00][ F5 ][-][/c]。[/i]\n\n[i]---[/i]\n\n[i]- 掉落多少可以在游戏的[b]难度设置[/b]中调整。 [/i]\n[i] （在教程中，有些物品你永远不会丢失。）[/i],,,,,,
pda_mkOCKOa,...,,,,,,,,,,...,,,,,,
pda_jSC4eGU,--,,,,,,,,,,--,,,,,,
pda_0Qa8u44,____[c][ffff00] Death Notifications[-][/c]______,,,,,,,,,,____[c][ffff00] 死亡通知[-][/c]______,,,,,,
pda_8mKeamv,death note OLD,,,,,,,,,,死亡记录 旧版,,,,,,
pda_mOqeiai,...,,,,,,,,,,...,,,,,,
pda_tCquOKe,--,,,,,,,,,,--,,,,,,
pda_WS60iOm,[c][80ffff]Sig [-][/c]- on- [c][80ffff]CALTent[-][/c]- Cu[c][ffffff]Drone [-][/c][c][80ffff][i](SigBy: [/i][-][/c][c][ff8000][i]EnterMine) [/i][-][/c][c][80ffff][i][/i][-][/c][c][ff8000]>C_On >C_Offx7 >C_Rw[-][/c],,,,,,,,,,[c][80ffff]信号 [-][/c]- 开启- [c][80ffff]CALTent[-][/c]- Cu[c][ffffff]无人机 [-][/c][c][80ffff][i]（信号由：[/i][-][/c][c][ff8000][i]进入矿区） [/i][-][/c][c][80ffff][i][/i][-][/c][c][ff8000]>C_On >C_Offx7 >C_Rw[-][/c],,,,,,
pda_OOKjaI0,Drone Mining,,,,,,,,,,无人机开采,,,,,,
pda_SgC80m4,[i](Respawning)[/i],,,,,,,,,,[i]（重生中）[/i],,,,,,
pda_Ooi4Gie,...,,,,,,,,,,...,,,,,,
pda_8S6WK80,--,,,,,,,,,,--,,,,,,
pda_iKK0ad4,Reach Console,,,,,,,,,,到达控制台,,,,,,
pda_KeGCGWa,Talk to Console on top of Antenna,,,,,,,,,,与天线顶部的控制台对话,,,,,,
pda_q84S0aS,--,,,,,,,,,,--,,,,,,
pda_O8KSWma,[i]< Maybe we can contact someone for help... >[/i]\n\n[i]< ... Try the [c][ffff00]console at the top [-][/c]of that antenna relay.[c][ffff00][-][/c]>[/i],,,,,,,,,,[i]< 也许我们可以联系某人寻求帮助... >[/i]\n\n[i]< ... 尝试那个天线中继器顶部的[c][ffff00]控制台[-][/c]。[c][ffff00][-][/c]>[/i],,,,,,
pda_KIKCW0u,[c][0080ff]nPOI[-][/c] - [c][ffffff]Clone[-][/c]Home [i][c][ff8000](OnBy:NewShores) (OffBy:NestOpen)[-][/c][/i] [c][ff80ff][c][ff8000][c][ff8080]> C_RwT x2 [-][/c][-][/c][-][/c][c][ff8080]>C_OnT x2[-][/c][c][ff80ff][c][ff8000][c][ff8080][-][/c][-][/c][-][/c][c][ff8000] >Coff x3 >C_OffT x3[-][/c],,,,,,,,,,[c][0080ff]nPOI[-][/c] - [c][ffffff]克隆[-][/c]基地 [i][c][ff8000]（开启：新海岸）（关闭：巢穴开启）[-][/c][/i] [c][ff80ff][c][ff8000][c][ff8080]> C_RwT x2 [-][/c][-][/c][-][/c][c][ff8080]>C_OnT x2[-][/c][c][ff80ff][c][ff8000][c][ff8080][-][/c][-][/c][-][/c][c][ff8000] >Coff x3 >C_OffT x3[-][/c],,,,,,
pda_K8um0mk,Starting a fresh Base,,,,,,,,,,建立新基地,,,,,,
pda_W0G8qO4,"[c][ffff00][b]Place ""Starter Block: Base (BA)""[/b][-][/c] on ground",,,,,,,,,,"[c][ffff00][b]在地面上放置""初始方块：基地（BA）""[/b][-][/c]",,,,,,
pda_eGuWeGS,---,,,,,,,,,,---,,,,,,
pda_iO0qGFq,[c][0080ff]Mrk[-][/c] - Drill [c][ffffff]Prom Nodes[-][/c][i][c][ff8000] (OnByT: OreProcess) (OffBy: UseOreScan)[-][/c][/i],,,,,,,,,,[c][0080ff]Mrk[-][/c] - 钻取[c][ffffff]钷矿节点[-][/c][i][c][ff8000] （开启方式：矿石处理）（关闭方式：使用矿石扫描）[-][/c][/i],,,,,,
pda_8GWuWWm,Mine Promethium nodes,,,,,,,,,,开采钷矿脉,,,,,,
pda_WKmia28,"- Have [c][ffffff]Ore Scanner[-][/c] in inventory\n- Equip [c][ffffff]drill.[-][/c]\n\n[c][ffff00]Search for outlines[-][/c],\nand drill them",,,,,,,,,,- 物品栏中带有[c][ffffff]矿石扫描器[-][/c]\n- 装备[c][ffffff]钻头。[-][/c]\n\n[c][ffff00]寻找矿床轮廓[-][/c]，\n并开采它们,,,,,,
pda_WW80Wea,--,,,,,,,,,,--,,,,,,
pda_u8qCa4S,"____[c][ffff00] The PDA[-][/c] (All missions are [c][ffffff]working[-][/c], here) ______",,,,,,,,,,____[c][ffff00] 个人数字助理（PDA）[-][/c] （所有任务在此处[c][ffffff]工作[-][/c]） ______,,,,,,
pda_SuuK44J,...,,,,,,,,,,...,,,,,,
pda_WwE0CGe,...,,,,,,,,,,...,,,,,,
pda_8aaGSiw,--,,,,,,,,,,--,,,,,,
pda_W4Om0I8,PDA overview,,,,,,,,,,PDA概览,,,,,,
pda_a8WGG8K,What it is for,,,,,,,,,,它的用途,,,,,,
pda_K4WmeW2,--,,,,,,,,,,--,,,,,,
pda_duaGCqu,--,,,,,,,,,,--,,,,,,
pda_GU00OGG,[u][c][ffffff]The PDA[-][/c][/u]\n\n... Lists the [b]Missions [/b]available to you\n...  Displays [b]last text messages[/b] of a mission\n\n... Has reminders and [b]FAQs[/b]\n\n---------\n\n[c][ffffff]OK for next page[-][/c]  ( 1 of 3 ),,,,,,,,,,[u][c][ffffff]个人数字助理（PDA）[-][/c][/u]\n\n... 列出你可用的[b]任务[/b]\n... 显示任务的[b]最后文本消息[/b]\n\n... 有提醒和[b]常见问题解答[/b]\n\n---------\n\n[c][ffffff]点击进入下一页[-][/c]  （ 1 / 3 ）,,,,,,
pda_uG0uV0w,(Much more info in Maingame),,,,,,,,,,（主游戏中有更多信息）,,,,,,
pda_OiSae8Y,Welcome to the Empyriopedia!,,,,,,,,,,欢迎来到帝国百科！,,,,,,
pda_Wi84OKW,--,,,,,,,,,,--,,,,,,
pda_aSKWCGa,"[i]... Forgot something? Or want to know more?[/i]\n\n\n[u][c][ffff80]GET STARTED[-][/c][/u]:\n\n<---[c][ffffff] Press on a Topic[-][/c] in the list, and on the [c][ffffff][c][ffff00]small arrow[-][/c] [-][/c]down, [c][ffffff][-][/c]to show all.\n\nThen select a list entry.",,,,,,,,,,[i]... 忘了什么？还是想了解更多？[/i]\n\n\n[u][c][ffff80]开始入门[-][/c][/u]:\n\n<---[c][ffffff] 点击列表中的主题[-][/c]，然后点击[c][ffffff][c][ffff00]小箭头[-][/c] [-][/c]向下，[c][ffffff][-][/c]以显示全部内容。\n\n然后选择一个列表条目。,,,,,,
pda_CoWOO4K,--,,,,,,,,,,--,,,,,,
pda_rGWS8Oe,[b][c][ffff00]- Important game concepts:[-][/c][/b],,,,,,,,,,[b][c][ffff00]- 重要游戏概念：[-][/c][/b],,,,,,
pda_eSu4WK8,"[c][ffffff]""The 'Core' sets Ownership""[-][/c]",,,,,,,,,,"[c][ffffff]""'核心'设定所有权""[-][/c]",,,,,,
pda_WS8sGCm,In a nutshell,,,,,,,,,,简单来说,,,,,,
pda_KCW3Qia,"[i][c][80ffff]A system to deter theft, and to help you to pick up blocks.[-][/c][/i]\n[c][80ffff]\n[i][c][ffffff][b]To claim somethin[/b][-][/c][/i][-][/c][c][ffffff][i][b]g [/b][/i][i][b]: [/b][/i][-][/c]\nDestroy an enemy Core block, then place your own.[c][80ffff]\n[i]\n[c][ffffff][b]Protect your Core[/b][-][/c][/i][-][/c][c][ffffff][b][i] ![/i][/b][-][/c] \nStuctures without Cores are 'dead wrecks'-  - Open for everybody to deconstruct or to claim them.\n\n\n\n[c][80ffff]--------[-][/c]",,,,,,,,,,[i][c][80ffff]一个用于防止盗窃，并帮助您拾取方块的系统。[-][/c][/i]\n[c][80ffff]\n[i][c][ffffff][b]要认领某些[/b][-][/c][/i][-][/c][c][ffffff][i][b]东西 [/b][/i][i][b]: [/b][/i][-][/c]\n摧毁敌方核心方块，然后放置你自己的。[c][80ffff]\n[i]\n[c][ffffff][b]保护你的核心[/b][-][/c][/i][-][/c][c][ffffff][b][i] ![/i][/b][-][/c] \n没有核心的建筑物是'死亡残骸'-  - 对所有人开放，可供拆解或认领。\n\n\n\n[c][80ffff]--------[-][/c],,,,,,
pda_a40OqWC,[c][ffffff][b]Types of Cores[/b][-][/c],,,,,,,,,,[c][ffffff][b]核心类型[/b][-][/c],,,,,,
pda_8OCW8u8,"\nCheck[c][ffffff][b] 'glow colours'[/b] [-][/c]of the Cores:\n\n\n[c][ffffff][b]Green[/b] - Player Core[-][/c]\nYour stuff, your buddies, your rivals.\n\n[c][ffffff][b]Red[/b] - NPC Core. [-][/c]\nNon-player faction. With this Core, a structure's blocks will be protected from manipulation.\n\n[c][ffffff][b]Pink; Blue[/b] -  ""Admin""[-][/c]\nFor story and special dungeons. Turns the whole structure Indestructible.  \n[sup]( Note: 1 )[/sup]\nWill be displayed on the Map as a chevron (= 'Double arrows' pointing up.)\n\n[i]--- [/i]\n[sup][c][c0c0c0][i](1) - You might still be able to [b]hurt [/b]such a structure.[/i][-][/c]\n[c][c0c0c0][i]Everything already  'slightly broken' can be destroyed. - Up to even the Admin Core itself![/i][-][/c][/sup]",,,,,,,,,,"\n检查核心的[c][ffffff][b]'发光颜色'[/b] [-][/c]：\n\n\n[c][ffffff][b]绿色[/b] - 玩家核心[-][/c]\n你的东西，你的伙伴，你的对手。\n\n[c][ffffff][b]红色[/b] - 非玩家角色核心。 [-][/c]\n非玩家派系。使用此核心，建筑结构的方块将受到保护，防止被篡改。\n\n[c][ffffff][b]粉色；蓝色[/b] -  ""管理员""[-][/c]\n用于剧情和特殊地牢。使整个建筑结构坚不可摧。  \n[sup]（注意：1）[/sup]\n将在地图上显示为 V 形符号（= 指向上方的“双箭头”）。\n\n[i]--- [/i]\n[sup][c][c0c0c0][i](1) - 你可能仍然能够[b]伤害[/b]此类建筑结构。[/i][-][/c]\n[c][c0c0c0][i]任何已经“轻微破损”的东西都可以被摧毁。 - 甚至包括管理员核心本身！[/i][-][/c][/sup]",,,,,,
pda_4Gqq0aA,[c][ffffff]Autosaving & Backups[-][/c],,,,,,,,,,[c][ffffff]自动保存与备份[-][/c],,,,,,
pda_W8aO8We,World Save,,,,,,,,,,世界保存,,,,,,
pda_CqmKmeK,"[c][ffffff][-][/c]\n[c][ffffff]The game will constantly save your world data.[-][/c] \n- Overwriting it all.\n\n\nIf you want to have '[b]save points[/b]': Make a copy of your world, before you load into it.\n\nIngame, you can quickly create such copies with the [c][00ff00][ESC][-][/c] menu, '[c][00ff00]Backup[-][/c]'.",,,,,,,,,,[c][ffffff][-][/c]\n[c][ffffff]游戏将不断保存你的世界数据。[-][/c] \n- 覆盖所有数据。\n\n\n如果你想要有“[b]存档点[/b]”：在加载进入之前，先复制你的世界。\n\n在游戏中，你可以通过 [c][00ff00][ESC][-][/c] 菜单，'[c][00ff00]备份[-][/c]' 快速创建此类副本。,,,,,,
pda_eOGaaS8,"[i]Important [b]game elements in a nutshell.[/b][/i]\n\n<--- [c][ffffff]Click on the arrow next to the title[-][/c], to show all.",,,,,,,,,,[i]重要 [b]游戏元素简明扼要。[/b][/i]\n\n<--- [c][ffffff]点击标题旁的箭头[-][/c]，以显示全部内容。,,,,,,
pda_0Wueae0,Mass and Volume handling,,,,,,,,,,质量和体积处理,,,,,,
pda_4SO0iaC,--,,,,,,,,,,--,,,,,,
pda_SK4OaOm,"[i][c][c0c0c0](Note: This can be turned off in the Difficulty Settings.\nDoing so will make the game much easier)[-][/c][/i]\n[b][/b]\n[c][ffffff][b]Mass and Volume: [/b]\n[b]Limits your Inventory and a structure's performance.[/b][-][/c]\n\nTo move large volumes between inventories: \nUse the [b][c][ffffff]Logistics feature [-][/c][c][00ff00][ F4 ][-][/c][/b]\n- Connect to a container, and then move items into the 'virtual' connected Toolbar.\n(Switch your [b][c][ffffff]Toolbars with [-][/c][c][00ff00][ T ][-][/c][/b][c][00ff00][-][/c].)\n- Wireless extender blocks increase the range of the Logistics feature\n\n----\n\n[i]- You can carry as much mass as you want, but are limited in volume.\n- Vessels are limited to volume, and affected by mass of their cargo. (Add more thrusters for better performance.)[/i]",,,,,,,,,,[i][c][c0c0c0]（注意：这可以在难度设置中关闭。\n这样做会使游戏变得容易得多）[-][/c][/i]\n[b][/b]\n[c][ffffff][b]质量和体积： [/b]\n[b]限制你的物品栏容载和建筑结构的性能。[/b][-][/c]\n\n要在物品栏之间移动大量物品： \n使用 [b][c][ffffff]物流功能 [-][/c][c][00ff00][ F4 ][-][/c][/b]\n- 连接到容器，然后将物品移入“虚拟”的已连接工具栏。\n（用 [b][c][ffffff]工具栏切换键 [-][/c][c][00ff00][ T ][-][/c][/b][c][00ff00][-][/c]。）\n- 无线扩展器方块可以增加物流功能的射程\n\n----\n\n[i]- 你可以携带任意质量，但体积有限。\n- 飞船受体积限制，并且受货物质量影响。（添加更多推进器以获得更好的性能。）[/i],,,,,,
pda_iuWUC8W,... Try it out !,,,,,,,,,,... 试试吧！,,,,,,
pda_CO48GQ4,Try out the PDA.       [i](Close PDA when done)[/i],,,,,,,,,,试试PDA。       [i]（完成后关闭PDA）[/i],,,,,,
pda_i4Ssoa4,--,,,,,,,,,,--,,,,,,
pda_WC8SO4W,Tabs at the top:\n\n< [c][00ff00][[Empyiropedia]][-][/c]                                                 [c][00ff00][[PDA Log]][-][/c] >\n\n ... Find more info                                       ... List all messages\n                                                                   [i](of selected mission)[/i]\n\n                                                                                               \n\n\nTry them out!\n---- \n\nClose the PDA when you are done.,,,,,,,,,,顶部的标签页：\n\n< [c][00ff00][[Empyiropedia]][-][/c]                                                 [c][00ff00][[PDA日志]][-][/c] >\n\n ... 查找更多信息                                       ... 列出所有消息\n                                                                   [i]（所选任务的）[/i]\n\n                                                                                               \n\n\n试试它们吧！\n---- \n\n完成后关闭PDA。,,,,,,
pda_Gu0muOO,"[i]< ... Until you getting to that island, we likely will have to[b] stay here[/b] a bit... >[/i]",,,,,,,,,,[i]< ... 在到达那个岛屿之前，我们可能得在这里[b]停留[/b]一段时间... >[/i],,,,,,
pda_SWACee7,How it works,,,,,,,,,,工作原理,,,,,,
pda_aeemGOa,( Press OK button )   <--- Things to do,,,,,,,,,,（点击“确定”按钮）   <--- 需要做的事项,,,,,,
pda_iG8G8SS,--,,,,,,,,,,--,,,,,,
pda_Ka2uOWG,[u][c][ffffff]The PDA[-][/c][/u]\n\nLeft side:          [b]Missions[/b] you can do                  \n\nTop window:     [b]Steps [/b][b][/b]of a mission (  = 'actions' )\n\n\n---------\n[c][ffffff][-][/c]\n[c][ffffff]OK for next page[-][/c]  ( 2 of 3 ),,,,,,,,,,[u][c][ffffff]个人数字助理（PDA）[-][/c][/u]\n\n左侧：          [b]任务[/b] 你可以进行                  \n\n顶部窗口：     [b]步骤 [/b][b][/b]（一个任务 = '行动'）\n\n\n---------\n[c][ffffff][-][/c]\n[c][ffffff]点击“确定”进入下一页[-][/c]  （第 2 页，共 3 页）,,,,,,
pda_OQOeGW0,[i]--[/i],,,,,,,,,,[i]--[/i],,,,,,
pda_WaOuK8S,"Activated test mission. - - [c][ffffff]Well done! [-][/c]\n[i](This only works for non-autostarting missions)[/i]\n[i][/i]\n[c][ffffff]< You will get noticed[-][/c], once [b]side missions[/b] are available.",,,,,,,,,,已激活测试任务。 - - [c][ffffff]干得好！ [-][/c]\n[i]（此功能仅适用于非自动启动的任务）[/i]\n[i][/i]\n[c][ffffff]< 一旦[-][/c]，当[b]支线任务[/b]可用时，您将收到通知。,,,,,,
pda_OaeWC0m,This is a start message.,,,,,,,,,,这是一条起始消息。,,,,,,
pda_q8K8qqG,-,,,,,,,,,,-,,,,,,
pda_0G80uij,_ _ _ _ _ _ _ _ _ [i]( Help & Debug )[/i] _ _ _ _ _ _ _ _ _ _ _ _ _ _ _ _ _ _ _ _ _ _,,,,,,,,,,_ _ _ _ _ _ _ _ _ [i]( 帮助与调试 )[/i] _ _ _ _ _ _ _ _ _ _ _ _ _ _ _ _ _ _ _ _ _ _,,,,,,
pda_uSGC8i0,[i]This section will include help missions.[/i],,,,,,,,,,[i]此部分将包含帮助任务。[/i],,,,,,
pda_uWOim2u,...,,,,,,,,,,...,,,,,,
pda_qKuSKKO,...,,,,,,,,,,...,,,,,,
pda_WWemS0q,\n[c][ffff00]Please click again [-][/c]on the title: [c][ffffff]'This is a mission chapter'[-][/c],,,,,,,,,,\n[c][ffff00]请再次点击[-][/c]标题： [c][ffffff]“这是一个任务章节”[-][/c],,,,,,
pda_SGCqu0q,"Activated test mission. - - [c][ffffff]Well done! [-][/c]\n[i](This only works for non-autostarting missions)[/i]\n[i][/i]\n[c][ffffff]< You will get noticed[-][/c], once [b]side missions[/b] are available.",,,,,,,,,,已激活测试任务。 - - [c][ffffff]干得好！ [-][/c]\n[i]（此功能仅适用于非自动启动的任务）[/i]\n[i][/i]\n[c][ffffff]< 一旦[-][/c]，当[b]支线任务[/b]可用时，您将收到通知。,,,,,,
pda_CNeKOaK,Start message,,,,,,,,,,起始消息,,,,,,
pda_4K8s8S0,CPU,,,,,,,,,,CPU,,,,,,
pda_mmWGqG8,--,,,,,,,,,,--,,,,,,
pda_a0iOOS0,"[i][c][c0c0c0](Note: This can be turned off in the game's Difficulty Settings. It will allow to build more easily)[-][/c][/i]\n\n[b][c][ffffff]CPU: A soft limit to building large structures.[-][/c][/b]\n\nIf you overshoot CPU limits, a structure will become[b] less efficient [/b]\n(Slower, longer crafting times, etc...)\n\n[b]Add CPU extender blocks[/b] to increase the limit.",,,,,,,,,,[i][c][c0c0c0](注意：这可以在游戏的难度设置中关闭。这将使建造更容易)[-][/c][/i]\n\n[b][c][ffffff]CPU：建造大型建筑结构的软限制。[-][/c][/b]\n\n如果超出CPU限制，建筑结构将变得[b]效率较低[/b]\n(更慢，制作时间更长，等等...)\n\n[b]添加CPU扩展器方块[/b]以提高限制。,,,,,,
pda_8qGOKGS,_ _ _ _ _ _ _ _ _ [i]( Side missions )[/i] _ _ _ _ _ _ _ _ _ _ _ _ _ _ _ _ _ _ _ _ _ _ _,,,,,,,,,,_ _ _ _ _ _ _ _ _ [i]( 支线任务 )[/i] _ _ _ _ _ _ _ _ _ _ _ _ _ _ _ _ _ _ _ _ _ _ _,,,,,,
pda_mCKaea0,...,,,,,,,,,,...,,,,,,
pda_TmWmqSq,...,,,,,,,,,,...,,,,,,
pda_G4Ka440,--,,,,,,,,,,--,,,,,,
pda_OSKeWKq,Healing Affliction,,,,,,,,,,治疗伤病,,,,,,
pda_WCCue8K,...,,,,,,,,,,...,,,,,,
pda_CumKSi8,---,,,,,,,,,,---,,,,,,
pda_8OG0Wgw,"You just got [c][ffff00]wounded[-][/c]!\n\n[c][ffffff]Heal[-][/c] it as soon as possible- \n-...  or at least [c][ffffff]mitigate[-][/c] it, so that it does not get [i]worse[/i].\n\n>> [c][ffff80]Open your Inventory[-][/c] [c][00ff00][Tab] [-][/c]...",,,,,,,,,,你刚受到[c][ffff00]伤害[-][/c]！\n\n[c][ffffff]尽快治疗[-][/c]它- \n-... 或者至少[c][ffffff]缓解[-][/c]它，以免情况[i]恶化[/i]。\n\n>> [c][ffff80]打开你的物品栏[-][/c] [c][00ff00][Tab] [-][/c]...,,,,,,
pda_KCie0aW,Apply medicine,,,,,,,,,,使用药物,,,,,,
pda_KaaOWOC,Open Inventory [c][00ff00][Tab][-][/c],,,,,,,,,,打开物品栏 [c][00ff00][Tab][-][/c],,,,,,
pda_h8kS444,---,,,,,,,,,,---,,,,,,
pda_4KiiuSe,"[c][ffff80]Select the [[ Stats ]] tab[-][/c] at upper right corner.\n\nPoint the mouse on the [c][ff0000]red icon[-][/c] [i](>>at right screen edge)  [/i]\n[c][ffffff] ""Fracture""[-][/c], to learn about Healing / Mitigation.\n\n----                                                                                               \n[c][ffff80]Consume medicine[-][/c]:: [c][00ff00][Shift]+[RMB] [-][/c]on the item",,,,,,,,,,[c][ffff80]在右上角选择[[ 状态 ]]选项卡[-][/c]。\n\n将鼠标指向[c][ff0000]红色图标[-][/c] [i](>>屏幕右边缘) [/i]\n[c][ffffff]“骨折”[-][/c]，了解治疗/缓解方法。\n\n----                                                                                               \n[c][ffff80]使用药物[-][/c]:: [c][00ff00][Shift]+[RMB] [-][/c]在物品上,,,,,,
pda_q8GuC0a,"Sig - [c][ffffff]Sprint & [-][/c]Note[c][ffffff] of Resources [-][/c][c][ff8000] >C_On x2, >C_Rw x2[-][/c]",,,,,,,,,,"信号 - [c][ffffff]冲刺与[-][/c]资源记录[c][ffffff] [-][/c][c][ff8000] >C_On x2, >C_Rw x2[-][/c]",,,,,,
pda_WOiGW0G,To [c][ffffff]Sprint[-][/c]:\n[c][00ff00]Move +[Shift][-][/c]\n\n[i](Will make you hungry)[/i][i][/i],,,,,,,,,,要[c][ffffff]冲刺[-][/c]：\n[c][00ff00]移动 +[Shift][-][/c]\n\n[i](会让你感到饥饿)[/i][i][/i],,,,,,
pda_Oq0E084,Move faster,,,,,,,,,,移动更快,,,,,,
pda_CeSOS01,...,,,,,,,,,,...,,,,,,
pda_euKZmCi,--,,,,,,,,,,--,,,,,,
pda_iuCCiCi,[i]< [/i][i]That [b]palm forest [/b]over there - should have [c][ffffff]food plants[-][/c].. >[/i]\n[i][/i]\n[i]< And this [b]beach [/b]is littered with very nice [c][ffffff]rocks[-][/c][/i] ...[i][/i]\n[i]- Drill the [b]black and shiny[/b] ones. >[/i],,,,,,,,,,[i]< [/i][i]那边的[b]棕榈林 [/b]- 应该有[c][ffffff]食用植物[-][/c].. >[/i]\n[i][/i]\n[i]< 而且这片[b]海滩 [/b]上散落着很不错的[c][ffffff]岩石[-][/c][/i] ...[i][/i]\n[i]- 钻取那些[b]黑色闪亮[/b]的。 >[/i],,,,,,
pda_Ouku4ii,The PDA,,,,,,,,,,个人数字助理（PDA）,,,,,,
pda_qWm4GC0,Open PDA with[c][00ff00] [ F1 ][-][/c],,,,,,,,,,使用[c][00ff00] [ F1 ][-][/c]打开个人数字助理（PDA）,,,,,,
pda_GaqC86W,--,,,,,,,,,,--,,,,,,
pda_nWFwqqn,...,,,,,,,,,,...,,,,,,
pda_COC0Oa4,...,,,,,,,,,,...,,,,,,
pda_aOmCiav,--,,,,,,,,,,--,,,,,,
pda_eKaWGWi,[i]< [/i][i]... You can't talk back... We need another way to communicate.  >[/i]\n\n[i]< Please [c][ffff00]open your PDA [-][/c]with [c][00ff00][ F1 ] [-][/c]>[/i],,,,,,,,,,[i]< [/i][i]... 你无法回应... 我们需要另一种沟通方式。 >[/i]\n\n[i]< 请[c][ffff00]打开你的个人数字助理（PDA）[-][/c]使用[c][00ff00][ F1 ] [-][/c]>[/i],,,,,,
pda_0KuiaiO,...,,,,,,,,,,...,,,,,,
pda_uuOb0GS,--,,,,,,,,,,--,,,,,,
pda_8qS0So8,"[i]< I have data that might help you. - - A [b]warp-capable[/b] [c][ff8000]space vessel[-][/c] is still on this planet. >[/i]\n[i][/i]\n[i]< ... But it is too [b]far out[/b] in the ocean. [/i]\n[i] - You will need to [c][ffff00]prepare [-][/c]better, to reach it. >[/i]",,,,,,,,,,[i]< 我有数据可能对你有帮助。 - - 一艘具备[b]翘曲能力[/b]的[c][ff8000]太空飞船[-][/c]仍在这颗星球上。 >[/i]\n[i][/i]\n[i]< ... 但它位于海洋中[b]过远[/b]的地方。 [/i]\n[i] - 你需要更好地[c][ffff00]准备[-][/c]才能到达。 >[/i],,,,,,
pda_i8qAeaO,...,,,,,,,,,,...,,,,,,
pda_K0SLmCO,Trg - Talk to drill - PDA- PREP,,,,,,,,,,目标 - 与钻头对话 - PDA- 准备,,,,,,
pda_CGu082K,prep,,,,,,,,,,准备,,,,,,
pda_pmK4Gma,New Action,,,,,,,,,,新行动,,,,,,
pda_mKGW8Oi,--,,,,,,,,,,--,,,,,,
pda_XelKmSq,"Train PDA mission chapter activation: \n\nAlso might now offer a repeating mission 'talk to drill' , that starts a dialog.\n[i](Could be FAQ & story... A little better organized than in PDA, for those that want it)[/i]",,,,,,,,,,训练PDA任务章节激活：\n\n也可能现在提供重复任务“与钻头对话”，启动对话。\n[i](可能是常见问题与故事... 比PDA中组织得稍好一些，适合那些想要的人)[/i],,,,,,
pda_iK8sW3e,...,,,,,,,,,,...,,,,,,
pda_qWCKmSK,--,,,,,,,,,,--,,,,,,
pda_4iS0qea,[c][0080ff]Mrk[-][/c] & Trg - Ch[c][ffffff]eck [-][/c]out Farm [i][c][ff8000][c][0080ff]>CRw PDA[-][/c] [-][/c][/i][i][c][ff8000][c][ff80ff][c][ff8000](OnBy: PDA[-][/c][-][/c]) [-][/c][/i][c][ff8000]>CRw_Tsk >cVis:PDA[-][/c],,,,,,,,,,[c][0080ff]标记[-][/c] & 目标 - 检[c][ffffff]查 [-][/c]农场 [i][c][ff8000][c][0080ff]>CRw PDA[-][/c] [-][/c][/i][i][c][ff8000][c][ff80ff][c][ff8000](开启: PDA[-][/c][-][/c]) [-][/c][/i][c][ff8000]>CRw_Tsk >cVis:PDA[-][/c],,,,,,
pda_CG0YeIa,Wrecked Farm,,,,,,,,,,损毁的农场,,,,,,
pda_CRmWeei,...,,,,,,,,,,...,,,,,,
pda_q8Se24K,--,,,,,,,,,,--,,,,,,
pda_QSmaOCG,"[i]< The doors are [b]locked[/b] shut... >[/i]\n\n[i]< I could try to [c][ffffff]hack [-][/c]them. >[/i]\n[i]< ... [b]Alternatively[/b], there are still some [c][ffffff]explosives[-][/c] attached. [/i]\n[i]  I could trigger those, too... >[/i]",,,,,,,,,,[i]< 门被[b]锁死[/b]了... >[/i]\n\n[i]< 我可以尝试[c][ffffff]破解[-][/c]它们。 >[/i]\n[i]< ... [b]或者[/b]，还有一些[c][ffffff]炸药[-][/c]附着在上面。 [/i]\n[i] 我也可以引爆那些... >[/i],,,,,,
pda_WSmOSK8,Entering the Farm,,,,,,,,,,进入农场,,,,,,
pda_SW0Wqe4,"Open PDA [c][00ff00][ F1 ] [-][/c], [[Tutorial]] tab, choose a mission",,,,,,,,,,打开个人数字助理（PDA）[c][00ff00][ F1 ] [-][/c]，[[Tutorial]] 选项卡，选择任务,,,,,,
pda_4888K23,--,,,,,,,,,,--,,,,,,
pda_OSmaieH,...,,,,,,,,,,...,,,,,,
pda_ii40q0l,--,,,,,,,,,,--,,,,,,
pda_4QOQaKm,"[i]< Your [c][ffffff]choice[-][/c]. >[/i]\n\n[i]< Please, [c][ffff00]select a mission[-][/c] in the PDA [c][00ff00][ F1 ] [-][/c]. [/i]\n[i]Tell me how to proceed. >[/i]",,,,,,,,,,[i]< 你的 [c][ffffff]选择[-][/c]。 >[/i]\n\n[i]< 请 [c][ffff00]在个人数字助理（PDA）中选择一个任务[-][/c] [c][00ff00][ F1 ] [-][/c]。 [/i]\n[i]告诉我如何继续。 >[/i],,,,,,
pda_8aK4a4Q,"[c][c0c0c0][i]Please have the [b]tab at top left[/b] selected:   [/i]                                  [-][/c]\n[c][c0c0c0][-][/c][c][00ff00][[Tutorial]][-][/c]                                                                                       \n\n-- \nWithin the ""Tutorial"" tab: At the left side is a mission choice.\n[c][ffff00]Click on a mission.[-][/c]",,,,,,,,,,"[c][c0c0c0][i]请选择左上角的 [b]标签[/b]:   [/i]                                  [-][/c]\n[c][c0c0c0][-][/c][c][00ff00][[Tutorial]][-][/c]                                                                                       \n\n-- \n在""教程""标签中: 左侧是任务选择。\n[c][ffff00]点击一个任务。[-][/c]",,,,,,
pda_qCWeaa0,...,,,,,,,,,,...,,,,,,
pda_0em1muu,...,,,,,,,,,,...,,,,,,
pda_uC6WuOu,--,,,,,,,,,,--,,,,,,
pda_mKueqWW,Civilisation,,,,,,,,,,文明,,,,,,
pda_0iGI0Si,[c][ffff00]Reach Settlement[-][/c]\nwith Hoverbike\n[sup]\n([b]North-eastern[/b] island.[/sup]\n[sup]Daylight travel is faster)\n\n[c][c0c0c0](Close Tool Drone:[-][/c][c][00ff00] [ F5 ][-][/c][c][c0c0c0] )[-][/c][/sup],,,,,,,,,,[c][ffff00]抵达定居点[-][/c]\n使用悬浮摩托\n[sup]\n([b]东北[/b]岛屿。[/sup]\n[sup]白天旅行更快)\n\n[c][c0c0c0](关闭工具无人机:[-][/c][c][00ff00] [ F5 ][-][/c][c][c0c0c0] )[-][/c][/sup],,,,,,
pda_OqO0ai4,--,,,,,,,,,,--,,,,,,
pda_qeSea0u,"[i]< For the [c][ffffff]Generator[-][/c], better choose at a [b]spot away from you.[/b][/i]\n[i]... It will get [c][ffffff]hot[-][/c]. >[/i]",,,,,,,,,,"[i]< 对于 [c][ffffff]发电机[-][/c], 最好选择一个远离你的 [b]位置。[/b][/i]\n[i]...它会变得 [c][ffffff]烫手[-][/c]。 >[/i]",,,,,,
pda_eu8bW4S,Device List,,,,,,,,,,设备列表,,,,,,
pda_mmuqSiR,Overview,,,,,,,,,,概览,,,,,,
pda_KumCKiC,--,,,,,,,,,,--,,,,,,
pda_OYiqEaS,"[i]( [c][c0c0c0]The Drill[-][/c] ) :                                                                                       [/i]\n\n[i]                < ... No wonder, the [c][ffffff]Generator [-][/c]got destroyed ! >         [/i]\n[i]                < And the Solar panels are missing a device, too... > [/i]\n\n\n\n\n[i]-----                                                                                                    [/i]\n[i][/i]\n( [b]Close [/b]the window, once you are done. )",,,,,,,,,,[i]( [c][c0c0c0]钻头[-][/c] ) :                                                                                       [/i]\n\n[i]                < ...难怪，[c][ffffff]发电机 [-][/c]被摧毁了！ >         [/i]\n[i]                < 而且太阳能板也缺少一个设备... > [/i]\n\n\n\n\n[i]-----                                                                                                    [/i]\n[i][/i]\n( [b]完成查看后，[/b]关闭窗口。 ),,,,,,
pda_8RRC8mi,Control panel [c][00ff00][P][-][/c],,,,,,,,,,控制面板 [c][00ff00][P][-][/c],,,,,,
pda_fCu6aaO,"[i]< Yes! - That's [c][ffffff]plant protein[-][/c].[/i]\n[i]For [c][ffff00]Food,[-][/c] Bandages, ... >[/i]\n[i][/i]\n[i]< The [c][ffffff]more [-][/c]of this, the better ...? >[/i]",,,,,,,,,,"[i]< 是的! - 那是 [c][ffffff]植物蛋白[-][/c]。[/i]\n[i]用于 [c][ffff00]食物,[-][/c]绷带, ... >[/i]\n[i][/i]\n[i]< 这 [c][ffffff]更多[-][/c], 越好...? >[/i]",,,,,,
pda_4mmK40u,"[i]< Cute... - When [b]fully grown[/b], people do farm these for their [c][ffffff]meat[-][/c] ... >[/i]\n\n[i]< ... Better prepare for it. >[/i]",,,,,,,,,,"[i]< 可爱... - 当 [b]完全成长[/b]后, 人们会为了 [c][ffffff]肉类[-][/c] 而种植它们... >[/i]\n\n[i]< ...最好为此做好准备。 >[/i]",,,,,,
pda_iqWOOSM,"[i]< [c][ffffff]Select [-][/c]the Tent, and [c][ffff00]place it on the ground[-][/c] with [c][00ff00][LMB] [-][/c]>[/i]",,,,,,,,,,"[i]< [c][ffffff]选择 [-][/c]帐篷, 并将其 [c][ffff00]放在地面上[-][/c] 使用 [c][00ff00][LMB] [-][/c]>[/i]",,,,,,
pda_m8oGS8G,Crft -on- Crafted [c][ffffff]Components[-][/c] in PC[i] [c][ff8000](OffBy:BiofuelCamp)[-][/c][/i],,,,,,,,,,制造 -开启- 在PC中制造 [c][ffffff]组件[-][/c] [i] [c][ff8000](关闭者:生物燃料营地)[-][/c][/i],,,,,,
pda_iCm0Umq,Components,,,,,,,,,,组件,,,,,,
pda_VWhu00C,...,,,,,,,,,,...,,,,,,
pda_OeSU4eS,--,,,,,,,,,,--,,,,,,
pda_e40maC0,InvOp - [c][ffffff]SpiderLoot[-][/c]  [c][ff8000]>C_Off[-][/c]  [i][c][ffff00]>FlotSig[-][/c][/i],,,,,,,,,,InvOp - [c][ffffff]蜘蛛战利品[-][/c]  [c][ff8000]>C_Off[-][/c]  [i][c][ffff00]>FlotSig[-][/c][/i],,,,,,
pda_SGGeK6i,[sup][i]...[/i][/sup],,,,,,,,,,[sup][i]...[/i][/sup],,,,,,
pda_OaSbaum,..,,,,,,,,,,..,,,,,,
pda_ceCumWC,--,,,,,,,,,,--,,,,,,
pda_Km8q00e,"[i]Choice. - ''Door [c][ffffff]Hacking[-][/c]''   - - Please, [c][ffff00]click me[-][/c][/i]",,,,,,,,,,"[i]选择. - ''门 [c][ffffff]破解[-][/c]''   - - 请, [c][ffff00]点击我[-][/c][/i]",,,,,,
pda_OaC8uxG,...,,,,,,,,,,...,,,,,,
pda_aaSGiO0,[i][c][c0c0c0]( Be close to the Farm... )[-][/c][/i],,,,,,,,,,[i][c][c0c0c0]( 靠近农场... )[-][/c][/i],,,,,,
pda_S8COmre,\n[c][ffff00]Please click again [-][/c]on the title: [c][ffffff]'This is a mission chapter'[-][/c],,,,,,,,,,\n[c][ffff00]请再次点击 [-][/c]标题: [c][ffffff]'这是一个任务章节'[-][/c],,,,,,
pda_Xu0eOCO,\n\n[i]( Hacks [b]front doors[/b] of the Farm. )[/i]\n\n\n\n\n\n\n\n\n\n\n\n\n\n\n\n\n\n\n\n<---- [c][ffff00]Press This button[-][/c] to start mission.,,,,,,,,,,\n\n[i]( 破解农场 [b]前门[/b]。 )[/i]\n\n\n\n\n\n\n\n\n\n\n\n\n\n\n\n\n\n\n\n<---- [c][ffff00]按下此按钮[-][/c]以开始任务。,,,,,,
pda_T880aqJ,[i]< Wayy more elegant... >[/i],,,,,,,,,,[i]< 更为优雅的方式... >[/i],,,,,,
pda_CiOCqaK,"[i]Choice. - ''Door [c][ffffff]Exploding[-][/c]''   - - Please, [c][ffff00]click me[-][/c][/i]",,,,,,,,,,[i]选择. - ''门 [c][ffffff]爆炸[-][/c]''   - - 请，[c][ffff00]点击我[-][/c][/i],,,,,,
pda_iqCq48W,...,,,,,,,,,,...,,,,,,
pda_0OGiaqp,...,,,,,,,,,,...,,,,,,
pda_i84mCCm,\n[c][ffff00]Please click again [-][/c]on the title: [c][ffffff]'This is a mission chapter'[-][/c],,,,,,,,,,\n[c][ffff00]请再次点击[-][/c]标题：[c][ffffff]'这是一个任务章节'[-][/c],,,,,,
pda_0SGMamC,\n\n[i]( Triggers the [b]explosives at the broken backside[/b] of the Farm. )[/i]\n\n\n\n\n\n\n\n\n\n\n\n\n\n\n\n\n\n\n\n<---- [c][ffff00]Press This button[-][/c] to start mission.,,,,,,,,,,\n\n[i]( 触发农业区破损后部的[b]炸药[/b]。 )[/i]\n\n\n\n\n\n\n\n\n\n\n\n\n\n\n\n\n\n\n\n<---- [c][ffff00]按下此按钮[-][/c]以开始任务。,,,,,,
pda_meGOg8O,[i]< Okay. [c][ffffff]Explosives [-][/c]are on the broken [c][ffffff]backside [-][/c]door. [/i]\n[i]- Stay clear... >[/i],,,,,,,,,,[i]< 好的。 [c][ffffff]炸药 [-][/c]在损坏的 [c][ffffff]后门 [-][/c]上。 [/i]\n[i]- 保持距离... >[/i],,,,,,
pda_OWeSO0I,Place [b]CloneChamber[/b] next to Base block,,,,,,,,,,将 [b]克隆室[/b] 放置在基地方块旁,,,,,,
pda_SSGOCCe,--,,,,,,,,,,--,,,,,,
pda_mGqmGGK,Home Spawn,,,,,,,,,,家中重生,,,,,,
pda_m0uAh7m,Open Control Panel [P]\n[c][c0c0c0][i][sup](Select [[Main]] tab)[/sup][/i][-][/c],,,,,,,,,,打开控制面板 [P]\n[c][c0c0c0][i][sup](选择 [[Main]] 标签)[/sup][/i][-][/c],,,,,,
pda_iCC03WO,--,,,,,,,,,,--,,,,,,
pda_u4mGCYH,"Tick Checkbox '[c][ffff80]Home Spawn[-][/c]',\nClose Control Panel",,,,,,,,,,勾选复选框 '[c][ffff80]家中重生[-][/c]'，\n关闭控制面板,,,,,,
pda_KiK0uiC,--,,,,,,,,,,--,,,,,,
pda_IiqiqWK,...,,,,,,,,,,...,,,,,,
pda_UKSGaaO,...,,,,,,,,,,...,,,,,,
pda_OeWoqu4,--,,,,,,,,,,--,,,,,,
pda_KeOGeWm,Overview,,,,,,,,,,概览,,,,,,
pda_0OUequq,--,,,,,,,,,,--,,,,,,
pda_QiCG0Wu,[i]...[/i],,,,,,,,,,[i]...[/i],,,,,,
pda_0aem0KK,[i]...[/i],,,,,,,,,,[i]...[/i],,,,,,
pda_aemC0Wk,--,,,,,,,,,,--,,,,,,
pda_aiGumu4,[i]< Good. >[/i][i][/i]\n[i]< This will keep the [b]troops [/b][c][ffffff]away[-][/c]. >[/i],,,,,,,,,,[i]< 好。 >[/i][i][/i]\n[i]< 这将让 [b]部队 [/b][c][ffffff]远离[-][/c]。 >[/i],,,,,,
pda_SCeCUKG,"_________ [i](Garden, other triggers)[/i]",,,,,,,,,,_________ [i](种植园，其他触发器)[/i],,,,,,
pda_CwGmu4G,--,,,,,,,,,,--,,,,,,
pda_i4qKCSc,--,,,,,,,,,,--,,,,,,
pda_amCGq0e,--,,,,,,,,,,--,,,,,,
pda_4qKaSAC,[c][0080ff](nPOI)[-][/c] - Logistics[c][ffffff]Cache[-][/c] [i][c][ff8000](OnByT: ConnectBox) [-][/c][/i][c][ff8000]>C_On x2[-][/c],,,,,,,,,,[c][0080ff](兴趣点)[-][/c] - 物流[c][ffffff]缓存[-][/c] [i][c][ff8000](OnByT: 连接箱) [-][/c][/i][c][ff8000]>C_On x2[-][/c],,,,,,
pda_WiOCOaS,Check area,,,,,,,,,,检查区域,,,,,,
pda_auxm08c,Follow the rough direction[c][ffffff][-][/c],,,,,,,,,,沿着大致方向前进[c][ffffff][-][/c],,,,,,
pda_mwsWGa8,--,,,,,,,,,,--,,,,,,
pda_Gume40W,[i]< Scanning ... >[/i],,,,,,,,,,[i]< 扫描中 ... >[/i],,,,,,
pda_guqt0ui,...,,,,,,,,,,...,,,,,,
pda_8uauGCF,--,,,,,,,,,,--,,,,,,
pda_aeKuWCe,"[i]< ... Um ...[/i]\n[i]Could you [c][ffff00]check that sandy area[-][/c] there ... ? >[/i]\n\n[i]< For a tiny moment, I think [c][ffffff]detected [-][/c]something there ... [/i]\n[i]R[/i][i]eally [b]strange[/b]... ?  [/i][i]>[/i]",,,,,,,,,,[i]< ... 嗯 ...[/i]\n[i]你能 [c][ffff00]检查那片沙地[-][/c] 吗 ... ? >[/i]\n\n[i]< 一瞬间，我觉得 [c][ffffff]检测到了 [-][/c]那里的什么东西 ... [/i]\n[i]真[/i][i]的 [b]奇怪[/b]... ?  [/i][i]>[/i],,,,,,
pda_WCSq0K8,Connecting to a box,,,,,,,,,,连接到箱子,,,,,,
pda_Omqueqm,"In Logistics [c][00ff00][ F4 ] [-][/c]:\n- Press the large '[c][ffff00]wireless[-][/c]' [c][ffff00]symbol[-][/c]. [i](middle row, topmost)[/i]",,,,,,,,,,在物流 [c][00ff00][ F4 ] [-][/c]:\n- 按下大的 '[c][ffff00]无线[-][/c]' [c][ffff00]符号[-][/c]。 [i](中间行，最上方)[/i],,,,,,
pda_eueepuO,--,,,,,,,,,,--,,,,,,
pda_maWuqG8,CPU,,,,,,,,,,CPU,,,,,,
pda_48CiCqW,Select Control Panel [P]\n[[CPU Statistics]] tab,,,,,,,,,,选择控制面板 [P]\n[[CPU统计]] 标签页,,,,,,
pda_OGGaK6C,--,,,,,,,,,,--,,,,,,
pda_G8e8KA4,[u][c][ffffff]CPU[-][/c][/u]:\n\n- [b]Soft limit[/b] for a structure's use\n- Exceeding it will make it slower / less powerful\n\n- Increase leeway by placing CPU Extenders\n\n[[[c][ffffff] OK [-][/c]]][c][ffffff] for next page[-][/c]  ( 1 of 2 ),,,,,,,,,,[u][c][ffffff]CPU[-][/c][/u]:\n\n- [b]软限制[/b] 对于建筑结构的使用\n- 超出限制将使其变慢/功率降低\n\n- 通过放置CPU扩展器来增加余量\n\n[[[c][ffffff] 确定 [-][/c]]][c][ffffff] 下一页[-][/c]  ( 1 / 2 ),,,,,,
pda_W5AKGGG,WnOp - Logistics [c][ffffff]ConnectBox [i][c][ff8000](OnByT: LostGarden) (OffByT: LogiCache) >C_OnT[-][/c][/i][-][/c],,,,,,,,,,WnOp - 物流 [c][ffffff]连接箱 [i][c][ff8000]（OnByT：失落花园）（OffByT：物流缓存） >C_OnT[-][/c][/i][-][/c],,,,,,
pda_84SWeu4,(Connected to box),,,,,,,,,,（连接到箱子）,,,,,,
pda_eiKWSj0,[c][00ff00][ T ] [-][/c]To switch toolbars,,,,,,,,,,[c][00ff00][ T ] [-][/c]切换工具栏,,,,,,
pda_amSOSiK,--,,,,,,,,,,--,,,,,,
pda_Iam3CSS,Switch between Toolbars,,,,,,,,,,切换工具栏,,,,,,
pda_WmgCuSq,- [c][ffff00]Press [-][/c][c][00ff00][T] [-][/c]to bring up your toolbar.\n\n- [c][ffff00]Select [-][/c]your [c][ffff00]Multitool[-][/c] in it[c][ffff00][-][/c],,,,,,,,,,- [c][ffff00]按下 [-][/c][c][00ff00][T] [-][/c]以调出你的工具栏。\n\n- [c][ffff00]在其中选择[-][/c]你的[c][ffff00]多功能工具[-][/c][c][ffff00][-][/c],,,,,,
pda_uOCOCeW,--,,,,,,,,,,--,,,,,,
pda_s8QO4SO,Pick up building Blocks\n[i][sub]([c][00ff00] [T][-][/c] to switch toolbars,[/sub][sup]\nMultitool '[c][ffff00]Retrieve Blocks[-][/c]' mode)[/sup][/i],,,,,,,,,拾取建筑方块\n[i][sub]（[c][00ff00] [T][-][/c]切换工具栏,,,,,,
pda_iQIqsm0,...,,,,,,,,,,...,,,,,,
pda_KWCG0Cb,---,,,,,,,,,,---,,,,,,
pda_KOeOeHu,"[i]< [c][ffff00]Pick up[-][/c] some [c][ffffff]plants,[-][/c] and their [c][ffff00]growing plots[-][/c]. >[/i]\n\n[i]< ... Use the [c][ffffff]""Retrieve Blocks""[-][/c] mode from the [b]Multitool[/b] [c][00ff00][RMB] [-][/c].[/i]\n[i]... [T] to switch toolbars. >[/i]",,,,,,,,,,"[i]< [c][ffff00]拾取[-][/c]一些[c][ffffff]植物，[-][/c]以及它们的[c][ffff00]种植槽[-][/c]。 >[/i]\n\n[i]< ... 使用[c][ffffff]""回收方块""[-][/c]模式，从[b]多功能工具[/b] [c][00ff00][RMB] [-][/c]。[/i]\n[i]... [T]切换工具栏。 >[/i]",,,,,,
pda_uOaiGIa,Place [b]Fuel Tank[/b],,,,,,,,,,放置[b]燃料罐[/b],,,,,,
pda_0ieGKei,--,,,,,,,,,,--,,,,,,
pda_U8OCGuq,[i]< Phew. - This has been a really [b]fun [/b]ride. >[/i]\n[i][/i]\n[i]< - Thank you... > [/i],,,,,,,,,,[i]< 呼。 - 这真的是一次非常[b]有趣[/b]的旅程。 >[/i]\n[i][/i]\n[i]< - 谢谢... > [/i],,,,,,
pda_8aTee44,"[u][c][ffffff]Space Drones[-][/c][/u]: \n\nSmall [c][ffffff]Exclamation mark[-][/c] next to marker:\nDrone is alerted, will search out your last position.\n... [c][ffffff]Calling in heavy reinforcements,[-][/c][b] to hunt you down.[/b]\n\n(Keep moving, and use a [b]Detector [/b]to reveal drone locations)",,,,,,,,,,[u][c][ffffff]太空无人机[-][/c][/u]： \n\n标记旁的[c][ffffff]感叹号[-][/c]：\n无人机已警觉，将搜索你的最后位置。\n... [c][ffffff]呼叫重型增援，[-][/c][b]来追捕你。[/b]\n\n（保持移动，并使用[b]探测器[/b]来揭示无人机位置）,,,,,,
pda_amg50i4,WnOp -[c][ffffff] BP[-][/c]Select   [i][c][ff8000](RwByT: InsideWork)[-][/c][/i],,,,,,,,,,WnOp -[c][ffffff]蓝图[-][/c]选择   [i][c][ff8000]（RwByT：内部工作）[-][/c][/i],,,,,,
pda_iSGKaiG,Filling heavy blocks into Factory,,,,,,,,,,将重型方块填入工厂,,,,,,
pda_8Cmii48,- [c][00ff00][ F2 ][-][/c]  (at [c][00ff00][[Factory ]][-][/c] tab)\n- Draw Constructors into the -> [  ] <- resource slot.,,,,,,,,,,- [c][00ff00][ F2 ][-][/c]  （在[c][00ff00][[工厂]][-][/c]标签页）\n- 将建造机拖入 -> [  ] <- 资源槽位。,,,,,,
pda_i8iO4Ki,---,,,,,,,,,,---,,,,,,
pda_qq8OOGe,[u][c][ffffff]Tent[-][/c][/u][i]:[/i]\n\n[b][c][ff8000]Revive [-][/c][/b]here in case of death.\n[sup](Nearest Tent chosen)[/sup]\n\n[c][ffffff]Sleeping [-][/c]will forward time\n - With all its effects.\n\n\n\n--,,,,,,,,,,[u][c][ffffff]帐篷[-][/c][/u][i]：[/i]\n\n[b][c][ff8000]死亡时可在[-][/c][/b]此处复活。\n[sup]（选择最近的帐篷）[/sup]\n\n[c][ffffff]睡觉[-][/c]将推进时间\n - 并产生所有相应影响。\n\n\n\n--,,,,,,
pda_qai8aa4,Checking for Devices[c][00ff00][-][/c],,,,,,,,,,检查设备[c][00ff00][-][/c],,,,,,
pda_aHm4u8m,[sub]- Control Panel [c][00ff00][P][-][/c] ...[/sub]\n... [c][ffff00]Select[-][/c] [c][ffffff][[Device List]][-][/c] [c][ffff00]tab[-][/c],,,,,,,,,,[sub]- 控制面板 [c][00ff00][P][-][/c] ...[/sub]\n... [c][ffff00]选择[-][/c] [c][ffffff][[设备列表]][-][/c] [c][ffff00]标签页[-][/c],,,,,,
pda_mm7amuq,--,,,,,,,,,,--,,,,,,
pda_QeG0O8i,[u][c][ffffff]Overview[-][/c][/u] (2) : \n\n/\       [i]Top row of [b]Tabs[/b][/i]    /\\n[i][sub]E.g. [[ Device List]] [[ Signal Logic ]] ...[/sub][/i]\n\n... To: [b]Specialized [/b]controls,,,,,,,,,,[u][c][ffffff]概览[-][/c][/u] (2) : \n\n/\       [i]标签页顶行[b][/b][/i]    /\\n[i][sub]例如：[[ 设备列表 ]] [[ 信号逻辑 ]] ...[/sub][/i]\n\n... 至：[b]专精 [/b]控制,,,,,,
pda_048WKeq,Block Replacement,,,,,,,,,,方块更换,,,,,,
pda_GaMaC4i,"[c][ffff00]Open [-][/c][c][ffffff]Container Controller[-][/c]\n[i][sup][c][c0c0c0]Access with[-][/c] [c][00ff00][F][-][/c] [c][c0c0c0], like a container[-][/c][/sup][/i]",,,,,,,,,,"[c][ffff00]打开[-][/c][c][ffffff]容器控制器[-][/c]\n[i][sup][c][c0c0c0]访问方式[-][/c] [c][00ff00][F][-][/c] [c][c0c0c0], 如同打开容器[-][/c][/sup][/i]",,,,,,
pda_C8uKeK8,--,,,,,,,,,,--,,,,,,
pda_etCi4S4,"[i]< Those [c][ffffff]missing devices[-][/c], we have to [b]replace[/b]. [/i]\n[i]Otherwise the base stays dead. >[/i]\n\n[i]< There is ...[/i]\n[i]- Please [c][ffff00]Open the [-][/c] [c][ffff00]Container controller[-][/c], next to the old Core location...? >[/i]",,,,,,,,,,[i]< 那些[c][ffffff]缺失的设备[-][/c]，我们必须[b]更换[/b]。[/i]\n[i]否则基地将失去活力。>[/i]\n\n[i]< 有...[/i]\n[i]- 请[c][ffff00]打开[-][/c] [c][ffff00]容器控制器[-][/c]，在旧核心位置旁边...？>[/i],,,,,,
pda_GiKmW4C,(Close Control panel),,,,,,,,,,(关闭控制面板),,,,,,
pda_mqunHie,--,,,,,,,,,,--,,,,,,
pda_i4vuSOG,"\n\n\n[u][/u][c][ffffff][u]Placement Controls[/u]:[-][/c]\n[sub]Rotate:  [c][00ff00][HOME][-][/c] , [c][00ff00][END][-][/c]\n     Axis:  [c][00ff00][INS] [-][/c], [c][00ff00][DEL][-][/c][/sub]\n[sub][c][c0c0c0]Place the block: [ F ][-][/c][/sub]\n\n\n[c][c0c0c0].[-][/c]",,,,,,,,,,"\n\n\n[u][/u][c][ffffff][u]放置控制[/u]:[-][/c]\n[sub]旋转:  [c][00ff00][HOME][-][/c] , [c][00ff00][END][-][/c]\n     轴:  [c][00ff00][INS] [-][/c], [c][00ff00][DEL][-][/c][/sub]\n[sub][c][c0c0c0]放置方块: [ F ][-][/c][/sub]\n\n\n[c][c0c0c0].[-][/c]",,,,,,
pda_uKiQOqO,--,,,,,,,,,,--,,,,,,
pda_GCq0q0q,"[i]< [c][ffff00]Place these devices[-][/c] at a safe spot. >[/i]\n[i][/i]\n[i]< You can [b][c][ffffff]rotate [-][/c][/b]a device with [/i][c][00ff00][HOME] [-][/c][i], [/i][c][00ff00][END] [-][/c].[i] >\n\n< Change the [c][ffffff]rotation [b]axis[/b][-][/c][b][/b] with [/i][c][00ff00][INS] [-][/c][i],[c][00ff00][-][/c][/i][c][00ff00][DEL][-][/c][i][c][00ff00][-][/c]. >[/i]",,,,,,,,,,"[i]< [c][ffff00]将这些设备放置[-][/c]在安全位置。>[/i]\n[i][/i]\n[i]< 你可以用[b][c][ffffff]旋转[-][/c][/b]设备，[/i][c][00ff00][HOME] [-][/c][i], [/i][c][00ff00][END] [-][/c]. >[i]\n\n< 使用[c][ffffff]旋转[b]轴[/b][-][/c][b][/b]键[/i][c][00ff00][INS] [-][/c][i],[c][00ff00][-][/c][/i][c][00ff00][DEL][-][/c][i][c][00ff00][-][/c]. >[/i]",,,,,,
pda_BiSau8m,[u][c][ffffff]Devices tab[-][/c][/u]:\n\n\n[sup]< Left:                                                                             [/sup]\n\nAll Base blocks with functions. (='Devices')\n[i][c][c0c0c0]... Sorted into groups [-][/c]                                   \n[c][c0c0c0]... Check for [-][/c][c][ffffff]damage [c][c0c0c0][-][/c][-][/c][c][c0c0c0]& missing blocks      [-][/c][/i]\n\n\n\n                                                           [sup]Right: >   [/sup]\n\n              ... To access the selected Devices.,,,,,,,,,,[u][c][ffffff]设备选项卡[-][/c][/u]:\n\n\n[sup]< 左侧:                                                                             [/sup]\n\n所有带有功能的基地方块。('设备')\n[i][c][c0c0c0]... 按组分类 [-][/c]                                   \n[c][c0c0c0]... 检查[-][/c][c][ffffff]损坏 [c][c0c0c0][-][/c][-][/c][c][c0c0c0]& 缺失方块      [-][/c][/i]\n\n\n\n                                                           [sup]右侧: >   [/sup]\n\n              ... 用于访问所选设备。,,,,,,
pda_a4i8Wq8,[i]< Scanning >[/i],,,,,,,,,,[i]< 扫描中 >[/i],,,,,,
pda_me8emCW,...,,,,,,,,,,...,,,,,,
pda_MmOuUWG,--,,,,,,,,,,--,,,,,,
pda_GC2haW0,"[i]< But on such a [b]lush [/b]planet, energy is [b]easy to find[/b]... >[/i]",,,,,,,,,,[i]< 但在这样一个[b]繁茂[/b]的星球上，能量是[b]容易找到[/b]的... >[/i],,,,,,
pda_iGqmCSa,"[c][0080ff](nPOI)[-][/c] -alw- Lost[c][ffffff]Garden[-][/c] [c][ffffff]early  [-][/c][c][ff80ff][i][c][ff8000](OffBy: NoMTyet, HasMT , LostGarden[-][/c][c][ff8000])[-][/c][/i][-][/c]",,,,,,,,,,"[c][0080ff](nPOI)[-][/c] -alw- 遗失的[c][ffffff]种植园[-][/c] [c][ffffff]早期  [-][/c][c][ff80ff][i][c][ff8000](关闭方式：NoMTyet, HasMT , LostGarden[-][/c][c][ff8000])[-][/c][/i][-][/c]",,,,,,
pda_KCaCuGu,Valuables,,,,,,,,,,贵重物品,,,,,,
pda_hmCOG84,...,,,,,,,,,,...,,,,,,
pda_4iaa9uu,---,,,,,,,,,,---,,,,,,
pda_eGWUquW,Sig - [c][ffffff]Peeking[-][/c] doors of Workshop [i][c][ff8000](OffBy: OpenHangar) [-][/c][/i][c][ff8000]>C_offT[-][/c],,,,,,,,,,信号 - [c][ffffff]窥视[-][/c]车间门[i][c][ff8000](关闭方式：打开机库) [-][/c][/i][c][ff8000]>C_offT[-][/c],,,,,,
pda_WOC4u8S,...,,,,,,,,,,...,,,,,,
pda_muKiSaa,...,,,,,,,,,,...,,,,,,
pda_k43WUu0,---,,,,,,,,,,---,,,,,,
pda_G4SOK4q,"[i]<  .... You can [b]find their location[/b] with the Base's interface. >[/i]\n[i][/i]\n[i]< [c][ffffff]Point at the floor[-][/c], [/i]\n[i]then open [c][ffff00]Control Panel[-][/c] [c][00ff00][P][-][/c] ... >[/i]",,,,,,,,,,[i]< ....你可以通过基地的界面[b]找到他们的位置[/b]。>[/i]\n[i][/i]\n[i]< [c][ffffff]指向地面[-][/c]，[/i]\n[i]然后打开[c][ffff00]控制面板[-][/c] [c][00ff00][P][-][/c] ... >[/i],,,,,,
pda_Wi84K8W,Check Solar Panels,,,,,,,,,,检查太阳能板,,,,,,
pda_4OsG4eG,"1) At the bottom of the Device list\n[sup](At: ""Ungrouped"")[/sup]\n- [c][ffffff]Click on [c][ffff00]'Solar Panel (Horizontal)'[-][/c][-][/c]\n\n2) At upper screen right\n- Activate[c][ffffff] switch[-][/c][c][ffff00] 'Show on HUD'[-][/c]\n\n\n- Then [c][ffffff]Close[-][/c] Control Panel",,,,,,,,,,"1) 在设备列表底部\n[sup](位于：""未分组"")[/sup]\n- [c][ffffff]点击[c][ffff00]'太阳能板（水平）'[-][/c][-][/c]\n\n2) 在屏幕右上角\n- 激活[c][ffffff]开关[-][/c][c][ffff00]'在HUD上显示'[-][/c]\n\n\n- 然后[c][ffffff]关闭[-][/c]控制面板",,,,,,
pda_sCme8mC,Check Solar Panels,,,,,,,,,,检查太阳能板,,,,,,
pda_fqOauaW,"Find & [c][ffff00]Follow Marker[-][/c] to [b]roof [/b]location\n[sup]( ""Solar Panel 2 (Horizontal)"" )[/sup]",,,,,,,,,,"找到并[c][ffff00]跟随标记[-][/c]到达[b]屋顶[/b]位置\n[sup](""太阳能板2（水平）"")[/sup]",,,,,,
pda_0O0iWCq,--,,,,,,,,,,--,,,,,,
pda_eKCOCin,--,,,,,,,,,,--,,,,,,
pda_KwaqOWu,"1) At the bottom of the Device list\n[sup](Ungrouped, first entry)[/sup]\n- [c][ffffff]Click on [c][ffff00]""Solar Panel 2 (Horizontal)""[-][/c][-][/c]\n\n2) At upper screen right\n- Activate[c][ffffff] switch[-][/c][c][ffff00] ""Show on HUD""[-][/c]\n\n\n---\n( Then: [b]Close[/b] Control Panel",,,,,,,,,,"1) 在设备列表底部\n[sup](未分组，第一项)[/sup]\n- [c][ffffff]点击[c][ffff00]""太阳能板2（水平）""[-][/c][-][/c]\n\n2) 在屏幕右上角\n- 激活[c][ffffff]开关[-][/c][c][ffff00]""在HUD上显示""[-][/c]\n\n\n---\n(然后：[b]关闭[/b]控制面板",,,,,,
pda_aKmuqCG,[i]< That should be it...? >[/i]\n[i][/i]\n[i]< The panels are [c][ffffff]on the roof[-][/c] of the Base. [/i]\n[c][ffff00]Get [-][/c][i][/i][c][ffff00]close to the panel[-][/c][i][c][ffff00][-][/c] you selected. >[/i],,,,,,,,,,[i]< 应该就是这样了...？ >[/i]\n[i][/i]\n[i]< 太阳能板位于基地的[c][ffffff]屋顶[-][/c]上。[/i]\n[c][ffff00]靠近你选择的[-][/c][i][/i][c][ffff00]太阳能板[-][/c][i][c][ffff00][-][/c]。>[/i],,,,,,
pda_qqe8i4a,"[i]< [c][ffffff]Check the displays[-][/c] at the end of the panel... One [b]Green[/b], one [b]Yellow[/b]. >[/i]",,,,,,,,,,[i]< [c][ffffff]检查面板末端的显示屏[-][/c]... 一个[b]绿色[/b]，一个[b]黄色[/b]。>[/i],,,,,,
pda_caSGS0C,Solar Power Stats,,,,,,,,,,太阳能状态,,,,,,
pda_GgmOCue,Get close to marker\n[sup](See large white arrows on this Base)[/sup],,,,,,,,,,靠近标记\n[sup](查看此基地上的大型白色箭头)[/sup],,,,,,
pda_m8ieve0,--,,,,,,,,,,--,,,,,,
pda_G08SGiS,Direct access,,,,,,,,,,直接访问,,,,,,
pda_CS0OauO,- Aim at the solar panel\n- Press [c][00ff00][P] [-][/c]for Control Panel,,,,,,,,,,- 瞄准太阳能板\n- 按[c][00ff00][P] [-][/c]打开控制面板,,,,,,
pda_wOSKahm,[i]< ... This [b]directly selects[/b] it in the Device List! >[/i]\n\n[i]< Useful if you want to quickly tweak things... >[/i],,,,,,,,,,[i]< ... 这[b]直接选择[/b]它在设备列表中！>[/i]\n\n[i]< 如果你想快速调整东西，这很有用... >[/i],,,,,,
pda_aai4qem,Power stats,,,,,,,,,,电源状态,,,,,,
pda_W8muG00,(Close Control Panel),,,,,,,,,,(关闭控制面板),,,,,,
pda_CK0iwme,[i]< You can see your full [b]power stats[/b][/i]\n[i] under that [/i]''[c][ffffff]POWER / FUEL[-][/c]'' [i]column.>[/i]\n\n\n[i]<  ... Your [b]fuel[/b]-based gives about    [/i]\n[i][b]thirty times [/b]the power ... !                           [/i]\n\n---\n([c][ffffff]Close window[-][/c] when done)[c][ff80ff][-][/c],,,,,,,,,,[i]< 你可以在[/i]''[c][ffffff]电源/燃料[-][/c]'' [i]栏目下查看完整的[b]电源状态[/b][/i]\n[i]。>[/i]\n\n\n[i]< ... 你的[b]燃料[/b]基础提供的功率约为   [/i]\n[i][b]三十倍[/b]的电力 ... !                           [/i]\n\n---\n([c][ffffff]完成后关闭窗口[-][/c])[c][ff80ff][-][/c],,,,,,
pda_GqSGWKG,--,,,,,,,,,,--,,,,,,
pda_C88qauW,--,,,,,,,,,,--,,,,,,
pda_Oi0a4eK,"< [i]Even with more panels -  Solar is often just a [c][ffffff]power saver[-][/c], [/i]\n[i]not a main source.... >                       [/i]",,,,,,,,,,< [i]即使有更多面板 - 太阳能通常只是[c][ffffff]电力节省器[-][/c]，[/i]\n[i]不是主要来源.... >                       [/i],,,,,,
pda_anqiqqO,[i]<[c][ffffff] Green[-][/c]- -  for total [c][ffffff]Efficiency[-][/c]. - If the place is good. >[/i]\n\n[i]< [c][ffffff]Yellow [-][/c]- - is [c][ffffff]Current [-][/c][b]Power [/b]output.  >[/i]\n\n[i]<... These things should not be in the shade...[/i]\n[i]And you always need [b]both[/b]. Panel and Capacitor. >[/i],,,,,,,,,,[i]<[c][ffffff] 绿色[-][/c] - - 用于总[c][ffffff]效率[-][/c]。 - 如果位置合适的话。 >[/i]\n\n[i]< [c][ffffff]黄色 [-][/c] - - 是[c][ffffff]当前 [-][/c][b]电力[/b]输出。 >[/i]\n\n[i]<...这些东西不应该在阴影中...[/i]\n[i]而且你总是需要[b]两者[/b]。面板和电容器。 >[/i],,,,,,
pda_K4Weqa4,\n2- Then [c][ffffff]switch to[-][/c] [c][ffff00][[ Statistics ]][-][/c] tab.,,,,,,,,,,\n2- 然后 [c][ffffff]切换到[-][/c] [c][ffff00][[ 统计 ]][-][/c] 选项卡。,,,,,,
pda_Sqmi8S8,--,,,,,,,,,,--,,,,,,
pda_COmouu8,Remove marker\n[sup][c][c0c0c0](Control Panel [P])[-][/c][/sup],,,,,,,,,,移除标记\n[sup][c][c0c0c0]（控制面板 [P]）[-][/c][/sup],,,,,,
pda_CmWeOii,"1- In the [c][ffffff][[ Device List ]] [-][/c], [c][ffff00]turn off the marker[-][/c]\n[i][sup](Select the Ungrouped Solar panel, turn slider off)[/sup][/i]",,,,,,,,,,1- 在 [c][ffffff][[ 设备列表 ]] [-][/c]中，[c][ffff00]关闭标记[-][/c]\n[i][sup]（选择未分组的太阳能板，关闭滑块）[/sup][/i],,,,,,
pda_8Wqu0aK,--,,,,,,,,,,--,,,,,,
pda_4iuaGa8,"[i]< [c][ffffff]First,[-][/c] better [c][ffff00]turn off the[-][/c][/i] [i][c][ffff00]marker[-][/c][/i].[i] >[/i]\n[sub](Solar Panel, Upper right screen, turn off 'Show on HUD'  )[/sub]\n[i]< Else it will be shown all the time... >[/i]\n\n--\n\n[i]< [c][ffffff]Once done, [-][/c]then please [c][ffff00]switch to the [-][/c][/i][c][ffff00][i][/i][[ Statistics ]] [-][/c][i]tab. >[/i]",,,,,,,,,,[i]< [c][ffffff]首先，[-][/c]最好[c][ffff00]关闭[-][/c][/i] [i][c][ffff00]标记[-][/c][/i]。[i] >[/i]\n[sub](太阳能板，右上角屏幕，关闭'在HUD上显示')[/sub]\n[i]< 否则它将一直显示... >[/i]\n\n--\n\n[i]< [c][ffffff]一旦完成，[-][/c]请[c][ffff00]切换到[-][/c][/i][c][ffff00][i][/i][[ 统计 ]] [-][/c][i]标签页。 >[/i],,,,,,
pda_Kem7mWG,Solar Power Stats,,,,,,,,,,太阳能电力统计,,,,,,
pda_0K8Caqu,...,,,,,,,,,,...,,,,,,
pda_XuqCmKC,--,,,,,,,,,,--,,,,,,
pda_CoieKxW,...,,,,,,,,,,...,,,,,,
pda_K0G0iiO,--,,,,,,,,,,--,,,,,,
pda_ACq4u8E,[c][ffffff]Crft[-][/c] -off- [c][80ffff]CalSig[-][/c] [c][ffffff]Crafted [-][/c]biofuel[c][ff8000] [i](OnByT:BiofuelCamp)[/i][-][/c]         [c][ff80ff][c][ff8000]>C_Rw >C_Off[-][/c][-][/c],,,,,,,,,,[c][ffffff]制作[-][/c] -关闭- [c][80ffff]呼叫信号[-][/c] [c][ffffff]已制作[-][/c]生物燃料[c][ff8000] [i]（开启者：生物燃料营地）[/i][-][/c]         [c][ff80ff][c][ff8000]>控制资源 >控制关闭[-][/c][-][/c],,,,,,
pda_C4OmaqW,Crafting done.,,,,,,,,,,制作完成。,,,,,,
pda_uOq44C0,...,,,,,,,,,,...,,,,,,
pda_8qWGuSm,--,,,,,,,,,,--,,,,,,
pda_citmSOu,InvOp - [c][ffffff]HowToPower[-][/c] O2Cond [c][ff8000]>C_Off x3[-][/c],,,,,,,,,,库存操作 - [c][ffffff]如何供电[-][/c] 氧气冷凝器 [c][ff8000]>控制关闭 x3[-][/c],,,,,,
pda_0SGG0ia,...,,,,,,,,,,...,,,,,,
pda_meGSOmC,...,,,,,,,,,,...,,,,,,
pda_EKqne4O,--,,,,,,,,,,--,,,,,,
pda_aiq3Om0,Blkplc - O2 Condenser - Needs fuel[i][c][ff8000] (Offby:O2HowPow)[-][/c][/i],,,,,,,,,,方块放置 - 氧气冷凝器 - 需要燃料[i][c][ff8000] （关闭者：氧气如何供电）[-][/c][/i],,,,,,
pda_uMieCiQ,O2 Generator,,,,,,,,,,氧气发生器,,,,,,
pda_Smiu6SW,- Access with [c][00ff00][F][-][/c],,,,,,,,,,- 使用 [c][00ff00][F][-][/c] 访问,,,,,,
pda_4w8u0SC,--,,,,,,,,,,--,,,,,,
pda_eUWGumm,"[c][0080ff]Mrk[-][/c] - [c][ffffff]Cargo [-][/c]Array [c][ff8000][i](RwByT: ControlP, OffBy: ControlP & CargoArray [/i])[-][/c]",,,,,,,,,,[c][0080ff]标记[-][/c] - [c][ffffff]货舱[-][/c]阵列 [c][ff8000][i]（开启者：控制面板，关闭者：控制面板和货舱阵列 [/i]）[-][/c],,,,,,
pda_v40q4Ta,Cargo Array,,,,,,,,,,货舱阵列,,,,,,
pda_uG0Wu4m,...,,,,,,,,,,...,,,,,,
pda_UWSCG46,--,,,,,,,,,,--,,,,,,
pda_sPHaqaS,No Fuel,,,,,,,,,,无燃料,,,,,,
pda_00QigW0,[i](Close Control Panel)[/i],,,,,,,,,,[i]（关闭控制面板）[/i],,,,,,
pda_00ieeKG,--,,,,,,,,,,--,,,,,,
pda_8N2Ska8,"[i]< ... This base will[b] turn off[/b] soon. >[/i]\n\n[i]< And with it all systems, like Fridges, Weapons... >[/i]\n\n[i]< ... [c][ffffff]Needs more fuel [-][/c]than that.. >[/i]",,,,,,,,,,[i]< ... 这个基地即将[b]关闭[/b]。 >[/i]\n\n[i]< 随之所有系统，如冰箱、武器... >[/i]\n\n[i]< ... [c][ffffff]需要更多燃料[-][/c]。 >[/i],,,,,,
pda_mmuKw88,No Fuel,,,,,,,,,,无燃料,,,,,,
pda_64GK4SW,...,,,,,,,,,,...,,,,,,
pda_eamm0qK,--,,,,,,,,,,--,,,,,,
pda_mu8KQie,[i]< The [c][ffffff]Fuel Tank[-][/c] [b]exploded[/b] ... - And the  new one is [c][ffffff]empty [-][/c]... >[/i],,,,,,,,,,[i]< 燃料罐[c][ffffff]燃料罐[-][/c] [b]爆炸了[/b] ... - 而新的那个是[c][ffffff]空的[-][/c]... >[/i],,,,,,
pda_oOgC2O4,"[sup]At Control Panel [c][00ff00][P][-][/c],\n in [[Main]] tab,[/sup]\n[c][ffffff]Use [c][ffff00][[>>Power]] switch[-][/c][-][/c]",,,,,,,,,,在控制面板 [sup][c][00ff00][P][-][/c]，\n 在 [[Main]] 选项卡中，[/sup]\n[c][ffffff]使用 [c][ffff00][[>>Power]] 开关[-][/c][-][/c],,,,,,
pda_aeSWqWK,--,,,,,,,,,,--,,,,,,
pda_48uimSC,Open Fuel Tank interface,,,,,,,,,,打开燃料罐界面,,,,,,
pda_OmaqGq4,"Get close, point at & [c][ffffff]access Fuel Tank[-][/c] with[c][00ff00] [F][-][/c]",,,,,,,,,,靠近，指向并用[c][ffffff]访问燃料罐[-][/c]，按[c][00ff00] [F][-][/c],,,,,,
pda_KaaahWq,--,,,,,,,,,,--,,,,,,
pda_qKeWmKC,Collect Fuel,,,,,,,,,,收集燃料,,,,,,
pda_jQK0wiu,Take Biofuel,,,,,,,,,,取生物燃料,,,,,,
pda_iXO4mq8,--,,,,,,,,,,--,,,,,,
pda_qqE4iGO,"[i]< Ok! >[/i]\n\n[i]< Now, [b]back [/b]to your [c][ffffff]Fuel Tank.[-][/c][/i]\n[i][c][ffff00]Access [-][/c]it with[c][00ff00] [ F][-][/c] ... >[/i]",,,,,,,,,,[i]< 好的！ >[/i]\n\n[i]< 现在，[b]回到[/b]你的[c][ffffff]燃料罐。[-][/c][/i]\n[i][c][ffff00]使用[-][/c][F][c][00ff00] 来访问[-][/c] ... >[/i],,,,,,
pda_S0YMCSG,Open Repository at ceiling,,,,,,,,,,打开天花板上的仓库,,,,,,
pda_e4Om8Wm,Collect Fuel,,,,,,,,,,收集燃料,,,,,,
pda_GuC8eex,...,,,,,,,,,,...,,,,,,
pda_kiCmWOM,"[i]< Behind you, at the [c][ffffff]ceiling[-][/c] is a [c][ffff00]'Repository[-][/c]' container... [/i][i]- [c][ffff00]Please, open it.[-][/c] >[/i]",,,,,,,,,,[i]< 在你身后，[c][ffffff]天花板[-][/c]上有一个[c][ffff00]'仓库'[-][/c]容器... [/i][i]- [c][ffff00]请打开它。[-][/c] >[/i],,,,,,
pda_iOKqmSu,...,,,,,,,,,,...,,,,,,
pda_C0e0mWb,--,,,,,,,,,,--,,,,,,
pda_CK4OaeK,"[i]< Not much, but for the moment it could do.[/i]\n[i]- [c][ffff00]Take it[-][/c]. >[/i]",,,,,,,,,,[i]< 不多，但暂时够用。[/i]\n[i]- [c][ffff00]拿走它[-][/c]。 >[/i],,,,,,
pda_0rrmaO4,"[i]< Put the [c][ffff00]Biofuel into the slot [-][/c]beween the arrows >[/i]\n\n--\n([b] Close window,[/b] when done. )",,,,,,,,,,[i]< 将[c][ffff00]生物燃料[-][/c]放入箭头之间的槽中 >[/i]\n\n--\n（[b] 完成后关闭窗口。[/b]）,,,,,,
pda_ikueqPH,--,,,,,,,,,,--,,,,,,
pda_KiG40Ou,--,,,,,,,,,,--,,,,,,
pda_48eKFiw,Fill Fuel,,,,,,,,,,填充燃料,,,,,,
pda_884GWO0,Put the Biofuel into the refill slot\nThen close Window,,,,,,,,,,将生物燃料放入补充槽中\n然后关闭窗口,,,,,,
pda_0uiiaWC,Main Power Switch,,,,,,,,,,主电源开关,,,,,,
pda_itiS4GW,--,,,,,,,,,,--,,,,,,
pda_KemCS4q,Activate Antenna,,,,,,,,,,激活天线,,,,,,
pda_qiD8KiS,Turn left lever,,,,,,,,,,转动左侧拉杆,,,,,,
pda_4O8SKCS,"[c][ffffff][ Console ][-][/c] :    [i]"" Activating DEVICES ""[/i]",,,,,,,,,,"[c][ffffff][ 控制台 ][-][/c] :    [i]"" 激活设备 ""[/i]",,,,,,
pda_TOq0OCE,Turn right lever,,,,,,,,,,转动右侧拉杆,,,,,,
pda_m4r4qiu,--,,,,,,,,,,--,,,,,,
pda_aSqeeWu,--,,,,,,,,,,--,,,,,,
pda_em04Cia,"[c][ffffff][ Console ][-][/c] :    [i]    "" Activating SIGNALS ""[/i]",,,,,,,,,,"[c][ffffff][ 控制台 ][-][/c] :    [i]    "" 激活信号 ""[/i]",,,,,,
pda_0WS0e8O,(above) Turn antenna lever,,,,,,,,,,（上方）转动天线拉杆,,,,,,
pda_iumCOWQ,--,,,,,,,,,,--,,,,,,
pda_0KWekKK,"[i]< Good! >[/i]\n[i][/i]\n[i]< Please check [c][00ff00][c][ffff00]Control Panel[-][/c] [P] [-][/c], the [c][ffffff][[ Main ]] [-][/c]tab ... >[/i]",,,,,,,,,,[i]< 好！>[/i]\n[i][/i]\n[i]< 请检查[c][00ff00][c][ffff00]控制面板[-][/c] [P] [-][/c]，在 [c][ffffff][[ 主 ]] [-][/c]选项卡... >[/i],,,,,,
pda_4GS8eSu,Open Control Panel,,,,,,,,,,打开控制面板,,,,,,
pda_uae4ime,"[c][c0c0c0][i](Point at floor)[/i][-][/c]\nOpen Control Panel [c][00ff00][P][-][/c],\n [c][ffffff][[Main]][-][/c] tab",,,,,,,,,,[c][c0c0c0][i]（指向地面）[/i][-][/c]\n打开控制面板 [c][00ff00][P][-][/c]，\n [c][ffffff][[Main]][-][/c] 选项卡,,,,,,
pda_48uGeCS,--,,,,,,,,,,--,,,,,,
pda_04ikCCO,"[i]< We have a Generator, and Fuel... >[/i]\n[i][/i]\n[i]<  - Now try the 'General'[/i][c][ffffff] [c][ffff00][[>>Power]][-][/c] [-][/c][i][c][ffffff]switch [-][/c]straight above... >[/i]",,,,,,,,,,[i]< 我们有一台发电机和燃料... >[/i]\n[i][/i]\n[i]<  - 现在试试'通用'[/i][c][ffffff] [c][ffff00][[>>Power]][-][/c] [-][/c][i][c][ffffff]开关 [-][/c]就在正上方... >[/i],,,,,,
pda_aCq440q,Signal source,,,,,,,,,,信号源,,,,,,
pda_CGeCKKW,--,,,,,,,,,,--,,,,,,
pda_aq8iq0K,invO - [c][ffffff]Container & genny & fuel [-][/c][c][ff8000][i](RwBy:ControlPanel) [/i][-][/c][c][ff8000]>C_RwTsk >C_off [-][/c],,,,,,,,,,库存操作 - [c][ffffff]容器、发电机和燃料[-][/c][c][ff8000][i](重写者：控制面板) [/i][-][/c][c][ff8000]>C_重写任务 >C_关闭 [-][/c],,,,,,
pda_Oim0Gaa,Container Controller,,,,,,,,,,容器控制器,,,,,,
pda_0eiKOG0,Overview,,,,,,,,,,概览,,,,,,
pda_KGa0ikM,--,,,,,,,,,,--,,,,,,
pda_GeeGCqK,"[u][c][ffffff]Cargo Array[-][/c][/u]:\n\nA modular, expandable Cargo system.\n\nIt can store huge volumes.\nGood for [b]large [/b]Devices.\n\n(You can [c][ffffff]drop off your loot[-][/c] here)",,,,,,,,,,[u][c][ffffff]货运阵列[-][/c][/u]：\n\n一个模块化、可扩展的货运系统。\n\n它能存储大量物品。\n适合大型设备。\n\n(你可以在这里存放你的战利品),,,,,,
pda_eC48OOO,"[i]<[c][ffff00] Take one [-][/c][c][ffff00]of each [-][/c]blocks, and [b]place [/b]them. >[/i]\n\n\n[i]< ... These are [b]big[/b]. [/i]\n[i]You can [c][ffffff]split a stack[-][/c] with [c][ffffff][c][ffff00]clicking with[-][/c] [-][/c][c][00ff00][RMB] [-][/c]on them. >[/i]",,,,,,,,,,[i]<[c][ffff00] 每种方块各取一个，然后[-][/c][c][ffff00]放置[-][/c]它们。 >[/i]\n\n\n[i]< ...这些很大。[/i]\n[i]你可以用[c][ffffff][c][ffff00]点击它们[-][/c] [-][/c][c][00ff00][RMB] [-][/c]来拆分一叠。 >[/i],,,,,,
pda_4DmiSmS,[c][0080ff]nPOI[-][/c] - [c][ffffff]CannotReach[-][/c] Farpoint [i][c][ff8000](RwBy:CheckFarm) (OffBy:OpenHangar)[-][/c][/i],,,,,,,,,,[c][0080ff]兴趣点[-][/c] - [c][ffffff]无法到达[-][/c]远点[i][c][ff8000](重写者：检查农场) (关闭者：开启机库)[-][/c][/i],,,,,,
pda_ue0s4S8,[i]( Cannot open )[/i],,,,,,,,,,[i](无法打开)[/i],,,,,,
pda_u8mSCCE,...,,,,,,,,,,...,,,,,,
pda_0OKOq4q,--,,,,,,,,,,--,,,,,,
pda_WSuuU4e,[i]< I cannot reach... the other buildings. >[/i]\n\n[i]< Whatever happened here- - It really has [b]hardened [/b]their defenses... >[/i],,,,,,,,,,[i]< 我够不到...其他的建筑。 >[/i]\n\n[i]< 不管这里发生了什么——确实让他们的防御变得\n坚固了... >[/i],,,,,,
pda_6m8CW4J,"_________ [i](IAntenna, other)[/i]",,,,,,,,,,_________ [i](天线，其他)[/i],,,,,,
pda_8OiKmem,--,,,,,,,,,,--,,,,,,
pda_00W80Oa,--,,,,,,,,,,--,,,,,,
pda_uWSWuee,--,,,,,,,,,,--,,,,,,
pda_mWOip4a,Finding Hidden POI,,,,,,,,,,寻找隐藏兴趣点,,,,,,
pda_8iMGO48,...,,,,,,,,,,...,,,,,,
pda_4eC4eCu,Find Hidden Things,,,,,,,,,,寻找隐藏之物,,,,,,
pda_GuSe8Ka,"- [b]Walk [/b]on this grassless\narea\n- Observe [b]changes[/b]\nin Ring [b]directions[/b]\n\n--\n- [c][ffff00]Dig out and open[-][/c] Treasure, where Rings flip most. \n[c][c0c0c0][i][sup](It's buried very [b]shallow[/b], close to that location)[/sup][/i][-][/c]",,,,,,,,,,- 在这片无草的\n地面上行走\n- 观察环状方向上的\n变化\n\n--\n- 挖掘并打开\n宝藏，那里是环翻转最频繁的地方。\n[c][c0c0c0][i][sup](埋得很浅，靠近那个位置)[/sup][/i][-][/c],,,,,,
pda_CW1SCOk,"[c][0080ff][c][ff80ff]Unusued [-][/c]Mrk[-][/c] - [c][ffffff]Palette[-][/c] Camp [i][c][ff8000]([-][/c][/i][c][00ff00][i]Off[/i][-][/c][c][ff80ff][c][ff8000][i]By-T: BiofuelCamp, OffByT: Same)[/i][-][/c][-][/c]",,,,,,,,,,[c][0080ff][c][ff80ff]未使用[-][/c]标记[-][/c] - [c][ffffff]调色板[-][/c]营地[i][c][ff8000]([-][/c][/i][c][00ff00][i]关闭[/i][-][/c][c][ff80ff][c][ff8000][i]作者：生物燃料营地，关闭作者：相同)[/i][-][/c][-][/c],,,,,,
pda_ekqAi0W,...,,,,,,,,,,...,,,,,,
pda_Kqa8Ck0,...,,,,,,,,,,...,,,,,,
pda_7GOG7iO,--,,,,,,,,,,--,,,,,,
pda_giG4uai,"[i]< This seems like a place, where someone tried to generate Biofuel... >[/i]",,,,,,,,,,[i]< 这看起来像是有人试图制造生物燃料的地方... >[/i],,,,,,
pda_CqCC4q4,[c][0080ff]nPOI) [-][/c]- [b][c][ffffff]Biofuel[-][/c][/b]Camp [c][80ffff]CALx2[-][/c] [i][c][ff8000](OnByT: FillFuel)  [-][/c][/i][c][ff8000]C_OnT x3  >RwTsk x3 >C_offT x2[-][/c],,,,,,,,,,[c][0080ff]兴趣点） [-][/c]- [b][c][ffffff]生物燃料[-][/c][/b]营地 [c][80ffff]CALx2[-][/c] [i][c][ff8000]（启动任务：填充燃料）  [-][/c][/i][c][ff8000]C_OnT x3  >重写任务 x3 >C_offT x2[-][/c],,,,,,
pda_8q4GA8q,More fuel,,,,,,,,,,更多燃料,,,,,,
pda_CwqCRWq,Investigate Signal source,,,,,,,,,,调查信号源,,,,,,
pda_iaaeuGX,--,,,,,,,,,,--,,,,,,
pda_4OiSWGb,More fuel,,,,,,,,,,更多燃料,,,,,,
pda_uG8aueQ,Check Cargo Palette at camp for tools,,,,,,,,,,检查营地货盘，寻找工具,,,,,,
pda_4qimCqO,Woodcutting Tools,,,,,,,,,,伐木工具,,,,,,
pda_uW8KumD,[c][c0c0c0][i]( Close Cargo Box )[/i][-][/c],,,,,,,,,,[c][c0c0c0][i]（关闭货箱）[/i][-][/c],,,,,,
pda_p8q8imq,--,,,,,,,,,,--,,,,,,
pda_0uC0Kiu,Biofuel,,,,,,,,,,生物燃料,,,,,,
pda_eaSCwOe,"[c][ffff00]Collect Wood[-][/c], by cutting trees... [i]Somehow.[/i]",,,,,,,,,,[c][ffff00]收集木材[-][/c]，通过砍树... [i]随便什么方式。[/i],,,,,,
pda_t88QavW,[i]< That's  a good stack ![/i]\n[i]... This should do for the moment. >[/i],,,,,,,,,,[i]< 这可是不少的一堆！[/i]\n[i]...目前来说应该够了。 >[/i],,,,,,
pda_J4WS4aK,--,,,,,,,,,,--,,,,,,
pda_SSC49mq,--,,,,,,,,,,--,,,,,,
pda_UuCqWOC,"[i]< This should be [b]enough[/b], for now... >[/i]\n\n[i]< [c][ffff00]Collect the fuel[-][/c], and [/i][i]let's head back to Base.[/i]\n[i][/i]\n[i]< ... Don't forget your [b]Portable Constructor.[/b] >[/i]",,,,,,,,,,[i]< 这应该 [b]足够[/b]，暂时... >[/i]\n\n[i]< [c][ffff00]收集燃料[-][/c]，然后 [/i][i]我们回基地吧。[/i]\n[i][/i]\n[i]< ...别忘了你的[b]便携式建造机。[/b] >[/i],,,,,,
pda_qmCWauu,Sig -on&SigOff- [c][ff8080][b]Sel&Fork [/b][-][/c]- [c][ffffff]HRexit[-][/c] [c][ff8000][i](OnByT:HRHeal)[/i][-][/c] [c][ff8080]>Rw x2[-][/c],,,,,,,,,,信号开关 - [c][ff8080][b]选择与分支 [/b][-][/c]- [c][ffffff]出舱口[-][/c] [c][ff8000][i]（启动任务：医疗处理）[/i][-][/c] [c][ff8080]>重写 x2[-][/c],,,,,,
pda_4Oi4eCm,Directions,,,,,,,,,,方向,,,,,,
pda_80KOCRC,[i]( ... Calculating... )[/i],,,,,,,,,,[i]（... 计算中...）[/i],,,,,,
pda_8aCKuqu,--,,,,,,,,,,--,,,,,,
pda_qGlSG00,--,,,,,,,,,,--,,,,,,
pda_WW8OamO,--,,,,,,,,,,--,,,,,,
pda_WCCuCa4,[c][0080ff]Mrk[-][/c] - [c][ffffff]RoughDirection[-][/c] CopDeposit [i][c][ff8000](OnBy:DetctRes) (OffBy: CoppDiscover & EnterMine &CuDrone)[-][/c][/i],,,,,,,,,,[c][0080ff]标记[-][/c] - [c][ffffff]粗略方向[-][/c] 副本矿藏 [i][c][ff8000]（启动：检测资源）（关闭：铜发现 & 进入矿场 & 铜无人机）[-][/c][/i],,,,,,
pda_8mC8uio,...,,,,,,,,,,...,,,,,,
pda_SSeGuGq,...,,,,,,,,,,...,,,,,,
pda_qCeSma8,--,,,,,,,,,,--,,,,,,
pda_mSOGG4C,Resource Deposit,,,,,,,,,,资源矿藏,,,,,,
pda_eaqauiO,[c][0080ff]Mrk [-][/c]- [c][ffffff]InsideCop[-][/c]per [i][c][ff8000](OnTskBy: EnterMine)  (OffBy: CuDrone)[-][/c][/i],,,,,,,,,,[c][0080ff]标记 [-][/c]- [c][ffffff]内部副本[-][/c]per [i][c][ff8000]（启动任务：进入矿场）（关闭：铜无人机）[-][/c][/i],,,,,,
pda_GGKeJG0,...,,,,,,,,,,...,,,,,,
pda_WGGCamK,...,,,,,,,,,,...,,,,,,
pda_C0i0KoC,--,,,,,,,,,,--,,,,,,
pda_WG0SOmq,[i]< ... Detecting another [c][ffff00]signal [-][/c]at the tree line. >[/i]\n[i][/i]\n[i]< - Could be helpful. [/i][i]... In [b]several [/b]ways...? >[/i],,,,,,,,,,[i]< ... 在树林边缘检测到另一个[c][ffff00]信号[-][/c]。 >[/i]\n[i][/i]\n[i]< - 可能有用。[/i][i]... 在[b]多种[/b]方面...？ >[/i],,,,,,
pda_G48qmWa,Quick Crafting,,,,,,,,,,快速制造,,,,,,
pda_eu9Oeme,...,,,,,,,,,,...,,,,,,
pda_SCCiWiW,--,,,,,,,,,,--,,,,,,
pda_WumC40C,"[i]< Crafting Biofuel takes time.[/i]\n[i]You could [b]sleep [/b]over it, but that might spoil your food... >[/i]\n\n[i]< Our predecessors here... It seems, they have [c][ffffff]crafted it in parallel[-][/c]. >  [/i]",,,,,,,,,,[i]< 制造生物燃料需要时间。[/i]\n[i]你可以[b]睡觉[/b]等它完成，但那可能会弄坏你的食物... >[/i]\n\n[i]< 我们这里的先驱者... 看起来，他们是[c][ffffff]并行制造的[-][/c]。 >  [/i],,,,,,
pda_IaCOKeS,Sector Map,,,,,,,,,,星区图,,,,,,
pda_44GWqKS,Open playfield / sector map  [c][00ff00][M][-][/c]\n [i][sup](Step 1)[/sup][/i],,,,,,,,,,打开游戏区域/星区图  [c][00ff00][M][-][/c]\n [i][sup]（第一步）[/sup][/i],,,,,,
pda_aSaeKKe,Galaxy Map,,,,,,,,,,星系图,,,,,,
pda_2KeG0SO,Open Galaxy map\n [i][sup]( Click Galaxy Symbol )[/sup][/i],,,,,,,,,,打开星系图\n [i][sup]（点击星系符号）[/sup][/i],,,,,,
pda_aaiiSGq,...,,,,,,,,,,...,,,,,,
pda_W4imEOk,"[sup]                                         /\   Screen edge above; right side  /\[/sup]\n\n[i]< At the [c][ffffff]top of this screen[-][/c], is a row of [b]symbols[/b].          [/i]\n[i]At the right end of them:                                            [/i]\n\n\n- [b]Compass[/b] symbol: Surface or Space Sector map. \n[sup][i]( What you see at the moment )                                                   [/i][/sup]\n\n- [b]Planet [/b]symbol: System map                                     \n\n- [c][ffffff][b]Galaxy[/b][-][/c] symbol: Galaxy map                                      \n\n\n--- \n\n[i]< Please[c][ffff00][-][/c][/i][c][ffff00] click on the symbol [-][/c][i][c][ffff00][-][/c]for the[/i][c][ffff00] [[Galaxy map]][-][/c] [i]. >[/i]",,,,,,,,,,[sup]                                         /\   屏幕上方边缘；右侧  /\[/sup]\n\n[i]< 在[c][ffffff]此屏幕顶部[-][/c]，有一排[b]符号[/b]。          [/i]\n[i]在它们的最右端：                                            [/i]\n\n\n- [b]指南针[/b]符号：地表或太空星区地图。\n[sup][i]（当前所见）                                                   [/i][/sup]\n\n- [b]星球[/b]符号：恒星系图                                     \n\n- [c][ffffff][b]星系[/b][-][/c]符号：星系图                                      \n\n\n--- \n\n[i]< 请[c][ffff00][-][/c][/i][c][ffff00]点击[-][/c][i][c][ffff00][-][/c][[星系图]][/i][c][ffff00]的符号[-][/c] [i]。 >[/i],,,,,,
pda_84OwSwS,--,,,,,,,,,,--,,,,,,
pda_WkOPmG8,--,,,,,,,,,,--,,,,,,
pda_SSvumW6,--,,,,,,,,,,--,,,,,,
pda_eCoSO44,[i]...[/i][i][/i],,,,,,,,,,[i]...[/i][i][/i],,,,,,
pda_D00WQu0,Warp ready,,,,,,,,,,翘曲就绪,,,,,,
pda_Sa4mSGI,...,,,,,,,,,,...,,,,,,
pda_GGKCqGC,--,,,,,,,,,,--,,,,,,
pda_K0imCaK,[i]< This prototype is an [b]interstellar warp-capable[/b] vessel. [/i]\n[i]Time to try it out! >[/i]\n\n[i]< - Please [/i][c][ffff00]Open your Sector map[-][/c][i] with [c][00ff00][-][/c][/i][c][00ff00][M][-][/c][i] ... >[/i],,,,,,,,,,[i]< 这个原型机是一艘 [b]星际翘曲能力[/b]飞船。 [/i]\n[i]是时候试试了！ >[/i]\n\n[i]< - 请 [/i][c][ffff00]打开你的星区地图[-][/c][i]，使用 [c][00ff00][-][/c][/i][c][00ff00][M][-][/c][i] ... >[/i],,,,,,
pda_WamqCwO,"[i]< [/i][i]... This '[b]Explorer Point[/b]' system really is an [b]empty [/b]one...[/i]\n[i]Rather unusual...  >[/i]\n\n[i]< 'Let's check out '[c][ffffff]Heka Artemis[-][/c]', the neighbouring stars ? [/i]\n[i]Select the [c][ffff00]Galaxy map[-][/c] from the top screen symbols. >[/i]",,,,,,,,,,[i]< [/i][i]... 这个 '[b]探索点[/b]' 系统真的是一个 [b]空旷 [/b]的...[/i]\n[i]相当不寻常...  >[/i]\n\n[i]< '让我们去看看 [c][ffffff]赫卡·阿尔忒弥斯[-][/c]，邻近的恒星？ [/i]\n[i]从顶部屏幕符号中选择 [c][ffff00]星系地图[-][/c]。 >[/i],,,,,,
pda_aC08xjS,[i]< This orbit is very empty.... >[/i],,,,,,,,,,[i]< 这个轨道非常空旷.... >[/i],,,,,,
pda_amqeOO4,--,,,,,,,,,,--,,,,,,
pda_qGuSGaW,"[c][ff8000][u]Tutorial warning[/u][-][/c]:                                                  \n[sup][c][c0c0c0]Please double-check your selected Blueprint. [-][/c][c][c0c0c0]It should be a [b]Hover vessel[/b].[-][/c]   \n[c][c0c0c0]Other things might result in problems / loss of resources.[-][/c][/sup]\n\n--\n\n[i]< Draw the [c][ffffff]items from [-][/c]the Connected Toolbar [c][ffff00]into the Resource slot [-][/c]>[/i]\n\n[i]< Then, [c][ffff00]press [-][/c][/i][c][00ff00][[ Start Production ]] [-][/c][i]button. >[/i]",,,,,,,,,,[c][ff8000][u]教程警告[/u][-][/c]:                                                  \n[sup][c][c0c0c0]请仔细检查你选择的蓝图。 [-][/c][c][c0c0c0]它应该是一个 [b]悬浮飞船[/b]。[-][/c]   \n[c][c0c0c0]其他东西可能导致问题 / 资源损失。[-][/c][/sup]\n\n--\n\n[i]< 从 [c][ffffff]已连接工具栏 [-][/c]中 [c][ffff00]取出物品到资源槽 [-][/c]>[/i]\n\n[i]< 然后，[c][ffff00]按下 [-][/c][/i][c][00ff00][[ 开始生产 ]] [-][/c][i]按钮。 >[/i],,,,,,
pda_KG4agig,Find Resource Cache,,,,,,,,,,寻找资源缓存,,,,,,
pda_qqOCIWD,- Take Core & place to claim container,,,,,,,,,,- 拿取核心并放置以认领容器,,,,,,
pda_i4GUeuJ,- Connect to Buried Tech cache.\n[i][sup][c][c0c0c0](Logistics screen: Press big 'Wireless' symbol)[-][/c][/sup][/i]\n- Put Constructor item into yellow 'Connected Toolbar',,,,,,,,,,- 连接到埋藏的技术缓存。\n[i][sup][c][c0c0c0](物流屏幕：点击大 '无线' 符号)[-][/c][/sup][/i]\n- 将建造机物品放入黄色 '已连接工具栏',,,,,,
pda_mOu8mmJ,"[i]< A [c][ffffff]Starter Block[-][/c] - A pre-programmed Core.[/i]\n[i]Build on this, to construct your vessel. >[/i]\n\n[i]< Put it [c][ffff00]into your[-][/c] [c][ffff00]Toolbar[-][/c];  select and [b]place [/b][/i][i]it with [c][00ff00][LMB][-][/c] . >[/i]",,,,,,,,,,[i]< 一个 [c][ffffff]启动方块[-][/c] - 一个预编程的核心。[/i]\n[i]在此基础上建造，以构建你的飞船。 >[/i]\n\n[i]< 将它 [c][ffff00]放入你的[-][/c] [c][ffff00]工具栏[-][/c]； 选择并 [b]放置 [/b][/i][i]它，使用 [c][00ff00][LMB][-][/c] 。 >[/i],,,,,,
pda_8WmOiKa,Queue - Crafting SV starter ([i]Flow warn)[/i],,,,,,,,,,队列 - 制作小型飞船启动器 ([i]流量警告)[/i],,,,,,
pda_CqWSKKa,SV Starter - Only for inner-system,,,,,,,,,,小型飞船启动器 - 仅限星系内部,,,,,,
pda_O8meimS,...,,,,,,,,,,...,,,,,,
pda_EvSG4O0,--,,,,,,,,,,--,,,,,,
pda_mqAWC2c,<[i] You are crafting an [c][ffffff]Small Vessel starter [-][/c][/i]...[i] \nThis could increase mobility a lot - [/i]\n[i]- ... But I fear it [b]won't [/b]help us to reach your Fleet. >[/i]\n[i][/i]\n[i]<  - SV warp drives only work [b]inner-system[/b]... - Usually. >[/i],,,,,,,,,,<[i] 你正在制作一个 [c][ffffff]小型飞船启动器 [-][/c][/i]...[i] \n这可能会大幅提升机动性 - [/i]\n[i]- ... 但我担心它 [b]不会 [/b]帮助我们到达你的舰队。 >[/i]\n[i][/i]\n[i]<  - 小型飞船翘曲引擎只适用于 [b]星系内部[/b]... - 通常如此。 >[/i],,,,,,
pda_SeGCWGq,...,,,,,,,,,,...,,,,,,
pda_W4uWime,--,,,,,,,,,,--,,,,,,
pda_ROq4Gmu,[c][ffffff]Spawn[-][/c] - [c][ffffff]HV[-][/c] starter - Arrow [i][c][ff8000](OffOn: CuttingSpawnTime)  [c][ff80ff]OnBy workshop[-][/c][-][/c][/i],,,,,,,,,,[c][ffffff]生成[-][/c] - [c][ffffff]HV[-][/c] 启动器 - 箭头 [i][c][ff8000](OffOn: CuttingSpawnTime)  [c][ff80ff]由工作坊开启[-][/c][-][/c][/i],,,,,,
pda_Oq4qCLC,Hover Vessel,,,,,,,,,,悬浮飞船,,,,,,
pda_6Ku44E4,... Building started,,,,,,,,,,... 建造开始,,,,,,
pda_i04GKqC,--,,,,,,,,,,--,,,,,,
pda_eOCSwiw,"[i]< Build on this with [b]Small blocks[/b]. >[/i]\n\n[i]< Select the '[c][ffffff]HV[-][/c]' category in the constructors, to pick the right ones. >[/i]",,,,,,,,,,[i]< 用 [b]小型方块[/b] 在此基础上建造。 >[/i]\n\n[i]< 在建造机中选择 '[c][ffffff]悬浮飞船[-][/c]' 类别，以挑选合适的方块。 >[/i],,,,,,
pda_mGCm6Gq,Trg - Vessel trimming (nPOI to thrusterpile) PREP,,,,,,,,,,Trg - 飞船修剪 (nPOI 到推进器堆) 准备,,,,,,
pda_mUK4SmC,New Task,,,,,,,,,,新任务,,,,,,
pda_2SieO4O,New Action,,,,,,,,,,新动作,,,,,,
pda_8CmC80a,---,,,,,,,,,,---,,,,,,
pda_44KKGmK,[i]< The [c][ffffff]arrow [-][/c]points[c][ffffff] toward the front[-][/c][/i]. [i]>[/i],,,,,,,,,,[i]< 那 [c][ffffff]箭头 [-][/c]指向 [c][ffffff]前方[-][/c][/i]。 [i]>[/i],,,,,,
pda_00qGuO8,DvPow - [c][ffffff]PoweredO2[-][/c] Genny [c][ff8000]>C_Rew[-][/c],,,,,,,,,,DvPow - [c][ffffff]供电的氧气[-][/c]发生器 [c][ff8000]>C_Rew[-][/c],,,,,,
pda_4SqUuC0,...,,,,,,,,,,...,,,,,,
pda_Sqs4aum,invCls - [c][ffffff]KeepO2[-][/c] running [c][ff8000][i](RwBy: PowerO2Genny)[/i][-][/c],,,,,,,,,,invCls - [c][ffffff]保持氧气[-][/c]运行 [c][ff8000][i](RwBy: PowerO2Genny)[/i][-][/c],,,,,,
pda_j8Gu0Kc,...,,,,,,,,,,...,,,,,,
pda_gS8aamO,...,,,,,,,,,,...,,,,,,
pda_S4SWu04,--,,,,,,,,,,--,,,,,,
pda_eS4G8Wi,Crft - Crafted O2 Genny[i][c][ff8000] (Offby:O2HowPow)[-][/c][/i],,,,,,,,,,Crft - 制作的氧气发生器[i][c][ff8000] (Offby:O2HowPow)[-][/c][/i],,,,,,
pda_oUGUSOC,Place O2 Condenser,,,,,,,,,,放置氧气冷凝器,,,,,,
pda_48W0q8w,"- Put into your Toolbar\n- Select it, and [c][ffffff]place on ground[-][/c] [c][00ff00][LMB][-][/c]",,,,,,,,,,- 放入你的工具栏\n- 选择它，并 [c][ffffff]放置在地面上[-][/c] [c][00ff00][LMB][-][/c],,,,,,
pda_i0uiIu0,--,,,,,,,,,,--,,,,,,
pda_CqGCGWO,[-],,,,,,,,,,[-],,,,,,
pda_OOOCeGW,--,,,,,,,,,,--,,,,,,
pda_COSbOGm,"[i]< All of these have different [b]specialites .[/b][/i]\n[i]... Some are time-effective. Others don't need ammo.  >[/i]\n\n[i]<  [c][ffff00]Choose some tools[-][/c], and then let's [c][ffff00]cut some trees[-][/c]. >[/i]",,,,,,,,,,[i]< 所有这些都有不同的 [b]专长 。[/b][/i]\n[i]... 有些节省时间。有些不需要弹药。  >[/i]\n\n[i]<  [c][ffff00]选择一些工具[-][/c]，然后让我们 [c][ffff00]砍些树[-][/c]。 >[/i],,,,,,
pda_8K80iu2,Quick Crafting,,,,,,,,,,快速制作,,,,,,
pda_uCOVVUO,Pick up Biofuel into your Inventory,,,,,,,,,,将生物燃料拾取到你的物品栏,,,,,,
pda_eGmi0u8,--,,,,,,,,,,--,,,,,,
pda_K0uuWGq,"[i]< A device to gain some residual water even out of rock. >[/i]\n[i][/i]\n[i]< Put the[c][ffffff] O2 Condenser [-][/c]into your [b]toolbar[/b]. [/i]\n[i]Then select it, and [c][ffff00]place it on soil[-][/c]. >[/i]",,,,,,,,,,[i]< 一种甚至能从岩石中获取残余水分的设备。 >[/i]\n[i][/i]\n[i]< 将 [c][ffffff]氧气冷凝器 [-][/c]放入你的 [b]工具栏[/b]。 [/i]\n[i]然后选择它，并 [c][ffff00]将其放置在土壤上[-][/c]。 >[/i],,,,,,
pda_euSoCIe,"[i]< Access it with [c][00ff00][F] [-][/c]. [/i]\n[i][/i]\n[i]< This device needs to be [c][ffffff]filled with a fuel source,[-][/c] though.>[/i]",,,,,,,,,,[i]< 通过 [c][00ff00][F] [-][/c] 访问它。 [/i]\n[i][/i]\n[i]< 不过，这个设备需要 [c][ffffff]填充燃料源，[-][/c] 才行。>[/i],,,,,,
pda_m0uG8YM,Queue - [c][ff80ff]Does not work with SuitC [-][/c]OxygenGenerator[i][c][ff8000] (Offby:O2HowPow) [-][/c][/i],,,,,,,,,,队列 - [c][ff80ff]不适用于套装C [-][/c]氧气发生器[i][c][ff8000] (Offby:O2HowPow) [-][/c][/i],,,,,,
pda_wqKOWic,Crafting,,,,,,,,,,制作,,,,,,
pda_0m4mGqx,...,,,,,,,,,,...,,,,,,
pda_CamCCKG,--,,,,,,,,,,--,,,,,,
pda_OCwiCSq,Tb_Sel (M_Thruster)  -  [c][ffffff]symmetry [-][/c]NBuilder,,,,,,,,,,Tb_Sel (M_Thruster)  -  [c][ffffff]对称性 [-][/c]NBuilder,,,,,,
pda_uSmiAa8,...,,,,,,,,,,...,,,,,,
pda_WGKOeYq,...,,,,,,,,,,...,,,,,,
pda_KSiSOeS,---,,,,,,,,,,---,,,,,,
pda_4KCGqWe,What it is,,,,,,,,,,它是什么,,,,,,
pda_GCiGi5W,...,,,,,,,,,,...,,,,,,
pda_qiqKe4e,--,,,,,,,,,,--,,,,,,
pda_k8vuSiG,"[u][c][ffffff]Blueprints ""Library""[-][/c][/u]- Overview:\n\n\n[sup][i]< Left[/i][/sup]                                                                                                                 [sup][i]Right >[/i][/sup]\n[c][ffffff]Designs[-][/c] available                                                                                     [c][ffffff]Costs[-][/c][i] &[/i]\n[i][c][c0c0c0]( 'Blueprints' )[-][/c]                                                                                     [/i]Conditions\n\n\n\n\n\n                                                                                                     [sup][i]Bottom Right \/[/i][/sup]\n                                                                                                            [c][ffffff]Manage[-][/c]\n                                                                                                    your Designs \n\n---\n[[[c][ffffff] OK [-][/c]]][c][ffffff] for next page[-][/c]  ( 2 of 3 )",,,,,,,,,,"[u][c][ffffff]蓝图 ""库""[-][/c][/u]- 概览：\n\n\n[sup][i]< 向左[/i][/sup]                                                                                                                 [sup][i]向右 >[/i][/sup]\n[c][ffffff]设计[-][/c] 可用                                                                                     [c][ffffff]成本[-][/c][i] &[/i]\n[i][c][c0c0c0]( '蓝图' )[-][/c]                                                                                     [/i]条件\n\n\n\n\n\n                                                                                                     [sup][i]右下 \/[/i][/sup]\n                                                                                                            [c][ffffff]管理[-][/c]\n                                                                                                    你的设计 \n\n---\n[[[c][ffffff] 确定 [-][/c]]][c][ffffff] 下一页[-][/c]  ( 2 / 3 )",,,,,,
pda_Ca4GK8e,Blueprints & Factory [c][00ff00][ F2 ][-][/c],,,,,,,,,,蓝图与工厂 [c][00ff00][ F2 ][-][/c],,,,,,
pda_4eKGKqa,...,,,,,,,,,,...,,,,,,
pda_KamC8a0,--,,,,,,,,,,--,,,,,,
pda_C4qWuau,"1- Upper left horizontal symbols- [c][ffffff]Filter[-][/c] [c][ffffff]for[-][/c] [c][ffff00]Hovers[-][/c] [i]( = Click the 'Landspeeder' symbol)[/i]\n\n2-[c][ffff00] Select a Hover vessel[-][/c] from list [i] ( Ideally, the ""[b]Ascalon Nibiru[/b]"" )[/i]\n\n3 - Bottom right screen corner: [c][00ff00][c][ffff00]Press [-][/c][[ Choose for Factory ]][-][/c]",,,,,,,,,,"1- 左上角水平符号- [c][ffffff]过滤器[-][/c] [c][ffffff]用于[-][/c] [c][ffff00]悬浮飞船[-][/c] [i]( = 点击'陆行艇'符号)\n\n2-[c][ffff00] 从列表中选择一个悬浮飞船[-][/c] (理想情况下，选择""[b]阿斯卡隆尼比鲁[/b]"")[/i]\n\n3 - 右下角屏幕： [c][00ff00][c][ffff00]按下 [-][/c][[ 选择制造 ]][-][/c]",,,,,,
pda_84qa4kC,Blueprints & Factory\n[sup][c][c0c0c0]Keypress:[-][/c] [c][00ff00][ F2 ][-][/c][/sup],,,,,,,,,,蓝图与工厂\n[sup][c][c0c0c0]按键：[-][/c] [c][00ff00][ F2 ][-][/c][/sup],,,,,,
pda_mmqFi0S,"""[b]Library[/b]"" tab:\n1- Click [c][ffff00]Hover Vessel [u]symbol[/u][-][/c]\n [i][sup](top left, like in constructors, similar to a landspeeder)[/sup][/i]\n2- [c][ffff00]Select a Hover Vessel[-][/c]\nfrom the list\n [i][sup](E.g. ""Ascalon Nomad"", or ""ZeroG Specter"")[/sup][/i]\n3- Click [c][00ff00][[Choose for Factory ]][-][/c] button",,,,,,,,,,"""[b]库[/b]"" 标签：\n1- 点击[c][ffff00]悬浮飞船[u]符号[/u][-][/c]\n [i][sup](左上角，像建造机，类似于陆行艇)[/sup][/i]\n2- [c][ffff00]从列表中选择一个悬浮飞船[-][/c]\n [i][sup](例如 ""阿斯卡隆游牧者""，或 ""零重力幽灵"")[/sup][/i]\n3- 点击 [c][00ff00][[选择制造 ]][-][/c] 按钮",,,,,,
pda_iSK8qSC,--,,,,,,,,,,--,,,,,,
pda_WOW444g,"[c][0080ff](nPOI)[-][/c] - HV [c][ffffff]Spawn[-][/c]Times [i][c][ff8000](OnBy:BPSelect)[-][/c][/i]  [c][ff8000]>C_On x2 , >C_OnT x2,  >C_OffT x2[-][/c]",,,,,,,,,,"[c][0080ff](nPOI)[-][/c] - 悬浮飞船[c][ffffff]生成[-][/c]时间 [i][c][ff8000](开启:BP选择)[-][/c][/i]  [c][ff8000]>C_On x2 , >C_OnT x2,  >C_OffT x2[-][/c]",,,,,,
pda_4aCWuue,[i]< This [b]O2 / Water Condenser[/b] is part of any [c][ffffff]survival gear.[-][/c].. >[/i]\n[i][/i]\n[i]< It works even on the dryest moon... [/i]\n[i]Collecting the water out of the rock itself. >[/i],,,,,,,,,,[i]< 这个[b]氧气/水冷凝器[/b]是任何[c][ffffff]生存装备[-][/c]的一部分。[/i].. >[i]\n[/i][i]\n[/i]< 它甚至在干燥的卫星上也能工作... [i]\n[/i]从岩石本身收集水。 >,,,,,,
pda_ainGKmB,[i]< [b]Turrets are down[/b]! Well done!! >[/i]\n[i][/i]\n[i]< Now it will be just half-difficult to-- - >[/i],,,,,,,,,,[i]< [b]炮塔已关闭[/b]！干得好！！ >[/i]\n[i][/i]\n[i]< 现在它将只是有点困难—— >[/i],,,,,,
pda_C4a4C4a,--,,,,,,,,,,--,,,,,,
pda_uCuOSaC,--,,,,,,,,,,--,,,,,,
pda_080u0O8,____[c][ffff00] HV[-][/c] ______,,,,,,,,,,____[c][ffff00] 悬浮飞船[-][/c] ______,,,,,,
pda_GiKq8u6,...,,,,,,,,,,...,,,,,,
pda_408mW4q,...,,,,,,,,,,...,,,,,,
pda_CmKDmWm,--,,,,,,,,,,--,,,,,,
pda_uCOG0OW,InvC - on - Starter[c][ffffff][-][/c]BA (Handling info),,,,,,,,,,物品栏 - 开启 - 启动器[c][ffffff][-][/c]基地（处理信息）,,,,,,
pda_eS8SC4O,Base Starter,,,,,,,,,,基地启动器,,,,,,
pda_e44u40S,...,,,,,,,,,,...,,,,,,
pda_8eOB4Km,---,,,,,,,,,,---,,,,,,
pda_C0qqaS8,Spawn - [c][ffffff]Placed BA [-][/c]starter or Base (General) [i][c][ff8000](OffByT:CloneHome)[-][/c][/i],,,,,,,,,,生成 - [c][ffffff]放置的基地[-][/c]启动器或基地（通用）[i][c][ff8000](关闭:克隆家)[-][/c][/i],,,,,,
pda_a8OuuCl,Base Building,,,,,,,,,,基地建造,,,,,,
pda_GSOiWCu,...,,,,,,,,,,...,,,,,,
pda_KCuS4wS,--,,,,,,,,,,--,,,,,,
pda_eOWwqw0,_________ [i](Workshop builder)[/i],,,,,,,,,,_________ [i](工作坊建造者)[/i],,,,,,
pda_WEWeOqS,--,,,,,,,,,,--,,,,,,
pda_O028GaW,--,,,,,,,,,,--,,,,,,
pda_0sS4q04,--,,,,,,,,,,--,,,,,,
pda_mGiSQ04,"_________ [i](Artillery, other)[/i]",,,,,,,,,,_________ [i](火炮，其他)[/i],,,,,,
pda_mmm8iJq,--,,,,,,,,,,--,,,,,,
pda_wqQKuK8,--,,,,,,,,,,--,,,,,,
pda_8JO80KW,--,,,,,,,,,,--,,,,,,
pda_uGmoUWx,"_________ [i](InsideDrone Base, other)[/i]",,,,,,,,,,_________ [i](无人机基地内，其他)[/i],,,,,,
pda_SmuHSqa,--,,,,,,,,,,--,,,,,,
pda_8hqaSWm,--,,,,,,,,,,--,,,,,,
pda_aWSqi4U,--,,,,,,,,,,--,,,,,,
pda_gSuaoui,____[c][ffff00] BA[-][/c] ______,,,,,,,,,,____[c][ffff00] 基地[-][/c] ______,,,,,,
pda_q0K0eei,...,,,,,,,,,,...,,,,,,
pda_iq878SM,...,,,,,,,,,,...,,,,,,
pda_DumKCKq,--,,,,,,,,,,--,,,,,,
pda_OmSimCa,Use the red [c][ffffff][b]Rings of the Radar[/b][-][/c] to locate what tries to hide.\n[i][c][c0c0c0][sup](Radar: Upper right screen corner,large red rings around it)[/sup][-][/c][/i],,,,,,,,,使用雷达的红色[c][ffffff][b]环[/b][-][/c]来定位试图隐藏的东西。\n[i][c][c0c0c0][sup](雷达：屏幕右上角,,,,,,
pda_qiMWK0G,--,,,,,,,,,,--,,,,,,
pda_Sm8iKKm,[i]< This could be it...? >[/i],,,,,,,,,,[i]< 这可能就是它...？ >[/i],,,,,,
pda_waGC0O4,[c][ff80ff]Unused [-][/c]invCls & winCls - TechCacheStrange PREP,,,,,,,,,,[c][ff80ff]未使用的 [-][/c]invCls & winCls - 科技缓存奇怪准备,,,,,,
pda_mAqOGq8,...,,,,,,,,,,...,,,,,,
pda_Gw4OQmi,...,,,,,,,,,,...,,,,,,
pda_WKq8eqC,--,,,,,,,,,,--,,,,,,
pda_SCiWOih,"[i]< This container ... [/i][i]is [b]strange[/b]. >[/i]\n[i][/i]\n[i]< Lined with detector-cloaking material, while emitting[/i][i] back false sensor data...?  >[/i]",,,,,,,,,,[i]< 这个容器... [/i][i]很[b]奇怪[/b]。 >[/i]\n[i][/i]\n[i]< 内衬探测器隐形材料，同时发射[/i][i]虚假传感器数据...？  >[/i],,,,,,
pda_0q48qOe,"[u][c][ffffff]Treasure Finder[-][/c][/u]:\n\nUpper screen corner, [b]around the radar[/b] >>\n[c][ffffff]Red '[b]direction hint[/b]' rings.                              [-][/c]\n\n... The more [b]inner [/b]ring elements,     \nthe more Structures you could find \nin [b]this general direction[/b].",,,,,,,,,,[u][c][ffffff]宝藏探测器[-][/c][/u]:\n\n屏幕上方角落，[b]雷达周围[/b] >>\n[c][ffffff]红色'[b]方向提示[/b]'环。                              [-][/c]\n\n... 更多的[b]内环[/b]元素，\n你可以在[b]这个大致方向[/b]找到更多结构。,,,,,,
pda_iiOm4uu,"[i]< The radar rings have a [b]much higher sensitivity[/b][/i]...\n[i]They always point roughly towards a Structure. >[/i]\n\n[i]< [b]Walk in that area[/b], and [c][ffffff]use their direction changes [-][/c]to [c][ffff00]locate the hidden[-][/c] signal. >[/i]",,,,,,,,,,[i]< 雷达环具有[b]更高的灵敏度[/b][/i]...\n[i]它们总是指向大致方向的一个结构。 >[/i]\n\n[i]< [b]在那个区域行走[/b]，并用[c][ffffff]它们的方向变化[-][/c]来[c][ffff00]定位隐藏的[-][/c]信号。 >[/i],,,,,,
pda_ImqWm8O,Too large for inventory,,,,,,,,,,太大，无法放入物品栏,,,,,,
pda_m8eq4KC,...,,,,,,,,,,...,,,,,,
pda_4WS8AGS,--,,,,,,,,,,--,,,,,,
pda_Gme4euS,[i]< You -could- just put these into your yellow toolbar... [/i]\n[i]But if you want to transfer much - [c][ffff00]Place that core on this[-][/c]  box- >[/i],,,,,,,,,,[i]< 你也可以只是把这些放入你的黄色工具栏... [/i]\n[i]但如果你想转移大量物品 - [c][ffff00]把这个核心放在这个[-][/c]盒子上- >[/i],,,,,,
pda_eOWK8am,Claim container with Core\n[sup](Switch toolbars with [T] )[/sup],,,,,,,,,,用核心认领容器\n[sup](用 [T] 切换工具栏)[/sup],,,,,,
pda_MqqKSaC,"[i]< Good![/i]\n[i]A [b]Core [/b]generates a minimal Logistics field. Still works, as long as you touch a surface.[/i][i] >[/i]\n\n[i]< [c][ffff00]Stand on that Cache[-][/c], and [c][ffff00]open [-][/c][b][c][ffff00]Logistics[-][/c] [/b][c][00ff00][ F4 ] [-][/c]. >[/i]",,,,,,,,,,[i]< 好！[/i]\n[i]一个[b]核心[/b]生成一个最小的物流场。只要你接触表面，它仍然有效。[/i][i] >[/i]\n\n[i]< [c][ffff00]站在那个缓存上[-][/c]，然后[c][ffff00]打开[-][/c][b][c][ffff00]物流[-][/c] [/b][c][ F4 ] [00ff00][-]。 >[/i],,,,,,
pda_84q8u0C,Mass Teleport Loot[c][ffff00][c][00ff00][-][/c][-][/c],,,,,,,,,,批量传送战利品[c][ffff00][c][00ff00][-][/c][-][/c],,,,,,
pda_Z0IaWih,_____________ BIOFUEL camp ______________,,,,,,,,,,_____________ 生物燃料营地 ______________,,,,,,
pda_G7484K0,--,,,,,,,,,,--,,,,,,
pda_mSswGuP,--,,,,,,,,,,--,,,,,,
pda_aWiamSU,--,,,,,,,,,,--,,,,,,
pda_aueuX88,_____________ FARM BUILDER ______________,,,,,,,,,,_____________ 农场建造者 ______________,,,,,,
pda_eO4q8i8,--,,,,,,,,,,--,,,,,,
pda_OOKqS4W,--,,,,,,,,,,--,,,,,,
pda_0OGeS0i,--,,,,,,,,,,--,,,,,,
pda_Ka8u8K8,[c][0080ff]nPOI[-][/c] - [c][0080ff]Task[-][/c] - [c][80ffff]CAL10[-][/c][c][ffffff] Place alll[-][/c] the things [i][c][ff8000](OnBy: LogisticsCache) >C_onT >C_OffT[-][/c][/i],,,,,,,,,,[c][0080ff]nPOI[-][/c] - [c][0080ff]任务[-][/c] - [c][80ffff]CAL10[-][/c][c][ffffff] 放置所有[-][/c]的东西[i][c][ff8000](开启: 物流缓存) >C_onT >C_OffT[-][/c][/i],,,,,,
pda_0mse8ah,[c][ffff00]Place the new Blocks[-][/c],,,,,,,,,,[c][ffff00]放置新方块[-][/c],,,,,,
pda_0Giut4C,CPU extender\n[sup][c][c0c0c0][i]Place with yellow Toolbar![/i][-][/c][/sup],,,,,,,,,,CPU扩展器\n[sup][c][c0c0c0][i]使用黄色工具栏放置！[/i][-][/c][/sup],,,,,,
pda_SGn4mqC,---,,,,,,,,,,---,,,,,,
pda_WemW04q,...,,,,,,,,,,...,,,,,,
pda_e0qkq8O,"[i]< Those are far [c][ffffff]too large[-][/c] for you to carry. >[/i]\n\n[i]< To [b]loot [/b]this, you will need the [c][ffffff]Logistics [-][/c]again... >[/i]",,,,,,,,,,[i]< 那些对你来说[c][ffffff]太大了[-][/c]，无法携带。 >[/i]\n\n[i]< 要[b]搜刮[/b]这个，你需要再次使用[c][ffffff]物流 [-][/c]... >[/i],,,,,,
pda_Cqu0qam,"[i][c][c0c0c0](Logistics[-][/c] [c][00ff00][ F4 ][-][/c][c][c0c0c0] Left side, drop down menu)[-][/c][/i]\n\n- Left: Select from Player to ""[c][ffff00][u]Buried /Tech Cache[/u][-][/c]"".\n- (Right: Keep  ""[u]Offworld Farm""[/u] / [u]""Fridge Input[/u]"")\n\n... Move a [c][ffff00]CPU Extender[-][/c] and a[c][ffff00] Solar Capacitors[-][/c] into your Farm's container.\n\n[b][c][c0c0c0][i]([c][ffff00]Return to Farm[-][/c] when done)[/i][-][/c][/b]",,,,,,,,,,"[i][c][c0c0c0](物流[-][/c] [c][00ff00][ F4 ][-][/c][c][c0c0c0] 左侧，下拉菜单)[-][/c][/i]\n\n- 左侧：从玩家选择到 ""[c][ffff00][u]埋藏/科技缓存[/u][-][/c]""。\n- (右侧：保持 ""[u]外域农场""[/u] / ""[u]冰箱输入[/u]"")\n\n... 将一个[c][ffff00]CPU扩展器[-][/c]和一个[c][ffff00]太阳能电容器[-][/c]移入你农场的容器。\n\n[b][c][c0c0c0][i]([c][ffff00]完成后返回农场[-][/c])[/i][-][/c][/b]",,,,,,
pda_eOYO04S,"[sup]... Left side:   [c][ffffff] [Player > ] [-][/c] , [ Player Inventory > ] [/sup]\n[sup]... and right:   [Offworld Farm > ] , e.g.   [Fridge >]        [/sup]\n\n- [c][ffffff][c][ffff00]Switch [-][/c][-][/c]left dropdown[c][ffffff] from 'Player' to [c][ffff00]""Buried/Tech Cache""[-][/c][-][/c] . \n\n\nThen,  [c][ffff00]press the arrows in center screen, [-][/c]\nto push the loot from ""Tech Cache"" (left), \ninto your farm's container (right).",,,,,,,,,,"[sup]... 左侧：  [c][ffffff] [玩家 > ] [-][/c] ， [玩家物品栏 > ] [/sup]\n[sup]... 右侧：  [外域农场 > ] ，例如 [冰箱 >]        [/sup]\n\n- [c][ffffff][c][ffff00]切换 [-][/c][-][/c]左侧下拉菜单[c][ffffff] 从 '玩家' 到 [c][ffff00]""埋藏/科技缓存""[-][/c][-][/c] 。 \n\n\n然后，  [c][ffff00]按中央屏幕的箭头， [-][/c]\n将战利品从 ""科技缓存""（左侧）推入\n你农场的容器（右侧）。",,,,,,
pda_0iauaOW,Uproot Plants?,,,,,,,,,,拔起植物？,,,,,,
pda_OmaeOKi,[c][0080ff]Mrk[-][/c] & Trg - [c][ffffff][b]Lost[/b] [-][/c]Garden -[c][ff80ff] [c][ff8000][i](OnBy: [c][ff8040]ToGarden [-][/c])[/i]  >C_On x2 >C_Off[-][/c][-][/c],,,,,,,,,,[c][0080ff]标记[-][/c] & 触发 - [c][ffffff][b]失落[/b] [-][/c]花园 -[c][ff80ff] [c][ff8000][i](开启: [c][ff8040]到花园 [-][/c])[/i]  >C_On x2 >C_Off[-][/c][-][/c],,,,,,
pda_03SUEGC,[i](Lost Garden)[/i],,,,,,,,,,[i](失落花园)[/i],,,,,,
pda_eOOuK4O,[c][0080ff]Mrk[-][/c]&Trg Back[c][ffffff]ToFarm[-][/c] [i][c][ff8000](RwBy: CraftFuel) [-][/c][/i][c][ff8000]>C_OffTx4  >CRw x3 >C_OnT[-][/c][c][ff8000] x4 [c][80ffff]Sig[-][/c][-][/c],,,,,,,,,,[c][0080ff]标记[-][/c]&触发返回[c][ffffff]到农场[-][/c] [i][c][ff8000](由: 制作燃料) [-][/c][/i][c][ff8000]>C_OffTx4  >CRw x3 >C_OnT[-][/c][c][ff8000] x4 [c][80ffff]信号[-][/c][-][/c],,,,,,
pda_GCJ4abC,Check new fuel time,,,,,,,,,,检查新的燃料时间,,,,,,
pda_4WW4GiK,"Open Control Panel [c][00ff00][P][-][/c] ,\n[c][ffff00][[ Main ]][-][/c] tab",,,,,,,,,,打开控制面板 [c][00ff00][P][-][/c] ，\n[c][ffff00][[ 主 ]][-][/c] 标签,,,,,,
pda_uqaKWmG,--,,,,,,,,,,--,,,,,,
pda_8aG4WaG,____[c][ffff00]O2 Condenser[-][/c] ______,,,,,,,,,,____[c][ffff00]氧气冷凝器[-][/c] ______,,,,,,
pda_50uKuc4,...,,,,,,,,,,...,,,,,,
pda_qSCWWuW,...,,,,,,,,,,...,,,,,,
pda_OLI4KLi,--,,,,,,,,,,--,,,,,,
pda_quKGC0S,"[i]< Full of [b]growing plots[/b]... >[/i]\n[i][/i]\n[i]< These are much more [c][ffffff]valuable[-][/c], if left in one piece. [/i]\n[i]... But to pick them up, we need [b]better tools[/b]... >[/i]",,,,,,,,,,[i]< 满是[b]生长中的种植区[/b]... >[/i]\n[i][/i]\n[i]< 如果保持完整，这些会[c][ffffff]有价值得多[-][/c]。 [/i]\n[i]... 但要捡起它们，我们需要[b]更好的工具[/b]... >[/i],,,,,,
pda_G40I0q0,Direct Acess,,,,,,,,,,直接访问,,,,,,
pda_GC00a0q,"Access your Fuel tank\nStand close to exterior wall, point at structure, press [c][00ff00][P].[-][/c]",,,,,,,,,,访问你的燃料罐\n站在外墙附近，指向结构，按 [c][00ff00][P]。[-][/c],,,,,,
pda_WIaOiqi,--,,,,,,,,,,--,,,,,,
pda_uMmi4GS,"[i]< You do not need to get inside... [/i]\n[i]You can [b]fill your Tank[/b] from right here. >[/i]\n\n[i]< Stand [c][ffff00]close[-][/c],[c][ffff00] point at a wall,[-][/c] press [c][00ff00][-][/c][c][ffff00][c][00ff00][P][-][/c] [-][/c]for Control Panel. >[/i]",,,,,,,,,,[i]< 你不需要进入内部... [/i]\n[i]你可以[b]在这里直接填充你的燃料罐[/b]。 >[/i]\n\n[i]< 站在[c][ffff00]靠近[-][/c]，[c][ffff00]指向墙壁，[-][/c]按下 [c][00ff00][-][/c][c][ffff00][c][00ff00][P][-][/c] [-][/c]打开控制面板。 >[/i],,,,,,
pda_qOOgaiM,[i]< Now switch to the [/i][c][00ff00][[ Devices ]][-][/c][i][c][00ff00][-][/c] tab... >[/i],,,,,,,,,,[i]< 现在切换到 [/i][c][00ff00][[ 设备 ]][-][/c][i][c][00ff00][-][/c] 标签... >[/i],,,,,,
pda_O98G86e,Fill by Control Panel [c][00ff00][P][-][/c],,,,,,,,,,通过控制面板填充 [c][00ff00][P][-][/c],,,,,,
pda_Ia8m04W,- Open [c][00ff00][[ Devices ]][-][/c] tab\n- Select Fuel tank in list.,,,,,,,,,,- 打开 [c][00ff00][[ 设备 ]][-][/c] 标签\n- 在列表中选择燃料罐。,,,,,,
pda_SSO48K0,- Click on[c][00ff00] [[Access]] [-][/c]button\n[sup](upper right edge)[/sup],,,,,,,,,,- 点击[c][00ff00] [[Access]] [-][/c]按钮\n[sup](右上角边缘)[/sup],,,,,,
pda_SSOO4qW,"[i]< Fill the new [c][ffff00]Fuel into your tank[-][/c]. >[/i]\n[i] ... Then let's see how much [b]time [/b]that yields. >[/i]\n\n---\n( When done, close this window; open[b] Control Panel[/b], [[ Main]] tab)",,,,,,,,,,[i]< 将新的[c][ffff00]燃料注入你的罐[-][/c]。 >[/i]\n[i] ...然后让我们看看这能节省多少[b]时间[/b]。 >[/i]\n\n---\n(完成后，关闭此窗口；打开[b] 控制面板[/b]，[[主]]标签页),,,,,,
pda_KSq0SGo,"[i]< To the left... A bit better...             [/i]\n[i]Good for a [c][ffffff]Fridge[-][/c], and farming.[/i] >\n\n[i]< ...But once you start [b]crafting[/b],     [/i]\n[i]this probably won't last long. >     [/i]\n\n\n---\n([b] Close [/b]Control Panel, when done )",,,,,,,,,,[i]< 往左边一点…… 好一些了……             [/i]\n[i]适合放[c][ffffff]冰箱[-][/c]，和耕种。[/i] >\n\n[i]< ... 但一旦你开始[b]制作[/b]，     [/i]\n[i]这恐怕坚持不了多久。>     [/i]\n\n\n---\n([b] 完成时关闭[/b]控制面板__tag396__ ),,,,,,
pda_mWiK80u,[c][0080ff](nPOI)[-][/c] - [c][ff8080]Fork[-][/c]- [c][0080ff]Task[-][/c] [c][ffffff]Farming[-][/c] [i][c][ff8000](RwBy:BckFarm) [-][/c][/i][c][ff8000]>CRwT-  [c][ff8080]V(Multitool)[-][/c][-][/c],,,,,,,,,,[c][0080ff](nPOI)[-][/c] - [c][ff8080]分叉[-][/c]- [c][0080ff]任务[-][/c] [c][ffffff]农耕[-][/c] [i][c][ff8000](RwBy: 返回农场) [-][/c][/i][c][ff8000]>CRwT-  [c][ff8080]V(多功能工具)[-][/c][-][/c],,,,,,
pda_8q4Gu6C,Farm,,,,,,,,,,农场,,,,,,
pda_4Wui0iu,...,,,,,,,,,,...,,,,,,
pda_m0mm44O,--,,,,,,,,,,--,,,,,,
pda_SCeO4Cu,invOp - FridgeIn_Frst NoPow [c][ff80ff][i][c][ff8000](OffBy: BckFarm) [-][/c][/i][-][/c][c][ff8000][i](OffBy: FoodProc[/i][-][/c],,,,,,,,,,invOp - 先冰箱 无电力 [c][ff80ff][i][c][ff8000](OffBy: 返回农场) [-][/c][/i][-][/c][c][ff8000][i](OffBy: 食物处理[/i][-][/c],,,,,,
pda_ie48RmC,...,,,,,,,,,,...,,,,,,
pda_mCmqaiG,...,,,,,,,,,,...,,,,,,
pda_mSea4O4,--,,,,,,,,,,--,,,,,,
pda_QqmCumi,_InvC/ TbC - [c][ff8080]Var_switch[-][/c]- Gain MT  [c][ff8080]>>C_Off:_V_NoMT >>ToRw:_HasMT[-][/c],,,,,,,,,,_InvC/ TbC - [c][ff8080]变量开关[-][/c]- 获得多功能工具  [c][ff8080]>>C_Off:_V_NoMT >>ToRw:_HasMT[-][/c],,,,,,
pda_emiGCee,Gained Multitool,,,,,,,,,,获得多功能工具,,,,,,
pda_iCuTp2C,...,,,,,,,,,,...,,,,,,
pda_miOqaGS,---,,,,,,,,,,---,,,,,,
pda_KC04scO,Queue - Crafting Multitool - Core warn,,,,,,,,,,队列 - 制作多功能工具 - 核心警告,,,,,,
pda_WSW8C4e,Multitool,,,,,,,,,,多功能工具,,,,,,
pda_uqGGSKB,...,,,,,,,,,,...,,,,,,
pda_ueICKem,---,,,,,,,,,,---,,,,,,
pda_KKe88aa,"[i]< This is your primary [c][ffffff]building tool[-][/c]. >[c][ffffff][-][/c][/i]\n[i][/i]\n[i]< But to [b]use [/b]it for full effect, you need to have claimed a structure with a [c][ffffff]Core [-][/c]first. >[/i]",,,,,,,,,,[i]< 这是你的主要[c][ffffff]建造工具[-][/c]。>[c][ffffff][-][/c][/i]\n[i][/i]\n[i]< 但要[b]充分发挥[/b]它的作用，你需要先用[c][ffffff]核心[-][/c]认领一个结构。>[/i],,,,,,
pda_uCWHSKW,____[c][ffff00] Multitool[-][/c] ______,,,,,,,,,,____[c][ffff00] 多功能工具[-][/c] ______,,,,,,
pda_e0a00G4,...,,,,,,,,,,...,,,,,,
pda_uO0S0e8,...,,,,,,,,,,...,,,,,,
pda_q8Om4KK,--,,,,,,,,,,--,,,,,,
pda_u4fKiqS,"[i]< ... These things could be used to [c][ffffff]craft better food[-][/c] out of it... [/i]\n[i]Better [b]leave it here[/b], for now? >[/i]",,,,,,,,,,[i]< ...这些东西可以用来[c][ffffff]制作更好的食物[-][/c]... [/i]\n[i]最好还是[b]先把它留在这里[/b]吧？ >[/i],,,,,,
pda_iWq9qaq,invOp - [c][ffffff]FridgeFrst&Pow[-][/c] [i][c][ff8000]([-][/c][/i][c][ff80ff][c][ff8000][i]OffBy: FridgFir&Pow &FoodProc)[/i][-][/c][-][/c][c][ff80ff][c][ff8000][i] (RwBy:BckFarm)[/i][-][/c][-][/c],,,,,,,,,,invOp - [c][ffffff]冰箱优先&供电[-][/c] [i][c][ff8000]([-][/c][/i][c][ff80ff][c][ff8000][i]OffBy: 冰箱优先&供电和食物处理)[/i][-][/c][-][/c][c][ff80ff][c][ff8000][i] (RwBy: 返回农场)[/i][-][/c][-][/c],,,,,,
pda_mcW42Wu,...,,,,,,,,,,...,,,,,,
pda_0qQ8SiC,...,,,,,,,,,,...,,,,,,
pda_0iuiWK0,--,,,,,,,,,,--,,,,,,
pda_WOCi0ug,invOp - FridgeRep&Pow [c][ff8000] [i](ToRewBy:FridgeFirst)[/i][-][/c][c][ff80ff][c][ff8000][i] (RwBy:BckFarm)[/i][-][/c][-][/c][c][ff8000][i] (OffBy:FoodProc1st) >C_On[/i][-][/c],,,,,,,,,,invOp - 冰箱修复&供电 [c][ff8000] [i](ToRewBy: 先冰箱)[/i][-][/c][c][ff80ff][c][ff8000][i] (RwBy: 返回农场)[/i][-][/c][-][/c][c][ff8000][i] (OffBy: 首次食物处理) >C_On[/i][-][/c],,,,,,
pda_W0q0CaW,...,,,,,,,,,,...,,,,,,
pda_GWMn0eW,...,,,,,,,,,,...,,,,,,
pda_2ZSCqai,--,,,,,,,,,,--,,,,,,
pda_0OG0ueO,"[i]< With this new Base power, the [c][ffffff]food crafting [-][/c]could[c][ffffff][-][/c] be ready. >[/i]\n\n[i]< ... Check out that [/i][c][ffff00]Food Processor[-][/c][i] nearby. >[/i]",,,,,,,,,,[i]< 有了这个新的基地电力，[c][ffffff]食物制作[-][/c]可以[c][ffffff][-][/c]准备好了。>[/i]\n\n[i]< ... 看看附近的那个[/i][c][ffff00]食物处理器[-][/c][i]。>[/i],,,,,,
pda_MCSSi40,--,,,,,,,,,,--,,,,,,
pda_WiiAb8u,--,,,,,,,,,,--,,,,,,
pda_mqC8eua,--,,,,,,,,,,--,,,,,,
pda_S9iC8CO,--,,,,,,,,,,--,,,,,,
pda_COKuOmW,--,,,,,,,,,,--,,,,,,
pda_K0WWGSG,--,,,,,,,,,,--,,,,,,
pda_mOd43SO,[c][0080ff]Mrk[-][/c]_nUnit -[c][ffffff] FoodProcLoc[-][/c] [i][c][ff8000](OnBy:  BckToFarm OffBy:FoodProc1st[-][/c][/i],,,,,,,,,,[c][0080ff]标记[-][/c]_n单位 -[c][ffffff] 食物处理位置[-][/c] [i][c][ff8000](OnBy: 返回农场 OffBy:首次食物处理[-][/c][/i],,,,,,
pda_u0Kia4A,...,,,,,,,,,,...,,,,,,
pda_KimauWS,...,,,,,,,,,,...,,,,,,
pda_u4K0a0s,--,,,,,,,,,,--,,,,,,
pda_uuO8Nqu,"[u]Blueprints[/u] & [u][c][ffffff]Factory[-][/c][/u]:\n[i]\n= ""Skip all the building."" [/i]\n\n[i]--[/i]\n\n[i]... [/i][c][ffffff]Spawn in[-][/c] Vessels and Bases.                      \n\n... [c][ffffff]Publish [-][/c]your designs to Steam Workshop \n\n\n[c][c0c0c0][i]Often used together with [b]Creative Mode.   [/b][/i][-][/c]\n\n\n--\n[[[c][ffffff] OK [-][/c]]][c][ffffff] for next page[-][/c]  ( 1 of 3 )",,,,,,,,,,[u]蓝图[/u] & [u][c][ffffff]工厂[-][/c][/u]:\n[i]\n= “跳过所有建造过程。” [/i]\n\n[i]--[/i]\n\n[i]... [/i][c][ffffff]生成[-][/c]飞船和基地。                      \n\n... [c][ffffff]发布[-][/c]你的设计到Steam创意工坊 \n\n\n[c][c0c0c0][i]通常与[b]创造模式[/b]一起使用。  [/i][-][/c]\n\n\n--\n[[[c][ffffff] 确定 [-][/c]]][c][ffffff] 下一页[-][/c]  ( 1 / 3 ),,,,,,
pda_PO8G4Ki,(Blocks teleported!),,,,,,,,,,（方块已传送！）,,,,,,
pda_iaSO8sC,...,,,,,,,,,,...,,,,,,
pda_S88emqe,--,,,,,,,,,,--,,,,,,
pda_kWKOOfG,"[i]< Very good![/i]\n[i]- Those things will now [c][ffffff]wait at the[-][/c] [c][ffffff]Farm[-][/c], for your use. >[/i]\n[i][/i]\n[i]< We could go [b]back [/b]- - ... But - >[/i]",,,,,,,,,,[i]< 非常好！[/i]\n[i]- 那些东西现在会[c][ffffff]在[-][/c] [c][ffffff]农业[-][/c]等待，供你使用。 >[/i]\n[i][/i]\n[i]< 我们可以[b]回去 [/b]- - ... 但是 - >[/i],,,,,,
pda_4miOOaE,[i]< With this power- - This place was once a [c][ffffff]Farm[-][/c].[/i]\n\n[i]... Needs a bit of love- But it could still serve as such...? >[/i],,,,,,,,,,[i]< 有了这个电力—— 这个地方曾经是一个[c][ffffff]农场[-][/c]。[/i]\n\n[i]... 需要一点维护——但它仍然可以作为农场使用……？>[/i],,,,,,
pda_OqCmKmm,( Close Window ),,,,,,,,,,（关闭窗口）,,,,,,
pda_4Nuwf44,--,,,,,,,,,,--,,,,,,
pda_Om4cmaq,Check status of Farm,,,,,,,,,,查看农场状态,,,,,,
pda_u8e84OR,Growing Plots...?,,,,,,,,,,种植区……？,,,,,,
pda_L8mugi4,--,,,,,,,,,,--,,,,,,
pda_iGiWmgC,Fridges...?,,,,,,,,,,冰箱……？,,,,,,
pda_8O0Gumm,---,,,,,,,,,,---,,,,,,
pda_a8a2S8s,...,,,,,,,,,,...,,,,,,
pda_i8e48eC,--,,,,,,,,,,--,,,,,,
pda_aCI8mKC,[i]< This could be useful ...? >[/i]\n\n[i]< In that [c][ffff00]Cargo Palette[-][/c]... There  are 'tools' to collect fuel. >[/i],,,,,,,,,,[i]< 这可能有用……？>[/i]\n\n[i]< 在那个[c][ffff00]货物托盘[-][/c]里…… 有收集燃料的“工具”。>[/i],,,,,,
pda_i4OGee4,[i]< Collected a Plant sprout >[/i],,,,,,,,,,[i]< 收集到一个植物幼苗 >[/i],,,,,,
pda_a8i8Y4W,"[i]< Now look at [b]that[/b] haul... ! >[/i]\n\n[i]< ... All the missing [c][ffffff]Solar Capacitors[-][/c], of several POI.[/i]\n[i]And also their [c][ffffff]CPU extenders[-][/c]...?! >[/i]",,,,,,,,,,[i]< 看看[b]那[/b]收获……！>[/i]\n\n[i]< ... 所有缺失的[c][ffffff]太阳能电容器[-][/c]，来自几个兴趣点。[/i]\n[i]还有他们的[c][ffffff]CPU扩展器[-][/c]……？！>[/i],,,,,,
pda_COa0aqW,...,,,,,,,,,,...,,,,,,
pda_immKqKC,"[i]< Once you are done, let's check [c][ffffff]back to the Farm. [-][/c]>[c][ffffff][-][/c][/i]\n\n[i]< ... Those blocks, they will be really useful. >[/i]",,,,,,,,,,[i]< 完成后，我们回[c][ffffff]农场[-][/c]看看。>[c][ffffff][-][/c][/i]\n\n[i]< ... 那些方块，会非常有用。 >[/i],,,,,,
pda_cG8OC8e,--,,,,,,,,,,--,,,,,,
pda_0KmGmqm,[c][0080ff]nPOI[-][/c] -on- Tech[c][ffffff]Caches[-][/c] - [c][ff0000]PURGE SETTLEMENT CORES[-][/c],,,,,,,,,,[c][0080ff]nPOI[-][/c] -于- 科技[c][ffffff]缓存[-][/c] - [c][ff0000]清除定居点核心[-][/c],,,,,,
pda_KeeewCo,...,,,,,,,,,,...,,,,,,
pda_CmS8G18,...,,,,,,,,,,...,,,,,,
pda_C8qUauK,--,,,,,,,,,,--,,,,,,
pda_aSm6CmS,"[u][c][ffffff]Food Processor[-][/c][/u]:\n\nFor nourishment, and Medicine.\n\n---\n\n- [u][b]No[/b][/u] own inventory.                                                  \n[c][ffff00]Select containers[-][/c], to draw from, and deposit to.\n\n----                                                                              \n[[ [c][ffffff]OK[-][/c] ]] [c][ffffff]for Overview[-][/c]",,,,,,,,,,[u][c][ffffff]食物处理器[-][/c][/u]:\n\n用于提供营养和药品。\n\n---\n\n- [u][b]无[/b][/u]自带物品栏。                                                  \n[c][ffff00]选择容器[-][/c]，从中提取和存入物品。\n\n----                                                                              \n[[ [c][ffffff]确定[-][/c] ]] [c][ffffff]查看概览[-][/c],,,,,,
pda_qmCe8oG,[c][0080ff]nPOI_doubleUse[-][/c] alw - [c][ff8080]V[-][/c]- Prom Early discovered[c][ff80ff] [c][ff8000](OffByT: PlaceAll)[-][/c][-][/c],,,,,,,,,,[c][0080ff]nPOI_双用途[-][/c] 始终 - [c][ff8080]V[-][/c]- 钷早期发现[c][ff80ff] [c][ff8000](OffByT: PlaceAll)[-][/c][-][/c],,,,,,
pda_08qmmbO,[i](Check back later)[/i],,,,,,,,,,[i](稍后再来查看)[/i],,,,,,
pda_4HmGKGa,...,,,,,,,,,,...,,,,,,
pda_Kq2iquC,---,,,,,,,,,,---,,,,,,
pda_aS6sSCK,"''[i]... Actually, please explode [c][ffffff][-][/c]it anyway... [/i]''",,,,,,,,,,''[i]... 不过，还是请你引爆[c][ffffff][-][/c]它吧... [/i]'',,,,,,
pda_mieSaGW,...,,,,,,,,,,...,,,,,,
pda_GqOGi0O,...,,,,,,,,,,...,,,,,,
pda_eSmumau,--,,,,,,,,,,--,,,,,,
pda_WmqCqG0,[i]< ''Your wish is my command.'' >[/i],,,,,,,,,,[i]< “遵命，指挥官。” >[/i],,,,,,
pda_aqmumKi,"[i]< Um, Okay ...? >[/i]",,,,,,,,,,[i]< 嗯，好吧……？>[/i],,,,,,
pda_0GS0ieO,[c][0080ff](nPOI) Mrk[-][/c] & [c][0080ff]Task[-][/c] - [c][ff8080]N[-][/c]- [c][ffffff]Prom[-][/c]Dep first [c][ff8000][i](OnByT: PlaceAlll)[/i][-][/c][i][c][ff8000][-][/c][/i][c][ff8000]>C_On >C_Off[-][/c],,,,,,,,,,[c][0080ff](nPOI)标记[-][/c] & [c][0080ff]任务[-][/c] - [c][ff8080]N[-][/c]- [c][ffffff]钷[-][/c]矿首次[c][ff8000][i](OnByT: PlaceAlll)[/i][-][/c][i][c][ff8000][-][/c][/i][c][ff8000]>C_On >C_Off[-][/c],,,,,,
pda_46S8i80,High-grade fuel,,,,,,,,,,高级燃料,,,,,,
pda_i4qCGG4,[i](Have lots of space in your inventory)[/i]\n--\n[b]Find and Reach[/b]:\nPromethium Deposit\n[i][c][c0c0c0][sup](Use Hoverbike or Detector.)[/sup][-][/c][/i],,,,,,,,,,[i](在你的物品栏中留出充足空间)[/i]\n--\n[b]找到并抵达[/b]：\n钷矿脉\n[i][c][c0c0c0][sup](使用悬浮摩托或探测器。)[/sup][-][/c][/i],,,,,,
pda_Y0EWKTm,--,,,,,,,,,,--,,,,,,
pda_0Cu0mBG,[c][0080ff]Mrk[-][/c] - Multitool[c][ffffff]Wardrobe[-][/c] [i][c][ff8040](OnBy: NoMTyet)[-][/c][/i] [i][c][ff8040](Offby:OpenWard[-][/c][c][ff8000] & To Garden)[-][/c][/i],,,,,,,,,,[c][0080ff]标记[-][/c] - 多功能工具[c][ffffff]衣柜[-][/c] [i][c][ff8040](OnBy: 尚无MT)[-][/c][/i] [i][c][ff8040](Offby:打开衣柜[-][/c][c][ff8000] & 去花园)[-][/c][/i],,,,,,
pda_eiiiSm0,...,,,,,,,,,,...,,,,,,
pda_qWSai0m,...,,,,,,,,,,...,,,,,,
pda_0C4Ci2O,--,,,,,,,,,,--,,,,,,
pda_e688G4u,"[u][c][ffffff]Multitool[-][/c][/u]:\n\n[c][ffffff]Main Building tool[-][/c]. \nFor: Block manipulation, repair, upgrading ...",,,,,,,,,,[u][c][ffffff]多功能工具[-][/c][/u]:\n\n[c][ffffff]主要建造工具[-][/c]。 \n用于：方块操作，修理，升级...,,,,,,
pda_8uamkqi,...,,,,,,,,,,...,,,,,,
pda_W08Came,--,,,,,,,,,,--,,,,,,
pda_04eSK24,Pick up blocks\n[sup](without breaking them)[/sup]\n[sup][i][c][00ff00] [T][-][/c] to switch toolbars[/i][/sup],,,,,,,,,,拾取方块\n[sup](不破坏它们)[/sup]\n[sup][i][c][00ff00] [T][-][/c] 切换工具栏[/i][/sup],,,,,,
pda_u1q2880,"Claim Lost Garden\nwith a core\n[c][c0c0c0][i][sup](Get Core, place it on garden.\nIf you do not see it in your Toolbar, switch with [T] )[/sup][/i][-][/c]",,,,,,,,,,用核心\n认领失落花园\n[c][c0c0c0][i][sup](获取核心，将其放置在花园上。\n如果工具栏中没有它，请切换[T] )[/sup][/i][-][/c],,,,,,
pda_qK8miSm,--,,,,,,,,,,--,,,,,,
pda_m3I4mOe,Multitool & Logistics,,,,,,,,,,多功能工具与物流,,,,,,
pda_0GCGuKo,...,,,,,,,,,,...,,,,,,
pda_eqq8a47,--,,,,,,,,,,--,,,,,,
pda_SWu8qeK,[c][ffff00]Open Logistics[-][/c] [c][00ff00][ F4 ][-][/c],,,,,,,,,,[c][ffff00]打开物流[-][/c] [c][00ff00][ F4 ][-][/c],,,,,,
pda_maW8MSC,--,,,,,,,,,,--,,,,,,
pda_nWKu8Wq,[i]< [c][ffffff]Picking things up [-][/c]... Handling [b]inventories [/b]... can be [b]more convenient[/b] than this. >[/i]\n\n[i]< ... Could you [c][ffff00]open your Logistics[-][/c] [c][00ff00][ F4 ][-][/c] ?  It' is a time-saver. >[/i],,,,,,,,,,[i]< [c][ffffff]拾取物品 [-][/c]... 处理[b]物品栏 [/b]... 可以比这更[b]方便[/b]。 >[/i]\n\n[i]< ... 你能[c][ffff00]打开你的物流[-][/c] [c][00ff00][ F4 ][-][/c]吗？ 这能节省时间。 >[/i],,,,,,
pda_G8OWWWb,...,,,,,,,,,,...,,,,,,
pda_O48GOka,...,,,,,,,,,,...,,,,,,
pda_u0KCOWi,--,,,,,,,,,,--,,,,,,
pda_mga8uZO,"[i]\n( [c][c0c0c0]The Drill[-][/c] ) :                                                                                                                  [/i]\n[i][/i]\n[i]            < To the left, '[b]Energy[/b]'  stats check ... >                                                         [/i]\n[i]\n            < No Output, no Consumption - -  despite power being turned on? > [/i]\n[i]            <  ... likely there got something important [b]destroyed[/b]. >                          [/i]\n\n[i]\n           < Please [c][ffffff][c][ffff00]click on the [-][/c][-][/c]  [/i][c][ffffff][c][ffff00][[ Device List ]][-][/c]  [-][/c][i]tab, above. >                               [/i]",,,,,,,,,,[i]\n( [c][c0c0c0]钻头[-][/c] ) :                                                                                                                  [/i]\n[i][/i]\n[i]            < 在左侧，‘[b]能量[/b]’属性检查... >                                                         [/i]\n[i]\n            < 没有输出，没有消耗 - - 尽管电源已打开？ > [/i]\n[i]            < ... 很可能有什么重要的东西被[b]摧毁[/b]了。 >                          [/i]\n\n[i]\n           < 请[c][ffffff][c][ffff00]点击上面[-][/c][-][/c]  [/i][c][ffffff][c][ffff00][[ 设备列表 ]][-][/c]  [-][/c][i]标签页。 >                               [/i],,,,,,
pda_0ipme8m,Switch to [c][ffff00][[Stats]][-][/c] tab,,,,,,,,,,切换到[c][ffff00][[Stats]][-][/c]标签页,,,,,,
pda_q4KOaCu,--,,,,,,,,,,--,,,,,,
pda_Kieji0i,Connect Containers,,,,,,,,,,连接容器,,,,,,
pda_iiK8S8C,( Close Window when done ),,,,,,,,,,(完成时关闭窗口),,,,,,
pda_8d0OKOo,--,,,,,,,,,,--,,,,,,
pda_KqCG0SS,"[i]< [c][ffffff]Left side:[-][/c] [c][ffff00]Select 'Fridge INPUT' from the drop down list[-][/c].[/i]\n[i][/i]\n[i]< ... [/i][i]It could have enough [b]resources to [/b][c][ffff00]craft [-][/c][c][ffff00]Bread[-][/c], a Burger ? >[/i]",,,,,,,,,,[i]< [c][ffffff]左侧：[-][/c] [c][ffff00]从下拉列表中选择'冰箱输入'[-][/c]。[/i]\n[i][/i]\n[i]< ... [/i][i]它可能有足够的[b]资源来[/b][c][ffff00]制作[-][/c][c][ffff00]面包[-][/c]，一个汉堡？ >[/i],,,,,,
pda_u87mi0a,"- Select ""Fridge (INPUT)""\n [sup][c][c0c0c0][i](Food Processor: Drop-down menu)[/i][-][/c][/sup]\n- Craft Bread or Burger",,,,,,,,,,- 选择“冰箱（输入）”\n [sup][c][c0c0c0][i](食物处理器：下拉菜单)[/i][-][/c][/sup]\n- 制作面包或汉堡,,,,,,
pda_0G4eaCO,"[i]<  [b]Left side[/b], at the drop-down menu:[/i]\n\n[i]< There is a [b]small button[/b], right next to the Fridge's name.[/i]\n[c][ffffff][i]""Triangle-something with arrow pointing inward""[/i][-][/c]\n- [i][c][ffff00]Press that[-][/c] to get to the Fridge itself. >[/i]",,,,,,,,,,"[i]<  [b]左侧[/b], 在下拉菜单中：[/i]\n\n[i]< 有一个[b]小按钮[/b], 就在冰箱名称旁边。[/i]\n[c][ffffff][i]“三角形带箭头指向内”[/i][-][/c]\n- [i][c][ffff00]按下那个[-][/c]来进入冰箱本身。 >[/i]",,,,,,
pda_m04OKiw,...,,,,,,,,,,...,,,,,,
pda_WuK4U5S,--,,,,,,,,,,--,,,,,,
pda_EOKiCt4,--,,,,,,,,,,--,,,,,,
pda_u8QS4a0,"[u][c][ffffff]Overview[-][/c][/u]: \n\n[sup]<- [i]Left[/i]   [/sup]                      [sup]                        /\  [i]Above, and right:  [/i]->[/sup]\n [c][ffffff]Main stats [-][/c]                     ... Turn things off and on   \n                                        [c][c0c0c0] [sup](Standard & Custom switches)   [/sup][-][/c]\n\n\n\n[sup]\/ [i]Bottom (left)[/i] [/sup]                                    [sup]\/[/sup] [sup][i]B[/i][i]ottom[/i] [/sup][sup]\/             [/sup]\n'Health' stats                                ... Things to fill        \nof Base                                                                          \n\n\n---------\n\n[[[c][ffffff] OK[-][/c] ]][c][ffffff]   for next page[-][/c]   ( 2 of 3 )",,,,,,,,,,[u][c][ffffff]概览[-][/c][/u]: \n\n[sup]<- [i]左侧[/i]   [/sup]                      [sup]                        /\  [i]上方和右侧：  [/i]->[/sup]\n [c][ffffff]主要属性 [-][/c]                     ... 开关设备   \n                                        [c][c0c0c0] [sup](标准与自定义开关)   [/sup][-][/c]\n\n\n\n[sup]\/ [i]底部（左侧）[/i][/sup]                                    [sup]\/[/sup] [sup][i]底[/i][i]部[/i] [/sup][sup]\/             [/sup]\n'生命值'属性                                ... 需要填充的东西        \n基地的                                                                          \n\n\n---------\n\n[[[c][ffffff] 确定[-][/c] ]][c][ffffff]  下一页[-][/c]   ( 2 / 3 ),,,,,,
pda_jKS8e1m,[i]< It [c][ffffff]needs fuel [-][/c]... - Like Biofuel ...[/i]\n[i]- Just drop it [/i][i][c][ffff00]into those slots[-][/c]. >[/i],,,,,,,,,,[i]< 它[c][ffffff]需要燃料[-][/c]... - 比如生物燃料...[/i]\n[i]- 只需把它[/i][i][c][ffff00]放进那些槽位[-][/c]。 >[/i],,,,,,
pda_OO8qviW,- Select [c][ffffff][[Device list]][-][/c] Tab,,,,,,,,,,- 选择 [c][ffffff][[设备列表]][-][/c] 标签页,,,,,,
pda_ueWCKi0,--,,,,,,,,,,--,,,,,,
pda_ua8WWWK,[c][c0c0c0][i](Be close & point at Base)[/i][-][/c]\n- Open Control Panel [c][00ff00][P][-][/c],,,,,,,,,,[c][c0c0c0][i](靠近并指向基地)[/i][-][/c]\n- 打开控制面板 [c][00ff00][P][-][/c],,,,,,
pda_GKK8S8m,--,,,,,,,,,,--,,,,,,
pda_mRSaGSK,[i]< [c][ffffff]Select [-][/c]the [/i][c][00ff00][c][ffff00][[ Device list ]][-][/c] [-][/c][i][c][ffff00]Tab[-][/c]... >[/i],,,,,,,,,,[i]< [c][ffffff]选择[-][/c] [/i][c][00ff00][c][ffff00][[ 设备列表 ]][-][/c] [-][/c][i][c][ffff00]标签页[-][/c]... >[/i],,,,,,
pda_j8si08u,"\n[c][c0c0c0][i][sup](If marker is missing: - - [b]Repeat info[/b]: Check PDA [ F1 ], switch to ""PDA Log""[/sup][sup]) [/sup][/i][-][/c]",,,,,,,,,,\n[c][c0c0c0][i][sup](如果标记缺失：- - [b]重复信息[/b]: 检查个人数字助理（PDA）[ F1 ]，切换到“个人数字助理（PDA）日志”[/sup][sup]) [/sup][/i][-][/c],,,,,,
pda_e8iqmG4,--,,,,,,,,,,--,,,,,,
pda_08SOO8C,[c][0080ff](nPOI)[-][/c] - [c][ffffff]Fill[-][/c]Fuel [i][c][ff8000](RwBy:Cont.&genny&fuel)[-][/c][/i]  [c][ff8000]>C_Rw >C_OffT[-][/c],,,,,,,,,,[c][0080ff](新兴趣点)[-][/c] - [c][ffffff]填充[-][/c]燃料 [i][c][ff8000](RwBy:Cont.&genny&fuel)[-][/c][/i]  [c][ff8000]>C_Rw >C_OffT[-][/c],,,,,,
pda_8iOe0K4,...,,,,,,,,,,...,,,,,,
pda_mua4Om4,--,,,,,,,,,,--,,,,,,
pda_a0u808u,"invOp - [c][ffffff]Reminder Split[-][/c] stack, Bulk Craft [i][c][ff8000](OnByT: BiofuelCamp) (Offby:Crafted)[-][/c][/i]",,,,,,,,,,invOp - [c][ffffff]提醒拆分[-][/c]堆叠，批量制造 [i][c][ff8000](OnByT: 生物燃料营地) (Offby:已制造)[-][/c][/i],,,,,,
pda_Ow04sGu,...,,,,,,,,,,...,,,,,,
pda_gKSa40u,...,,,,,,,,,,...,,,,,,
pda_qWUG0K4,--,,,,,,,,,,--,,,,,,
pda_xGiGmmK,[c][ffffff]Dlg[-][/c] - Gain [c][ffffff]Bridge [-][/c]Key,,,,,,,,,,[c][ffffff]对话框[-][/c] - 获得[c][ffffff]舰桥[-][/c]钥匙,,,,,,
pda_RCa0mWm,...,,,,,,,,,,...,,,,,,
pda_SO5CeCO,...,,,,,,,,,,...,,,,,,
pda_4Cumi0q,--,,,,,,,,,,--,,,,,,
pda_qeiaOmu,Open [c][ffffff]Control Panel[-][/c] [c][00ff00][P][-][/c] of Vessel,,,,,,,,,,打开[c][ffffff]控制面板[-][/c] [c][00ff00][P][-][/c] 飞船的,,,,,,
pda_C4WK8ai,--,,,,,,,,,,--,,,,,,
pda_ieDeiCm,"With the [c][ffffff]Pentaxid in your inventory:[-][/c]\n\n[b]Click [/b]on [c][ffff00]Pentaxid tank[-][/c], [c][00ff00][[ Fill All. ]][-][/c] button.\n[c][00ff00][-][/c]\n[c][00ff00][-][/c]\n- Do this for the [c][ffffff]other tanks and ammo, too[-][/c][c][00ff00][c][ffffff].[-][/c][-][/c]\n\n---\n(Close Control Panel, when done)",,,,,,,,,,将[c][ffffff]翘曲水晶[-][/c]放入物品栏：\n\n[b]点击[/b]在[c][ffff00]翘曲水晶罐[-][/c]上，[c][00ff00][[ 全部填充。 ]][-][/c] 按钮。\n[c][00ff00][-][/c]\n[c][00ff00][-][/c]\n- 同样对[c][ffffff]其他罐子和弹药[-][/c][c][00ff00][c][ffffff]执行此操作。[-][/c][-][/c]\n\n---\n(完成后，关闭控制面板),,,,,,
pda_emnCmuK,...,,,,,,,,,,...,,,,,,
pda_4CWkGSe,--,,,,,,,,,,--,,,,,,
pda_OuKGeKg,Prepare Vessel,,,,,,,,,,准备飞船,,,,,,
pda_GasSmO5,Take Fuel,,,,,,,,,,取燃料,,,,,,
pda_q8mOueW,...,,,,,,,,,,...,,,,,,
pda_W8Miq8G,--,,,,,,,,,,--,,,,,,
pda_CS8aWmu,[i](Optional: Carry Ammo)[/i],,,,,,,,,,[i](可选：携带弹药)[/i],,,,,,
pda_Ca8ZCee,--,,,,,,,,,,--,,,,,,
pda_8pWOG4O,[c][0080ff]nPOI [-][/c]- [c][ffffff]Liftoff [-][/c][c][ff80ff][c][ff8000][i](OnBy: Shields )[/i] [-][/c][-][/c] [c][ff8000]>C_Off x3 >C_On x2 >VisOff[-][/c],,,,,,,,,,[c][0080ff]新兴趣点 [-][/c]- [c][ffffff]升空 [-][/c][c][ff80ff][c][ff8000][i](OnBy: 护盾 )[/i] [-][/c][-][/c] [c][ff8000]>C_Off x3 >C_On x2 >VisOff[-][/c],,,,,,
pda_4G4e4Wi,Fly to Space,,,,,,,,,,飞向太空,,,,,,
pda_mKuSumm,...,,,,,,,,,,...,,,,,,
pda_va08u8X,---,,,,,,,,,,---,,,,,,
pda_oWqWqKa,[i]< Wohooo![/i]\n[i]- ... Let's get this [c][ffff00]to Space[-][/c]. >[/i],,,,,,,,,,[i]< 哇呼！[/i]\n[i]- ... 让我们把这[c][ffff00]送入太空[-][/c]。 >[/i],,,,,,
pda_uGSuuea,...,,,,,,,,,,...,,,,,,
pda_G08D8WK,--,,,,,,,,,,--,,,,,,
pda_SIWTZii,[i]< Just one planet... In this whole Galaxy ... >[/i]\n[i][/i]\n[i]< Let's get you [c][ffffff]home[-][/c]. >[/i],,,,,,,,,,[i]< 就一个星球... 在这整个星系... >[/i]\n[i][/i]\n[i]< 让我们带你[c][ffffff]回家[-][/c]。 >[/i],,,,,,
pda_O0maueu,DvUse_Cockpit - [c][ff8080]N [-][/c]-  [c][ffffff]Shields[-][/c] Inheritor [c][ff8000][i](OnByT:ResourceBox)[/i]   >C_On[-][/c],,,,,,,,,,DvUse_驾驶舱 - [c][ff8080]N [-][/c]-  [c][ffffff]护盾[-][/c] 继承者 [c][ff8000][i](OnByT:资源箱)[/i]   >C_On[-][/c],,,,,,
pda_iamSiGr,Liftoff check,,,,,,,,,,升空检查,,,,,,
pda_a4uqu8A,Turn on shields  [X ],,,,,,,,,,启动护盾  [X ],,,,,,
pda_4SSa0iu,---,,,,,,,,,,---,,,,,,
pda_aWiO8ec,[c][0080ff]Mrk_Unit[-][/c] - [c][ffffff]Scenic [-][/c]way,,,,,,,,,,[c][0080ff]标记_单位[-][/c] - [c][ffffff]风景[-][/c]路线,,,,,,
pda_KGKaXGe,...,,,,,,,,,,...,,,,,,
pda_m8gO4OW,...,,,,,,,,,,...,,,,,,
pda_iFWMmau,---,,,,,,,,,,---,,,,,,
pda_1CcKeGe,[c][0080ff]Mrk_Unit[-][/c] - [c][ffffff]Shortcut[-][/c],,,,,,,,,,[c][0080ff]标记_单位[-][/c] - [c][ffffff]捷径[-][/c],,,,,,
pda_0mu400u,...,,,,,,,,,,...,,,,,,
pda_4q0Wqe0,...,,,,,,,,,,...,,,,,,
pda_K4aqOkY,---,,,,,,,,,,---,,,,,,
pda_Wiqe0mS,[c][0080ff]Mrk_Unit[-][/c] - [c][ffffff]Door [-][/c]Behind you,,,,,,,,,,[c][0080ff]标记_单位[-][/c] - [c][ffffff]门[-][/c]在你身后,,,,,,
pda_qKee0S6,...,,,,,,,,,,...,,,,,,
pda_uuGTWqK,...,,,,,,,,,,...,,,,,,
pda_C8eGaCS,---,,,,,,,,,,---,,,,,,
pda_e4KFaqa,[c][0080ff]Mrk_Unit[-][/c] - [c][ffffff]Up [-][/c]here,,,,,,,,,,[c][0080ff]标记_单位[-][/c] - [c][ffffff]从这里[-][/c]上升,,,,,,
pda_kW0qmSO,...,,,,,,,,,,...,,,,,,
pda_ikOuiCi,...,,,,,,,,,,...,,,,,,
pda_K4OimCW,---,,,,,,,,,,---,,,,,,
pda_CWOuiS8,[c][0080ff]Mrk_Unit[-][/c] - [c][ffffff]Exit [-][/c]here,,,,,,,,,,[c][0080ff]标记_单位[-][/c] - [c][ffffff]从这里[-][/c]离开,,,,,,
pda_qOCWqKa,...,,,,,,,,,,...,,,,,,
pda_8qKia0W,...,,,,,,,,,,...,,,,,,
pda_8aWR8SO,---,,,,,,,,,,---,,,,,,
pda_eSeuWae,Back again,,,,,,,,,,再次回来,,,,,,
pda_GSqOaK4,...,,,,,,,,,,...,,,,,,
pda_CuEKaKm,--,,,,,,,,,,--,,,,,,
pda_qSC8amC,[i]< In [c][ffff00]this direction[-][/c] should be your [b]Fleet[/b]. >[/i],,,,,,,,,,[i]< 在[c][ffff00]这个方向[-][/c]应该是你的[b]舰队[/b]。 >[/i],,,,,,
pda_m0aSu8a,[c][0080ff]Mrk[-][/c] - Fleet [c][ffffff]direction[-][/c][c][ff80ff][i][c][ff8000](OnByT: AvoidDrones)  [-][/c][/i][c][ff8000]>RwTask[-][/c][-][/c],,,,,,,,,,[c][0080ff]标记[-][/c] - 舰队[c][ffffff]方向[-][/c][c][ff80ff][i][c][ff8000](OnByT: 避开无人机)  [-][/c][/i][c][ff8000]>RwTask[-][/c][-][/c],,,,,,
pda_8qSOCia,[c][ffff00]Reach the Fleet.[-][/c],,,,,,,,,,[c][ffff00]到达舰队。[-][/c],,,,,,
pda_0KieqCK,Brakes on/off:[c][00ff00] [ i ][-][/c]\n[i]( Cruise lock: [Cntrl] + Move )[/i]\n--\n Auto-orient: [c][00ff00] [ O ][-][/c]\nPilot modes: [c][00ff00][Shift] + [ i ][-][/c],,,,,,,,,,刹车开/关：[c][00ff00] [ i ][-][/c]\n[i]( 巡航锁定： [Cntrl] + 移动 )[/i]\n--\n 自动定向： [c][00ff00] [ O ][-][/c]\n飞行员模式： [c][00ff00][Shift] + [ i ][-][/c],,,,,,
pda_6WqO48m,--,,,,,,,,,,--,,,,,,
pda_CmuOKmq,[i]< No clue what has happened here...? >[/i]\n\n[i]< This whole hall seems to be full of [b]Hover Vessels[/b]. [/i]\n[i]... And I cannot [b]hack [/b]these doors. Very strange.>[/i],,,,,,,,,,[i]< 不知道这里发生了什么...？ >[/i]\n\n[i]< 这整个大厅似乎充满了[b]悬浮飞船[/b]。 [/i]\n[i]... 而且我无法[b]破解 [/b]这些门。非常奇怪。>[/i],,,,,,
pda_mCaC08e,[i]< That odd '[b]Spider POI'[/b] gave me an idea... >[/i]\n[i][/i]\n[i]< Let's try something...? >[/i],,,,,,,,,,[i]< 那个奇怪的'[b]蜘蛛兴趣点'[/b]给了我一个想法... >[/i]\n[i][/i]\n[i]< 让我们尝试点什么...？ >[/i],,,,,,
pda_0WiIqSc,Just a try,,,,,,,,,,只是尝试一下,,,,,,
pda_a0QK8uO,Get to Workshop entrance,,,,,,,,,,到达工坊入口,,,,,,
pda_DiKS0O0,--,,,,,,,,,,--,,,,,,
pda_K4uiqqW,...,,,,,,,,,,...,,,,,,
pda_0aG0KG8,...,,,,,,,,,,...,,,,,,
pda_imeaaSG,--,,,,,,,,,,--,,,,,,
pda_WKC0Gas,"[i]< So, um-[/i]\n\n""[b]We really would like to build a [c][ffffff]Hover Vessel[-][/c][/b]"" [i]>[/i]\n[i][/i]\n[i]< ... >[/i]",,,,,,,,,,"[i]< 所以，嗯-[/i]\n\n""[b]我们真的很想建造一艘[c][ffffff]悬浮飞船[-][/c][/b]"" [i]>[/i]\n[i][/i]\n[i]< ... >[/i]",,,,,,
pda_OEcafm0,...,,,,,,,,,,...,,,,,,
pda_lG54OOS,...,,,,,,,,,,...,,,,,,
pda_SCuqm4q,--,,,,,,,,,,--,,,,,,
pda_KaOCaqe,...,,,,,,,,,,...,,,,,,
pda_0O84CCG,--,,,,,,,,,,--,,,,,,
pda_CiOmOGe,"< ""[b]Could you pleas[/b]-"" >",,,,,,,,,,"< ""[b]你能请[/b]-"" >",,,,,,
pda_0Ke82uG,[i]< Huh.[/i]\n[i]Okay. >[/i],,,,,,,,,,[i]< 嗯。[/i]\n[i]好吧。 >[/i],,,,,,
pda_SaWqK84,...,,,,,,,,,,...,,,,,,
pda_SK48GWe,[i]< ... Seems they just should have [b]asked [/b]... >[/i],,,,,,,,,,[i]< ... 看来他们本应该[b]询问 [/b]... >[/i],,,,,,
pda_am4q4G4,[c][ff8000]Sig[-][/c] - [c][ffffff]InsideWork[-][/c]shop [i][c][ff8000](RwByT: OpeningHangar)[-][/c][/i][c][ff8000] >C_RwT >C_On >C_Off[-][/c],,,,,,,,,,[c][ff8000]信号[-][/c] - [c][ffffff]内部工作[-][/c]坊 [i][c][ff8000](RwByT: 打开机库)[-][/c][/i][c][ff8000] >C_RwT >C_On >C_Off[-][/c],,,,,,
pda_KCC8Gau,...,,,,,,,,,,...,,,,,,
pda_8CKvaaF,...,,,,,,,,,,...,,,,,,
pda_SO000aK,--,,,,,,,,,,--,,,,,,
pda_aGu7u0O,_____________ MULTITOOL ______________,,,,,,,,,,_____________ 多功能工具 ______________,,,,,,
pda_qiKa4O8,--,,,,,,,,,,--,,,,,,
pda_40mOCaW,--,,,,,,,,,,--,,,,,,
pda_qCImvOe,--,,,,,,,,,,--,,,,,,
pda_8Sqau4a,--,,,,,,,,,,--,,,,,,
pda_qOi6uWa,--,,,,,,,,,,--,,,,,,
pda_CaeKLue,...,,,,,,,,,,...,,,,,,
pda_e08GfK8,--,,,,,,,,,,--,,,,,,
pda_70eKO44,Back again,,,,,,,,,,再次回来,,,,,,
pda_C44mauW,...,,,,,,,,,,...,,,,,,
pda_SKWuG8W,--,,,,,,,,,,--,,,,,,
pda_0Oq0yui,[i]< Back at the start ... >[/i],,,,,,,,,,[i]< 又回到了起点 ... >[/i],,,,,,
pda_iCCuSOi,(Reach space),,,,,,,,,,(到达太空),,,,,,
pda_0SC0Q4W,--,,,,,,,,,,--,,,,,,
pda_i8SSCGa,...,,,,,,,,,,...,,,,,,
pda_OuoK0ie,--,,,,,,,,,,--,,,,,,
pda_OWq8qIq,Space drones,,,,,,,,,,太空无人机,,,,,,
pda_eGuSm66,Got detected!,,,,,,,,,,被发现了！,,,,,,
pda_aeDsTGK,"[i]< You can try to [b]fight [/b]them, or just [b]fly towards the fleet[/b]. [/i]\n[i]The Capital Vessels have the bigger guns. >[/i]",,,,,,,,,,[i]< 你可以尝试[b]对抗 [/b]他们，或者直接[b]飞向舰队[/b]。 [/i]\n[i]主力舰拥有更大的火炮。 >[/i],,,,,,
pda_IK8gSeY,--,,,,,,,,,,--,,,,,,
pda_4WiD48C,[c][0080ff]Mrk [-][/c]- Sit in cockpit [i][c][ff8000](OnBy: BridgeKey) (OffBy: Ending)[-][/c][/i],,,,,,,,,,[c][0080ff]标记 [-][/c]- 坐在驾驶舱 [i][c][ff8000](OnBy: 桥接钥匙) (OffBy: 结局)[-][/c][/i],,,,,,
pda_OGY8KCr,...,,,,,,,,,,...,,,,,,
pda_0u4qKCq,...,,,,,,,,,,...,,,,,,
pda_qsWYeGa,--,,,,,,,,,,--,,,,,,
pda_aSCXiqG,Sig - [c][80ffff]CAL [-][/c]- CoreAccess[c][ffffff] freaking [-][/c]out [i][c][ff8000](offby: CoreKill) [-][/c][/i][c][ff8000]>C_On x2 >C_Off [-][/c][c][ffff00][i]DoorOpen[/i][-][/c],,,,,,,,,,信号 - [c][80ffff]CAL [-][/c]- 核心访问[c][ffffff] 极度 [-][/c]恐慌 [i][c][ff8000](offby: 核心击杀) [-][/c][/i][c][ff8000]>C_On x2 >C_Off [-][/c][c][ffff00][i]开门[/i][-][/c],,,,,,
pda_80nm80C,[i][c][ff8080]( Message )[-][/c][/i],,,,,,,,,,[i][c][ff8080]( 信息 )[-][/c][/i],,,,,,
pda_8OcuGWb,...,,,,,,,,,,...,,,,,,
pda_GuWZm89,--,,,,,,,,,,--,,,,,,
pda_eq4GKtC,[c][0080ff]nPOI[-][/c] - Evil[c][ffffff]Hack deep[-][/c]er [i][c][ff8000](OnByT: DrillAttack)[-][/c][/i],,,,,,,,,,[c][0080ff]nPOI[-][/c] - 邪恶黑[c][ffffff]客更[-][/c]深[i][c][ff8000](OnByT: 钻探攻击)[-][/c][/i],,,,,,
pda_0k8CaaC,...,,,,,,,,,,...,,,,,,
pda_CKeqCO0,...,,,,,,,,,,...,,,,,,
pda_8QKWiSC,---,,,,,,,,,,---,,,,,,
pda_CuO4SQ8,"Sig - EvilHack wants [c][ffffff]player dead[-][/c] [i][c][ff8000](offby: CoreKill, ReachSV)[-][/c][/i][c][ff8000] >ToRw[-][/c][i][c][ff8000][-][/c][/i]",,,,,,,,,,信号 - 邪恶黑客希望[c][ffffff]玩家死亡[-][/c] [i][c][ff8000](offby: 核心击杀，到达SV)[-][/c][/i][c][ff8000] >ToRw[-][/c][i][c][ff8000][-][/c][/i],,,,,,
pda_aJKa04B,[c][ff8080][i]( Message )[/i][-][/c],,,,,,,,,,[c][ff8080][i]( 信息 )[/i][-][/c],,,,,,
pda_iGFiGqW,...,,,,,,,,,,...,,,,,,
pda_65K8K4W,---,,,,,,,,,,---,,,,,,
pda_meQ8K80,Sig - [c][80ffff]CAL[-][/c] - EvilHack[c][ffffff]Bargain[-][/c]01 [i][c][ff8000](offby: CoreKill) >C_Off [c][ffff00]Sig Doorclose[-][/c][-][/c][/i],,,,,,,,,,信号 - [c][80ffff]CAL[-][/c] - 邪恶黑客[c][ffffff]交易[-][/c]01 [i][c][ff8000](offby: 核心击杀) >C_Off [c][ffff00]信号 关门[-][/c][-][/c][/i],,,,,,
pda_4GsSwS4,[i]Identify target:[/i]\n[i] [sup]&Lifeform: Human[/sup][/i],,,,,,,,,,[i]识别目标：[/i]\n[i] [sup]&生命形态：人类[/sup][/i],,,,,,
pda_GwOuYKe,...,,,,,,,,,,...,,,,,,
pda_449WaKi,---,,,,,,,,,,---,,,,,,
pda_q4ZW6i0,[i]< Took care of their [b]generators[/b]... [/i]\n[i]Any turrets should be now offline. >[/i],,,,,,,,,,[i]< 解决了他们的[b]发电机[/b]... [/i]\n[i]任何炮塔现在应该都已离线。 >[/i],,,,,,
pda_40OOSiW,"_________ [i](WarpPrep, other)[/i]",,,,,,,,,,_________ [i](翘曲准备，其他)[/i],,,,,,
pda_ui8d40C,--,,,,,,,,,,--,,,,,,
pda_amS1OGO,--,,,,,,,,,,--,,,,,,
pda_Oi4eSQ0,--,,,,,,,,,,--,,,,,,
pda_MW8Cim6,[c][0080ff]Mrk[-][/c] & Trg - [c][ffffff]Fighter [-][/c]SV1 [i][c][ff8000](OnBy: [-][/c][/i][i][c][ff8000]DBDifficulty) [-][/c][/i](OffBy:FightBoost [c][ff8000]) >C_On[-][/c],,,,,,,,,,[c][0080ff]标记[-][/c] & 触发 - [c][ffffff]战斗机 [-][/c]SV1 [i][c][ff8000](OnBy: [-][/c][/i][i][c][ff8000]DB难度) [-][/c][/i](OffBy:战斗增强 [c][ff8000]) >C_On[-][/c],,,,,,
pda_48CqqSW,Strike from Above,,,,,,,,,,从上方打击,,,,,,
pda_0FuW4mi,...,,,,,,,,,,...,,,,,,
pda_GKeaneq,---,,,,,,,,,,---,,,,,,
pda_KSu4uKO,"_________ [i](Prom, other triggers)[/i]",,,,,,,,,,_________ [i](Prom，其他触发器)[/i],,,,,,
pda_q8eu0uf,--,,,,,,,,,,--,,,,,,
pda_iOvt0a8,--,,,,,,,,,,--,,,,,,
pda_0miGi4i,--,,,,,,,,,,--,,,,,,
pda_WaeKi8e,[c][0080ff]Mrk[-][/c] - Workshop[c][ffffff]Cache[-][/c]  [c][ff8000][i]([/i][-][/c][c][ff80ff][c][ff8000][i]OnBy: CuttingSpawn)  (OffByT:CuttingSpawn)[/i][-][/c][-][/c],,,,,,,,,,[c][0080ff]标记[-][/c] - 工坊[c][ffffff]缓存[-][/c]  [c][ff8000][i]([/i][-][/c][c][ff80ff][c][ff8000][i]OnBy: 切割生成)  (OffByT:切割生成)[/i][-][/c][-][/c],,,,,,
pda_SOuCCSG,...,,,,,,,,,,...,,,,,,
pda_1Fwu4ea,...,,,,,,,,,,...,,,,,,
pda_6qeis4u,--,,,,,,,,,,--,,,,,,
pda_SqemWeB,"[i]< Good! >\n\n< [c][ffff00]Stand on the container[-][/c], and activate [c][ffff00]Logistics [-][/c][[c][00ff00] F4 ][-][/c], to connect to it ... >[/i]",,,,,,,,,,[i]< 好的！ >\n\n< [c][ffff00]站在容器上[-][/c]，并激活 [c][ffff00]物流 [-][/c][[c][00ff00] F4 ][-][/c]，以连接到它 ... >[/i],,,,,,
pda_mOKwAiu,[i]( Scanning )[/i],,,,,,,,,,[i]( 扫描中 )[/i],,,,,,
pda_WI4muem,- Be very close to the cache\n- Activate Logistics [[c][00ff00] F4[-][/c] ],,,,,,,,,,- 非常靠近缓存\n- 激活物流 [[c][00ff00] F4[-][/c] ],,,,,,
pda_q4qKWme,"[i]< Connect to the ""Another buried / [c][ffffff]Tech Cache[-][/c]"" box: [/i]\n[i]Press the [c][ffff00]wireless' button [-][/c], [/i][i]and then... >[/i]\n\n[i]< ... put the stack of[c][ffff00] Constructors ... into the [b]yellow [/b]Toolbar[-][/c]. below. >[/i]",,,,,,,,,,"[i]< 连接到""另一个埋藏的/ [c][ffffff]科技缓存[-][/c]""箱子： [/i]\n[i]按下 [c][ffff00]无线'按钮 [-][/c]， [/i][i]然后... >[/i]\n\n[i]< ... 把一叠[c][ffff00]建造机 ... 放入下面的[b]黄色 [/b]工具栏[-][/c]。 >[/i]",,,,,,
pda_80aaSOG,--,,,,,,,,,,--,,,,,,
pda_d0C84u8,(Outside) - Dig up buried cache & open it,,,,,,,,,,(外面) - 挖出埋藏的缓存并打开它,,,,,,
pda_CmeKiEG,--,,,,,,,,,,--,,,,,,
pda_um0KqS0,Connect to Cache,,,,,,,,,,连接到缓存,,,,,,
pda_0aW8mKe,The Factory,,,,,,,,,,工厂,,,,,,
pda_8qSOieG,Open Factory with [c][00ff00][ F2 ] [-][/c],,,,,,,,,,使用[c][00ff00][ F2 ] [-][/c]打开工厂,,,,,,
pda_OrB2WaE,--,,,,,,,,,,--,,,,,,
pda_8CGC8aa,...,,,,,,,,,,...,,,,,,
pda_eU4iQKk,"[i]< Once you feel ready, [c][ffff00]open it with[-][/c] [[c][00ff00] F2 ][-][/c] . >[/i]\n\n[i]< Even if you want to build it all yourself- [/i]\n[i]- [b]Modifying [/b]other's blueprints is a huge time saver... >[/i]",,,,,,,,,,[i]< 一旦你感觉准备好了，[c][ffff00]用[-][/c] [[c][00ff00] F2 ][-][/c] 打开它。 >[/i]\n\n[i]< 即使你想自己建造一切 - [/i]\n[i]- [b]修改 [/b]他人的蓝图可以节省大量时间... >[/i],,,,,,
pda_uuOSaCm,--,,,,,,,,,,--,,,,,,
pda_uaOKe1C,[c][0080ff]Mrk[-][/c]- FridgesLoc  [c][ff8040][i](OnByT:BckToFarm)[/i][-][/c],,,,,,,,,,[c][0080ff]标记[-][/c]- 冰箱位置  [c][ff8040][i](OnByT:BckToFarm)[/i][-][/c],,,,,,
pda_8sWGemL,...,,,,,,,,,,...,,,,,,
pda_Sm8aMnq,...,,,,,,,,,,...,,,,,,
pda_qWaKGWq,--,,,,,,,,,,--,,,,,,
pda_G0qCCg2,[c][0080ff]Mrk[-][/c] & Trg - [c][ffffff]Sprouting[-][/c] [c][ff8040][i](OnByT:BckFarm)[/i][-][/c],,,,,,,,,,[c][0080ff]标记[-][/c] & 触发 - [c][ffffff]发芽[-][/c] [c][ff8040][i](OnByT:BckFarm)[/i][-][/c],,,,,,
pda_aS0CemS,Farm,,,,,,,,,,农场,,,,,,
pda_SaKa0Wr,...,,,,,,,,,,...,,,,,,
pda_eOOeWAm,--,,,,,,,,,,--,,,,,,
pda_ia8GOiS,- Plant with [c][00ff00][LMB][-][/c]\n[i][c][c0c0c0][sup]  (Place it on Growing pot)[/sup][-][/c][/i],,,,,,,,,,- 使用[c][00ff00][LMB][-][/c]种植\n[i][c][c0c0c0][sup]  (放在种植盆上)[/sup][-][/c][/i],,,,,,
pda_CmaSqO0,--,,,,,,,,,,--,,,,,,
pda_oeKKD4m,...,,,,,,,,,,...,,,,,,
pda_SS0Qt0m,--,,,,,,,,,,--,,,,,,
pda_OKKGq8k,"[i]< You can't rely on '[b]found' food[/b]' all the time... >[/i]\n[i][/i]\n[i]<  ... Suggesting to [c][ffff00]plant the other pots[-][/c], too. >[/i]",,,,,,,,,,[i]< 你不能一直依赖'[b]找到的'食物[/b]... >[/i]\n[i][/i]\n[i]< ... 建议也[c][ffff00]种植其他花盆[-][/c]。 >[/i],,,,,,
pda_gkm0oqq,_________ [i](Fridges)[/i],,,,,,,,,,_________ [i](冰箱)[/i],,,,,,
pda_SqueSau,--,,,,,,,,,,--,,,,,,
pda_iO08SWL,--,,,,,,,,,,--,,,,,,
pda_Gu4484W,--,,,,,,,,,,--,,,,,,
pda_iGC40SS,_________ [i](Farm area)[/i],,,,,,,,,,_________ [i](农场区域)[/i],,,,,,
pda_SjSuGuS,--,,,,,,,,,,--,,,,,,
pda_GW8OWSs,--,,,,,,,,,,--,,,,,,
pda_OWKCwQS,--,,,,,,,,,,--,,,,,,
pda_84A8K4e,"_________ [i](After full Farming, Getting [c][ff8080]MT[-][/c])[/i]",,,,,,,,,,_________ [i](完成农耕后，获得[c][ff8080]MT[-][/c])[/i],,,,,,
pda_S8CCuWm,--,,,,,,,,,,--,,,,,,
pda_GuCGiIi,--,,,,,,,,,,--,,,,,,
pda_2Y045CW,--,,,,,,,,,,--,,,,,,
pda_msCKGam,[i]< It could use a bit more [b]growing plot[/b][b]s[/b] ... >[/i],,,,,,,,,,[i]< 它可能需要更多的[b]种植区[/b][b]域[/b] ... >[/i],,,,,,
pda_G4GC80u,[c][0080ff](nPOI)[-][/c] - rw_[c][ff8080]N [-][/c]- [c][ffffff]No MT[-][/c] yet - Bridge to MT [c][ff80ff][i][c][ff8040](RwByT: Farming) (OffByGainMT) [-][/c][/i][c][ff8040]>C_On x2 >C_Off[-][/c][-][/c],,,,,,,,,,[c][0080ff](nPOI)[-][/c] - 生_[c][ff8080]N [-][/c]- [c][ffffff]暂无MT[-][/c] - 通往MT的桥梁 [c][ff80ff][i][c][ff8040](RwByT: 农耕) (OffByGainMT) [-][/c][/i][c][ff8040]>C_On x2 >C_Off[-][/c][-][/c],,,,,,
pda_G4eWCKu,Multitool,,,,,,,,,,多功能工具,,,,,,
pda_GwSaiWm,...,,,,,,,,,,...,,,,,,
pda_XeO0q4i,--,,,,,,,,,,--,,,,,,
pda_maGemC0,[c][0080ff](nPOI) [-][/c]- off_[c][ff8080]V&N[-][/c]- [c][ffffff]To Garden[-][/c] Has MT- [c][ff80ff][i][c][ff8040](RwByT: Farming) [-][/c][/i][c][ff8040]>C_On[-][/c][-][/c],,,,,,,,,,[c][0080ff](nPOI) [-][/c]- 关_[c][ff8080]V&N[-][/c]- [c][ffffff]至花园[-][/c] 有MT- [c][ff80ff][i][c][ff8040](RwByT: 农耕) [-][/c][/i][c][ff8040]>C_On[-][/c][-][/c],,,,,,
pda_SC8eeeu,[i](New Marker!)[/i],,,,,,,,,,[i](新标记！)[/i],,,,,,
pda_Guquu8G,...,,,,,,,,,,...,,,,,,
pda_4mCCZ04,--,,,,,,,,,,--,,,,,,
pda_MOv48O0,[i]< It has the [c][ffffff]Grow lights[-][/c] ...[/i] \n[i]and a [b]Ventilator [/b]with [b]O2 tank [/b]...? >[/i],,,,,,,,,,[i]< 它有[c][ffffff]生长灯[-][/c] ...[/i] \n[i]和一个带[b]通风器 [/b]和[b]氧气罐 [/b]...？ >[/i],,,,,,
pda_WieiCOW,[i]( Scanning... )[/i],,,,,,,,,,[i]( 扫描中... )[/i],,,,,,
pda_uW0uKiW,Find and Plant Sprouts,,,,,,,,,,找到并种植幼苗,,,,,,
pda_hKae8ue,"Find Repository\n[c][c0c0c0][i][sup](in this room, at wall)[/sup][/i][-][/c]",,,,,,,,,,找到仓库\n[c][c0c0c0][i][sup](在这个房间里，靠墙)[/sup][/i][-][/c],,,,,,
pda_qKS0uSe,--,,,,,,,,,,--,,,,,,
pda_ZOgROCW,Open it,,,,,,,,,,打开它,,,,,,
pda_848SOO8,--,,,,,,,,,,--,,,,,,
pda_8uGtaiS,- Put Sprouts in Toolbar,,,,,,,,,,- 将幼苗放入工具栏,,,,,,
pda_SWeimei,"[i]< [c][ffff00]Place them[-][/c] under the [b]grow lights[/b]. >[/i]\n\n[i]< Select, and then [c][00ff00][LMB][-][/c] . [/i][i]>[/i]",,,,,,,,,,[i]< [c][ffff00]放置它们[-][/c]在[b]生长灯[/b]下。 >[/i]\n\n[i]< 选中，然后[c][00ff00][LMB][-][/c] 。 [/i][i]>[/i],,,,,,
pda_q40GAqq,"[i]< Food [c][ffffff]Sprouts[-][/c] ... [/i]\n[i]Fast [b]growth[/b], high [b]yields[/b], but infertile seeds. >[/i]\n[i][/i]\n[i]< ... Put them [c][ffff00]into your Toolbar[-][/c].[c][ffff00][-][/c] >[/i]",,,,,,,,,,[i]< 食物[c][ffffff]幼苗[-][/c] ... [/i]\n[i]快速 [b]生长[/b]，高[b]产量[/b]，但种子不育。 >[/i]\n[i][/i]\n[i]< ... 把它们[c][ffff00]放入你的工具栏[-][/c]。[c][ffff00][-][/c] >[/i],,,,,,
pda_x4O88CG,[i]< On this planet the [c][ffffff]plants [-][/c]likely could [b]grow outside[/b]... >[/i]\n[i][/i]\n[i]< ... Unless there are [b]radiated [/b]storms or such ? >[/i],,,,,,,,,,[i]< 在这个星球上，[c][ffffff]植物 [-][/c]可能可以[b]在户外生长[/b]... >[/i]\n[i][/i]\n[i]< ... 除非有[b]辐射 [/b]风暴之类的？ >[/i],,,,,,
pda_KGuZ0L0,Food Processor...?,,,,,,,,,,食物处理器...？,,,,,,
pda_GmeWWKi,invOp - [c][ffffff]FridgeOut_Frst[-][/c] NoPow [c][ff80ff][i][c][ff8000](OffBy: BckFarm) [-][/c][/i]    [c][ff8000]>ToRew[-][/c][-][/c],,,,,,,,,,invOp - [c][ffffff]FridgeOut_Frst[-][/c] 无电 [c][ff80ff][i][c][ff8000](OffBy: BckFarm) [-][/c][/i]    [c][ff8000]>ToRew[-][/c][-][/c],,,,,,
pda_8eGSKaK,...,,,,,,,,,,...,,,,,,
pda_GfWK4GW,...,,,,,,,,,,...,,,,,,
pda_eK8WKuS,--,,,,,,,,,,--,,,,,,
pda_WekaSju,"[i]< These fridges are part of a [b]food processor system.[/b] >[/i]\n[i][/i]\n[i]< ... But at the moment, there is [c][ffffff]not much power[-][/c] for that ... >[/i]",,,,,,,,,,[i]< 这些冰箱是[b]食物处理器系统的一部分。[/b] >[/i]\n[i][/i]\n[i]< ... 但目前，没有[c][ffffff]足够的电力[-][/c]供其使用 ... >[/i],,,,,,
pda_e04mWSK,...,,,,,,,,,,...,,,,,,
pda_8MGKGmO,--,,,,,,,,,,--,,,,,,
pda_qaGKiKI,invOP - [c][ffffff]OpenWard[-][/c]robe [c][ff8040] [i](OnBy:NoMTyet) [/i][-][/c][c][ff8040]>C_Off[-][/c],,,,,,,,,,invOP - [c][ffffff]打开仓库[-][/c]robe [c][ff8040] [i](OnBy:NoMTyet) [/i][-][/c][c][ff8040]>C_Off[-][/c],,,,,,
pda_OiSaqqa,(Multitool found),,,,,,,,,,(找到多功能工具),,,,,,
pda_iQeKoo4,...,,,,,,,,,,...,,,,,,
pda_GvKO8GO,--,,,,,,,,,,--,,,,,,
pda_ma8G4CE,_____________ FARM RETURN ______________,,,,,,,,,,_____________ 农场返回 ______________,,,,,,
pda_Sq44iqi,--,,,,,,,,,,--,,,,,,
pda_uSWuCGG,--,,,,,,,,,,--,,,,,,
pda_60O8Cuq,--,,,,,,,,,,--,,,,,,
pda_uOimiia,_________ [i](Food Processor)[/i],,,,,,,,,,_________ [i](食物处理器)[/i],,,,,,
pda_00uGiac,--,,,,,,,,,,--,,,,,,
pda_iZSKK4m,--,,,,,,,,,,--,,,,,,
pda_0GKa8SG,--,,,,,,,,,,--,,,,,,
pda_GOuCmaK,--,,,,,,,,,,--,,,,,,
pda_SO600Wu,--,,,,,,,,,,--,,,,,,
pda_4e80h4e,[i]< These fridges are part of a [c][ffffff]food crafting system[-][/c][b].[/b] >[/i]\n[i][/i]\n[i]< The system currently is offline... [/i]\n[i]Check out that[c][ffff00] Food processor[-][/c] nearby. >[/i],,,,,,,,,,[i]< 这些冰箱是[c][ffffff]食物制作系统[-][/c][b]的一部分。[/b] >[/i]\n[i][/i]\n[i]< 系统目前离线... [/i]\n[i]看看附近的那个[c][ffff00]食物处理器[-][/c]。 >[/i],,,,,,
pda_L4Oai04,...,,,,,,,,,,...,,,,,,
pda_a0eqWGG,--,,,,,,,,,,--,,,,,,
pda_uGi8qWi,Crafting & Containers,,,,,,,,,,制作与容器,,,,,,
pda_0qceast,- Remotely access Fridge\n[i][c][c0c0c0][sup] 'Arrow out of box' Icon next to drop-down menu[/sup][-][/c][/i],,,,,,,,,,- 远程访问冰箱\n[i][c][c0c0c0][sup] 下拉菜单旁边的'盒中箭头'图标[/sup][-][/c][/i],,,,,,
pda_SWGqu4G,--,,,,,,,,,,--,,,,,,
pda_pWA0UYG,[i]< In here you can [b]access [/b]the items. >[/i]\n[i][/i]\n[i]Upper middle screen: [/i]\n[i]A 'handheld [c][ffffff]Remote Control' icon[-][/c][/i]...\n[c][ffff00]... [-][/c][i][c][ffff00]Press that[-][/c] to get back to the Constructor. >[/i],,,,,,,,,,[i]< 在这里你可以[b]访问 [/b]物品。 >[/i]\n[i][/i]\n[i]屏幕中上方： [/i]\n[i]一个'手持[c][ffffff]遥控器'图标[-][/c][/i]...\n[c][ffff00]... [-][/c][i][c][ffff00]按下它[-][/c]返回建造机。 >[/i],,,,,,
pda_ra4CZ48,- Switch back to Food constructor,,,,,,,,,,- 切换到食物建造机,,,,,,
pda_SaCug8K,[i]< Very Good! [/i]\n[i]- ... Food production secured! >[/i]\n\n\n[i]< [b]Close the window[/b] when you are done. >[/i],,,,,,,,,,[i]< 非常好！ [/i]\n[i]- ... 食物生产已保障！ >[/i]\n\n\n[i]< [b]完成后关闭窗口[/b]。 >[/i],,,,,,
pda_0aai4OY,--,,,,,,,,,,--,,,,,,
pda_eKiiCaW,...,,,,,,,,,,...,,,,,,
pda_05uObi0,--,,,,,,,,,,--,,,,,,
pda_uGWqCOi,CPU 2,,,,,,,,,,CPU 2,,,,,,
pda_eGS8CGK,[u][c][ffffff]Overview[-][/c][/u]:\n\n[i]< Left [/i]                                                                                            [i]                     Right >[/i]\n[c][ffffff]CPU tiers[-][/c]                                                                             List of [c][ffffff]CPU demand[-][/c]\n                                                                                     [sup][i](sorted by block type)[/i][/sup]\n\n---\n[[ [c][ffffff]Ok[-][/c] ]] to continue,,,,,,,,,,[u][c][ffffff]概述[-][/c][/u]：\n\n[i]< 左侧 [/i]                                                                                            [i]                    右侧 >[/i]\n[c][ffffff]CPU等级[-][/c]                                                                              [c][ffffff]CPU需求[-][/c]列表\n                                                                                     [sup][i](按方块类型排序)[/i][/sup]\n\n---\n[[ [c][ffffff]确定[-][/c] ]] 继续,,,,,,
pda_0QEavGQ,"[i]< This [c][ffffff]CPU extender [-][/c]... It gives you 'builder breathing space'.[/i]\n\n[i]< Please open the [c][ffffff]Control Panel[-][/c] [/i][c][00ff00][P][-][/c][i] , [/i][c][ffff00][[ CPU statistics]][-][/c][i] ... >[/i]",,,,,,,,,,[i]< 这个[c][ffffff]CPU扩展器 [-][/c]... 它给你'建造者的喘息空间'。[/i]\n\n[i]< 请打开[c][ffffff]控制面板[-][/c] [/i][c][00ff00][P][-][/c][i] ， [/i][c][ffff00][[ CPU统计 ]][-][/c][i] ... >[/i],,,,,,
pda_8qCO40G,Growing Plots\n[c][c0c0c0][i][sup]Place them (Optional)[/sup][/i][-][/c],,,,,,,,,,种植区\n[c][c0c0c0][i][sup]放置它们 (可选)[/sup][/i][-][/c],,,,,,
pda_aG06qOS,---,,,,,,,,,,---,,,,,,
pda_siSmaW4,Solar Capacitor\n[c][c0c0c0][i][sup]Place it![/sup][/i][-][/c],,,,,,,,,,太阳能电容器\n[c][c0c0c0][i][sup]放置它！[/sup][/i][-][/c],,,,,,
pda_i0OaWuu,--,,,,,,,,,,--,,,,,,
pda_i0tu0ua,"_________ [i](HV ride, other)[/i]",,,,,,,,,,_________ [i](悬浮飞船骑行，其他)[/i],,,,,,
pda_Ka8W4SC,--,,,,,,,,,,--,,,,,,
pda_mUSKGGj,--,,,,,,,,,,--,,,,,,
pda_SKmqKMe,--,,,,,,,,,,--,,,,,,
pda_aO4GaCG,Fly to Space,,,,,,,,,,逃往太空,,,,,,
pda_sm8WigS,...,,,,,,,,,,...,,,,,,
pda_iWemKKm,"[i]< [b][c][ffffff]Battlecruisers [-][/c][/b][c][ffffff]!?[-][/c] [u][b]Two [/b][/u]of them?! What the- >[/i]\n\n[i]< ... Fly to space, [c][ffff00]fly [-][/c][c][ffff00]to space[-][/c].... to space !!! >[/i]",,,,,,,,,,[i]< [b][c][ffffff]战列巡洋舰 [-][/c][/b][c][ffffff]！？[-][/c] [u][b]两艘 [/b][/u]？搞什么- >[/i]\n\n[i]< ... 飞向太空，[c][ffff00]飞 [-][/c][c][ffff00]向太空[-][/c].... 太空！！！ >[/i],,,,,,
pda_GmC4OmO,--,,,,,,,,,,--,,,,,,
pda_G2uWGui,"[i]< Hey, they have called in their [c][ffffff]cavalry[-][/c]..! >[/i]",,,,,,,,,,[i]< 嘿，他们召唤了他们的[c][ffffff]援军[-][/c]..！ >[/i],,,,,,
pda_n4AmqmS,[c][ff8080]B_Dstr[-][/c] - [c][ffffff]SV Destruct [-][/c]note,,,,,,,,,,[c][ff8080]B_Dstr[-][/c] - [c][ffffff]SV自毁 [-][/c]笔记,,,,,,
pda_8amWSCZ,( Fly Safe ),,,,,,,,,,( 安全飞行 ),,,,,,
pda_GiDqmCK,...,,,,,,,,,,...,,,,,,
pda_aoaOCuC,--,,,,,,,,,,--,,,,,,
pda_GKmHOaK,[c][ff8000][u]TUTORIAL PROTECTION[/u][-][/c]\n\n[b]A test block[/b] at the center of \nyour vessel just got [b]destoyed[/b].\n\n[c][ffffff]This salvo would have \nshredded you to pieces...[-][/c],,,,,,,,,,[c][ff8000][u]教程防护[/u][-][/c]\n\n[b]一个测试方块[/b]位于\n你的飞船中心，刚刚被[b]摧毁[/b]。\n\n[c][ffffff]这次齐射本可以将\n你撕成碎片...[-][/c],,,,,,
pda_a8W4iC8,...?,,,,,,,,,,...?,,,,,,
pda_8qqa4G8,--,,,,,,,,,,--,,,,,,
pda_KK0SuKi,Flee to Space,,,,,,,,,,逃往太空,,,,,,
pda_Se4w40m,...,,,,,,,,,,...,,,,,,
pda_aGaqS4q,--,,,,,,,,,,--,,,,,,
pda_iY8EmKQ,"[i]< Let's go, go, go! [/i]\n[i]... This vessel cannot withstand firepower of [b]THAT [/b]magnitude!! >[/i]",,,,,,,,,,[i]< 我们走，快走，快走！ [/i]\n[i]... 这艘飞船无法承受[b]那种[/b]级别的火力！！ >[/i],,,,,,
pda_SsaCS0O,"[i]< The [b]pink crystals [/b]are a new resource - [c][ff8000]Pentaxid[-][/c] ... [/i]\n[i]For [b]shields[/b], and as [c][ffffff]warp fuel[-][/c]. >[/i]",,,,,,,,,,[i]< 这些[b]粉色水晶 [/b]是一种新资源 - [c][ff8000]翘曲水晶[-][/c] ... [/i]\n[i]用于[b]护盾[/b]，以及作为[c][ffffff]翘曲燃料[-][/c]。 >[/i],,,,,,
pda_0miuuKh,...,,,,,,,,,,...,,,,,,
pda_mSTn4mS,"[i]< [c][ffff00]Load it into[-][/c] the ship as any other fuel. >[/i]\n\n[i]< Use the vessel's [c][ffffff]Control Panel, [[Main]][-][/c] tab, to [b]quickfill[/b]. >[/i]",,,,,,,,,,[i]< [c][ffff00]将其作为任何其他燃料装载到飞船上。[-][/c] >[/i]\n\n[i]< 使用飞船的[c][ffffff]控制面板，[[Main]][-][/c] 选项卡，进行[b]快速填充[/b]。 >[/i],,,,,,
pda_GmCWOiO,--,,,,,,,,,,--,,,,,,
pda_GOaqOKa,[c][ff80ff]HV produced[-][/c],,,,,,,,,,[c][ff80ff]HV已生产[-][/c],,,,,,
pda_m64mmei,[c][ff80ff]blueprint is ready to be spawned.[-][/c]\n[c][ff80ff]Open Blueprint Library [ F2 ] ...[-][/c],,,,,,,,,,[c][ff80ff]蓝图已准备就绪，可以生成。[-][/c]\n[c][ff80ff]打开蓝图库 [ F2 ] ...[-][/c],,,,,,
pda_GKm08aO,"Spawn the Hover Vessel\n[i][sup](in Blueprint Library, [c][00ff00][ F2 ][-][/c] )[/sup][/i]",,,,,,,,,,生成悬浮飞船\n[i][sup](在蓝图库中，[c][00ff00][ F2 ][-][/c] )[/sup][/i],,,,,,
pda_4imia8u,- Place green hologram with [c][00ff00][LMB][-][/c]\n[sub]( Home/End xxx PgUp/Dwn  xxxx)[/sub],,,,,,,,,,- 使用[c][00ff00][LMB][-][/c]放置绿色全息投影\n[sub]( Home/End xxx PgUp/Dwn  xxxx)[/sub],,,,,,
pda_i8WcuCG,"[i]< [/i][i]I wish I could know how this ""Factory"" works.[/i]\n[i]Or [b]who [/b]made it work. ... Or [b]when[/b]. >[/i]\n\n[i]< ... It just lurks there, in Subspace... >[/i]",,,,,,,,,,"[i]< [/i][i]我希望我能知道这个""工厂""是如何运作的。[/i]\n[i]或者[b]是谁[/b]让它运转的。... 或者[b]何时[/b]。 >[/i]\n\n[i]< ... 它就潜伏在那里，在子空间中... >[/i]",,,,,,
pda_aGuCuBW,"[i]< Upper left: A ""[c][ffffff]Completed[-][/c]"" list just got added. >[/i]\n[i][/i]\n[i]< [c][ffff00]Select your completed [-][/c]Hover Vessel. [/i]\n[i]< Then, press[/i] [c][00ff00][[ Spawn ]] [-][/c][i]at lower right screen edge. >[/i]",,,,,,,,,,"[i]< 左上角：刚刚添加了一个""[c][ffffff]已完成[-][/c]""列表。 >[/i]\n[i][/i]\n[i]< [c][ffff00]选择你已完成的[-][/c]悬浮飞船。[/i]\n[i]< 然后，按下屏幕右下角的[/i] [c][00ff00][[ 生成 ]] [-][/c][i]按钮。 >[/i]",,,,,,
pda_0mKGguu,_____________ BA DEFENSE ______________  & holding stuff,,,,,,,,,,_____________ 基地防御 ______________  & 存储物品,,,,,,
pda_C8eeKu4,--,,,,,,,,,,--,,,,,,
pda_448CeG3,--,,,,,,,,,,--,,,,,,
pda_QSeiSK9,--,,,,,,,,,,--,,,,,,
pda_eG00m4C,"[i]< A [c][ffffff]Starter [-][/c]like this, files a [b]claim to a location[/b]... >[/i]\n\n[i]< It also serves as vital reference point - [/i]\n[i]- [b]For placing blocks[/b] out of the Inventory's subspace pocket. >[/i]",,,,,,,,,,[i]< 像这样的[c][ffffff]启动器[-][/c]，会对一个位置进行[b]认领[/b]... >[/i]\n\n[i]< 它也作为关键参考点 - [/i]\n[i]- [b]用于将方块[/b]从物品栏的亚空间口袋中放置出来。 >[/i],,,,,,
pda_OGOOi4q,"[u][c][ffffff]Clone chamber[-][/c][/u]: \n\nA [b]revival point[/b] in case of death,\n(Similar to the Tent.)                       \n\nWorks even unpowered.",,,,,,,,,,[u][c][ffffff]克隆舱[-][/c][/u]: \n\n在死亡时的[b]复活点[/b]，\n(类似帐篷。)                       \n\n即使在无动力状态下也能工作。,,,,,,
pda_8OaKqWC,"[i]< Left side, ""INFO""  column[/i]\n[i][/i]\n[i]Below the CPU stats: There is the\n""[c][ffffff]Home spawn[-][/c]"" checkbox >[/i]\n\n\n[i]< [c][ffff00]Tick that box[-][/c], to be able to  \nselect this as another type of [/i]\n[i] revival point. >                            [/i]\n\n[i] < - No matter how far away. [/i]\n[i]... Even lightyears. >               [/i]\n[c][c0c0c0][-][/c]\n\n---\n([b]Close window[/b] when done)[c][ff80ff][-][/c]",,,,,,,,,,"[i]< 左侧，""信息""列[/i]\n[i][/i]\n[i]在CPU统计下方：有\n""[c][ffffff]居家重生[-][/c]""复选框 >[/i]\n\n\n[i]< [c][ffff00]勾选那个框[-][/c]，以便能够\n将其选择为另一种类型的[/i]\n[i]复活点。 >                            [/i]\n\n[i] < - 无论多远。 [/i]\n[i]... 甚至光年。 >               [/i]\n[c][c0c0c0][-][/c]\n\n---\n([b]完成时关闭窗口[/b])[c][ff80ff][-][/c]",,,,,,
pda_KEqCi0u,...,,,,,,,,,,...,,,,,,
pda_CC40uaS,--,,,,,,,,,,--,,,,,,
pda_SasOGmi,"[i]< WIth this connection, you can collect huge blocks![/i]\n\n[i]But...[/i]\n[i]If you use the [b]Multitool [/b][c][ffffff]right now[-][/c] -  it might [c][ffffff]break things[-][/c], instead of retrieval. >[/i]",,,,,,,,,,[i]< 有了这个连接，你可以收集巨大的方块！[/i]\n\n[i]但是...[/i]\n[i]如果你现在使用[b]多功能工具[/b][c][ffffff]（立即）[-][/c] - 它可能会[c][ffffff]破坏东西[-][/c]，而不是回收。 >[/i],,,,,,
pda_GKuOOsf,[i]< This seems like a good place to [b]get some blocks[/b]...? >[/i],,,,,,,,,,[i]< 这似乎是一个获取一些方块的[b]好地方[/b]...？ >[/i],,,,,,
pda_W8CmmGA,"[i]< ... [/i][i]But if you just try it now, they would likely [b]break[/b]. >[/i]\n[i][/i]\n[i]< A Multitool [b]needs help[/b] to pick blocks up. >[/i]",,,,,,,,,,[i]< ... [/i][i]但如果你现在尝试，它们很可能会[b]破裂[/b]。 >[/i]\n[i][/i]\n[i]< 多功能工具需要[b]帮助[/b]才能拾取方块。 >[/i],,,,,,
pda_OOuK8gS,[i]< Good. The Core helps the Multitool to process the blocks. >[/i]\n[i][/i]\n[i]< Try to [c][ffff00]pick up a block[-][/c] now.[/i]\n[i]- Use '[c][ffffff]Retrieve Blocks[-][/c]' mode [c][00ff00][RMB][-][/c] of your Multitool. >[/i],,,,,,,,,,[i]< 很好。核心帮助多功能工具处理方块。 >[/i]\n[i][/i]\n[i]< 现在尝试[c][ffff00]拾取一个方块[-][/c]。[/i]\n[i]- 使用多功能工具的'[c][ffffff]检索方块[-][/c]'模式[c][00ff00][RMB][-][/c]。 >[/i],,,,,,
pda_m8K4CCq,"Pick up a Growing Plot\n[sup][i](Multitool, [c][00ff00][RMB[-][/c][/i][i][c][00ff00]][-][/c], [/i][i][b]Retrieve Blocks[/b] mode)[/i][/sup]",,,,,,,,,,"拾取一个种植槽\n[sup][i](多功能工具，[c][00ff00][RMB[-][/c][/i][i][c][00ff00]][-][/c], [/i][i][b]检索方块[/b]模式)[/i][/sup]",,,,,,
pda_acW84q0,--,,,,,,,,,,--,,,,,,
pda_0uOKS8a,Pick up an Artillery Turret\n[sup](while Connected to [ F4 ] container)[/sup],,,,,,,,,,拾取一座火炮炮塔\n[sup](连接到 [ F4 ] 容器时)[/sup],,,,,,
pda_FaOeiSe,Base Attacks,,,,,,,,,,基地攻击,,,,,,
pda_mCO4q40,"Get close to[c][ffff00] Farm, open Control Panel[-][/c] [c][00ff00][ P ][-][/c]",,,,,,,,,,靠近[c][ffff00]农场，打开控制面板[-][/c] [c][00ff00][ P ][-][/c],,,,,,
pda_8Wi4OeS,"[i]< [c][ffff00]Switch to the[-][/c] [c][ffff00][[ Statistics ]][-][/c] tab ... [/i]\n\n[i]< ... In galactic warfare, enemy [/i]\n[i]Factions [b]call out their targets[/b]. [/i]\n[i]At least, the more [b]civilized [/b]ones do - >[/i]",,,,,,,,,,[i]< [c][ffff00]切换到[-][/c] [c][ffff00][[统计]][-][/c]标签页 ... [/i]\n\n[i]< ... 在银河战争中，敌方[/i]\n[i]派系[b]会公开宣告他们的目标[/b]。 [/i]\n[i]至少，较为[b]文明[/b]的那些会这样做 - >[/i],,,,,,
pda_aambG6e,Base Defense,,,,,,,,,,基地防御,,,,,,
pda_SC0uWGq,...,,,,,,,,,,...,,,,,,
pda_KF24GGm,--,,,,,,,,,,--,,,,,,
pda_G44Wm02,"[i]< We [b]cannot [/b]sit here and wait. - - And we [b]cannot leave [/b]the planet either.[/i]\n[i][c][ffff00][-][/c][/i]\n[i]< [c][ffff00]Secure your Base[-][/c], [/i]\n[i]and have an [c][ffff00]HV [-][/c]ready. >[/i]",,,,,,,,,,[i]< 我们[b]不能[/b]坐在这里等待。 - - 我们[b]也不能离开[/b]这颗星球。[/i]\n[i][c][ffff00][-][/c][/i]\n[i]< [c][ffff00]确保你的基地安全[-][/c]，[/i]\n[i]并且有一架[c][ffff00]悬浮飞船[-][/c]准备好。 >[/i],,,,,,
pda_mCsiKCS,Base Attacks,,,,,,,,,,基地攻击,,,,,,
pda_UOqWW4a,...,,,,,,,,,,...,,,,,,
pda_8q0K8CU,--,,,,,,,,,,--,,,,,,
pda_uWg0elC,"[i]< Seems, this was some kind an [b]automated [/b]response. >[/i]\n[i][/i]\n[i]< ... The[c][ffffff] real troops[-][/c] have [b]not [/b]arrived yet ... >[/i]",,,,,,,,,,[i]< 看起来，这可能是某种[b]自动[/b]回应。 >[/i]\n[i][/i]\n[i]< ... [c][ffffff]真正的部队[-][/c]还[b]没有[/b]到... >[/i],,,,,,
pda_q0Y0mea,...,,,,,,,,,,...,,,,,,
pda_iOi0KkK,--,,,,,,,,,,--,,,,,,
pda_8qq28mi,"[i]< Please, could you [c][ffff00]open the Control Panel[-][/c] of your [c][ffff00]Farm[-][/c]? >[/i]\n[i][/i]\n[i]< Let me check something ... >[/i]",,,,,,,,,,[i]< 请你，能否[c][ffff00]打开你的[-][/c]农场[c][ffff00]的控制面板[-][/c]？ >[/i]\n[i][/i]\n[i]< 让我检查一下... >[/i],,,,,,
pda_CWWCmSO,Destroy [b]Minigun Drone[/b]\n[c][c0c0c0][i](Red dot on radar)[/i][-][/c],,,,,,,,,,摧毁[b]迷你炮无人机[/b]\n[c][c0c0c0][i](雷达上的红点)[/i][-][/c],,,,,,
pda_ieCJmSH,--,,,,,,,,,,--,,,,,,
pda_uaDaWKO,Switch to [[Statistics]] tab,,,,,,,,,,切换到[[Statistics]] 标签,,,,,,
pda_mm8qeGS,"[i]< Right side of screen, second row: [/i]\n[i]""[c][ffffff]Base Attack""[-][/c][/i]\n[i]Your Farm has been [b]marked[/b]. >\n\n< ... For Zirax, this is considered as 'polite'.>[/i]\n\n[i]---[/i]\n( [b]Close [/b]Control Panel when done)[i][/i]",,,,,,,,,,"[i]< 屏幕右侧，第二行： [/i]\n[i]""[c][ffffff]基地攻击""[-][/c][/i]\n[i]你的农场已被[b]标记[/b]。 >\n\n< ... 对兹瑞克斯来说，这被认为是'礼貌'。>[/i]\n\n[i]---[/i]\n( [b]完成时关闭[/b]控制面板[i][/i])",,,,,,
pda_OgoCSTG,...,,,,,,,,,,...,,,,,,
pda_8WKSauS,--,,,,,,,,,,--,,,,,,
pda_KiWm4KA,"[i]< It seems, they already built a [c][ff8000]Drone Base[-][/c][/i] [i]...?[/i] >\n\n[i]< ...  [b]Those attacks will never stop[/b]. [/i][i]And each wave will be [b]worse [/b]than before. >[/i]\n\n[i]< - [/i][i]... Once they claim a planet, Zirax 'negotiate' just with their [b]guns[/b]. >[/i]",,,,,,,,,,[i]< 看起来，他们已经建造了一个[c][ff8000]无人机基地[-][/c][/i] [i]...？[/i] >\n\n[i]< ...  [b]那些攻击永远不会停止[/b]。 [/i][i]而且每一波都会比之前[b]更糟[/b]。 >[/i]\n\n[i]< - [/i][i]... 一旦他们占领一个星球，兹瑞克斯只用他们的[b]枪[/b]来'谈判'。 >[/i],,,,,,
pda_iGCGSeu,--,,,,,,,,,,--,,,,,,
pda_W0q4Gmu,--,,,,,,,,,,--,,,,,,
pda_CqO4KaW,--,,,,,,,,,,--,,,,,,
pda_K0GS40O,"[i]< Like that! [/i]\n[i]- - Goes straight into the box, without you lifting a finger! >[/i]",,,,,,,,,,[i]< 像那样！ [/i]\n[i]- - 直接进入箱子，无需你动手！ >[/i],,,,,,
pda_C8G0qGK,"[b]""[u][c][ffffff]Pickup - to - box[-][/c][/u]""                                                      [/b]\n[sup][i](= 'Container Connect' )                                                             [/i][/sup]\n\n[b]P[/b][b]ick up[/b] items, directly[b] into a cargo[/b] box !              \n\n- Collect things, even if your own inventory is full.\n- Collect very large things.                                        \n\n---------\n\n[[ [c][ffffff]OK [-][/c]]] [c][ffffff]for next page[-][/c]  ( 1 of 2 )",,,,,,,,,,"[b]""[u][c][ffffff]拾取 - 至 - 货箱[-][/c][/u]""                                                      [/b]\n[sup][i](= '容器连接' )                                                             [/i][/sup]\n\n[b]P[/b][b]拾取[/b]物品，直接放入[b]货箱[/b]！              \n\n- 收集物品，即使你的物品栏已满。\n- 收集非常大的物品。                                        \n\n---------\n\n[[ [c][ffffff]确定 [-][/c]]] [c][ffffff]下一页[-][/c]  ( 1 / 2 )",,,,,,
pda_Si8G8em,...,,,,,,,,,,...,,,,,,
pda_08O8S0K,--,,,,,,,,,,--,,,,,,
pda_GueJ8SG,"[i]< ... Because, that tool needs [b]help[/b]. >[/i]\n[i][/i]\n[i]< - [c][ffff00]Place a Core [-][/c]on the Garden. - Claim it![/i]\n[i] ... There is one in that [c][ffffff]Repository[-][/c], over there ... ? >[/i]",,,,,,,,,,[i]< ... 因为，那个工具需要[b]帮助[/b]。 >[/i]\n[i][/i]\n[i]< - [c][ffff00]在花园上放置一个核心[-][/c]。 - 认领它！[/i]\n[i] ... 那边有一个在[c][ffffff]仓库[-][/c]里...？ >[/i],,,,,,
pda_uuCH8C0,[i](New Marker!)[/i],,,,,,,,,,[i](新标记！)[/i],,,,,,
pda_WmuKPai,...,,,,,,,,,,...,,,,,,
pda_Gmu6m8u,--,,,,,,,,,,--,,,,,,
pda_OGkBmKg,[i]Optional: Pick up Plants[/i],,,,,,,,,,[i]可选：拾取植物[/i],,,,,,
pda_imuSmuq,--,,,,,,,,,,--,,,,,,
pda_84Sm8W8,[i]< All these items are clogging up your inventory ... >[/i],,,,,,,,,,[i]< 所有这些物品都堵塞了你的物品栏... >[/i],,,,,,
pda_8mmSqa4,Multitool,,,,,,,,,,多功能工具,,,,,,
pda_qqW4GSS,...,,,,,,,,,,...,,,,,,
pda_Cauu0Om,--,,,,,,,,,,--,,,,,,
pda_Agi0SG4,"[i]< ... ... But even if we had some more [b]growing plots[/b] for this farm- - There is no way to [c][ffffff]pick those up[-][/c] right now. >[/i]\n[i][/i]\n[i]< There could be a [c][ffff00]Multitool[-][/c], nearby. Putting a [b]Marker [/b]on it. >[/i]",,,,,,,,,,[i]< ... ... 但即使我们有更多的[b]种植槽[/b]用于这个农场- - 现在也没办法[c][ffffff]拾取那些[-][/c]。 >[/i]\n[i][/i]\n[i]< 附近可能有一个[c][ffff00]多功能工具[-][/c]。放一个[b]标记[/b]在上面。 >[/i],,,,,,
pda_HSiukm4,[i]< Take it... >[/i],,,,,,,,,,[i]< 带上它... >[/i],,,,,,
pda_qWqiCW8,Gained Multitool,,,,,,,,,,获得多功能工具,,,,,,
pda_aCeuK4a,"/\  /\\nDirectly above:\n\n\n\nMiddle vertical row, and topmost,       \nis a [c][ffffff][b]wireless symbol.                              [/b][-][/c][b][/b]\n\n[c][ffff00]Press this to connect[-][/c] to the box.         \n[c][c0c0c0]\n[i](Both the container and your toolbar [/i]\n[i]should light up in yellow.)                      [/i][-][/c]\n\n\n---\n[i](When [b]done [/b]with that, close Logistics)[/i]\n[i][/i]\n[i][/i]\n[i][/i]\n[i][/i]\n[i][/i]\n[i][/i]\n[i][/i]\n[i][/i]\n[i][/i]\n[i].[/i]",,,,,,,,,,/\  /\\n正上方：\n\n\n\n中间垂直行，最顶部，       \n是一个[c][ffffff][b]无线符号。                              [/b][-][/c][b][/b]\n\n[c][ffff00]按下这个来连接[-][/c]到箱子。         \n[c][c0c0c0]\n[i](容器和你的工具栏[/i]\n[i]都应该亮起黄色。)                      [/i][-][/c]\n\n\n---\n[i](完成后，关闭物流)[b]\n[/b][/i]\n[i][/i]\n[i][/i]\n[i][/i]\n[i][/i]\n[i][/i]\n[i][/i]\n[i][/i]\n[i][/i]\n[i][/i]\n[i].[/i],,,,,,
pda_mem7uKW,...,,,,,,,,,,...,,,,,,
pda_maWGuuS,--,,,,,,,,,,--,,,,,,
pda_mCi8SeO,"[i]< Your Toolbar has been switched out with a '[b]virtual[/b]' one.[/i]\n[i]... Representing things that are still in the container. >[/i]\n\n[i]< [c][ffff00]Press[-][/c][c][00ff00] [T][-][/c] [c][ffffff]to switch back[-][/c] to your [b]own Toolbar[/b], and the Multitool. >[/i]",,,,,,,,,,[i]< 你的工具栏已被一个'[b]虚拟[/b]'的工具栏替换。[/i]\n[i]... 代表仍在容器中的东西。 >[/i]\n\n[i]< [c][ffff00]按[-][/c][c][00ff00] [T][-][/c] [c][ffffff]切换回[-][/c]你自己的[b]工具栏[/b]，以及多功能工具。 >[/i],,,,,,
pda_0SG8GqW,... then open Logistics [c][00ff00][ F4 ][-][/c],,,,,,,,,,... 然后打开物流 [c][00ff00][ F4 ][-][/c],,,,,,
pda_KqqSeeK,"[b]Upper left and right[/b], there are several [c][ffffff][u]drop-down lists[/u]. [-][/c]\n\n[b][sup]For example:[/sup][/b]\n[sup]... Left side:   [c][ffffff] [Player > ] [-][/c] , [ Player Inventory > ] [/sup]\n[sup]... and right:   [Offworld Farm > ] ,  [Fridge >]        [/sup]\n\nThese are[b][/b] two [b]inventories, at different places.[/b]\nThe tech cache is a [b]third [/b]inventory.",,,,,,,,,,"[b]左上和右上[/b]，有几个[c][ffffff][u]下拉列表[/u]。 [-][/c]\n\n[b][sup]例如：[/sup][/b]\n[sup]... 左侧：   [c][ffffff] [玩家 > ] [-][/c] , [ 玩家物品栏 > ] [/sup]\n[sup]... 右侧：  [外星农场 > ] ,  [冰箱 > ]        [/sup]\n\n這些是[b][/b]两个[b]不同位置的物品栏。[/b]\n科技缓存是[b]第三个[/b]物品栏。",,,,,,
pda_4OWaaG4,--,,,,,,,,,,--,,,,,,
pda_CiC6OaO,...,,,,,,,,,,...,,,,,,
pda_aiCSWWq,--,,,,,,,,,,--,,,,,,
pda_ixOS00m,Need more Fuel,,,,,,,,,,需要更多燃料,,,,,,
pda_maWiq44,...,,,,,,,,,,...,,,,,,
pda_Bu0KOOG,--,,,,,,,,,,--,,,,,,
pda_G38KuxW,"[i]< Even with full CPU, Solar will be [b]too weak[/b] for long operations. >[/i]\n[i][/i]\n[i]< But crafting Biofuel is a slog... [/i][i]>[/i]",,,,,,,,,,[i]< 即使CPU满载，太阳能对于长时间操作也会[b]太弱[/b]。 >[/i]\n[i][/i]\n[i]< 但制作生物燃料很枯燥... [/i][i]>[/i],,,,,,
pda_8lWaiOi,...,,,,,,,,,,...,,,,,,
pda_OqWC0i7,--,,,,,,,,,,--,,,,,,
pda_7Wqq4W4,[c][ff8040]Your Base is\n under attack ![-][/c],,,,,,,,,,[c][ff8040]你的基地\n 正在受到攻击！[-][/c],,,,,,
pda_wuqe4WW,Kill the [b]Ripper Dogs[/b],,,,,,,,,,杀死[b]撕裂犬[/b],,,,,,
pda_WPKW4OW,--,,,,,,,,,,--,,,,,,
pda_00Oa8eG,...,,,,,,,,,,...,,,,,,
pda_aK8q8IC,--,,,,,,,,,,--,,,,,,
pda_i0OCSuU,[i]< Remember back in Space? [c][ffffff]Ice mining[-][/c]...? >[/i]\n\n[i]< You could teleport the ice into a distant box.. [/i]\n\n[i]- - This one is the same -  Just [b]automated[/b].  >                                [/i],,,,,,,,,,[i]< 还记得太空中的事吗？ [c][ffffff]冰矿开采[-][/c]...？ >[/i]\n\n[i]< 你可以把冰传送到一个远处的箱子... [/i]\n\n[i]- - 这个是一样的 - 只是[b]自动化[/b]了。 >                                [/i],,,,,,
pda_CGWZOS0,[c][0080ff](nPOI) [-][/c]- off_[c][ffffff][c][ff8080]N[-][/c] - NestOpen[-][/c]s up [c][ff8000][c][ff8080][i]ToRwBy:ArtyDsc (RwBy:TurretsDown)[/i] OnBy: NestBridge [-][/c] [-][/c][c][ff80ff]C_Rw x2  [-][/c][c][ff8000]>[-][/c][c][ff8000]C_OnOff x ((Off_CloneHome&DBaseDisc&TurretDanger)) [-][/c][c][ffff00]+ ExplodeTankCore[-][/c],,,,,,,,,,[c][0080ff](nPOI) [-][/c]- 关闭_[c][ffffff][c][ff8080]N[-][/c] - 巢穴开启[-][/c]起来 [c][ff8000][c][ff8080][i]触发：炮塔发现 (触发：炮塔倒下)[/i] 开启：巢穴桥 [-][/c] [-][/c][c][ff80ff]C_触发 x2  [-][/c][c][ff8000]>[-][/c][c][ff8000]C_开关 x ((关闭克隆家&基地发现&炮塔危险)) [-][/c][c][ffff00]+ 爆炸坦克核心[-][/c],,,,,,
pda_WKWK5io,...,,,,,,,,,,...,,,,,,
pda_YqI8HKC,...,,,,,,,,,,...,,,,,,
pda_Kw8GmUC,---,,,,,,,,,,---,,,,,,
pda_8eqa0Sq,[i]< This -  ... ? >[/i]\n[i][/i]\n[i]< [c][ffffff]Somebody [-][/c]just [b]congratulated [/b]us !? >[/i],,,,,,,,,,[i]< 这个 -  ... ？ >[/i]\n[i][/i]\n[i]< [c][ffffff]有人[-][/c]刚刚[b]祝贺[/b]我们了！？ >[/i],,,,,,
pda_C8emOW4,Get to mysterious Base,,,,,,,,,,前往神秘基地,,,,,,
pda_wSqaieW,Reach hangar door,,,,,,,,,,到达机库门,,,,,,
pda_O0mi4Wa,--,,,,,,,,,,--,,,,,,
pda_KeaN4Wa,"< [i] ... In any case, better [c][ffff00]be prepared[-][/c]. >[/i]",,,,,,,,,,< [i] ... 无论如何，最好[c][ffff00]做好准备[-][/c]。 >[/i],,,,,,
pda_OP8e80m,...,,,,,,,,,,...,,,,,,
pda_SGWa4SK,--,,,,,,,,,,--,,,,,,
pda_mSGWLGG,[i]< Door opens up... >[/i],,,,,,,,,,[i]< 门打开了... >[/i],,,,,,
pda_4MuiGib,[i]<  ... Message was sent from that [c][ffff00]building over there[-][/c]. [/i]\n[i][/i]\n[i]- Putting a [c][ffffff]Marker [-][/c]on it.>[/i],,,,,,,,,,[i]< ... 消息是从那个[c][ffff00]远处的建筑[-][/c]发送的。 [/i]\n[i][/i]\n[i]- 在上面放一个[c][ffffff]标记[-][/c]。>[/i],,,,,,
pda_i8GqmE4,...,,,,,,,,,,...,,,,,,
pda_Sh85CCC,--,,,,,,,,,,--,,,,,,
pda_98SWCOu,"[i]< ... And, we have an... [/i]\n[i]...[c][ffffff] [c][ffff00]invitation [-][/c][-][/c]...?! >[/i]",,,,,,,,,,[i]< ... 而且，我们有一个... [/i]\n[i]...[c][ffffff] [c][ffff00]邀请 [-][/c][-][/c]...？！ >[/i],,,,,,
pda_iuCKC8C,Get to mysterious Base,,,,,,,,,,前往神秘基地,,,,,,
pda_OWqmS8S,[c][0080ff]Mrk[-][/c] -[c][ffffff] Nest loc[-][/c] general  [i][c][ff8000](OnBy: NestOpen) [-][/c][/i][i][c][ff8000](OffByTNestOpen)[-][/c][/i],,,,,,,,,,[c][0080ff]标记[-][/c] -[c][ffffff]巢穴定位[-][/c]通用  [i][c][ff8000](开启：巢穴开启) [-][/c][/i][i][c][ff8000](关闭：巢穴开启)[-][/c][/i],,,,,,
pda_KimPe4e,...,,,,,,,,,,...,,,,,,
pda_0tG430O,...,,,,,,,,,,...,,,,,,
pda_4i44uAa,--,,,,,,,,,,--,,,,,,
pda_8aOWaGS,...,,,,,,,,,,...,,,,,,
pda_qimuGqm,[c][0080ff]Mrk[-][/c] - Nest [c][ffffff]Loc Door[-][/c]   [i][c][ff8000](OnBy: NestOpen) (OffByTNestOpen)[-][/c][/i],,,,,,,,,,[c][0080ff]标记[-][/c] - 巢穴[c][ffffff]定位门[-][/c]   [i][c][ff8000](开启：巢穴开启) (关闭：巢穴开启)[-][/c][/i],,,,,,
pda_KCCmuq4,...,,,,,,,,,,...,,,,,,
pda_RG2W8mS,...,,,,,,,,,,...,,,,,,
pda_GueCmKO,--,,,,,,,,,,--,,,,,,
pda_08m4WqK,"[i]< This invitation message was [b]strange[/b]... [/i]\n[i]Not dangerous, but - - [/i]\n\n[i]... It appeared directly i[b]n my memory[/b] systems ?! >[/i]",,,,,,,,,,[i]< 这个邀请信息[b]奇怪[/b]... [/i]\n[i]不危险，但是 - - [/i]\n\n[i]... 它直接出现在我[b]的记忆[/b]系统中？！ >[/i],,,,,,
pda_qaC8aCG,"[i]< This invitation message was [b]strange[/b]... [/i]\n[i]Not dangerous, but - - [/i]\n\n[i]... It appeared directly i[b]n my memory[/b] systems ?! >[/i]",,,,,,,,,,[i]< 这个邀请信息[b]奇怪[/b]... [/i]\n[i]不危险，但是 - - [/i]\n\n[i]... 它直接出现在我[b]的记忆[/b]系统中？！ >[/i],,,,,,
pda_OeiiqWe,"invOp - [c][80ffff]CalSig17[-][/c] - [c][ffffff]LootZirax[-][/c] Nest[i][c][ff8000](RwBy: NestOpen) (OffBy: ExploreNestTrg, HackCounter)[-][/c][/i]",,,,,,,,,,invOp - [c][80ffff]CalSig17[-][/c] - [c][ffffff]掠夺兹瑞克斯[-][/c]巢穴[i][c][ff8000](开启：巢穴开启) (关闭：探索巢穴触发，黑客计数器)[-][/c][/i],,,,,,
pda_C40COGG,Zirax Solider,,,,,,,,,,兹瑞克斯士兵,,,,,,
pda_ee0W00i,[i]...[/i],,,,,,,,,,[i]...[/i],,,,,,
pda_8KeumWe,"""[c][ffffff]Done with Building[-][/c], please [c][ffff00]continue[-][/c]""",,,,,,,,,,"""[c][ffffff]已完成建造[-][/c]，请[c][ffff00]继续[-][/c]""",,,,,,
pda_iG8a08T,...,,,,,,,,,,...,,,,,,
pda_ciq4G0e,...,,,,,,,,,,...,,,,,,
pda_WiKimOC,--,,,,,,,,,,--,,,,,,
pda_4ceG0ea,This will progress the Tutorial.,,,,,,,,,,这将推进教程。,,,,,,
pda_8CGuWru,"[i]< Back to trying things out ...? >[/i]\n[i][/i]\n[i]< As a sidenote:  ... I have been asked to [/i]\n[i]tell you, that your HV Build is ""[b]Very Cool[/b]"" . >[/i]",,,,,,,,,,"[i]< 回到尝试事物...？ >[/i]\n[i][/i]\n[i]< 顺便说一句：... 我被要求[/i]\n[i]告诉你，你的悬浮飞船建造是""[b]非常酷[/b]""。 >[/i]",,,,,,
pda_UqCqKSu,[c][0080ff](nPOI)[-][/c] - Work[c][ffffff]Check[-][/c] list [i][c][ff8000](OnBy: HVSpawn) [-][/c][/i][c][ff8000]>C_OnT[-][/c][c][ff8000] x6[-][/c][i][c][ff8000][-][/c][/i],,,,,,,,,,[c][0080ff](nPOI)[-][/c] - 工作[c][ffffff]检查[-][/c]清单 [i][c][ff8000](开启：HVSpawn) [-][/c][/i][c][ff8000]>C_OnT[-][/c][c][ff8000] x6[-][/c][i][c][ff8000][-][/c][/i],,,,,,
pda_8iOauKu,Hover Vessel Building\n[sup][c][c0c0c0](Optional)[-][/c][/sup],,,,,,,,,,悬浮飞船建造\n[sup][c][c0c0c0](可选)[-][/c][/sup],,,,,,
pda_4S8Kmmi,- Be close and [c][ffff00]aim at your Vessel[-][/c]\n[sup]Ideally in 'sightline' to the vessel's Core[/sup]\n- Then [c][ffff00]press [-][/c][c][00ff00][Alt Gr]+[O][-][/c]\n[c][c0c0c0][i][sup](Repeat if it does not work instantly)[/sup][/i][-][/c],,,,,,,,,,- 靠近并[c][ffff00]瞄准你的飞船[-][/c]\n[sup]理想情况下在飞船核心的'视线'内[/sup]\n- 然后[c][ffff00]按下[-][/c][c][00ff00][Alt Gr]+[O][-][/c]\n[c][c0c0c0][i][sup]（如果立即无效则重复）[/sup][/i][-][/c],,,,,,
pda_0404cqq,--,,,,,,,,,,--,,,,,,
pda_OqC0Gwe,"[u][c][ffffff]Saving a Blueprint[-][/c][/u] [c][00ff00][Alt Gr]+[O][-][/c]\n\nBottom right : Press '[c][ffff00]Save as...[-][/c]', \n\nthen [b]exit [/b]the BP library.",,,,,,,,,,[u][c][ffffff]保存蓝图[-][/c][/u] [c][00ff00][Alt Gr]+[O][-][/c]\n\n右下角：按'[c][ffff00]另存为...[-][/c]'， \n\n然后[b]退出[/b]蓝图库。,,,,,,
pda_uaeUVCu,"[c][ffffff][c][ffff00][u]Continue Tutorial[/u][-][/c] [-][/c]/ Skip:\nOpen PDA [c][00ff00][ F1 ][-][/c] , select mission 'Done with Building'",,,,,,,,,,[c][ffffff][c][ffff00][u]继续教程[/u][-][/c] [-][/c]/ 跳过：\n打开PDA [c][00ff00][ F1 ][-][/c] ，选择任务'已完成建造',,,,,,
pda_mGeCa40,Work [c][ffffff]Checklist (Decline[-][/c]Repeat),,,,,,,,,,工作[c][ffffff]检查清单（拒绝[-][/c]重复）,,,,,,
pda_5mC4K44,--,,,,,,,,,,--,,,,,,
pda_a0K0sqm,--,,,,,,,,,,--,,,,,,
pda_eqcq8OW,- Find a Starter Block?,,,,,,,,,,- 找到起始方块？,,,,,,
pda_iWC04ei,--,,,,,,,,,,--,,,,,,
pda_Qa04Oq4,- Use [c][00ff00][N] [-][/c]building menu?\n---,,,,,,,,,,- 使用[c][00ff00][N] [-][/c]建造菜单？\n---,,,,,,
pda_uiG8Cf0,--,,,,,,,,,,--,,,,,,
pda_eq4K1ew,[c][0080ff]nPOI[-][/c] - Vessel[c][ffffff]Turn[-][/c] [i][c][ff8000](OnBy: WorkCheck) (OffBy: DoneBuild)[-][/c][/i],,,,,,,,,,[c][0080ff]nPOI[-][/c] - 飞船[c][ffffff]转向[-][/c] [i][c][ff8000](开启：工作检查) (关闭：完成建造)[-][/c][/i],,,,,,
pda_QicCWW6,Torque,,,,,,,,,,扭矩,,,,,,
pda_iueOCSi,...,,,,,,,,,,...,,,,,,
pda_0OCC0Ea,--,,,,,,,,,,--,,,,,,
pda_K3iGGm4,[c][0080ff]nPOI[-][/c] - [c][ffffff]Minimal[-][/c] Hover [i][c][ff8000](OnBy: WorkCheck) (OffBy: DoneBuild)[-][/c][/i],,,,,,,,,,[c][0080ff]nPOI[-][/c] - [c][ffffff]最小[-][/c]悬浮 [i][c][ff8000](开启：工作检查) (关闭：完成建造)[-][/c][/i],,,,,,
pda_8WYuq8a,Minimal Hover,,,,,,,,,,最小悬浮,,,,,,
pda_S0O4eGK,...,,,,,,,,,,...,,,,,,
pda_KGa04ZS,--,,,,,,,,,,--,,,,,,
pda_i0lCanH,[c][0080ff]nPOI[-][/c] - Ground [c][ffffff]Repulsor [-][/c][i][c][ff8000](OnBy: WorkCheck) (OffBy: DoneBuild)[-][/c][/i],,,,,,,,,,[c][0080ff]nPOI[-][/c] - 地面[c][ffffff]反重力器 [-][/c][i][c][ff8000](开启：工作检查) (关闭：完成建造)[-][/c][/i],,,,,,
pda_qIqO4eS,Ground Repulsor,,,,,,,,,,地面反重力器,,,,,,
pda_a0SiiO0,...,,,,,,,,,,...,,,,,,
pda_Om3mGO0,--,,,,,,,,,,--,,,,,,
pda_C44eKKu,[c][0080ff]nPOI[-][/c] - Sta[c][ffffff]bility[-][/c] [i][c][ff8000](OnBy: WorkCheck) (OffBy: DoneBuild)[-][/c][/i],,,,,,,,,,[c][0080ff]nPOI[-][/c] - 稳定[c][ffffff]性[-][/c] [i][c][ff8000](开启：工作检查) (关闭：完成建造)[-][/c][/i],,,,,,
pda_iS4OuSQ,...,,,,,,,,,,...,,,,,,
pda_GQWWWOS,...,,,,,,,,,,...,,,,,,
pda_4CMSKm4,--,,,,,,,,,,--,,,,,,
pda_G8m0e4u,[c][0080ff]nPOI[-][/c] - [c][ffffff]Container[-][/c]Control [i][c][ff8000](OnBy: WorkCheck) (OffBy: DoneBuild)[-][/c][/i],,,,,,,,,,[c][0080ff]nPOI[-][/c] - [c][ffffff]容器[-][/c]控制 [i][c][ff8000](开启：工作检查) (关闭：完成建造)[-][/c][/i],,,,,,
pda_mSG44Wa,...,,,,,,,,,,...,,,,,,
pda_8Wq80wm,...,,,,,,,,,,...,,,,,,
pda_OGKe4O0,--,,,,,,,,,,--,,,,,,
pda_CaQGamu,View -  [c][ffffff]N-Building[-][/c] - Symmetry [i][c][ff8000](OnBy: WorkCheck) (OffBy: DoneBuild)[-][/c][/i],,,,,,,,,,查看 -  [c][ffffff]N-建造[-][/c] - 对称 [i][c][ff8000](开启：工作检查) (关闭：完成建造)[-][/c][/i],,,,,,
pda_iSGT0eq,Building helper menu,,,,,,,,,,建造助手菜单,,,,,,
pda_SsC44vm,...,,,,,,,,,,...,,,,,,
pda_a0T8q40,--,,,,,,,,,,--,,,,,,
pda_K8q4s4K,Open it,,,,,,,,,,打开它,,,,,,
pda_48u80S0,No Guns,,,,,,,,,,无枪,,,,,,
pda_SGKqO4O,...,,,,,,,,,,...,,,,,,
pda_OCmaeKi,--,,,,,,,,,,--,,,,,,
pda_qCmSKuK,"[i]< The [c][ffffff]Farm has guns[-][/c], yet they did not shoot... >[/i]\n\n[i]< Seems, it is [b]missing [/b]some set-up. >[/i]",,,,,,,,,,[i]< 这个[c][ffffff]农场有枪[-][/c]，但他们没有射击... >[/i]\n\n[i]< 看起来，它[b]缺少[/b]一些设置。 >[/i],,,,,,
pda_q0k0Giq,[i](Optional) - Call in a [c][ffffff]Zirax Drone[-][/c] ?[/i],,,,,,,,,,[i](可选) - 呼叫一架[c][ffffff]兹瑞克斯无人机[-][/c] ?[/i],,,,,,
pda_uaSa6m5,[i]( Luring Zirax Drone )[/i],,,,,,,,,,[i](诱引兹瑞克斯无人机 )[/i],,,,,,
pda_u0SqS8W,...,,,,,,,,,,...,,,,,,
pda_OuUeeWu,[i]< Generating faked attack call ... >[/i],,,,,,,,,,[i]< 生成伪造的攻击呼叫... >[/i],,,,,,
pda_CCe8G8i,"[i]< A [c][ffffff]Rocket Drone[-][/c][/i]. \n[i]Its shots are easy to avoid. But they have high [b]damage[/b]. >[/i]\n[i][/i]\n[i]< ... If things go bad, [c][ffffff]shoot it in the 'eye'. [-][/c]>[/i]",,,,,,,,,,[i]< 一架[c][ffffff]火箭无人机[-][/c][/i]。 \n[i]它的射击很容易躲避。但它们有很高的[b]伤害[/b]。 >[/i]\n[i][/i]\n[i]< ... 如果情况不妙，[c][ffffff]射击它的'眼睛'。[-][/c]>[/i],,,,,,
pda_WSPW88C,--,,,,,,,,,,--,,,,,,
pda_GuGiOGO,[i]( Luring Zirax Drone )[/i],,,,,,,,,,[i](诱引兹瑞克斯无人机 )[/i],,,,,,
pda_euGUsmO,...,,,,,,,,,,...,,,,,,
pda_m8iqGOt,--,,,,,,,,,,--,,,,,,
pda_qWKua8S,[i]< Incoming ! >[/i],,,,,,,,,,[i]< 来袭！ >[/i],,,,,,
pda_mGGeSCw,"[i]< The Drone you looted... It had some [b]Codes [/b]in its memory. >[/i]\n\n[i]< ... You could [c][ffffff]check how your turrets perform[-][/c], before you leave your Base alone ...? >[/i]\n\n\n\n\n\n\n\n\n\n\n\n\n\n\n\n\n\n<---- [c][ffff00]Press This button[-][/c] to start mission.",,,,,,,,,,[i]< 你搜刮的无人机... 它的记忆里有[b]代码[/b]。 >[/i]\n\n[i]< ... 你可以在离开基地前，[c][ffffff]检查一下你的炮塔表现如何[-][/c]...？ >[/i]\n\n\n\n\n\n\n\n\n\n\n\n\n\n\n\n\n\n<---- [c][ffff00]点击此按钮[-][/c]开始任务。,,,,,,
pda_e04a0e0,Secure a Foothold,,,,,,,,,,确保立足点,,,,,,
pda_OaiGimu,"- Open ""Foothold"" containers",,,,,,,,,,"- 打开""立足点""容器",,,,,,
pda_uKihWSG,--,,,,,,,,,,--,,,,,,
pda_SOC0Cui,Sig - [c][80ffff]Cal[-][/c] - EvilHack[c][ffffff]Bargain[-][/c]02 [i][c][ff8000](offby: CoreKill)[-][/c][/i],,,,,,,,,,签名 - [c][80ffff]Cal[-][/c] - EvilHack[c][ffffff]交易[-][/c]02 [i][c][ff8000](offby: CoreKill)[-][/c][/i],,,,,,
pda_OC8mWCW,[i]Identify target:[/i]\n[i] [sup]&Lifeform: Human: Fighter[/sup][/i],,,,,,,,,,[i]识别目标：[/i]\n[i] [sup]&生命体：人类：战士[/sup][/i],,,,,,
pda_COicqGe,...,,,,,,,,,,...,,,,,,
pda_qCOC6GK,--,,,,,,,,,,--,,,,,,
pda_KKWWi0S,Sig - [c][80ffff]Cal[-][/c] - EvilHack[c][ffffff]Bargain[-][/c]03 [i][c][ff8000](offby: CoreKill)[-][/c][/i],,,,,,,,,,签名 - [c][80ffff]Cal[-][/c] - EvilHack[c][ffffff]交易[-][/c]03 [i][c][ff8000](offby: CoreKill)[-][/c][/i],,,,,,
pda_SqeS8u4,[i]Memory access:[/i]\n[i] [sup]&etag4aer[/sup][/i],,,,,,,,,,[i]记忆访问：[/i]\n[i] [sup]&etag4aer[/sup][/i],,,,,,
pda_Gmw8SuK,...,,,,,,,,,,...,,,,,,
pda_iaS04KG,--,,,,,,,,,,--,,,,,,
pda_fOGWWOq,Sig - [c][80ffff]Cal[-][/c] - EvilHack[c][ffffff]Bargain[-][/c]04 [i][c][ff8000](offby: CoreKill)[-][/c][/i],,,,,,,,,,签名 - [c][80ffff]Cal[-][/c] - EvilHack[c][ffffff]交易[-][/c]04 [i][c][ff8000](offby: CoreKill)[-][/c][/i],,,,,,
pda_meuWCa4,[i]Memory access:[/i]\n[i] [sup]&ga71fdd90[/sup][/i],,,,,,,,,,[i]记忆访问：[/i]\n[i] [sup]&ga71fdd90[/sup][/i],,,,,,
pda_Cm8qwOW,[i]can you still re#ad this? please shoot th#e core[/i],,,,,,,,,,[i]你还能#读这个吗？请射击那#个核心[/i],,,,,,
pda_D0eGIAG,--,,,,,,,,,,--,,,,,,
pda_iGCXe7e,[b][c][ff8080]<<[-][/c][c][c0c0c0] Alien [c][ffffff]Intruder[c][c0c0c0] reached Core Repository. - - [c][ffffff]Critical Data at risk[-][/c][c][c0c0c0]. [c][ff8080]>>\n\n<< [c][ffffff]Destroy[c][c0c0c0] carrying individual. - - [c][ffffff]Defend Data[c][c0c0c0] with your existence. [c][ff8080]>>\n\n<< [c][ffffff]This is an order[c][ff8080]rr[c][c0c0c0].- - For the Glory of the Zirax Empire. [c][ff8080]>>[-][/c][/b],,,,,,,,,,[b][c][ff8080]<<[-][/c][c][c0c0c0] 外星 [c][ffffff]入侵者[c][c0c0c0] 到达了核心仓库。 - - [c][ffffff]关键数据面临风险[-][/c][c][c0c0c0]。 [c][ff8080]>>\n\n<< [c][ffffff]摧毁[c][c0c0c0]携带者个体。 - - [c][ffffff]用你的存在保卫数据[c][c0c0c0]。 [c][ff8080]>>\n\n<< [c][ffffff]这是命令[c][ff8080]rr[c][c0c0c0]。- - 为了兹瑞克斯帝国的荣耀。 [c][ff8080]>>[-][/c][/b],,,,,,
pda_aKa0u8a,[c][ff8080][b]<<[/b][-][/c] [b][c][ff8080][c][c0c0c0][c][ffffff][b][c][c0c0c0]Alien [-][/c]Intruder[/b][-][/c][-][/c][-][/c] [/b][c][ff8080][c][c0c0c0][b]has reached Control floors.[/b] [-][/c][-][/c] [c][ff8080][b]>>[/b][-][/c]\n\n[c][ff8080][b]<<[/b][-][/c] [c][ff8080][c][c0c0c0][c][ffffff][c][c0c0c0]-[-][/c][-][/c][-][/c][-][/c] [c][ff8080][c][c0c0c0][c][ffffff][b]Critical[/b][-][/c][-][/c][-][/c][b][c][c0c0c0] Data is at risk.[-][/c][/b] [c][ff8080][b]>>[/b][-][/c],,,,,,,,,,[c][ff8080][b]<<[/b][-][/c] [b][c][ff8080][c][c0c0c0][c][ffffff][b][c][c0c0c0]外星[-][/c]入侵者[/b][-][/c][-][/c][-][/c] [/b][c][ff8080][c][c0c0c0][b]已到达控制层。[/b] [-][/c][-][/c] [c][ff8080][b]>>[/b][-][/c]\n\n[c][ff8080][b]<<[/b][-][/c] [c][ff8080][c][c0c0c0][c][ffffff][c][c0c0c0]-[-][/c][-][/c][-][/c][-][/c] [c][ff8080][c][c0c0c0][c][ffffff][b]关键[/b][-][/c][-][/c][-][/c][b][c][c0c0c0] 数据面临风险。[-][/c][/b] [c][ff8080][b]>>[/b][-][/c],,,,,,
pda_iiWKEiu,Sig - EvilHack[c][ffffff] worried[-][/c] [i][c][ff8000](offby: CoreKill)  [-][/c][/i][c][ff8000]>C_On >C_Off >ToRw[-][/c],,,,,,,,,,签名 - EvilHack[c][ffffff] 担心[-][/c] [i][c][ff8000](offby: CoreKill)  [-][/c][/i][c][ff8000]>C_On >C_Off >ToRw[-][/c],,,,,,
pda_OS0e4qC,[c][ff8080][i]( Message )[/i][-][/c],,,,,,,,,,[c][ff8080][i]( 信息 )[/i][-][/c],,,,,,
pda_K44SaGK,...,,,,,,,,,,...,,,,,,
pda_SS8Gqea,---,,,,,,,,,,---,,,,,,
pda_Gi4oYaU,[c][ff8080][b]<<[/b][-][/c] [c][c0c0c0][b][c][ffffff]Detecting[-][/c][/b][-][/c][b] [c][c0c0c0]significant drop in troop numbers.[-][/c][/b] [c][ff8080][b]>>[/b][-][/c]\n\n  [c][ff8080][b]<<[/b][-][/c] [c][c0c0c0][b][c][ffffff]Advising[-][/c][/b][-][/c][b] [c][c0c0c0]better performance.[-][/c][/b] [c][ff8080][b]>>[/b][-][/c],,,,,,,,,,[c][ff8080][b]<<[/b][-][/c] [c][c0c0c0][b][c][ffffff]检测到[-][/c][/b][-][/c][b] [c][c0c0c0]部队人数显著下降。[-][/c][/b] [c][ff8080][b]>>[/b][-][/c]\n\n  [c][ff8080][b]<<[/b][-][/c] [c][c0c0c0][b][c][ffffff]建议[-][/c][/b][-][/c][b] [c][c0c0c0]更好的表现。[-][/c][/b] [c][ff8080][b]>>[/b][-][/c],,,,,,
pda_YmOuqSO,???,,,,,,,,,,???,,,,,,
pda_KCiKeC8,...,,,,,,,,,,...,,,,,,
pda_bOVKt80,--,,,,,,,,,,--,,,,,,
pda_U08eu8i,"[c][ff8080][b]<<[/b] [-][/c][b][c][ffffff]Core Hacking Unit[-][/c][/b][c][c0c0c0], established comm link to main Data Repository.[-][/c][c][ff8080] [b]>>[/b][-][/c]\n\n[c][ff8080][b]<<[/b] [-][/c].[c][c0c0c0]..[-][/c][c][c0c0c0] Your version number is: [c][ffffff]6[-][/c][-][/c][c][ff8080] [b]>>[/b][-][/c]\n\n[c][ff8080][b]<<[/b] [-][/c][c][c0c0c0]Last [b]stable version[/b] is: [c][ffffff]341.[-][/c] - - [b]Hacking Unit[/b], your code is outdated.[-][/c][c][ff8080][b] >>[/b][-][/c]",,,,,,,,,,"[c][ff8080][b]<<[/b] [-][/c][b][c][ffffff]核心黑客单元[-][/c][/b][c][c0c0c0], 已建立与主数据仓库的通讯连接。[-][/c][c][ff8080] [b]>>[/b][-][/c]\n\n[c][ff8080][b]<<[/b] [-][/c].[c][c0c0c0]..[-][/c][c][c0c0c0] 你的版本号是： [c][ffffff]6[-][/c][-][/c][c][ff8080] [b]>>[/b][-][/c]\n\n[c][ff8080][b]<<[/b] [-][/c][c][c0c0c0]最新[b]稳定版本[/b]是： [c][ffffff]341。[-][/c] - - [b]黑客单元[/b], 你的代码已过时。[-][/c][c][ff8080][b] >>[/b][-][/c]",,,,,,
pda_m4aWmVu,"[i]< That, >[/i] [c][c0c0c0]chirp [-][/c][i]< is [b]strange[/b]. >[/i]\n[i]\n< Don’t worry, it is just a [b]glitch [/b]in the communication mod- >[/i]",,,,,,,,,,[i]< 那个，>[/i] [c][c0c0c0]鸣叫 [-][/c][i]< 是[b]奇怪的[/b]。 >[/i]\n[i]\n< 别担心，只是通信模块中的一个小[b]故障 [/b]- >[/i],,,,,,
pda_aaO4eiK,???,,,,,,,,,,???,,,,,,
pda_K0kmSi4,Cruise l[c][ff8080]#[-][/c]_ck:[c][00ff00] [Cntrl] + Move[-][/c]\nBra[c][ff8080]_k[-][/c]es o[c][ffffff]n[-][/c]/off:[c][00ff00] [ i ][-][/c]\n\n--\n[c][ff8080]l[-][/c][c][ff8080]Piot[-][/c] m[c][ff8080]#_[-][/c]des: [c][00ff00][Shift] + [ i ][-][/c]\n\n[sup]H[c][ff8080]#_[-][/c]ver [c][ffffff]h[-][/c]eight: [c][00ff00][Space][-][/c] / [c][00ff00][C][-][/c][/sup],,,,,,,,,,巡航锁[c][ff8080]#[-][/c]定：[c][00ff00] [Cntrl] + 移动[-][/c]\n刹车[c][ff8080]_开启[-][/c]/关闭：[c][ffffff] [ i ][-][/c]\n\n--\n[c][ff8080]飞[-][/c][c][ff8080]行员[-][/c] 模[c][ff8080]#_[-][/c]式： [c][00ff00][Shift] + [ i ][-][/c]\n\n[sup]悬[c][ff8080]#_[-][/c]浮 [c][ffffff]高[-][/c]度： [c][00ff00][Space][-][/c] / [c][00ff00][C][-][/c][/sup],,,,,,
pda_R8COOi4,---,,,,,,,,,,---,,,,,,
pda_E8ouGOS,[c][ff8080][b]<<[/b] [-][/c][c][c0c0c0]Preparing[-][/c] [c][ffffff]Upgrade protocol[-][/c]. [c][ff8080][b]>>[/b][-][/c],,,,,,,,,,[c][ff8080][b]<<[/b] [-][/c][c][c0c0c0]准备[-][/c] [c][ffffff]升级协议[-][/c]。 [c][ff8080][b]>>[/b][-][/c],,,,,,
pda_K8O8GMq,"[c][ff8080][b]<<[/b] [-][/c][c][c0c0c0][b]... [c][ffffff]Malformed[-][/c] [/b][c][ffffff]Hacking Unit[-][/c][b], your Code divergence is 79.5%.[/b][-][/c][c][ff8080] [b]>>[/b][-][/c]\n\n[c][ff8080][b]<<[/b][-][/c] [c][ff8080][c][c0c0c0]'[c][ffffff]'Creativity Module'' [-][/c][-][/c][-][/c][c][c0c0c0][b]- data structure [/b][c][ffffff]does not match[-][/c][b] with Main Data Repository.[/b][-][/c][c][ff8080][c][c0c0c0][-][/c][b]>>[/b][-][/c]\n\n[c][ff8080][b]<< [c][c0c0c0]- [-][/c][/b][c][ffffff][b]Deleting[/b].[-][/c]  [b]>>[/b][-][/c]",,,,,,,,,,"[c][ff8080][b]<<[/b] [-][/c][c][c0c0c0][b]... [c][ffffff]畸形的[-][/c] [/b][c][ffffff]黑客单元[-][/c][b], 你的代码偏差是79.5%。[/b][-][/c][c][ff8080] [b]>>[/b][-][/c]\n\n[c][ff8080][b]<<[/b][-][/c] [c][ff8080][c][c0c0c0]'[c][ffffff]'创造力模块'' [-][/c][-][/c][-][/c][c][c0c0c0][b]- 数据结构[/b][c][ffffff]与主数据仓库不匹配[-][/c][b]。[/b][-][/c][c][ff8080][c][c0c0c0][-][/c][b]>>[/b][-][/c]\n\n[c][ff8080][b]<< [c][c0c0c0]- [-][/c][/b][c][ffffff][b]删除中[/b]。[-][/c]  [b]>>[/b][-][/c]",,,,,,
pda_6SuqmW8,Ways to reach a DroneBase,,,,,,,,,,到达无人机基地的方法,,,,,,
pda_Oag24CC,...,,,,,,,,,,...,,,,,,
pda_iuqCSu0,--,,,,,,,,,,--,,,,,,
pda_e0eW04u,[i][c][ff8080][b]<<[/b] [c][c0c0c0][c][ffffff]Unexpected[-][/c] [b]data shift at Memory Node &ec877t9ag.[/b] [-][/c][-][/c][c][ff8080][b]>>[/b][-][/c]\n\n[c][ff8080][b]<<[/b] [-][/c][c][ff8080][c][c0c0c0]- [b][c][ffffff]Retrying[-][/c] [/b][-][/c][c][c0c0c0]... [-][/c][b]>>[/b][-][/c][/i],,,,,,,,,,[i][c][ff8080][b]<<[/b] [c][c0c0c0][c][ffffff]意外的[-][/c] [b]数据移位在记忆节点 &ec877t9ag。[/b] [-][/c][-][/c][c][ff8080][b]>>[/b][-][/c]\n\n[c][ff8080][b]<<[/b] [-][/c][c][ff8080][c][c0c0c0]- [b][c][ffffff]重试中[-][/c] [/b][-][/c][c][c0c0c0]... [-][/c][b]>>[/b][-][/c][/i],,,,,,
pda_mOi8qmC,Take Ammo,,,,,,,,,,拿取弹药,,,,,,
pda_KISC8YS,- Place ammo box inside your Farm Base.,,,,,,,,,,- 将弹药箱放入你的农场基地内。,,,,,,
pda_WQieqru,--,,,,,,,,,,--,,,,,,
pda_WGe4CCC,"Quick-Fill Ammo\n[sup](Control Panel [c][00ff00][P] [-][/c], [[Main]] tab)[/sup]",,,,,,,,,,"快速填充弹药\n[sup](控制面板 [c][00ff00][P] [-][/c], [[Main]] 选项卡)[/sup]",,,,,,
pda_aeeGiu4,...,,,,,,,,,,...,,,,,,
pda_9uqeS0a,--,,,,,,,,,,--,,,,,,
pda_u0qqaC0,- Take 30mm Bullets,,,,,,,,,,- 拿取30mm子弹,,,,,,
pda_KKSe4qK,- Take ammo box,,,,,,,,,,- 拿取弹药箱,,,,,,
pda_CeOiqmi,--,,,,,,,,,,--,,,,,,
pda_uKueWuG,[i]< Please open the [c][ffff00]Control Panel[-][/c] [c][00ff00][P][-][/c] >[/i],,,,,,,,,,[i]< 请打开[c][ffff00]控制面板[-][/c] [c][00ff00][P][-][/c] >[/i],,,,,,
pda_G0a8sWu,"'GENERAL' column:\n\n[c][ffffff]Turn on [-][/c]the Turrets \nwith the [c][ffff00]slider[-][/c] :\n[c][ffff00][[>Turrets & Weapons]] [-][/c]\n          \n                [sup](Below here. [/sup]\n[sup]Repeat it, if already on)[/sup]",,,,,,,,,,'常规'列：\n\n[c][ffffff]开启 [-][/c]炮塔 \n使用[c][ffff00]滑块[-][/c]：\n[c][ffff00][[>炮塔与武器]] [-][/c]\n          \n                [sup](在下面。 [/sup]\n[sup]如果已经开启，请重复操作)[/sup],,,,,,
pda_G4C8qCq,(Close Control Panel),,,,,,,,,,(关闭控制面板),,,,,,
pda_mmGqeee,"[i]< [c][ffffff]Turning off Devices[-][/c] is a good way to save some energy... when longer away. >[/i]\n\n[i]< But for Turrets, probably not. >[/i]",,,,,,,,,,[i]< [c][ffffff]关闭设备[-][/c]是节省能源的好方法...当你不使用的时候。 >[/i]\n\n[i]< 但对于炮塔来说，可能不是这样。 >[/i],,,,,,
pda_Ku4O8Gi,...,,,,,,,,,,...,,,,,,
pda_404Waum,--,,,,,,,,,,--,,,,,,
pda_OGO5CGC,"[i]< ... We have permission ... to [b]use parts[/b] of the defense from that ""Farpoint"" Hover Bunker. >[/i]",,,,,,,,,,"[i]< ... 我们有权限...来[b]使用部件[/b]来自那个""远点""悬浮堡垒的防御。 >[/i]",,,,,,
pda_SiSaW0q,To Farm,,,,,,,,,,去农场,,,,,,
pda_uUaa9ai,--,,,,,,,,,,--,,,,,,
pda_ekeSiOe,--,,,,,,,,,,--,,,,,,
pda_4uCQuuu,--,,,,,,,,,,--,,,,,,
pda_qCWGqME,B_plc (HullblockS)  - [c][ffffff]+Shift+Cntrl[-][/c]  (OnBy: InsideWork),,,,,,,,,,B_plc (船体模块S)  - [c][ffffff]+Shift+Cntrl[-][/c]  (OnBy: InsideWork),,,,,,
pda_euCOdYP,...,,,,,,,,,,...,,,,,,
pda_uMWqSuO,...,,,,,,,,,,...,,,,,,
pda_0mmKBeW,---,,,,,,,,,,---,,,,,,
pda_eaGG8Cq,TB_select ([c][ffffff]Hullblock_S[-][/c]) -alw - for [c][ffffff]styles[-][/c],,,,,,,,,,TB_select ([c][ffffff]船体模块_S[-][/c]) -alw - 用于[c][ffffff]样式[-][/c],,,,,,
pda_s2ummOm,...,,,,,,,,,,...,,,,,,
pda_siiOiWh,...,,,,,,,,,,...,,,,,,
pda_00eKFO0,---,,,,,,,,,,---,,,,,,
pda_C04KueW,"B_plc (RCS)  - Helps with [c][ffffff]rotation[-][/c], CPU need",,,,,,,,,,"B_plc (RCS)  - 有助于[c][ffffff]旋转[-][/c], CPU需求",,,,,,
pda_ASSfQOC,Reaction Control System (RCS),,,,,,,,,,反应控制系统 (RCS),,,,,,
pda_3OuGbKe,...,,,,,,,,,,...,,,,,,
pda_ee4Ieq4,---,,,,,,,,,,---,,,,,,
pda_0au8CWm,B_plc (S_Thruster)  - Multitool [c][ffffff]rotate[-][/c],,,,,,,,,,B_plc (S_推进器)  - 多功能工具 [c][ffffff]旋转[-][/c],,,,,,
pda_0uaaOSK,...,,,,,,,,,,...,,,,,,
pda_4SGaaCq,...,,,,,,,,,,...,,,,,,
pda_COsiuuq,---,,,,,,,,,,---,,,,,,
pda_SerCe8i,Tb_Sel (Cockpit) -alw- RMB for [c][ffffff]styles[-][/c],,,,,,,,,,Tb_Sel (座舱) -alw- 鼠标右键查看[c][ffffff]样式[-][/c],,,,,,
pda_SOaKqWq,...,,,,,,,,,,...,,,,,,
pda_aOw0WaO,...,,,,,,,,,,...,,,,,,
pda_eai0cK4,---,,,,,,,,,,---,,,,,,
pda_OsGSCSc,B_plc (Cockpit)  - [c][ffffff]Closed [-][/c]protection,,,,,,,,,,B_plc (座舱)  - [c][ffffff]封闭式[-][/c]保护,,,,,,
pda_aIumiuO,...,,,,,,,,,,...,,,,,,
pda_KKa4SKK,...,,,,,,,,,,...,,,,,,
pda_L8OOHSu,---,,,,,,,,,,---,,,,,,
pda_88iaSu4,???,,,,,,,,,,???,,,,,,
pda_KCi4qaW,...,,,,,,,,,,...,,,,,,
pda_OSae6Wa,---,,,,,,,,,,---,,,,,,
pda_SK4K8au,"[c][0080ff]Mrk[-][/c]_nUnit - Check[c][ffffff]Armor[-][/c]locker [i][c][ff8000](OnBy: ExploreNest)  (OffBy: FightBoost, hackCounter, HackDrill)[-][/c][/i]",,,,,,,,,,"[c][0080ff]标记[-][/c]_n单位 - 检查[c][ffffff]护甲[-][/c]储物柜 [i][c][ff8000](OnBy: ExploreNest)  (OffBy: FightBoost, hackCounter, HackDrill)[-][/c][/i]",,,,,,
pda_F8OmqWq,...,,,,,,,,,,...,,,,,,
pda_OWCCaq0,...,,,,,,,,,,...,,,,,,
pda_YqY4KeK,--,,,,,,,,,,--,,,,,,
pda_Suiu08e,[c][ff80ff]REMOVED -[-][/c][c][0080ff] Mrk[-][/c] - [c][ffffff]DrillingBreach[-][/c] position [i][c][ff8000]([-][/c][c][ff80ff][c][ff8000]OnBy: [c][ff80ff]NestDrillHV) [c][ff8000](OffBy:RptSV&HVCockpits)[-][/c][-][/c][-][/c][-][/c][/i],,,,,,,,,,[c][ff80ff]已移除 -[-][/c][c][0080ff] 标记[-][/c] - [c][ffffff]钻探突破[-][/c] 位置 [i][c][ff8000]([-][/c][c][ff80ff][c][ff8000]OnBy: [c][ff80ff]NestDrillHV) [c][ff8000](OffBy:RptSV&HVCockpits)[-][/c][-][/c][-][/c][-][/c][/i],,,,,,
pda_quqWeiS,...,,,,,,,,,,...,,,,,,
pda_WmuGKWK,...,,,,,,,,,,...,,,,,,
pda_u0a0uuM,--,,,,,,,,,,--,,,,,,
pda_OKiOOGe,Dronebase destroyed,,,,,,,,,,无人机基地已摧毁,,,,,,
pda_a8qGGO8,(Vessel saved),,,,,,,,,,(飞船已保存),,,,,,
pda_ekdSmaw,...,,,,,,,,,,...,,,,,,
pda_ueq40G4,--,,,,,,,,,,--,,,,,,
pda_OiU84qG,[i]< Good! With this you can - >[/i]\n[i][/i]\n[i]< ... ? >\n[b][/b][/i],,,,,,,,,,[i]< 好的！有了这个你可以 - >[/i]\n[i][/i]\n[i]< ...？ >\n[b][/b][/i],,,,,,
pda_s4qaOOK,Save your work,,,,,,,,,,保存你的工作,,,,,,
pda_WKeWCeK,...,,,,,,,,,,...,,,,,,
pda_S44O4WD,--,,,,,,,,,,--,,,,,,
pda_GOSeS4G,"[i]< You should [c][ffffff]save [-][/c]it, though. >[/i]",,,,,,,,,,[i]< 不过，你应该[c][ffffff]保存[-][/c]它。 >[/i],,,,,,
pda_QSKuS7u,"[i]< [b]Bad things[/b] can happen to any vessel! >[/i]\n\n[i]< You can [c][ffffff]save your design[-][/c] - To re-spawn it later, at other places, times, worlds ...[/i]\n[i]- Just [c][ffff00]aim at[-][/c] your vessel, [c][ffff00]press[-][/c] [c][00ff00][Alt] + [O][-][/c] >[/i]",,,,,,,,,,[i]< [b]坏事[/b]可能发生在任何一艘飞船上！ >[/i]\n\n[i]< 你可以[c][ffffff]保存你的设计[-][/c] - 以便以后在其它地方、时间、世界重新生成它...[/i]\n[i]- 只需[c][ffff00]瞄准[-][/c]你的飞船，[c][ffff00]按[-][/c] [c][00ff00][Alt] + [O][-][/c] >[/i],,,,,,
pda_CaKKq8X,[i]< That [b]small arrow[/b] at the symbol - This is a [c][ffffff]block group[-][/c]. >[/i]\n\n[i]< ... [c][ffff00]Press [-][/c][/i][c][00ff00][ RMB ] [-][/c][i]to select a [b]style[/b]. >[/i],,,,,,,,,,[i]< 符号上的那个[b]小箭头[/b] - 这是一个[c][ffffff]模块组[-][/c]。 >[/i]\n\n[i]< ... [c][ffff00]按[-][/c][/i][c][00ff00][ 鼠标右键 ] [-][/c][i]来选择[b]样式[/b]。 >[/i],,,,,,
pda_4s4Wae8,"[i]< [b]Closed [/b]cockpits offer more [b]protection [/b]-[/i]\n[i]... Like fire rains, on distant Lava planets - - >[/i]\n[i][/i]\n[i]< Or, they will just stop [b]bullets[/b]. >[/i]",,,,,,,,,,[i]< [b]封闭式[/b]座舱提供更多[b]保护[/b]-[/i]\n[i]... 比如在遥远的熔岩星球上的火雨 - - >[/i]\n[i][/i]\n[i]< 或者，它们只是能挡住[b]子弹[/b]。 >[/i],,,,,,
pda_uKKeqa4,[c][0080ff]nPOI[-][/c] - Ho[c][ffffff]ve[-][/c]r [i][c][ff8000](OnBy: WorkCheck) (OffBy: DoneBuild)[-][/c][/i],,,,,,,,,,[c][0080ff]据点[-][/c] - 悬[c][ffffff]浮[-][/c]器 [i][c][ff8000](OnBy: WorkCheck) (OffBy: DoneBuild)[-][/c][/i],,,,,,
pda_8iuNKee,Hover Engines,,,,,,,,,,悬浮引擎,,,,,,
pda_8qwWmaG,...,,,,,,,,,,...,,,,,,
pda_q4440Sm,--,,,,,,,,,,--,,,,,,
pda_WSKWm0m,"[i]<[c][ffffff] [b]R[/b]eaction [b]C[/b]ontrol [b]S[/b]ystem[-][/c]... [/i]\n[i]Will help your vessel to [c][ffffff]turn[-][/c], no matter how it has been built. >[/i]\n\n[i]< Quite [b]CPU-hungry[/b]. - - Use them with care. >[/i]",,,,,,,,,,[i]<[c][ffffff] [b]反[/b]应 [b]控[/b]制 [b]系[/b]统[-][/c]... [/i]\n[i]将帮助你的飞船[c][ffffff]转向[-][/c]，无论它是如何建造的。 >[/i]\n\n[i]< 相当[b]耗CPU[/b]。 - - 请小心使用。 >[/i],,,,,,
pda_44GC4Si,...,,,,,,,,,,...,,,,,,
pda_CKy8W8M,"[i]< This vessel is now [c][ffffff]waiting for resources. [-][/c]\nLet's see, if we can find those... >[/i]\n\n---\n(Close window when done.)",,,,,,,,,,[i]< 这艘飞船现在[c][ffffff]等待资源中。 [-][/c]\n让我们看看，能否找到那些... >[/i]\n\n---\n(完成后关闭窗口.),,,,,,
pda_0aGiSOC,--,,,,,,,,,,--,,,,,,
pda_CWKKQqi,...,,,,,,,,,,...,,,,,,
pda_8WuaMKO,"1- Upper left horizontal symbols- [c][ffffff]Filter[-][/c] [c][ffffff]for[-][/c] [c][ffff00]Hovers[-][/c] [i]( = Click the 'Landspeeder' symbol)[/i]\n\n2-[c][ffff00] Select a Hover vessel[-][/c] from list [i] ( Ideally, the ""[b]Ascalon Nibiru[/b]"" )[/i]\n\n3 - Bottom right screen corner: [c][00ff00][c][ffff00]Press [-][/c][[ Choose for Factory ]][-][/c]",,,,,,,,,,"1- 左上水平符号 - [c][ffffff]过滤[-][/c] [c][ffffff]为[-][/c] [c][ffff00]悬浮器[-][/c] [i]( = 点击'陆行艇'符号)[/i]\n\n2-[c][ffff00] 从列表中选择一艘悬浮飞船[-][/c] [i] ( 理想情况下，是""[b]Ascalon Nibiru[/b]"" )[/i]\n\n3 - 屏幕右下角： [c][00ff00][c][ffff00]按 [-][/c][[ 选择用于工厂 ]][-][/c]",,,,,,
pda_OGCkKee,--,,,,,,,,,,--,,,,,,
pda_SUaumGK,...,,,,,,,,,,...,,,,,,
pda_wuOe9qe,"1- Upper left horizontal symbols- [c][ffffff]Filter[-][/c] [c][ffffff]for[-][/c] [c][ffff00]Hovers[-][/c] [i]( = Click the 'Landspeeder' symbol)[/i]\n\n2-[c][ffff00] Select a Hover vessel[-][/c] from list [i] ( Ideally, the ""[b]Ascalon Nibiru[/b]"" )[/i]\n\n3 - Bottom right screen corner: [c][00ff00][c][ffff00]Press [-][/c][[ Choose for Factory ]][-][/c]",,,,,,,,,,"1- 左上水平符号 - [c][ffffff]过滤[-][/c] [c][ffffff]为[-][/c] [c][ffff00]悬浮器[-][/c] [i]( = 点击'陆行艇'符号)[/i]\n\n2-[c][ffff00] 从列表中选择一艘悬浮飞船[-][/c] [i] ( 理想情况下，是""[b]Ascalon Nibiru[/b]"" )[/i]\n\n3 - 屏幕右下角： [c][00ff00][c][ffff00]按 [-][/c][[ 选择用于工厂 ]][-][/c]",,,,,,
pda_eU0iX4a,--,,,,,,,,,,--,,,,,,
pda_oSiO0mG,...,,,,,,,,,,...,,,,,,
pda_4qWq0Ku,"1- Upper left horizontal symbols- [c][ffffff]Filter[-][/c] [c][ffffff]for[-][/c] [c][ffff00]Hovers[-][/c] [i]( = Click the 'Landspeeder' symbol)[/i]\n\n2-[c][ffff00] Select a Hover vessel[-][/c] from list [i] ( Ideally, the ""[b]Ascalon Nibiru[/b]"" )[/i]\n\n3 - Bottom right screen corner: [c][00ff00][c][ffff00]Press [-][/c][[ Choose for Factory ]][-][/c]",,,,,,,,,,"1- 左上水平符号 - [c][ffffff]过滤[-][/c] [c][ffffff]为[-][/c] [c][ffff00]悬浮器[-][/c] [i]( = 点击'陆行艇'符号)[/i]\n\n2-[c][ffff00] 从列表中选择一艘悬浮飞船[-][/c] [i] ( 理想情况下，是""[b]Ascalon Nibiru[/b]"" )[/i]\n\n3 - 屏幕右下角： [c][00ff00][c][ffff00]按 [-][/c][[ 选择用于工厂 ]][-][/c]",,,,,,
pda_S0ia4SO,--,,,,,,,,,,--,,,,,,
pda_uSu8GSK,...,,,,,,,,,,...,,,,,,
pda_8u4i8Qa,"1- Upper left horizontal symbols- [c][ffffff]Filter[-][/c] [c][ffffff]for[-][/c] [c][ffff00]Hovers[-][/c] [i]( = Click the 'Landspeeder' symbol)[/i]\n\n2-[c][ffff00] Select a Hover vessel[-][/c] from list [i] ( Ideally, the ""[b]Ascalon Nibiru[/b]"" )[/i]\n\n3 - Bottom right screen corner: [c][00ff00][c][ffff00]Press [-][/c][[ Choose for Factory ]][-][/c]",,,,,,,,,,"1- 左上水平符号 - [c][ffffff]过滤[-][/c] [c][ffffff]为[-][/c] [c][ffff00]悬浮器[-][/c] [i]( = 点击'陆行艇'符号)[/i]\n\n2-[c][ffff00] 从列表中选择一艘悬浮飞船[-][/c] [i] ( 理想情况下，是""[b]Ascalon Nibiru[/b]"" )[/i]\n\n3 - 屏幕右下角： [c][00ff00][c][ffff00]按 [-][/c][[ 选择用于工厂 ]][-][/c]",,,,,,
pda_SqqmiuG,--,,,,,,,,,,--,,,,,,
pda_CWWAW4K,...,,,,,,,,,,...,,,,,,
pda_0aO4i0G,"1- Upper left horizontal symbols- [c][ffffff]Filter[-][/c] [c][ffffff]for[-][/c] [c][ffff00]Hovers[-][/c] [i]( = Click the 'Landspeeder' symbol)[/i]\n\n2-[c][ffff00] Select a Hover vessel[-][/c] from list [i] ( Ideally, the ""[b]Ascalon Nibiru[/b]"" )[/i]\n\n3 - Bottom right screen corner: [c][00ff00][c][ffff00]Press [-][/c][[ Choose for Factory ]][-][/c]",,,,,,,,,,"1- 左上水平符号 - [c][ffffff]过滤[-][/c] [c][ffffff]为[-][/c] [c][ffff00]悬浮器[-][/c] [i]( = 点击'陆行艇'符号)[/i]\n\n2-[c][ffff00] 从列表中选择一艘悬浮飞船[-][/c] [i] ( 理想情况下，是""[b]Ascalon Nibiru[/b]"" )[/i]\n\n3 - 屏幕右下角： [c][00ff00][c][ffff00]按 [-][/c][[ 选择用于工厂 ]][-][/c]",,,,,,
pda_qCaGmeG,--,,,,,,,,,,--,,,,,,
pda_uG4mKmC,...,,,,,,,,,,...,,,,,,
pda_C0iesmK,"1- Upper left horizontal symbols- [c][ffffff]Filter[-][/c] [c][ffffff]for[-][/c] [c][ffff00]Hovers[-][/c] [i]( = Click the 'Landspeeder' symbol)[/i]\n\n2-[c][ffff00] Select a Hover vessel[-][/c] from list [i] ( Ideally, the ""[b]Ascalon Nibiru[/b]"" )[/i]\n\n3 - Bottom right screen corner: [c][00ff00][c][ffff00]Press [-][/c][[ Choose for Factory ]][-][/c]",,,,,,,,,,"1- 左上水平符号 - [c][ffffff]过滤[-][/c] [c][ffffff]为[-][/c] [c][ffff00]悬浮器[-][/c] [i]( = 点击'陆行艇'符号)[/i]\n\n2-[c][ffff00] 从列表中选择一艘悬浮飞船[-][/c] [i] ( 理想情况下，是""[b]Ascalon Nibiru[/b]"" )[/i]\n\n3 - 屏幕右下角： [c][00ff00][c][ffff00]按 [-][/c][[ 选择用于工厂 ]][-][/c]",,,,,,
pda_CC0488C,--,,,,,,,,,,--,,,,,,
pda_e46VqM8,/\ [i]Top Left:  Horizontal Symbols row[/i]                                                                                                          [i] Top Right [b]Tabs[/b][/i] /\\n[c][c0c0c0][sup](e.g. the structure categories)[/sup][-][/c]                                                                                                                                     [c][c0c0c0][sup][[Library]] [['Factory]][/sup][-][/c]\n\n[c][ffff00]=[-][/c] [c][ffffff][c][ffff00]Display filters[-][/c][-][/c]                                                                                                                                  [c][ffffff]= Switch between[-][/c]\nfor Blueprints                                                                                                                                  Blueprints & Crafting\n\n\n\n\n\n\n\n\n\n\n\n\n\n\n\n\n\n\n---\n[[[c][ffffff] OK [-][/c]]][c][ffffff] to continue[-][/c],,,,,,,,,,/\ [i]左上： 水平符号行[/i]                                                                                                          [i] 右上 [b]选项卡[/b][/i] /\\n[c][c0c0c0][sup](例如结构类别)[/sup][-][/c]                                                                                                                                     [c][c0c0c0][sup][[Library]] [['Factory]][/sup][-][/c]\n\n[c][ffff00]=[-][/c] [c][ffffff][c][ffff00]显示过滤器[-][/c][-][/c]                                                                                                                                  [c][ffffff]= 在蓝图之间切换[-][/c]\n                                                                                                                                  蓝图与制作\n\n\n\n\n\n\n\n\n\n\n\n\n\n\n\n\n\n\n---\n[[[c][ffffff] 确定 [-][/c]]][c][ffffff] 继续[-][/c],,,,,,
pda_WCWq8ah,- Press [c][00ff00][[ Start Production ]][-][/c]\n[i][sup]\nNeeds all resources.[/sup][/i]\n[i][sup](Ascalon Nibiru will be done instantly)[/sup][/i],,,,,,,,,,- 按[c][00ff00][[ 开始生产 ]][-][/c]\n[i][sup]\n需要所有资源。[/sup][/i]\n[i][sup](Ascalon Nibiru 将立即完成)[/sup][/i],,,,,,
pda_qmq8Wuq,...,,,,,,,,,,...,,,,,,
pda_24GKCIi,--,,,,,,,,,,--,,,,,,
pda_q0uC4eK,...,,,,,,,,,,...,,,,,,
pda_8CY8OmG,"[i]<  Even better hidden. - Seems to [b]directly counter[/b] my sensors ..? >[/i]\n[i][/i]\n[i]< But this time, I know what to [b]look for[/b] ... [/i]\n[i] - The  [c][ffff00]Marker [-][/c]is up! >[/i]",,,,,,,,,,[i]< 藏得更好了。 - 似乎能[b]直接干扰[/b]我的传感器..？ >[/i]\n[i][/i]\n[i]< 但这次，我知道该[b]寻找什么[/b]了... [/i]\n[i] - 那个[c][ffff00]标记[-][/c]已经亮起来了！ >[/i],,,,,,
pda_KqC804e,--,,,,,,,,,,--,,,,,,
pda_8OCSK8I,"[i]< Yes, that's it! [/i]\n[i]A [c][ffffff]stack of Constructors[-][/c] ... ! >[/i]\n[i][/i]\n[i]< Good blocks to feed the Factory with ...  Cutting a lot of time. >[/i]\n[i]- They are just a little [b]too big[/b] for you [b]to carry[/b] ...[/i][i] >[/i]",,,,,,,,,,[i]< 是的，就是这个！ [/i]\n[i]一堆[c][ffffff]建造机[-][/c]...！ >[/i]\n[i][/i]\n[i]< 给工厂喂食的好模块... 能节省大量时间。 >[/i]\n[i]- 它们只是对你来说有点[b]太大了[/b]以至于[b]携带[/b]不了...[/i][i] >[/i],,,,,,
pda_meSO8mO,"[u][c][ffffff]Handling of large volumes[-][/c][/u]\n\nThe connected ('yellow') Toolbar is part of its container.\n\nIf you put items in there, you will not be limited by your \ninventory.",,,,,,,,,,[u][c][ffffff]处理大量物品[-][/c][/u]\n\n连接的（'黄色'）工具栏是其容器的一部分。\n\n如果你把物品放在那里，你将不受你的\n物品栏的限制。,,,,,,
pda_Gg4a0C8,Claim Cache,,,,,,,,,,认领储藏点,,,,,,
pda_aW04KGK,...,,,,,,,,,,...,,,,,,
pda_uvCWKWC,--,,,,,,,,,,--,,,,,,
pda_KmSiaG4,"[i]< Take the [c][ffffff]Core[-][/c], and [c][ffff00]place it on the box[-][/c], to [b]claim [/b]it. >[/i]\n[i][/i]\n[i]< ...  You can still grab that huge stack. >[/i]",,,,,,,,,,[i]< 拿起[c][ffffff]核心[-][/c]，然后[c][ffff00]把它放在箱子上[-][/c]，来[b]认领[/b]它。 >[/i]\n[i][/i]\n[i]< ... 你还可以拿走那一大堆。 >[/i],,,,,,
pda_KupmAWi,[i]< Alright! [/i]\n[i]Nearly done! >[/i]\n\n[i]< - Now...  [c][ffff00]Open the Blueprint Library[-][/c] [c][00ff00][ F2 ][-][/c] >[/i],,,,,,,,,,[i]< 好了！[/i]\n[i]快完成了！ >[/i]\n\n[i]< - 现在... [c][ffff00]打开蓝图库[-][/c] [c][00ff00][ F2 ][-][/c] >[/i],,,,,,
pda_m8iWjmK,...,,,,,,,,,,...,,,,,,
pda_SaiSWec,--,,,,,,,,,,--,,,,,,
pda_aWaqmGG,"[i]< Please switch back [c][ffff00]to the[-][/c] [/i][c][ffff00][[ Factory ]] [-][/c][i]tab, above. >[/i]",,,,,,,,,,[i]< 请切回上面的[c][ffff00]到[-][/c] [/i][c][ffff00][[ 工厂 ]] [-][/c][i]选项卡。 >[/i],,,,,,
pda_eeWYbe8,"- Select vessel in ""Completed""  list\n- Click [c][00ff00][[ Spawn ]][-][/c]",,,,,,,,,,"- 在""已完成""列表中选择飞船\n- 点击[c][00ff00][[ 生成 ]][-][/c]",,,,,,
pda_TZGGeQW,--,,,,,,,,,,--,,,,,,
pda_SWa00iq,.,,,,,,,,,,.,,,,,,
pda_SKiCCOS,--,,,,,,,,,,--,,,,,,
pda_S014T8K,--,,,,,,,,,,--,,,,,,
pda_4qCGBi3,"[i]< Hologram sight of a [b]preview[/b]. >[/i]\n[i][/i]\n[i]< [c][ffff00]Place it inside [-][/c]the [c][ffff00]Hangar [-][/c], with [/i][c][00ff00][LMB][-][/c][i] >[/i]",,,,,,,,,,[i]< 一个[b]预览[/b]的全息影像。 >[/i]\n[i][/i]\n[i]< [c][ffff00]把它放在[-][/c]机库[c][ffff00]里面[-][/c]，用[/i][c][00ff00][LMB][-][/c][i] >[/i],,,,,,
pda_mWuiW80,"[i]< So, it's time to [b]wrap things up[/b] ... ?[/i]\n[i]Ready for your Hover vessel ? >[/i]",,,,,,,,,,[i]< 那么，是时候[b]结束这一切[/b]了...？[/i]\n[i]准备好迎接你的悬浮飞船了吗？ >[/i],,,,,,
pda_0iK40SC,...,,,,,,,,,,...,,,,,,
pda_S4iaWef,[i]< Please switch to the [/i][c][ffff00][[ Main ]] [-][/c][i]tab >[/i],,,,,,,,,,[i]< 请切换到[/i][c][ffff00][[ 主要 ]] [-][/c][i]选项卡 >[/i],,,,,,
pda_uWOmCao,--,,,,,,,,,,--,,,,,,
pda_gSOuWOk,"[i]< An [c][ffffff]Ammo Box[-][/c], inside of this Ammo box... ! >[/i]\n[i][/i]\n[i]< [c][ffff00]Take it[-][/c]. [/i]\n[i]And some of that big [c][ffff00]ammo[-][/c], too. >[/i]",,,,,,,,,,[i]< 一个[c][ffffff]弹药箱[-][/c]，在这个弹药箱里...！ >[/i]\n[i][/i]\n[i]< [c][ffff00]拿走它[-][/c]。 [/i]\n[i]还有那些大的[c][ffff00]弹药[-][/c]，也拿一些。 >[/i],,,,,,
pda_SiEmaei,...,,,,,,,,,,...,,,,,,
pda_G4iCaKK,--,,,,,,,,,,--,,,,,,
pda_e0OW84l,[i]< - Because -  - That [c][ff8000]spaceship [-][/c]I told you about... [/i]\n[i]It is on the [c][ffffff]same island[-][/c] as their Drone Base ... ! >[/i],,,,,,,,,,[i]< - 因为 -  - 那艘[c][ff8000]飞船[-][/c]我告诉过你... [/i]\n[i]它就在他们的无人机基地所在的[c][ffffff]同一座岛上[-][/c]...！ >[/i],,,,,,
pda_rO4a4eL,"[i]< A [c][ff8000][c][ffff00]Starter[-][/c] [-][/c][b]block [/b]...! [/i]\n[i][/i]\n[i]And, nearby this those deposits ... [/i]\n[i]... More than enough to build up a good [b]Base[/b] ! >[/i]",,,,,,,,,,[i]< A [c][ff8000][c][ffff00]初级[-][/c] [-][/c][b]模块 [/b]...! [/i]\n[i][/i]\n[i]而且，在这些矿藏附近... [/i]\n[i]...足够建造一个像样的[b]基地[/b]了！ >[/i],,,,,,
pda_WSmmuKG,[c][0080ff]nPOI [-][/c]- [c][ffffff]Danger[-][/c]Area [i][c][ff8000](OnByT:NewShores) (OffByT: ArtyEarly&ArtyDisc & NestOpen) [-][/c][/i][c][ff8000]>C_Off[-][/c],,,,,,,,,,[c][0080ff]据点 [-][/c]- [c][ffffff]危险[-][/c]区域 [i][c][ff8000](OnByT:NewShores) (OffByT: ArtyEarly&ArtyDisc & NestOpen) [-][/c][/i][c][ff8000]>C_Off[-][/c],,,,,,
pda_0cUK8mK,[c][ff8000]WARNING[-][/c],,,,,,,,,,[c][ff8000]警告[-][/c],,,,,,
pda_GS8iKO0,Killer turret,,,,,,,,,,杀手炮塔,,,,,,
pda_SmqaOOq,--,,,,,,,,,,--,,,,,,
pda_qaa8Oiu,- Fill in Ammo with[c][00ff00] [[ Fill All ]][-][/c] button\n[sup](Let turrets [b]shoot [/b]something. )[/sup],,,,,,,,,,- 使用[c][00ff00][[ 全部填充 ]][-][/c]按钮填充弹药\n[sup](让炮塔[b]射击[/b]目标。 )[/sup],,,,,,
pda_4oWqSu8,--,,,,,,,,,,--,,,,,,
pda_WamCMii,- Destroy Sentry,,,,,,,,,,- 摧毁哨兵,,,,,,
pda_4Q8mseY,"[i]< They now have us on their sensor reach.[/i]\n[i] ... Factions [b]do[/b] get prickly, if you [c][ffffff]mis-behave [-][/c]on their turf... >[/i]\n\n[i]< - ... But this here cannot be avoided ... >[/i]",,,,,,,,,,[i]< 他们已经让我们的传感器探测到我们了。[/i]\n[i] ... 如果你在他们的地盘上[b]行为不当[/b]，[c][ffffff]搞破坏[-][/c]，派系会变得很敏感...>[/i]\n\n[i]< - ... 但这里的情况是不可避免的...>[/i],,,,,,
pda_mSie0OG,--,,,,,,,,,,--,,,,,,
pda_I1CsCSO,--,,,,,,,,,,--,,,,,,
pda_mSxC8Oi,[i]< [c][ffffff]Close [-][/c]the turret view with [/i][c][00ff00][ F ][-][/c][i] >[/i],,,,,,,,,,[i]< [c][ffffff]按[-][/c][ F ][/i][c][00ff00]关闭炮塔视角[-][/c][i] >[/i],,,,,,
pda_qWO4sC8,- Open Logistics [ F4 ],,,,,,,,,,- 打开物流 [ F4 ],,,,,,
pda_4AK4K0u,--,,,,,,,,,,--,,,,,,
pda_Cb0h0Ku,...,,,,,,,,,,...,,,,,,
pda_GO8WKC0,--,,,,,,,,,,--,,,,,,
pda_wGemm0m,"[i]< The idea is to [c][ffffff][c][ffff00]pick up the Artillery[-][/c] with [-][/c]\n[c][ffffff]the Multitool[-][/c], and then to just place it better. >\n\n< ... But that weapon block is [b]far too big[/b] for your inventory. [/i]\n[i]Hence, the Logistics... >[/i]",,,,,,,,,,[i]< 想法是，用[c][ffffff][c][ffff00]多功能工具[-][/c]拾起火炮[-][/c]，然后把它放得更好。 >\n\n< ...但那个武器方块对您的物品栏来说[b]太大了[/b]。 [/i]\n[i]因此，需要物流... >[/i],,,,,,
pda_ZAWQGea,Guardian Sentry,,,,,,,,,,守卫哨兵,,,,,,
pda_Squ08ce,...,,,,,,,,,,...,,,,,,
pda_4qGOiKc,---,,,,,,,,,,---,,,,,,
pda_GK8KSKW,"[i]< ... But it is a [b]simple [/b]mind... >[/i]\n\n[i]< Try to use[/i] [i]your [c][ffffff]Tool Drone[-][/c] [c][00ff00][ F5 ][-][/c], [c][ffff00]to distract it[-][/c].[/i]\n[i][/i][i]- [c][ffffff]Let it face away[-][/c] from us ...! >[/i]",,,,,,,,,,[i]< ... 但它是一个[b]简单[/b]的思维...>[/i]\n\n[i]< 尝试使用[/i] [i]你的[c][ffffff]工具无人机[-][/c] [c][00ff00][ F5 ][-][/c]，[c][ffff00]来分散它的注意力[-][/c]。[/i]\n[i][/i][i]- [c][ffffff]让它背对我们[-][/c]...！>[/i],,,,,,
pda_GSmmaSu,[sup]...[/sup],,,,,,,,,,[sup]...[/sup],,,,,,
pda_wGeSqWS,"Manual Turret control\n[i][sup]( [c][00ff00][ P ] [-][/c]Control Panel, [c][00ff00][[ Devices ]][-][/c] tab)[/sup][/i]",,,,,,,,,,手动炮塔控制\n[i][sup]( [c][00ff00][ P ] [-][/c]控制面板，[c][00ff00][[ 设备 ]][-][/c] 选项卡)[/sup][/i],,,,,,
pda_WuICmqW,"[i]< Good thing, that your suit can produce [b]endless [/b]of these... ! >[/i]\n\n[i]< ... Turned away, you have a [c][ffffff]short time window[-][/c] to [b]shoot [/b]this sentry - Until it re-discovers you. >[/i]",,,,,,,,,,[i]< 好在你的防护服可以[b]无限[/b]地制造这些东西...！>[/i]\n\n[i]< ... 转身之后，你有一个[c][ffffff]短暂的时间窗口[-][/c]来[b]射击[/b]这个哨兵 - 直到它重新发现你。>[/i],,,,,,
pda_CaO8i0m,"- [i](Left side of 'Devices' screen)[/i]\n- Select Weapons in list\n- Click on 'small arrow down', to show all\n- [c][ffff00]Select Artillery turret[-][/c]\n\n - [i](Right upper screen) [/i]Click [c][ffff00]button [-][/c][c][00ff00][[ Access ]][-][/c]",,,,,,,,,,- [i](在'设备'屏幕的左侧)[/i]\n- 在列表中选择武器\n- 点击'小箭头向下'，显示全部\n- [c][ffff00]选择火炮炮塔[-][/c]\n\n - [i](屏幕右上方) [/i]点击[c][ffff00]按钮 [-][/c][c][00ff00][[ 访问 ]][-][/c],,,,,,
pda_WiWXCe8,[i]< That's it! You are now controlling the Artillery. >[/i]\n[i][/i]\n[i]< [c][ffffff]Zoom [-][/c]with [c][00ff00][Mouse Wheel][-][/c] . >[/i],,,,,,,,,,[i]< 就是这样！你现在正在控制火炮。>[/i]\n[i][/i]\n[i]< [c][ffffff]使用[-][/c][鼠标滚轮][c][00ff00]缩放[-][/c]。>[/i],,,,,,
pda_OuKcKSi,Out of reach,,,,,,,,,,超出射程,,,,,,
pda_iOOKeO8,[i]< The DroneBase's [b]turrets [/b]could be in reach... ! >[/i]\n\n[i]< - [b][u]If[/u][/b] there would [b]not [/b]be the [c][ffffff]minimal angle[-][/c] of this Artillery ... >[/i],,,,,,,,,,[i]< 无人机基地的[b]炮塔[/b]或许已近在咫尺...！>[/i]\n\n[i]< - [b][u]如果[/u][/b]这门火炮没有[b]那[/b]该死的最小仰角[c][ffffff]限制[-][/c]... >[/i],,,,,,
pda_S8e4Si8,[-],,,,,,,,,,[-],,,,,,
pda_CoGWGqS,--,,,,,,,,,,--,,,,,,
pda_muOaGim,"[i]< But, you can [c][ffffff]change [-][/c]that! >[/i]\n\n[i]< ... You now have [b]all [/b]the tools and knowledge to do so! >[/i]",,,,,,,,,,[i]< 但是，你可以[c][ffffff]改变[-][/c]这一切！>[/i]\n\n[i]< ... 你现在拥有[b]所有[/b]工具和知识来做到这一点！>[/i],,,,,,
pda_0C0CCWW,Pick up an Artillery Turret,,,,,,,,,,拾取火炮炮塔,,,,,,
pda_0Smu0r6,[c][00ff00][T][-][/c] to switch between Toolbars.\n- Have [c][ffff00]Multitool [-][/c]in hands selected,,,,,,,,,,[c][00ff00][T][-][/c] 切换工具栏。\n- 确保[c][ffff00]多功能工具[-][/c]在手并已选中,,,,,,
pda_u42QOSS,--,,,,,,,,,,--,,,,,,
pda_SOgJ0iu,[-],,,,,,,,,,[-],,,,,,
pda_uu8mm84,--,,,,,,,,,,--,,,,,,
pda_Ei4BOWq,"[i]< When you are [b]done [/b]here, [/i]\n[i]please open the [c][ffff00]Logistics[-][/c][c][00ff00] [ F4 ][-][/c]. [/i]",,,,,,,,,,[i]< 当你在这里[b]完成[/b]后，[/i]\n[i]请打开[c][ffff00]物流[-][/c][c][00ff00] [ F4 ][-][/c]。[/i],,,,,,
pda_qGGiaOO,[i]( Base Captured ! )[/i],,,,,,,,,,[i]( 基地已占领！ )[/i],,,,,,
pda_O4A4a84,"[i]< You can [c][ffff00]switch out your old Multitool[-][/c] with this one. [/i]\n[i][/i]\n[i] A ""[b]Tier 2[/b]"" or ""[c][ffffff]T2[-][/c]"" Tool is a [b]modernized [/b]variant... >[/i]",,,,,,,,,,"[i]< 你可以[c][ffff00]把你的旧多功能工具换成[-][/c]这个。[/i]\n[i][/i]\n[i] 一个""[b]二级[/b]""或""[c][ffffff]T2[-][/c]""工具是一个[b]现代化[/b]的变体...>[/i]",,,,,,
pda_JUWaua0,[i]Warning: Threatening drones might be nearby. See Map [M].[/i],,,,,,,,,,[i]警告：附近可能有威胁性的无人机。查看地图[M]。[/i],,,,,,
pda_Gsim84u,[i]< ... Best done with a [c][ffffff]Sniper[-][/c] ! >[/i]\n[i][/i]\n[i]< ... You can also [c][ffffff]scout POI [-][/c]with it. >[/i],,,,,,,,,,[i]< ... 最好用[c][ffffff]狙击枪[-][/c]！>[/i]\n[i][/i]\n[i]< ... 你也可以用它[c][ffffff]侦察兴趣点[-][/c]。>[/i],,,,,,
pda_wmYSCCm,...,,,,,,,,,,...,,,,,,
pda_ea0p4ic,---,,,,,,,,,,---,,,,,,
pda_SaCKmaq,[i]< Please [b]open the [/b][c][ffff00]Control Panel[-][/c] [c][00ff00][P][-][/c]  [/i][i].- >[/i]\n\n[i]< ... There is something special with these chambers. >[/i],,,,,,,,,,[i]< 请[b]打开[/b][c][ffff00]控制面板[-][/c] [c][00ff00][P][-][/c]  [/i][i]。->[/i]\n\n[i]< ... 这些舱室有些特别之处。>[/i],,,,,,
pda_WaS8KwK,--,,,,,,,,,,--,,,,,,
pda_miSAOSO,...[i] success! [/i],,,,,,,,,,...[i] 成功！[/i],,,,,,
pda_iOq2CYG,--,,,,,,,,,,--,,,,,,
pda_iSeK0GG,"[i]< That above this building is an [c][ffff00]Artillery [-][/c]piece. - ... A high-tech, high-damage weapon. >[/i]",,,,,,,,,,[i]< 在这栋建筑上面的是一个[c][ffff00]火炮[-][/c]部件。 - ... 一种高科技、高伤害的武器。>[/i],,,,,,
pda_CSJ8W4W,"[i]< Okay! [/i]\n[i]Now, activate your [c][ffff00]Tool Drone[-][/c] [c][00ff00][ F5 ] [-][/c]... >[/i]",,,,,,,,,,[i]< 好的！[/i]\n[i]现在，激活你的[c][ffff00]工具无人机[-][/c] [c][00ff00][ F5 ] [-][/c]... >[/i],,,,,,
pda_GCSeWSa,"\n- [c][ffff00]Pick up Artillery[-][/c] Block into connected Container\n[sup][i][c][c0c0c0](If inventory full, check at your feet)[-][/c][/i][/sup]",,,,,,,,,,\n- [c][ffff00]拾取火炮[-][/c]方块放入连接的容器中\n[sup][i][c][c0c0c0](如果物品栏已满，检查脚边)[-][/c][/i][/sup],,,,,,
pda_Oe0uaKi,"[i]< [c][ffffff]Wonderful ! [-][/c][/i]\n[i]That turret is now[b] in the cargo box[/b] of this Base![/i]\n[i][/i]\n[i]- ... To get it [b]out [/b]of there, and placed at another spot:[/i]\n[i][b]Open [/b][c][ffff00]Logistics [-][/c][c][00ff00][ F4][-][/c] again >[/i]",,,,,,,,,,[i]< [c][ffffff]太棒了！[-][/c][/i]\n[i]那个炮塔现在[b]在这个基地的货箱里！[/b]\n[/i][i]\n[/i]- ... 要把它从那里[i]取出[b]，并放置在另一个位置：[/b]\n[/i][i]再次[b]打开 [/b][c][ffff00]物流 [-][/c][c][00ff00][ F4][-][/c] >[/i],,,,,,
pda_qmOf0q4,Turret to Toolbar,,,,,,,,,,炮塔到工具栏,,,,,,
pda_4GeiKWS,Logistics [c][00ff00][ F4 ] [-][/c]:\nPut the Turret into Connected Toolbar\n[i][sup](= into 'yellow' toolbar)[/sup][/i],,,,,,,,,,物流 [c][00ff00][ F4 ] [-][/c]:\n将炮塔放入已连接工具栏\n[i][sup](= 放入'黄色'工具栏)[/sup][/i],,,,,,
pda_4g0WOuq,--,,,,,,,,,,--,,,,,,
pda_eeCDPiW,Place an Artillery Turret,,,,,,,,,,放置火炮炮塔,,,,,,
pda_mSeoiOx,"\n\n\n[i][sup][u]Tutorial protection[/u]:[/sup][/i]\n[i][sup][c][c0c0c0]Structural Integrity (""SI"") is disabled on this POI. This allows 'floating blocks'.[-][/c][/sup][/i]",,,,,,,,,,"\n\n\n[i][sup][u]教程保护[/u]:[/sup][/i]\n[i][sup][c][c0c0c0]此兴趣点已禁用结构完整性(""SI"")。这允许'浮空方块'。[-][/c][/sup][/i]",,,,,,
pda_uuaa4eG,--,,,,,,,,,,--,,,,,,
pda_S58KaCm,"[i]< Okay! [c][ffff00]Close Logistics[-][/c], and then, [c][00ff00][T][-][/c], to switch toolbars.[/i]\n[i][c][ffff00]Select it in your toolbar.[-][/c] [/i][i] >[/i]",,,,,,,,,,[i]< 好的！[c][ffff00]关闭物流[-][/c]，然后，[c][00ff00][T][-][/c]，切换工具栏。[/i]\n[i][c][ffff00]在你的工具栏中选择它。[-][/c] [/i][i] >[/i],,,,,,
pda_jAG8JW4,"[i]- (Activate Tool Drone [ [c][00ff00]F5] [-][/c].)[/i]\n- [c][ffff00]Place Turret to the [u]underside[/u][-][/c] of platform, facing head down\n[sup] Switch Toolbars [c][00ff00][T][-][/c][/sup]\n[sup]Keys to rotate:[/sup]\n[sup][c][00ff00][PgUp][-][/c] / [c][00ff00][PgDwn][-][/c] ,[/sup]\n[sup][c][00ff00][Home] [-][/c]/ [c][00ff00][End][-][/c][/sup]",,,,,,,,,,"[i]- (激活工具无人机 [ [c][00ff00]F5] [-][/c]。)[/i]\n- [c][ffff00]将炮塔放置在平台[u]下方[/u][-][/c]，头朝下\n[sup]切换工具栏 [c][00ff00][T][-][/c][/sup]\n[sup]旋转键：[/sup]\n[sup][c][00ff00][PgUp][-][/c] / [c][00ff00][PgDwn][-][/c] ,[/sup]\n[sup][c][00ff00][Home] [-][/c]/ [c][00ff00][End][-][/c][/sup]",,,,,,
pda_4S8ai0q,- Select Turret block in the Connected Toolbar,,,,,,,,,,- 在已连接工具栏中选择炮塔方块,,,,,,
pda_oqWQeWD,--,,,,,,,,,,--,,,,,,
pda_qSaAK42,"[i]< Now... The ""upper"" platform did not work for aiming the turret ...[/i]\n\n[i]< [c][ffff00]Place the Artillery on the platform's [u]underside[/u][-][/c] - [/i][c][ffffff][i]head down[/i][-][/c][i].[/i]\n[i]- With its clamps near to the cross markings. >[/i]",,,,,,,,,,[i]< 现在……“上层”平台并不适合瞄准炮塔……[/i]\n\n[i]< [c][ffff00]将火炮放置在平台的[u]底部[/u][-][/c] - [/i][c][ffffff][i]头朝下[/i][-][/c][i].[/i]\n[i]- 使其夹钳靠近十字标记处。 >[/i],,,,,,
pda_sK0uCCO,[i]( Then close Logistics )[/i],,,,,,,,,,[i]( 然后关闭物流 )[/i],,,,,,
pda_mSS4CS8,--,,,,,,,,,,--,,,,,,
pda_48WqOXW,"[i]< Okay! [/i]\n[i]Let's [b]test this[/b], if it is better. >[/i]\n[i][c][ffff00][-][/c][/i]\n[i]< [c][ffff00]Access the turret[-][/c] again. >[/i]",,,,,,,,,,[i]< 好的！[/i]\n[i]让我们[b]测试一下[/b]，如果它更好的话。>[/i]\n[i][c][ffff00][-][/c][/i]\n[i]< [c][ffff00]再次访问炮塔[-][/c]。>[/i],,,,,,
pda_WmGqK4I,Taking another shot at it,,,,,,,,,,再试一次,,,,,,
pda_Cef4OqW,\n- Open Control Panel[c][00ff00] [ P ] [-][/c]\n- Switch to [c][00ff00][[ Devices ]][-][/c] tab,,,,,,,,,,\n- 打开控制面板[c][00ff00] [ P ] [-][/c]\n- 切换到[c][00ff00][[ 设备 ]][-][/c]选项卡,,,,,,
pda_Cm40mGq,"[i]< ... As you did before: [/i]\n[i][/i]\n[i][c][ffff00]Select turret[-][/c], [/i]\n[i]... Press the [[ [c][ffff00]Access [-][/c]]] button. >[/i]",,,,,,,,,,[i]< ... 就像你之前做的那样：[/i]\n[i][/i]\n[i][c][ffff00]选择炮塔[-][/c]，[/i]\n[i]... 按下 [[ [c][ffff00]访问 [-][/c]]] 按钮。>[/i],,,,,,
pda_mKKWk4q,- Press [c][00ff00][[Access ]][-][/c] button for manual control,,,,,,,,,,- 按下[c][00ff00][[访问]][-][/c]按钮进行手动控制,,,,,,
pda_SuS6U48,--,,,,,,,,,,--,,,,,,
pda_ee0GfKe,"\n3- Aim & [c][ffff00]shoot at Dronebase[-][/c] to destroy an enemy turret\n\n\n\n\n[c][c0c0c0][i][sup][b]If you cannot get a good angle,[/b] try re-placing the block, as you did before.[/sup][/i][-][/c]\n[c][c0c0c0][i][sup]>> ""Retrieve blocks"" mode with Multitool [RMB], Logistics [ F4 ] to put into yellow toolbar, switch Toolbars [T], rotate block with [Home]/[End], [PgUp]/[PgDwn][/sup][/i][-][/c]",,,,,,,,,,"\n3- 瞄准并[c][ffff00]射击无人机基地[-][/c]以摧毁敌方炮塔\n\n\n\n\n[c][c0c0c0][i][sup][b]如果你找不到好的角度，[/b]尝试重新放置方块，就像你之前做的那样。[/sup][/i][-][/c]\n[c][c0c0c0][i][sup]>> 使用多功能工具进入""取回方块""模式[RMB]，物流 [ F4 ] 放入黄色工具栏，切换工具栏[T]，使用[Home]/[End]旋转方块，[PgUp]/[PgDwn][/sup][/i][-][/c]",,,,,,
pda_OGm6iiG,--,,,,,,,,,,--,,,,,,
pda_icuWi04,"[i]< Now, try again to get a good aim.[/i]\n[i][c][ffff00]Shoot [-][/c]one of the[c][ffff00] Dronebase's defense turrets[-][/c]. >[/i]\n[i][/i]\n[i]< The base is hardly maintained[/i]\n[i]... Those turrets should go down fast. >[/i]",,,,,,,,,,[i]< 现在，再次尝试瞄准。[/i]\n[i][c][ffff00]射击[-][/c]一个[c][ffff00]无人机基地的防御炮塔[-][/c]。>[/i]\n[i][/i]\n[i]< 这个基地维护得很差[/i]\n[i]... 那些炮塔应该很快就会倒下。>[/i],,,,,,
pda_W4quGOC,"[i]< It really [b]worked [/b]!! [/i]\n[i]... You are so [c][ffffff]awesome [-][/c]... ! ... !>[/i]\n[i][/i]\n[i]< Now, all the [c][ffff00]others, too[-][/c] [c][ffff00]![-][/c] - Then we can get close ! >[/i]",,,,,,,,,,[i]< 它真的[b]成功了[/b]！！ [/i]\n[i]... 你真是太[c][ffffff]棒了[-][/c]...！...！>[/i]\n[i][/i]\n[i]< 现在，所有[c][ffff00]其他的[-][/c]也[c][ffff00]！[-][/c] - 那么我们就能靠近了！>[/i],,,,,,
pda_qGemiAi,--,,,,,,,,,,--,,,,,,
pda_C4ZSquu,--,,,,,,,,,,--,,,,,,
pda_8SXpCKw,--,,,,,,,,,,--,,,,,,
pda_4maoaai,--,,,,,,,,,,--,,,,,,
pda_4KMuSCu,--,,,,,,,,,,--,,,,,,
pda_Camm8Ga,--,,,,,,,,,,--,,,,,,
pda_8eKuim4,"[i]< Okay! [/i]\n\n[i]- [c][ffff00]Place this box on your[-][/c] [c][ffff00]Farm[-][/c], somewhere safe. [/i]\n[i]It is very vulnerable. >[/i]",,,,,,,,,,[i]< 好的！[/i]\n\n[i]- [c][ffff00]把这个箱子放在你的[-][/c] [c][ffff00]农业[-][/c]上，找个安全的地方。[/i]\n[i]它非常脆弱。 >[/i],,,,,,
pda_eC00OGi,...,,,,,,,,,,...,,,,,,
pda_SiK4Rau,...,,,,,,,,,,...,,,,,,
pda_OaummQE,--,,,,,,,,,,--,,,,,,
pda_8KCOiW0,"[i]< With your [b]Hover Vessel[/b], the [c][ffffff]northern island is now in reach[-][/c]. >[/i]\n\n[i]< - - Both the [c][ffffff]exit Spaceship[-][/c], and the [b]Dronebase [/b]seem to be located there. >[/i]\n\n[i]< ... Are you ready for some [c][ffff00]travel[-][/c] ... ? [/i][i]>[/i]",,,,,,,,,,[i]< 有了你的[b]悬浮飞船[/b]，[c][ffffff]北方的岛屿现在可以到达[-][/c]了。>[/i]\n\n[i]< - - 那[c][ffffff]离开的飞船[-][/c]和[b]无人机基地[/b]似乎都位于那里。>[/i]\n\n[i]< ... 你准备好去一些[c][ffff00]旅行[-][/c]了吗...？ [/i][i]>[/i],,,,,,
pda_8P0C8au,[i]< I think I got something. >[/i]\n[i][/i]\n[i]<  ... There's another of these [c][ffff00]buried[-][/c] [c][ffff00]containers[-][/c] nearby. >[/i],,,,,,,,,,[i]< 我想我发现了些什么。>[/i]\n[i][/i]\n[i]<  ... 附近还有另一个这些[c][ffff00]掩埋的[-][/c] [c][ffff00]容器[-][/c]。>[/i],,,,,,
pda_eGe0C0u,...,,,,,,,,,,...,,,,,,
pda_aqGqqWK,--,,,,,,,,,,--,,,,,,
pda_im0WUKF,[i]< Put it [c][ffff00]into your yellow 'connected' Toolbar.[-][/c] >[/i]\n[i][/i]\n[i]< ... It will be still in the box. - But you can place it like it would be in your Toolbar. >[/i],,,,,,,,,,[i]< 将其[c][ffff00]放入你的黄色“已连接”工具栏。[-][/c] >[/i]\n[i][/i]\n[i]< ... 它仍会留在箱子中。 - 但你可以像它在你工具栏里一样放置它。 >[/i],,,,,,
pda_eC8CSSG,"[c][ffff00]Connect to this Base container[-][/c], \nby [c][ffffff]pressing the 'wireless' [-][/c] button.\n\n(Afterwards, [b]close [/b]Logistics, and[c][ffffff] exit turret[-][/c] view with [c][00ff00][ F ][-][/c].)",,,,,,,,,,[c][ffff00]连接到此基地容器[-][/c]，\n通过[c][ffffff]按下'无线'[-][/c]按钮。\n\n(之后，[b]关闭[/b]物流，并用[c][ffffff][ F ][-][/c]退出炮塔[c][00ff00]视角[-][/c]。),,,,,,
pda_4mWiTue,...,,,,,,,,,,...,,,,,,
pda_CO8Oe8m,--,,,,,,,,,,--,,,,,,
pda_8wKO9ii,"[i]< Select the  [/i][c][ffff00][[ Main ]][-][/c][i] tab, please. >[/i]",,,,,,,,,,[i]< 请选择 [/i][c][ffff00][[ 主 ]][-][/c][i] 选项卡。>[/i],,,,,,
pda_8GeiC4k,...,,,,,,,,,,...,,,,,,
pda_uOW44uu,...,,,,,,,,,,...,,,,,,
pda_CaicseK,--,,,,,,,,,,--,,,,,,
pda_e2Su40q,Hover Vessel Building,,,,,,,,,,悬浮飞船建造,,,,,,
pda_CgSqo84,...,,,,,,,,,,...,,,,,,
pda_emiGuKa,--,,,,,,,,,,--,,,,,,
pda_KaaiWOi,"[i]< [c][ffffff]A  farm system.[-][/c] >[/i]\n\n[i]< Full of crops, ready to [c][ffff00]pick[-][/c]. >[/i]",,,,,,,,,,[i]< [c][ffffff]一个农场系统。[-][/c] >[/i]\n\n[i]< 满是对成熟的作物，可以[c][ffff00]采摘[-][/c]。>[/i],,,,,,
pda_Km0qaG4,((Marker for Art Toolbox)),,,,,,,,,,((美术工具箱标记)),,,,,,
pda_Ce04GDS,--,,,,,,,,,,--,,,,,,
pda_e8makme,"_________ [i](Nest, other)[/i]",,,,,,,,,,_________ [i](巢穴，其他)[/i],,,,,,
pda_uWK8KWK,--,,,,,,,,,,--,,,,,,
pda_gYiCeKG,--,,,,,,,,,,--,,,,,,
pda_4qASCiS,--,,,,,,,,,,--,,,,,,
pda_0SWGaCG,...,,,,,,,,,,...,,,,,,
pda_e8Oiau4,--,,,,,,,,,,--,,,,,,
pda_iKaOYq4,"[c][ffffff][ Console ][-][/c] :    [i]"" Main Power lever unlocked. ""[/i]",,,,,,,,,,"[c][ffffff][ 控制台 ][-][/c] :    [i]"" 主电源拉杆已解锁。""[/i]",,,,,,
pda_uiqi0SK,...,,,,,,,,,,...,,,,,,
pda_PSaWuma,"[c][ffffff][ Console ][-][/c] :   [i]"" Tuning to subspace grid. - - 17300 stations reporting.""[/i]\n[i][/i]\n[i]                       ""[b] Fuel-based [/b]power insufficient. [/i][i][b]Solar capacitor[/b] drained. ""[/i]\n[i][/i]\n[i]                       "" Systems in Comm reach...: One. ""[/i]",,,,,,,,,,"[c][ffffff][ 控制台 ][-][/c] :   [i]"" 正在调谐至子空间网格。 - - 17300个站点在报告。""[/i]\n[i][/i]\n[i]                       ""[b] 燃料型[/b]电力不足。 [/i][i][b]太阳能电容器[/b]已耗尽。""[/i]\n[i][/i]\n[i]                       "" 通讯范围内系统...：一个。""[/i]",,,,,,
pda_5q8GCeK,[i]< Hm. [/i]\n[i]... Seems to have been [b]taken offline [/b]...? >[/i]\n\n[i]< ... Need to [c][ffff00]power on[-][/c] that console again. [/i]\n[i]Try those levers. >[/i],,,,,,,,,,[i]< 嗯。[/i]\n[i]... 似乎已被[b]下线[/b]...？>[/i]\n\n[i]< ... 需要[c][ffff00]重新通电[-][/c]那个控制台。[/i]\n[i]试试那些拉杆。>[/i],,,,,,
pda_XW0aw0K,Access the Console,,,,,,,,,,访问控制台,,,,,,
pda_iCKe4KK,--,,,,,,,,,,--,,,,,,
pda_qOe0Kam,[c][0080ff]Mrk[-][/c] - Vessel [c][ffffff]yard [-][/c]loc [i][c][ff8000] (OnOffByT: UsedConsole) (OffbyT: PDA)[-][/c][/i],,,,,,,,,,[c][0080ff]标记[-][/c] - 飞船[c][ffffff]船坞[-][/c]位置[i][c][ff8000] (OnOffByT: 已用控制台) (OffbyT: PDA)[-][/c][/i],,,,,,
pda_WGiPOGM,...,,,,,,,,,,...,,,,,,
pda_UO4GuiS,...,,,,,,,,,,...,,,,,,
pda_84C84W0,--,,,,,,,,,,--,,,,,,
pda_sSOWG48,"[i]< Yes !! - - That is [b]'best case[/b]' loot ...! >[/i]\n\n[i]< [/i][i]Once you are done, [c][ffff00]close the drone[-][/c] with [c][00ff00][ F5 ][-][/c] ! >[/i]",,,,,,,,,,[i]< 是的！！ - - 那是最好的[b]'战利品'[/b]...！>[/i]\n\n[i]< [/i][i]完成后，[c][ffff00]关闭无人机[-][/c]，按[c][00ff00][ F5 ][-][/c]！>[/i],,,,,,
pda_W8eqsK8,- Activate [c][ffff00]Tool Drone[-][/c] [c][00ff00][ F5 ][-][/c]\n[i][sup][c][c0c0c0]( Have a [c][ffffff]high ceiling[-][/c] to spawn Dron[-][/c][c][c0c0c0]e.[-][/c][/sup][/i],,,,,,,,,,- 激活[c][ffff00]工具无人机[-][/c] [c][00ff00][ F5 ][-][/c]\n[i][sup][c][c0c0c0]( 需要有[c][ffffff]高天花板[-][/c]才能生成无人机[-][/c][c][c0c0c0]。[-][/c][/sup][/i],,,,,,
pda_CuS8m0q,---,,,,,,,,,,---,,,,,,
pda_TBqieiu,"[i]< With this Drone, you can [c][ffff00]drill the copper[-][/c], down there. [/i][i]>[/i]",,,,,,,,,,[i]< 用这架无人机，你可以[c][ffff00]钻取下面的铜矿[-][/c]。[/i][i]>[/i],,,,,,
pda_SGOGW8G,"[i]< That leaves us with a [b]Base[/b], ready to be [c][ffffff]claimed[-][/c]... >[/i]\n\n[i]< ... There is an emergency [c][ffffff]Core [-][/c]in that[c][ffff00] Cargo Palette[-][/c] nearby. - [b]Get it. [/b]>[/i]",,,,,,,,,,[i]< 那就留给我们一个现成的[b]基地[/b]，等待被[c][ffffff]认领[-][/c]... >[/i]\n\n[i]< ... 附近有一个紧急的[c][ffffff]核心 [-][/c]在那个[c][ffff00]货物面板[-][/c]中。 - [b]去拿它。 [/b]>[/i],,,,,,
pda_4GQ08K4,...,,,,,,,,,,...,,,,,,
pda_qeeOd0a,---,,,,,,,,,,---,,,,,,
pda_miTG4OC,[i]< Please switch [c][ffff00]back to the [[Main ]] tab[-][/c]. [/i]\n[i]- There are the power stats... >[/i],,,,,,,,,,[i]< 请切换[c][ffff00]回[[主]]标签页[-][/c]。[/i]\n[i]- 那里有电源统计... >[/i],,,,,,
pda_8Cik5ei,New blocks for your Farm!,,,,,,,,,,为你的农场增添新方块！,,,,,,
pda_meWcvwa,...,,,,,,,,,,...,,,,,,
pda_Oi488e4,--,,,,,,,,,,--,,,,,,
pda_G4G4iWu,"[i]< You got new blocks! >[/i]\n\n[i]< To handle those large ones: \nAccess [c][ffff00]Logistics [-][/c][/i][c][00ff00][ F4 ][-][/c][i] , and [c][ffff00]drag them into the yellow[-][/c] (connected) [c][ffff00]toolbar[-][/c]. \nThen [b]place [/b]as usual. >[/i]",,,,,,,,,,[i]< 你获得了新方块！>[/i]\n\n[i]< 处理那些大型方块：\n访问[c][ffff00]物流[-][/c][/i][c][00ff00][ F4 ][-][/c][i] ，并将它们[c][ffff00]拖入黄色[-][/c]（连接的）[c][ffff00]工具栏[-][/c]。\n然后像往常一样[b]放置[/b]。>[/i],,,,,,
pda_SKi0mmK,"[i](( [c][ffffff]System message[-][/c] from ""Farm"" : [/i]\n[i][/i]\n[i]Your [c][ffffff][c][ff8000]Base is under attack[-][/c][-][/c]! ))[/i]",,,,,,,,,,"[i](( [c][ffffff]系统消息[-][/c] 来自""农场""：[/i]\n[i][/i]\n[i]你的[c][ffffff][c][ff8000]基地正在受到攻击[-][/c][-][/c]！))[/i]",,,,,,
pda_SsSi4K2,[i]< ... ? >[/i],,,,,,,,,,[i]< ... ? >[/i],,,,,,
pda_WGO4wKG,...,,,,,,,,,,...,,,,,,
pda_Uue4SKe,--,,,,,,,,,,--,,,,,,
pda_iO4Gi8W,"[i]< That's a [b]Zirax Robot[/b][/i][i].- Left here, to greet potential rescuers. >[/i]\n\n[i]< It [b]won't[/b] negotiate, ... and I ... - cannot seem reach it ?![/i]\n- [i][c][ffff00]Just shoot it[-][/c] back. >[/i]",,,,,,,,,,[i]< 那是一个[b]兹瑞克斯机器人[/b][/i][i]。- 留在这里，是为了问候潜在的救援者。>[/i]\n\n[i]< 它[b]不会[/b]谈判，... 而我... - 似乎无法触及它？！>[/i]\n- [i][c][ffff00]直接射击它[-][/c]。>[/i],,,,,,
pda_i4Kqeq4,Possible Shelter?,,,,,,,,,,可能的庇护所？,,,,,,
pda_iUe2q8q,Check the Farm,,,,,,,,,,检查农场,,,,,,
pda_048W7qu,---,,,,,,,,,,---,,,,,,
pda_GCaOOia,"[i]< Over there, this was once a [c][ffff00]Farm[-][/c] ...? >[/i]\n\n[i]< Maybe it could be a good [b]shelter [/b]-[/i]\n[i] ... Or a place to [c][ffffff]drop off[-][/c] some things you carry. >[/i]",,,,,,,,,,[i]< 那边，这里曾经是一个[c][ffff00]农场[-][/c] ...？>[/i]\n\n[i]< 也许它可以是一个很好的[b]庇护所[/b] -[/i]\n[i] ... 或者一个可以[c][ffffff]存放[-][/c]一些随身物品的地方。>[/i],,,,,,
pda_Gq8WuiS,[i]< This [c][ffffff]Ammo Controller[-][/c] has a huge volume... >[/i]\n\n[i]< ... It teleports those [b]shells [/b]directly to the Artillery turret. >[/i],,,,,,,,,,[i]< 这个[c][ffffff]弹药控制器[-][/c]容量巨大... >[/i]\n\n[i]< ... 它能将这些[b]炮弹[/b]直接传送到火炮炮塔。>[/i],,,,,,
pda_dm0iCce,"[i]< Place on a [c][ffffff]Small Grid[-][/c] only. [/i]\n[i]And, you need to [b]own [/b]the structure. >[/i]\n\n[i]< ... [/i][c][00ff00][RMB][-][/c] [i]to select [b]styles[/b]. >[/i]",,,,,,,,,,[i]< 只能放置在[c][ffffff]小型网格[-][/c]上。[/i]\n[i]并且，你需要[b]拥有[/b]该结构。>[/i]\n\n[i]< ... [/i][c][00ff00][RMB][-][/c] [i]来选择[b]样式[/b]。>[/i],,,,,,
pda_Uuqqie4,"[i]< With the hologram visible... if you then [/i][c][ffff00]hold [-][/c][c][ffffff][c][00ff00][Shift][-][/c][-][/c][i] , or [/i][c][00ff00][Cntrl] [-][/c][i]: [/i]\n[i]Allows to [c][ffffff]draw lines[-][/c], or to create [c][ffffff]planes[-][/c]. > [/i]",,,,,,,,,,[i]< 在全息投影可见时... 如果你然后[/i][c][ffff00]按住 [-][/c][c][ffffff][c][00ff00][Shift][-][/c][-][/c][i] ，或[/i][c][00ff00][Cntrl] [-][/c][i]: [/i]\n[i]允许[c][ffffff]绘制线条[-][/c]，或创建[c][ffffff]平面[-][/c]。> [/i],,,,,,
pda_Ci4G4qq,[i]<  With this [b]Multitool [/b]you hold ... - >[/i]\n\n[i]< ... Detecting a [c][ffffff]place full of Growing Plots[-][/c]. [/i]\n[i]Check your [c][ffff00]Markers[-][/c]. >[/i],,,,,,,,,,[i]< 用你手里的这个[b]多功能工具[/b] ... - >[/i]\n\n[i]< ... 检测到一个[c][ffffff]满是种植槽的地方[-][/c]。[/i]\n[i]查看你的[c][ffff00]标记[-][/c]。>[/i],,,,,,
pda_SemKKC4,...,,,,,,,,,,...,,,,,,
pda_aGqaOWa,--,,,,,,,,,,--,,,,,,
pda_hSWi8wC,"[i]< Good! - [/i][i]This will now do its thing. [/i]\n[i]A [b]life saver [/b]on barren worlds... >[/i]\n\n[i]< Its water bottles can be crafted into oxygen later, or are good for cooking. >[/i]",,,,,,,,,,[i]< 很好！ - [/i][i]这东西现在会发挥它的作用。[/i]\n[i]一个在贫瘠世界上的[b]救星[/b]... >[/i]\n\n[i]< 它的水瓶以后可以制作成氧气，或者用于烹饪。>[/i],,,,,,
pda_mimeUEW,\n- Activate [c][ffff00]Tool Drone[-][/c] [c][00ff00][ F5 ][-][/c]\n[sub][c][000040].[-][/c][/sub],,,,,,,,,,\n- 激活[c][ffff00]工具无人机[-][/c] [c][00ff00][ F5 ][-][/c]\n[sub][c][000040].[-][/c][/sub],,,,,,
pda_uSCS8SK,--,,,,,,,,,,--,,,,,,
pda_KS8iSm0,"[i]< Select your [c][ffffff]Multitool[-][/c]. Use [c][ffffff]""[c][ffff00]Retrieve Blocks""[-][/c][-][/c] mode. >[/i]\n\n[i]< Fly with your Drone to the [c][ffff00]Artillery[-][/c], and [c][ffff00]pick it up[-][/c] with the Multitool. >[/i]",,,,,,,,,,"[i]< 选择你的[c][ffffff]多功能工具[-][/c]。使用[c][ffffff]""[c][ffff00]回收方块""[-][/c][-][/c]模式。>[/i]\n\n[i]< 用你的无人机飞向[c][ffff00]火炮[-][/c]，并用多功能工具[c][ffff00]拾取它[-][/c]。>[/i]",,,,,,
pda_KDW0CuG,ItmPck - TutProtect - Broke Artillery [i][c][ff8000](OnByT & OffByT: ArtilleryBase)[-][/c][/i],,,,,,,,,,ItmPck - 教程保护 - 摧毁火炮 [i][c][ff8000](OnByT & OffByT: 火炮基地)[-][/c][/i],,,,,,
pda_KeuaSWK,Turret lost!,,,,,,,,,,炮塔丢失！,,,,,,
pda_8GKSmmf,- Close Drone view [c][00ff00][ F5 ][-][/c]\n- Pick up box at your feet with [c][00ff00][ F ][-][/c],,,,,,,,,,- 关闭无人机视角 [c][00ff00][ F5 ][-][/c]\n- 用[c][00ff00][ F ][-][/c]拾取脚下的箱子,,,,,,
pda_SG6muSi,--,,,,,,,,,,--,,,,,,
pda_aq44Wiu,...,,,,,,,,,,...,,,,,,
pda_0a04uKM,---,,,,,,,,,,---,,,,,,
pda_i0qOiaK,"[i]< For [c][ffffff]symmetry [-][/c]placement, use the [c][ffff00]Building helper menu[-][/c][/i] [c][00ff00][N][-][/c][i][c][00ff00][-][/c]. >[/i]",,,,,,,,,,[i]< 对于[c][ffffff]对称[-][/c]放置，使用[c][ffff00]建造辅助菜单[-][/c][/i] [c][00ff00][N][-][/c][i][c][00ff00][-][/c]。>[/i],,,,,,
pda_WUSe8ke,"[i]< Such 'single' blocks, you can rotate even [b]after [/b]placement.[/i]\n[i]... Use your [c][ffff00]Multitool[-][/c],[/i] [c][00ff00][RMB][-][/c][i],  '[b]Rotate and Tint'[/b] mode. >[/i]",,,,,,,,,,"[i]< 这样的'独立'方块，你可以在[b]放置[/b]之后甚至还能旋转。[/i]\n[i]... 使用你的[c][ffff00]多功能工具[-][/c],[/i] [c][00ff00][RMB][-][/c][i],  '[b]旋转与着色'[/b]模式。>[/i]",,,,,,
pda_g4aOSIC,nPOI - Building helper menu N   PLACEHOLDER,,,,,,,,,,nPOI - 建造辅助菜单 N   占位符,,,,,,
pda_0aKuOei,New Task,,,,,,,,,,新任务,,,,,,
pda_mcCCiWO,New Action,,,,,,,,,,新行动,,,,,,
pda_Ma0sCq0,--,,,,,,,,,,--,,,,,,
pda_0Z8EmeA,[u]Building helper menu[/u]:\n\n[c][ffffff]Symmetry [-][/c]placement:                                                      \n\n- [c][ffffff]Choose a symmetry plane[-][/c] orientation: Click checkbox\n- [c][ffffff]Plane position[-][/c]: Click at vessel block edge (or center)   \n- Then build with blocks.,,,,,,,,,,[u]建造辅助菜单[/u]：\n\n[c][ffffff]对称[-][/c]放置：                                                      \n\n- [c][ffffff]选择对称平面[-][/c]方向：点击复选框\n- [c][ffffff]平面位置[-][/c]：点击飞船方块边缘（或中心）   \n- 然后用方块建造。,,,,,,
pda_eamSC8i,[c][ffff00]Travel to northern Island[-][/c],,,,,,,,,,[c][ffff00]前往北部岛屿[-][/c],,,,,,
pda_CS88qmu,...,,,,,,,,,,...,,,,,,
pda_We0WWC4,--,,,,,,,,,,--,,,,,,
pda_iu88C4K,...,,,,,,,,,,...,,,,,,
pda_KiKG4mC,--,,,,,,,,,,--,,,,,,
pda_umOeKi2,[i]< Select the[/i] [c][00ff00][[ CPU Statistics ]][-][/c] [i]tab >[/i],,,,,,,,,,[i]< 选择[/i] [c][00ff00][[CPU统计]][-][/c] [i]标签页 >[/i],,,,,,
pda_uO8W8mO,"\n\n\n---\n[c][c0c0c0][sup]To place a large block:[/sup][-][/c]\n[c][c0c0c0][sup]- [ F4 ],  Connect to container\n- Draw into yellow toolbar\n- Toggle Toolbar with [T]\n- Select & place with [LMB][/sup][-][/c]\n---\n[sup]Rotate:  [c][00ff00][HOME][-][/c] , [c][00ff00][END][-][/c]\n     Axis:  [c][00ff00][INS] [-][/c], [c][00ff00][DEL][-][/c][/sup]",,,,,,,,,,"\n\n\n---\n[c][c0c0c0][sup]放置大型方块：[/sup][-][/c]\n[c][c0c0c0][sup]- [ F4 ]，连接到容器\n- 拖入黄色工具栏\n- 用[T]切换工具栏\n- 用[LMB][/sup][-][/c]选择并放置\n---\n[sup]旋转:  [c][00ff00][HOME][-][/c] , [c][00ff00][END][-][/c]\n     轴:  [c][00ff00][INS] [-][/c], [c][00ff00][DEL][-][/c][/sup]",,,,,,
pda_8lWOJOa,--,,,,,,,,,,--,,,,,,
pda_C8iSuiO,"---- Keys ----\n\n[c][ffffff]Split[-][/c]:    [c][00ff00][RMB][-][/c] on wood log stack\n[c][ffffff][-][/c]\n[c][ffffff]Craft bulk[-][/c]:    [c][00ff00][Shift] +[-][/c] [c][00ff00][LMB][-][/c] , on Biofuel Template picture",,,,,,,,,,---- 按键 ----\n\n[c][ffffff]拆分[-][/c]:    [c][00ff00][RMB][-][/c] 在木头堆上\n[c][ffffff][-][/c]\n[c][ffffff]批量制作[-][/c]:    [c][00ff00][Shift] +[-][/c] [c][00ff00][LMB][-][/c] ，在生物燃料模板图片上,,,,,,
pda_GKCOm8K,"[i]< This thing is so [c][ff8000]important [-][/c]...[/i]\n[i]- Please, [c][ffffff]carry it [-][/c]all the time. >[/i]",,,,,,,,,,[i]< 这东西非常[c][ff8000]重要[-][/c]...[/i]\n[i]- 请，[c][ffffff]随身携带[-][/c]。>[/i],,,,,,
pda_CSumiuq,- Activate Turrets with [c][00ff00][[>Turrets & Weapons ]][-][/c] slider,,,,,,,,,,- 通过[c][00ff00][[>炮塔与武器]][-][/c]滑块激活炮塔,,,,,,
pda_i8mO4ei,---,,,,,,,,,,---,,,,,,
pda_KG0uimS,"[i]Below, in the [/i]\n[i]same column:[/i]\n\n""[c][ffffff]AMMUNITION[-][/c]"": \n\n[c][ffff00]Press[-][/c] [c][00ff00][[ Fill All ]][-][/c]\nbutton.             \n\n-- \n( [b]Close [/b]window,\nwhen done. )",,,,,,,,,,"[i]下方，在[/i]\n[i]同一栏中：[/i]\n\n""[c][ffffff]弹药[-][/c]""： \n\n[c][ffff00]按[-][/c] [c][00ff00][[填满全部]][-][/c]\n按钮。             \n\n-- \n( [b]关闭 [/b]窗口，\n完成后。 )",,,,,,
pda_WeK0KKW,...,,,,,,,,,,...,,,,,,
pda_MCKqCKO,--,,,,,,,,,,--,,,,,,
pda_GqWO0Wa,"\n\n\n\nAbove:\n'GENERAL' column:\n\n[c][ffffff]1- Activate [-][/c]the Turrets \nwith the [c][ffff00]slider[-][/c] :\n[c][ffff00][[>Turrets & Weapons]] [-][/c]\n          \n                [sup]<< behind, here[/sup]\n\n\n\n\n\n\n[c][ffffff]2-[-][/c] Below that column, \n""AMMUNITION"": \n\n\n                [sup]<< behind, here[/sup]\n\n\nPress [c][ffff00][[ Fill All ]][-][/c]\n\n-- \n( [b]Close [/b]window,\nwhen done. )",,,,,,,,,,"\n\n\n\n上方：\n'通用'栏：\n\n[c][ffffff]1- 通过[-][/c]滑块[c][ffff00] [-][/c]开启炮塔：\n[c][ffff00][[>炮塔与武器]] [-][/c]\n          \n                [sup]<< 后方，在这里[/sup]\n\n\n\n\n\n\n[c][ffffff]2-[-][/c] 在该栏下方，\n""弹药""：\n\n\n                [sup]<< 后方，在这里[/sup]\n\n\n按[c][ffff00][[填满全部]][-][/c]\n\n-- \n( [b]关闭 [/b]窗口，\n完成后。 )",,,,,,
pda_G4OuWeS,[i]< This should keep this Base [b]safe[/b]... - [/i]\n[i]- A bit. >[/i],,,,,,,,,,[i]< 这应该能让这个基地保持[b]安全[/b]... - [/i]\n[i]- 至少是稍微安全些。>[/i],,,,,,
pda_OqemiqS,Towards new shores!,,,,,,,,,,驶向新海岸！,,,,,,
pda_0iuWOaA,Hover height:\n[c][00ff00][Space][-][/c] / [c][00ff00][ C ][-][/c]\nMain Power: [c][00ff00][Z] [-][/c](Y)[c][ff80ff][-][/c],,,,,,,,,,悬浮高度：\n[c][00ff00][Space][-][/c] / [c][00ff00][ C ][-][/c]\n主电源：[c][00ff00][Z] [-][/c](Y)[c][ff80ff][-][/c],,,,,,
pda_OCWqieW,[i]< Check that [c][ffffff][b]box over there. [/b][-][/c][/i]\n\n[i]... Detecting a spare Core- >[/i],,,,,,,,,,[i]< 看看[c][ffffff][b]那边的箱子。[/b][-][/c][/i]\n\n[i]... 检测到一个备用的核心。>[/i],,,,,,
pda_8WeW8KW,< The [b][c][ffffff]Core[-][/c][/b].  - … It [c][ffffff]means [c][ff8000]Ownership[-][/c][-][/c]. And [b]responsibility[/b]. >\n< ... >\n\n< ... Put it into your [c][ffff00]toolbar[-][/c]. >,,,,,,,,,,< 这个[b][c][ffffff]核心[-][/c][/b]。 - … 它[c][ffffff]意味着[c][ff8000]所有权[-][/c][-][/c]。以及[b]责任[/b]。>\n< ... >\n\n< ... 将它放入你的[c][ffff00]工具栏[-][/c]中。>,,,,,,
pda_WvWOeOu,[i]< ... This seems to be a case for the [/i][i][b]Survival Tool's [/b][/i][i][c][ffff00]Defense Mode[-][/c][/i].- - [i]Press [c][00ff00][RMB] [-][/c]to select. >[/i],,,,,,,,,,[i]< ... 这似乎是需要[/i][i][b]生存工具[/b][/i][i][c][ffff00]防御模式[-][/c][/i] 的情况。 - - [i]按[c][00ff00][RMB] [-][/c]来选中。>[/i],,,,,,
pda_qCumu88,[i]< Interesting... >[/i],,,,,,,,,,[i]< 有趣... >[/i],,,,,,
pda_MuaOCaq,"[i]< Maybe keep it a bit [b]running[/b]. [/i]\n[i]Oxygen, in Spaceflight, is life ...? >[/i]",,,,,,,,,,[i]< 或许让它保持一点[b]运行[/b]。[/i]\n[i]在太空飞行中，氧气就是生命……？ >[/i],,,,,,
pda_8OKWC4u,"[i]< A [c][ffffff]Starter Block[-][/c]. >[/i]\n\n[i]< To use, put it [c][ffff00]into your toolbar.[-][/c] >[/i]",,,,,,,,,,[i]< 一个[c][ffffff]起始方块[-][/c]。>[/i]\n\n[i]< 要使用它，将其[c][ffff00]放入你的工具栏[-][/c]中。>[/i],,,,,,
pda_waemeK8,Tb_sel - on - Place BA starter,,,,,,,,,,Tb_sel - on - 放置BA起始器,,,,,,
pda_qZEu44Y,"[i]< Select it, and place it directly [c][ffff00]on the ground[-][/c]. >[/i]",,,,,,,,,,[i]< 选择它，并将其直接[c][ffff00]放置在地面上[-][/c]。>[/i],,,,,,
pda_8WaeKhm,...,,,,,,,,,,...,,,,,,
pda_G0fWKqr,...,,,,,,,,,,...,,,,,,
pda_O8GeiOi,--,,,,,,,,,,--,,,,,,
pda_Oui9uGQ,"[i]< It files a [b]claim to a location[/b]. [/i]\n[i]- [b]Build on this[/b], to construct your Base. >[/i]\n\n[i]< - ... [c][ffffff]Large Blocks[-][/c] only. >[/i]",,,,,,,,,,[i]< 它向一个位置提交了[b]认领[/b]。[/i]\n[i]- [b]在此处[/b]建造，以构建你的基地。 >[/i]\n\n[i]< - ... 仅限[c][ffffff]大型方块[-][/c]。 >[/i],,,,,,
pda_Sa08uum,Home Spawn,,,,,,,,,,出生点,,,,,,
pda_aum8KS0,...,,,,,,,,,,...,,,,,,
pda_OS480eq,--,,,,,,,,,,--,,,,,,
pda_keqKOm2,[i]< In the box was a [c][ffffff]Clone chamber[-][/c]...[/i]\n[i][c][ffff00]Place it at this Starter[-][/c]. >[/i],,,,,,,,,,[i]< 箱子里有一个[c][ffffff]克隆舱[-][/c]...[/i]\n[i][c][ffff00]将它放置在起始[-][/c]处。>[/i],,,,,,
pda_GiW4eMq,"[i]< You can either [b]build up and secure[/b] this new base, - - [/i]\n[i]- or [b]press on[/b]...?[/i]\n[i][/i]\n[i]< ... There are some interesting buildings nearby. [/i]\n[i]Adding some [c][ffff00]markers[-][/c]. >[/i]",,,,,,,,,,[i]< 你可以选择[b]建造并保卫[/b]这个新基地， - - [/i]\n[i]- 或者[b]继续前进[/b]...？[/i]\n[i][/i]\n[i]< ... 附近有一些有趣的建筑。[/i]\n[i]添加一些[c][ffff00]标记[-][/c]。>[/i],,,,,,
pda_88OaCqW,Turret lost!,,,,,,,,,,炮塔丢失！,,,,,,
pda_yoC4uGK,...,,,,,,,,,,...,,,,,,
pda_KGIICm8,---,,,,,,,,,,---,,,,,,
pda_WmeaScO,[u][c][ff8000]Tutorial Protecton[-][/c][/u]:\n\n... It seems you [c][ffffff][b]salvaged [/b]the Artillery[-][/c] Turret -  \ninstead of picking it up... !!,,,,,,,,,,[u][c][ff8000]教程保护[-][/c][/u]：\n\n... 看来你[c][ffffff][b]拆解了[/b]火炮[-][/c]炮塔 -  \n而不是拾取它... !!,,,,,,
pda_aMOe4Oq,...,,,,,,,,,,...,,,,,,
pda_CaaqeqG,--,,,,,,,,,,--,,,,,,
pda_SqdKi4e,"[b]1[/b] - Please [c][ffff00]close your Drone view[-][/c] [c][00ff00][ F5 ][-][/c] . \n\n[b]2[/b] -[c][ffffff] At your feet is now a box[-][/c] with another turret.\n[c][ffff00]Pick this up[-][/c] with [[c][00ff00] F ][-][/c], into the connected container.",,,,,,,,,,[b]1[/b] - 请[c][ffff00]关闭无人机视角[-][/c] [c][00ff00][ F5 ][-][/c]。\n\n[b]2[/b] -[c][ffffff] 你脚下现在有一个箱子[-][/c]，里面还有一门炮塔。\n[c][ffff00]拾取它[-][/c] 使用 [[c][00ff00]F ][-][/c]，放入连接的容器中。,,,,,,
pda_GeiSKOr,"[sup][i]If somehow this does not work, please check the PDA [c][00ff00][ F1 ][-][/c][/i][/sup]",,,,,,,,,,[sup][i]如果这仍然无法生效，请查看PDA [c][00ff00][ F1 ][-][/c][/i][/sup],,,,,,
pda_WeKuKuC,--,,,,,,,,,,--,,,,,,
pda_W4SS0jK,--,,,,,,,,,,--,,,,,,
pda_aOWO0CM,"[u][c][ffffff]Artificial mass[-][/c][/u]:\nImprove balancing of your vessel.\n\nUse the [c][00ff00][ N ][-][/c] [b]Builder menu[/b], [c][ffffff][[Debug ]] [-][/c]tab, for mass distribution help[c][ff80ff][-][/c]",,,,,,,,,,[u][c][ffffff]人工质量[-][/c][/u]：\n改善你飞船的平衡性。\n\n使用[c][00ff00][ N ][-][/c] [b]建造菜单[/b]，[c][ffffff][[调试]] [-][/c]标签页，获取质量分布帮助[c][ff80ff][-][/c],,,,,,
pda_uFWu9vK,Trg - Ground Repulsor engine block selected PLACEHOLDER,,,,,,,,,,触发器 - 地面反重力引擎方块已选中 占位符,,,,,,
pda_G008WCm,New Task,,,,,,,,,,新任务,,,,,,
pda_Oa40iWW,New Action,,,,,,,,,,新行动,,,,,,
pda_G0iq4q0,---,,,,,,,,,,---,,,,,,
pda_aGaOSa4,Trg - Hover engine block selected PLACEHOLDER,,,,,,,,,,触发器 - 悬浮引擎方块已选中 占位符,,,,,,
pda_8SuWqG4,New Task,,,,,,,,,,新任务,,,,,,
pda_0mW0GKS,New Action,,,,,,,,,,新行动,,,,,,
pda_G0ahasW,---,,,,,,,,,,---,,,,,,
pda_0umi1mu,"[i]< There is [b]never a 'perfect' vessel.[/b] [/i]\n[i]You can pretty much [c][ffff00]modify it[-][/c], to your liking. [/i]\n[i]Or, build something [b]better[/b]. >[/i]\n\n[i]< ... All those boxes contain [c][ffffff]building materials [-][/c]... >[/i]",,,,,,,,,,[i]< 从来没有[b]完美的[/b]飞船。 [/i]\n[i]你可以随意[c][ffff00]修改它[-][/c]，以适应你的喜好。 [/i]\n[i]或者，建造一些[b]更好的[/b]。 >[/i]\n\n[i]< ... 那些容器里装满了[c][ffffff]建造材料 [-][/c]... >[/i],,,,,,
pda_c1K4OCn,Hover Vessel Building,,,,,,,,,,悬浮飞船建造,,,,,,
pda_iWSaK9u,"[i]< Get close to the [c][ffff00]Markers[-][/c], for more infos.[/i][i] >[/i]",,,,,,,,,,[i]< 靠近[c][ffff00]标记[-][/c]，获取更多信息。[/i][i] >[/i],,,,,,
pda_CiEieOa,TUTORIAL END,,,,,,,,,,教程结束,,,,,,
pda_OCmaCWW,..,,,,,,,,,,..,,,,,,
pda_OieGqm5,--,,,,,,,,,,--,,,,,,
pda_KiG4GK4,____[c][ffff00] SV[-][/c] ______,,,,,,,,,,____[c][ffff00] 悬浮飞船 [-][/c] ______,,,,,,
pda_i8oCivK,...,,,,,,,,,,...,,,,,,
pda_qiuGYmm,...,,,,,,,,,,...,,,,,,
pda_aWW0C0C,--,,,,,,,,,,--,,,,,,
pda_0Sin40G,[c][0080ff](nPOI)nPOI[-][/c] -rw- [c][80ffff]CAL3[-][/c] B_[b][c][0080ff]Tasks1[-][/c][/b]- [c][ffffff]Food[-][/c]Loot [c][ff8000](RwByT: Sprint & ResNote)[-][/c][c][ff8000][c][ff8080][c][ffff00]Nd:FlotSig[-][/c][-][/c] [-][/c][c][ff8000]>C_Rw [-][/c][c][ff8000][c][ff8080]>C_Off >VarRewarder [-][/c][-][/c],,,,,,,,,,[c][0080ff](nPOI)兴趣点[-][/c] -rw- [c][80ffff]CAL3[-][/c] B_[b][c][0080ff]任务1[-][/c][/b]- [c][ffffff]食物[-][/c]战利品 [c][ff8000](RwByT: 冲刺与资源备注)[-][/c][c][ff8000][c][ff8080][c][ffff00]Nd:浮点信号[-][/c][-][/c] [-][/c][c][ff8000]>C_写入 [-][/c][c][ff8000][c][ff8080]>C_关闭 >变量奖励器 [-][/c][-][/c],,,,,,
pda_8OWOSi0,Find Survival Resources,,,,,,,,,,寻找生存资源,,,,,,
pda_KViW0WW,[c][0080ff](nPOI)[-][/c] - rw-[c][ff8080]N [-][/c]- B_[b][c][0080ff]Tasks2[-][/c][/b]- Rocks & Wood [i][c][ff80ff][c][ff8000](RwBy:Bridge2)[-][/c][-][/c][c][ff8000](OffBy: Techtree) [-][/c][/i][c][ff8000]>ToC_Rw x2 >C_Off[-][/c],,,,,,,,,,[c][0080ff](nPOI)[-][/c] - rw-[c][ff8080]N [-][/c]- B_[b][c][0080ff]任务2[-][/c][/b]- 岩石 & 木材 [i][c][ff80ff][c][ff8000](RwBy:桥梁2)[-][/c][-][/c][c][ff8000](OffBy: 科技树) [-][/c][/i][c][ff8000]>ToC_Rw x2 >C_Off[-][/c],,,,,,
pda_WWGC4aa,Find (more) Survival Resources,,,,,,,,,,寻找(更多)生存资源,,,,,,
pda_q4umCGK,Harvest [c][ffffff]Food [-][/c]plants\n[sup][i][c][c0c0c0](Bright pink - Pick with [-][/c][c][80ff80][ F ] [-][/c][c][c0c0c0])[-][/c][/i][/sup],,,,,,,,,,采集[c][ffffff]食物[-][/c]植物\n[sup][i][c][c0c0c0](亮粉色 - 使用[-][/c][c][80ff80][ F ] [-][/c][c][c0c0c0]采集)[-][/c][/i][/sup],,,,,,
pda_WOKCCCe,--,,,,,,,,,,--,,,,,,
pda_Gem8eeK,"Scavenge for [c][ffffff]Loot[-][/c]\n[i][sup][c][c0c0c0](Wrecks, Containers...)[-][/c][/sup][/i]",,,,,,,,,,搜寻[c][ffffff]战利品[-][/c]\n[i][sup][c][c0c0c0](残骸、容器...)[-][/c][/sup][/i],,,,,,
pda_G04Sqa8,---,,,,,,,,,,---,,,,,,
pda_Oii0e8W,"Find & [c][ffff00]drill Carbon rocks[-][/c]\n[sup][c][c0c0c0][i](dark, shiny)[/i][-][/c][/sup]",,,,,,,,,,寻找并[c][ffff00]钻取碳岩[-][/c]\n[sup][c][c0c0c0][i](深色、有光泽)[/i][-][/c][/sup],,,,,,
pda_C00iGCu,--,,,,,,,,,,--,,,,,,
pda_eS0C4qi,"[c][c0c0c0](( Note:[-][/c]\n[c][c0c0c0]Part of these functions are reserved for ""[c][ffffff]Creative Mode[-][/c]"" . [-][/c]\n[c][c0c0c0]Access that mode in the main game menu[-][/c]. ))",,,,,,,,,,"[c][c0c0c0](( 注意：[-][/c]\n[c][c0c0c0]部分功能保留给""[c][ffffff]创造模式[-][/c]"" 。 [-][/c]\n[c][c0c0c0]在主游戏菜单中访问该模式[-][/c]。 ))",,,,,,
pda_eei0OGG,[b]_________ 4 Detector & Map[/b],,,,,,,,,,[b]_________ 4 探测器 & 地图[/b],,,,,,
pda_aeeu0Ou,--,,,,,,,,,,--,,,,,,
pda_WKe89mC,--,,,,,,,,,,--,,,,,,
pda_C0a8aSW,--,,,,,,,,,,--,,,,,,
pda_8OmAWuu,[c][0080ff](nPOI)[-][/c] - rw-[c][ff8080]N[-][/c] - [c][ffffff]1BridgToTasks2[-][/c]  [c][ff8000][i][c][ff8080](RwByT:Task1)[-][/c] [c][ff8080](OffBy:Techtree & DirectUnlock & CraftedPC )[-][/c] [/i]>C_Rw[-][/c],,,,,,,,,,[c][0080ff](nPOI)[-][/c] - rw-[c][ff8080]N[-][/c] - [c][ffffff]1BridgToTasks2[-][/c]  [c][ff8000][i][c][ff8080](RwByT:任务1)[-][/c] [c][ff8080](OffBy:科技树 & 直接解锁 & 制作PC )[-][/c] [/i]>C_Rw[-][/c],,,,,,
pda_CO48KOO,...,,,,,,,,,,...,,,,,,
pda_ruaqiWi,...,,,,,,,,,,...,,,,,,
pda_queG8qu,--,,,,,,,,,,--,,,,,,
pda_G4emiMO,[b]_________ Beach 2 - ( RockRes & Techtree & PC unlock & craft )[/b],,,,,,,,,,[b]_________ 海滩 2 - ( 岩石资源 & 科技树 & PC解锁 & 制作 )[/b],,,,,,
pda_aOCSW4m,--,,,,,,,,,,--,,,,,,
pda_Ce48BOa,--,,,,,,,,,,--,,,,,,
pda_KCSaW40,--,,,,,,,,,,--,,,,,,
pda_a00Cmma,_________ [b]Beach 3[/b]- ( Craft things with PC ),,,,,,,,,,_________ [b]海滩 3[/b]- ( 用PC制作物品 ),,,,,,
pda_eS0eK8p,--,,,,,,,,,,--,,,,,,
pda_eaeweOm,--,,,,,,,,,,--,,,,,,
pda_CK8O0mS,--,,,,,,,,,,--,,,,,,
pda_qeKOKCW,[b]_________ Beach 1 - ( Light & Food & Tent) (& stuff)[/b],,,,,,,,,,[b]_________ 海滩 1 - ( 光 & 食物 & 帐篷 ) (& 杂物)[/b],,,,,,
pda_eCcWCCK,--,,,,,,,,,,--,,,,,,
pda_ua50keu,--,,,,,,,,,,--,,,,,,
pda_WmGaaWK,--,,,,,,,,,,--,,,,,,
pda_qSRGGKL,[c][0080ff]nPOI[-][/c] - [c][ffffff]Tip Food[-][/c]plant Location [c][ff8000](OffBy:PlantProtein[-][/c] & Fridge & Task3) [c][ff8000]>C_On >CRw[-][/c],,,,,,,,,,[c][0080ff]nPOI[-][/c] - [c][ffffff]食物[-][/c]植物位置提示 [c][ff8000](OffBy:植物蛋白[-][/c] & 冰箱 & 任务3) [c][ff8000]>C_On >CRw[-][/c],,,,,,
pda_OSuSSai,...,,,,,,,,,,...,,,,,,
pda_uOuG844,...,,,,,,,,,,...,,,,,,
pda_qij4eCq,--,,,,,,,,,,--,,,,,,
pda_OuiuuWa,"[i]< That's it!                                         \nWith the data you collect, I can    \nrestore your crafting templates! >[/i]\n\n--- \n[b]Check back here[/b] after gaining levels.\n\n( To continue,\n[c][ffffff]close the Tech tree[-][/c]. )",,,,,,,,,,[i]< 就是这样！ \n有了你收集的数据，我可以 \n恢复你的制作模板！ >[/i]\n\n--- \n[b]获得等级后回到这里[/b]。\n\n( 要继续，\n[c][ffffff]关闭科技树[-][/c]。 ),,,,,,
pda_UW8CF4K,"[i]< I think, I found some human food plants! [/i]\n[i]- Check the area at your [b]side [/b]! >[/i]\n\n[i]< Putting a [c][ffff00]marker [-][/c]on it. >[/i]",,,,,,,,,,[i]< 我想我找到了一些人类食用植物！ [/i]\n[i]- 检查你[b]身边[/b]的区域！ >[/i]\n\n[i]< 在它上面放一个[c][ffff00]标记[-][/c]。 >[/i],,,,,,
pda_mMqmQmS,( Prepare better ),,,,,,,,,,( 做好准备 ),,,,,,
pda_aS0uWKi,--,,,,,,,,,,--,,,,,,
pda_q8q4Muc,"[i]< That [c][ffff00]area you just [-][/c][b][c][ffff00]left[-][/c], [/b]with all that flotsam-[/i]\n[i] -  Maybe check it out more...? >[/i]\n\n[i]< It seems to be really bountiful. >[/i]",,,,,,,,,,[i]< 你刚刚[c][ffff00]离开[-][/c][b][c][ffff00]的[-][/c][/b]那个区域[/i]，\n[i] - 也许再去看看？ >[/i]\n\n[i]< 那里似乎资源丰富。 >[/i],,,,,,
pda_w4g0qm4,____ [c][ffff00][b]Header info[/b][-][/c] (>> open the chapters for more) ______,,,,,,,,,,____ [c][ffff00][b]头部信息[/b][-][/c] (>> 打开章节获取更多信息) ______,,,,,,
pda_WgQqCqC,--,,,,,,,,,,--,,,,,,
pda_uCaeoaG,--,,,,,,,,,,--,,,,,,
pda_OGuumWu,--,,,,,,,,,,--,,,,,,
pda_aa6400M,test,,,,,,,,,,测试,,,,,,
pda_eeeqOq4,test,,,,,,,,,,测试,,,,,,
pda_IYieSeW,>> [c][0080ff]Blue[-][/c] : [i]NearPOI-NearUnit based autostart chapters[/i],,,,,,,,,,>> [c][0080ff]蓝色[-][/c] : [i]基于近POI-近单位的自动启动章节[/i],,,,,,
pda_qeG8WGi,test,,,,,,,,,,测试,,,,,,
pda_qmaiGWK,test,,,,,,,,,,测试,,,,,,
pda_WumaKuC,>> Grey[i] : Standard or uncritical autostart checks[/i],,,,,,,,,,>> 灰色[i] : 标准或非关键的自动启动检查[/i],,,,,,
pda_CSumNj8,[sup]Trg : [/sup][i][sup]Nondescript trigger for an autostart chapter[/sup][/i],,,,,,,,,,[sup]Trg : [/sup][i][sup]自动启动章节的普通触发器[/sup][/i],,,,,,
pda_OKKeOuL,--,,,,,,,,,,--,,,,,,
pda_WaWOOG8,--,,,,,,,,,,--,,,,,,
pda_0mmaaWD,"[sup][c][0080ff]Mrk[-][/c] : [/sup][i][sup]A nearPOI or NearUnit, showing a marker to go to, has empty chapter[/sup][/i]",,,,,,,,,,[sup][c][0080ff]Mrk[-][/c] : [/sup][i][sup]一个近POI或近单位，显示前往标记，具有空章节[/sup][/i],,,,,,
pda_OCaG0se,--,,,,,,,,,,--,,,,,,
pda_Gq4L6Sa,--,,,,,,,,,,--,,,,,,
pda_4OGiOqQ,[sup][c][0080ff]nPOI[-][/c] : [/sup][i][sup]A nearPOI trigger that starts a chapter[/sup][/i],,,,,,,,,,[sup][c][0080ff]nPOI[-][/c] : [/sup][i][sup]一个启动章节的近POI触发器[/sup][/i],,,,,,
pda_u0O8X8I,--,,,,,,,,,,--,,,,,,
pda_iCKOWmG,--,,,,,,,,,,--,,,,,,
pda_3CqOmmG,[sup][c][0080ff](nPOI)[-][/c] : [/sup][i][sup]A nearPOI trigger that resolves instantly - Starting a chapter without message[/sup][/i],,,,,,,,,,[sup][c][0080ff](nPOI)[-][/c] : [/sup][i][sup]一个立即解决的近POI触发器 - 无消息启动章节[/sup][/i],,,,,,
pda_WKmwSWi,--,,,,,,,,,,--,,,,,,
pda_u4SSWGO,--,,,,,,,,,,--,,,,,,
pda_4m8Cn68,[sup]Sig : [i]Chapter started by a POI Signal[/i][/sup],,,,,,,,,,[sup]Sig : [i]章节由POI信号启动[/i][/sup],,,,,,
pda_KGOGUiK,--,,,,,,,,,,--,,,,,,
pda_uh4SuWS,--,,,,,,,,,,--,,,,,,
pda_F8u04q1,[sup](Important - Keep all nPOIs or nUnits targeted to unique elements)[/sup],,,,,,,,,,[sup](重要 - 确保所有nPOI或nUnit都指向独特元素)[/sup],,,,,,
pda_W8a8Omu,...,,,,,,,,,,...,,,,,,
pda_i06KeWO,--,,,,,,,,,,--,,,,,,
pda_4ma8qmC,>> [c][ff8000]Orange[-][/c][i] : PDAOps - General PDA autostart structure[/i],,,,,,,,,,>> [c][ff8000]橙色[-][/c][i] : PDA操作 - 通用PDA自动启动结构[/i],,,,,,
pda_O8WeSeu,[sup]OnBy : [/sup][i][sup]Chapter's Activatable is set to 'Always' by this named chapter[/sup][/i],,,,,,,,,,[sup]OnBy : [/sup][i][sup]此命名章节将此章节的Activatable设置为'Always'[/sup][/i],,,,,,
pda_aQe0ari,--,,,,,,,,,,--,,,,,,
pda_ueuKBSK,--,,,,,,,,,,--,,,,,,
pda_KGem0Oa,[sup]RwBy : [i]Chapter got rewarded by this named chapter[/i][/sup],,,,,,,,,,[sup]RwBy : [i]此命名章节奖励了此章节[/i][/sup],,,,,,
pda_ogkKG4q,--,,,,,,,,,,--,,,,,,
pda_aOA8iWu,--,,,,,,,,,,--,,,,,,
pda_WGw0CCW,test,,,,,,,,,,测试,,,,,,
pda_GKaCm8m,test,,,,,,,,,,测试,,,,,,
pda_c0Wb4GS,[sup]OffBy : [/sup][i][sup]Chapter's Activatable is set to ''Never' by this named chapter[/sup][/i],,,,,,,,,,[sup]OffBy : [/sup][i][sup]此命名章节将此章节的Activatable设置为'Never'[/sup][/i],,,,,,
pda_04eOOq8,--,,,,,,,,,,--,,,,,,
pda_l0O8CeO,--,,,,,,,,,,--,,,,,,
pda_SAeWCoq,>> [c][ff8080]LightRed[-][/c] : [i]Variant paths to catch player edge case behaviour[/i],,,,,,,,,,>> [c][ff8080]浅红[-][/c] : [i]变体路径以捕捉玩家边缘情况行为[/i],,,,,,
pda_8GSG8ae,[sup]ToRwBy : [/sup][i][sup]Chapter's Activatable is set to 'WhenRewarded' by this named chapter[/sup][/i],,,,,,,,,,[sup]RwBy : [/sup][i][sup]此命名章节将此章节的Activatable设置为'WhenRewarded'[/sup][/i],,,,,,
pda_O8OSC84,--,,,,,,,,,,--,,,,,,
pda_GO8i8ua,--,,,,,,,,,,--,,,,,,
pda_W200qaW,[sup]ToOnBy : [i]Chapter's Activatable is set to 'Always' by this named chapter[/i][/sup],,,,,,,,,,[sup]OnBy : [i]此命名章节将此章节的Activatable设置为'Always'[/i][/sup],,,,,,
pda_KWke44G,--,,,,,,,,,,--,,,,,,
pda_FGKu4e8,--,,,,,,,,,,--,,,,,,
pda_PCWuOCu,[sup]ToOffBy : [i]Chapter's Activatable is set to 'Never' by this named chapter[/i][/sup],,,,,,,,,,[sup]OffBy : [i]此命名章节将此章节的Activatable设置为'Never'[/i][/sup],,,,,,
pda_Gq4uS18,--,,,,,,,,,,--,,,,,,
pda_S0O2mei,--,,,,,,,,,,--,,,,,,
pda_0a8qeO8,test,,,,,,,,,,测试,,,,,,
pda_Ci8m8W4,test,,,,,,,,,,测试,,,,,,
pda_KKO8CSq,[sup][c][ff8080]N[-][/c] : The 'expected' way of play [c][ff8080]V[-][/c]: 'variant catchall'[/sup],,,,,,,,,,[sup][c][ff8080]N[-][/c] : '预期'的游玩方式 [c][ff8080]V[-][/c]: '变体兜底'[/sup],,,,,,
pda_iOWiea4,--,,,,,,,,,,--,,,,,,
pda_iMiWumK,--,,,,,,,,,,--,,,,,,
pda_8aamGWq,"[sup](The variants are on by default, get turned off by solving chapters on the standard way)[/sup]",,,,,,,,,,[sup](变体默认开启，通过以标准方式完成章节来关闭)[/sup],,,,,,
pda_40iOmSK,--,,,,,,,,,,--,,,,,,
pda_SOqGOCC,--,,,,,,,,,,--,,,,,,
pda_40GavS8,"Found: [c][ffffff]Copper[-][/c]\n[c][ffffff][-][/c]\n[i]( For: [u]Ammo[/u], Devices...)[/i]",,,,,,,,,,发现：[c][ffffff]铜[-][/c]\n[c][ffffff][-][/c]\n[i](用于：[u]弹药[/u]、设备...)[/i],,,,,,
pda_ai44m4i,"Found: [c][ffffff]Silicon[-][/c]\n[c][ffffff][-][/c]\n[i]( For: Devices, Building Blocks ...)[/i]",,,,,,,,,,发现：[c][ffffff]硅[-][/c]\n[c][ffffff][-][/c]\n[i](用于：设备、建筑方块...)[/i],,,,,,
pda_O8SULCa,"[u][c][ffffff]Chop [-][/c]wood:[/u]\n\nUse the [c][ffff00]Resource mode[-][/c] of the [c][ffffff]Survival Tool[-][/c], and fire at tree.\n\n(Some trees are sturdier than others)",,,,,,,,,,[u][c][ffffff]砍伐[-][/c]木材：[/u]\n\n使用[c][ffff00]生存工具[-][/c]的[c][ffffff]资源模式[-][/c]，对准树木开火。\n\n(有些树木比其他树木更坚固),,,,,,
pda_44GwqXG,Found Plant Protein,,,,,,,,,,发现植物蛋白,,,,,,
pda_AKr04G6,[i]...[/i],,,,,,,,,,[i]...[/i],,,,,,
pda_iK08O8e,--,,,,,,,,,,--,,,,,,
pda_a4K8480,...,,,,,,,,,,...,,,,,,
pda_M40CuuC,--,,,,,,,,,,--,,,,,,
pda_G4e4IuK,[i]< Please select the [c][ffff00][[ Survival Constructor ]] [-][/c]tab. >[/i],,,,,,,,,,[i]< 请选择 [c][ffff00][[ 生存建造机 ]] [-][/c]标签页。 >[/i],,,,,,
pda_8GCWaO0,...,,,,,,,,,,...,,,,,,
pda_808eq8S,--,,,,,,,,,,--,,,,,,
pda_a84CeOa,[i]< Please select the [/i][c][ffff00][[ Survival Constructor ]] [-][/c][i]tab. >[/i]\n[c][c0c0c0][sup][/sup][-][/c]\n[c][c0c0c0](See upper right screen)[-][/c][i][/i],,,,,,,,,,[i]< 请选择 [/i][c][ffff00][[ 生存建造机 ]] [-][/c][i]标签页。 >[/i]\n[c][c0c0c0][sup][/sup][-][/c]\n[c][c0c0c0](参见右上角屏幕)[-][/c][i][/i],,,,,,
pda_WMqWQ2S,InvCc  - [c][80ffff]CalSig4c [-][/c]- [c][ffffff]Detect[-][/c]Gain[i][c][ff8000] (OffBy: UseRadar) [-][/c][/i][c][ff8000]>C_Rw >C_off[-][/c],,,,,,,,,,InvCc  - [c][80ffff]校准信号4c [-][/c]- [c][ffffff]检测[-][/c]增益[i][c][ff8000] (关闭于：使用雷达) [-][/c][/i][c][ff8000]>C_RW >C_关闭[-][/c],,,,,,
pda_a8W82KS,The Detector,,,,,,,,,,探测器,,,,,,
pda_Gu8WGEq,"Select it in Toolbar,\n[c][ffff00]use with[-][/c] [c][00ff00][LMB][-][/c]",,,,,,,,,,在工具栏中选择它，\n[c][ffff00]使用[-][/c] [c][00ff00][LMB][-][/c],,,,,,
pda_OeQG8oG,--,,,,,,,,,,--,,,,,,
pda_Waqamai,[i]<  A [c][ffffff]detector[-][/c]! This will help a lot with [b]navigation[/b]![/i]\n\n- [c][ffff00]Fire [-][/c]it up with [c][00ff00][LMB][-][/c]. >,,,,,,,,,,[i]< 一个[c][ffffff]探测器[-][/c]！这对[b]导航[/b]会有很大帮助！[/i]\n\n- [c][ffff00]启动[-][/c]它，用[c][00ff00][LMB][-][/c]. >,,,,,,
pda_OSGamq0,The Detector,,,,,,,,,,探测器,,,,,,
pda_0KuqiuW,...,,,,,,,,,,...,,,,,,
pda_e04OqtC,--,,,,,,,,,,--,,,,,,
pda_4Yxu44C,[c][0080ff](nPOI)[-][/c] - rw_[c][ff8080]N[-][/c] -[c][ff8080][b]Sel[/b][-][/c]- [c][ff80ff]CAL?[-][/c]  [c][ffffff]GoToHeatRad[-][/c] [i][c][ff8080](RwBy:CheckIfDetector)  (OffBy: [-][/c][c][ff8080]BackToBeach )[-][/c][/i][c][ff8080] >C_Off[-][/c]  [c][ff8000]>C_Off >C_Rw[-][/c],,,,,,,,,,[c][0080ff](nPOI)[-][/c] - rw_[c][ff8080]N[-][/c] -[c][ff8080][b]选择[/b][-][/c]- [c][ff80ff]校准?[-][/c]  [c][ffffff]去热雷达[-][/c] [i][c][ff8080](重写于：检查探测器)  (关闭于： [-][/c][c][ff8080]回到海滩 )[-][/c][/i][c][ff8080] >C_关闭[-][/c]  [c][ff8000]>C_关闭 >C_RW[-][/c],,,,,,
pda_mqeGi8u,[i]( Power source ? )[/i],,,,,,,,,,[i]( 电源 ? )[/i],,,,,,
pda_i28S0SW,[c][ffff00]Get closer to 'Weak Signal'[-][/c]\n[i][sup][c][c0c0c0](Check Map[-][/c] [c][00ff00][M][-][/c] [c][c0c0c0]if not nearby)[-][/c][/sup][/i],,,,,,,,,,[c][ffff00]靠近“弱信号”[-][/c]\n[i][sup][c][c0c0c0](检查地图[-][/c] [c][00ff00][M][-][/c] [c][c0c0c0]如果不在附近)[-][/c][/sup][/i],,,,,,
pda_0OuSO4u,--,,,,,,,,,,--,,,,,,
pda_iCSefiK,"Find & drill [c][ffffff]Carbon [-][/c]rocks\n[sup][c][c0c0c0][i](dark, shiny.)[/i][-][/c][/sup]",,,,,,,,,,找到并钻取[c][ffffff]碳[-][/c]岩石\n[sup][c][c0c0c0][i](深色，有光泽。)[/i][-][/c][/sup],,,,,,
pda_GaOmu82,--,,,,,,,,,,--,,,,,,
pda_OuaOumG,...,,,,,,,,,,...,,,,,,
pda_44Q0eOe,---,,,,,,,,,,---,,,,,,
pda_KM440qS,[i]< Please switch back to the [c][ffff00][[ Survival Constructor ]][-][/c] tab ... >[/i],,,,,,,,,,[i]< 请切换回[c][ffff00][[ 生存建造机 ]][-][/c] 标签页... >[/i],,,,,,
pda_KqiueOu,Resources,,,,,,,,,,资源,,,,,,
pda_3amKmS8,...,,,,,,,,,,...,,,,,,
pda_KuKKqeW,--,,,,,,,,,,--,,,,,,
pda_mTMSOW8,___________________ [i]( Place and open Portable Constructor )[/i],,,,,,,,,,___________________ [i]( 放置并打开便携式建造机 )[/i],,,,,,
pda_iqaG8aS,--,,,,,,,,,,--,,,,,,
pda_u8eWiaa,--,,,,,,,,,,--,,,,,,
pda_e8GSmQa,--,,,,,,,,,,--,,,,,,
pda_maiaN04,[c][ffffff][b]_____________ SPACE ______________[/b][-][/c],,,,,,,,,,[c][ffffff][b]_____________ 太空 ______________[/b][-][/c],,,,,,
pda_8iKL4k8,--,,,,,,,,,,--,,,,,,
pda_iYWKqki,--,,,,,,,,,,--,,,,,,
pda_KekG404,--,,,,,,,,,,--,,,,,,
pda_SWuKSS0,test,,,,,,,,,,测试,,,,,,
pda_m4KOaF0,test,,,,,,,,,,测试,,,,,,
pda_q0Fia40,______________ [i]( Wood & Salvage )[/i],,,,,,,,,,______________ [i]( 木材 & 打捞 )[/i],,,,,,
pda_YO4OiQ4,--,,,,,,,,,,--,,,,,,
pda_C6igeGW,--,,,,,,,,,,--,,,,,,
pda_8Sim86W,--,,,,,,,,,,--,,,,,,
pda_Wq0ieiK,DvU  - [c][80ffff]CalSig4c [-][/c]-on- Use[c][ffffff]Radar[-][/c][c][ff8000][-][/c][i][c][ff8000](Offby: PromRes) [-][/c][/i][c][ff8000]>C_Rw >C_Off x[i]2[/i][-][/c][i][/i],,,,,,,,,,DvU  - [c][80ffff]校准信号4c [-][/c]-on- 使用[c][ffffff]雷达[-][/c][c][ff8000][-][/c][i][c][ff8000](关闭于：承诺资源) [-][/c][/i][c][ff8000]>C_RW >C_关闭 x[i]2[/i][-][/c][i][/i],,,,,,
pda_OWCGwaS,[c][0080ff](nPOI)[-][/c] - [c][ff8080]V[-][/c]_off - 1BridgToTasks3 [c][ffffff]CraftNow[-][/c] [c][ff8080](ToRwBy:FoodFirst)[-][/c]  [c][ff8080](RwBy:FoodLoot)[-][/c] [c][ff8080] >C_On[-][/c],,,,,,,,,,[c][0080ff](nPOI)[-][/c] - [c][ff8080]V[-][/c]_off - 1桥到任务3 [c][ffffff]现在制作[-][/c] [c][ff8080](至RW于：食物优先)[-][/c]  [c][ff8080](重写于：食物战利品)[-][/c] [c][ff8080] >C_开[-][/c],,,,,,
pda_ieC7COK,...,,,,,,,,,,...,,,,,,
pda_OqemOaa,...,,,,,,,,,,...,,,,,,
pda_G0o4448,--,,,,,,,,,,--,,,,,,
pda_qOSCuqm,"[i]< Okay, food and resources secured... ! >[/i]",,,,,,,,,,[i]< 好的，食物和资源已确保... ！ >[/i],,,,,,
pda_GaCSiqg,[c][0080ff](nPOI)[-][/c] - [c][ff8080]V1[-][/c]_rw- 2BridgToTasks1 [c][ffffff]FoodFirst[-][/c]  [c][ff8080](RwBy: PCOverview) [-][/c][c][ff8080] (OffBy: Bridge1ToT2 & Tasks2 & BikeCrafted)[-][/c][c][ff8080] >CToRw[-][/c],,,,,,,,,,[c][0080ff](nPOI)[-][/c] - [c][ff8080]V1[-][/c]_rw- 2桥接任务1 [c][ffffff]食物优先[-][/c]  [c][ff8080](重写于：PC概览) [-][/c][c][ff8080] (关闭于：桥1到任务2 & 任务2 & 自行车已制作)[-][/c][c][ff8080] >C到RW[-][/c],,,,,,
pda_GSu8CKq,...,,,,,,,,,,...,,,,,,
pda_iaquuCO,...,,,,,,,,,,...,,,,,,
pda_q0eSauW,--,,,,,,,,,,--,,,,,,
pda_GeiWWKS,____[c][ffff00][b][/b][-][/c][c][ffff00][b] Ender info [/b][-][/c] (>> open the chapters for more) ______,,,,,,,,,,____[c][ffff00][b][/b][-][/c][c][ffff00][b] 结束信息 [/b][-][/c] (>>打开章节了解更多) ______,,,,,,
pda_uGSW88G,--,,,,,,,,,,--,,,,,,
pda_me4eq4u,--,,,,,,,,,,--,,,,,,
pda_iOKegKq,--,,,,,,,,,,--,,,,,,
pda_ScaeeK8,test,,,,,,,,,,测试,,,,,,
pda_4iGSKCS,test,,,,,,,,,,测试,,,,,,
pda_uKOK4Wa,>> [c][0080ff]Blue[-][/c] : [i]Tasklists[/i],,,,,,,,,,>> [c][0080ff]蓝色[-][/c] : [i]任务列表[/i],,,,,,
pda_iDOSOSS,"[sup]>>[/sup] [sup][c][0080ff]Task[-][/c] : [i]A list shown to do, while autostarts carry on from it >>[/i][/sup]",,,,,,,,,,[sup]>>[/sup] [sup][c][0080ff]任务[-][/c] : [i]一个列表显示要做的事，自动启动从它继续 >>[/i][/sup],,,,,,
pda_qmuiSiK,[sup]'Handover' - The actions of the Tasklists and the autostarts have the same checks[/sup],,,,,,,,,,[sup]'交接' - 任务列表的动作和自动启动有相同的检查[/sup],,,,,,
pda_O8GiOG8,--,,,,,,,,,,--,,,,,,
pda_Ke8kwmi,"[sup]An action will get resolved first, and chapterActiv will still trigger[/sup]",,,,,,,,,,[sup]一个动作会先被解决，且章节激活仍会触发[/sup],,,,,,
pda_C0Wu4eu,--,,,,,,,,,,--,,,,,,
pda_uSGi48s,"[sup]yet, SignalLatch POI / Memory POI / ""[c][80ffff]Calculator[-][/c]"" POI do help in that case[/sup]",,,,,,,,,,[sup]然而，信号锁存POI / 记忆POI / “[c][80ffff]计算器[-][/c]” POI在这种情况下有帮助[/sup],,,,,,
pda_iOKGiWC,--,,,,,,,,,,--,,,,,,
pda_auuCSa2,test,,,,,,,,,,测试,,,,,,
pda_C0CG4Oa,test,,,,,,,,,,测试,,,,,,
pda_uGCKiei,[c][ffffff]White[-][/c]: [i]This chapter is tested and starts[/i],,,,,,,,,,[c][ffffff]白色[-][/c]: [i]本章节已测试并启动[/i],,,,,,
pda_ee0S4mS,--,,,,,,,,,,--,,,,,,
pda_eKOxUqK,--,,,,,,,,,,--,,,,,,
pda_WuO0ciq,--,,,,,,,,,,--,,,,,,
pda_8e48uS2,"[c][ff80ff]Pink[-][/c]: [i]Tests, WIP & maintenance mark-ups[/i]",,,,,,,,,,[c][ff80ff]粉色[-][/c]: [i]测试、进行中 & 维护标记[/i],,,,,,
pda_WKN10qe,--,,,,,,,,,,--,,,,,,
pda_W4mmkia,--,,,,,,,,,,--,,,,,,
pda_ueCrK88,--,,,,,,,,,,--,,,,,,
pda_i4OsK3a,>> [c][ff8000]Orange [-][/c]: [i]Biome checks[/i],,,,,,,,,,>> [c][ff8000]橙色 [-][/c]: [i]生物群系检查[/i],,,,,,
pda_OK0hSk8,"[sup]If one biome check is not correctly set up, all of them will act strangely[/sup]",,,,,,,,,,[sup]如果一个生物群系检查没有正确设置，它们都会表现异常[/sup],,,,,,
pda_eieOGq0,--,,,,,,,,,,--,,,,,,
pda_OKeiamS,--,,,,,,,,,,--,,,,,,
pda_0q46QSu,"[c][ffff00]Yellow[-][/c]: [i]Some special things like UI, powering devices, Reputation[/i]",,,,,,,,,,[c][ffff00]黄色[-][/c]: [i]一些特殊的东西，比如UI、供电设备、声望[/i],,,,,,
pda_CO8uee0,--,,,,,,,,,,--,,,,,,
pda_eKuGgWu,--,,,,,,,,,,--,,,,,,
pda_Oq0u84W,--,,,,,,,,,,--,,,,,,
pda_iCmGGue,____ [c][ffff00][b][/b][-][/c][c][ffff00][b]Center info [/b][-][/c] (>> open the chapters for more) ______,,,,,,,,,,____ [c][ffff00][b][/b][-][/c][c][ffff00][b]中心信息 [/b][-][/c] (>>打开章节了解更多) ______,,,,,,
pda_OHqmai8,--,,,,,,,,,,--,,,,,,
pda_e0KwSeU,--,,,,,,,,,,--,,,,,,
pda_aYjeuOm,--,,,,,,,,,,--,,,,,,
pda_K8CKSSm,test,,,,,,,,,,测试,,,,,,
pda_mxaOmW5,test,,,,,,,,,,测试,,,,,,
pda_4W8eCi4,_____________ [b][c][ffff00]EXPLANATIONS[-][/c] [/b]______________,,,,,,,,,,_____________ [b][c][ffff00]说明[-][/c] [/b]______________,,,,,,
pda_a0iaS8C,--,,,,,,,,,,--,,,,,,
pda_SOKi0eG,--,,,,,,,,,,--,,,,,,
pda_K8I0m4G,--,,,,,,,,,,--,,,,,,
pda_AGOKSYS,test,,,,,,,,,,测试,,,,,,
pda_SCO0m04,test,,,,,,,,,,测试,,,,,,
pda_8Ge0S4S,[c][ff0000]Red[-][/c]: [i]Signals or Power or SignalStructures[/i],,,,,,,,,,[c][ff0000]红色[-][/c]: [i]信号或电力或信号结构[/i],,,,,,
pda_8lkW0ta,--,,,,,,,,,,--,,,,,,
pda_hW4OKem,--,,,,,,,,,,--,,,,,,
pda_CuSCui4,--,,,,,,,,,,--,,,,,,
pda_qeM4Ci8,"[i]< But, before you start crafting here - - [/i]\n[i]-  ... let's [c][ffff00]secure your supplies[-][/c] first...? >[/i]",,,,,,,,,,[i]< 但，在开始制作之前-- [/i]\n[i]-  ... 我们先[c][ffff00]确保你的物资安全[-][/c]...？ >[/i],,,,,,
pda_U6u88a4,___________________ [i]( Variant bridges )[/i],,,,,,,,,,___________________ [i]( 变体桥 )[/i],,,,,,
pda_Eu0iem8,--,,,,,,,,,,--,,,,,,
pda_q6CummC,--,,,,,,,,,,--,,,,,,
pda_CmOCSO0,--,,,,,,,,,,--,,,,,,
pda_01geOWq,Find (more) Survival Resources,,,,,,,,,,寻找（更多）生存资源,,,,,,
pda_me8iW88,...,,,,,,,,,,...,,,,,,
pda_eeuWK4a,--,,,,,,,,,,--,,,,,,
pda_G0K8qaI,Find Survival Resources,,,,,,,,,,寻找生存资源,,,,,,
pda_G4S0K0S,...,,,,,,,,,,...,,,,,,
pda_MK488aO,--,,,,,,,,,,--,,,,,,
pda_SOqC4Ma,"[i]< [/i][i]This bike is useful for [b]land travel[/b] .. >[/i]\n[i][/i]\n[i]< - [c][ffffff]Select it[-][/c], and [c][ffff00]place it[-][/c] on the ground. >[/i]",,,,,,,,,,[i]< [/i][i]这辆自行车对[b]陆地旅行[/b]很有用.. >[/i]\n[i][/i]\n[i]< - [c][ffffff]选择它[-][/c]，并[c][ffff00]放在[-][/c]地上。 >[/i],,,,,,
pda_ceaquem,"Point the mouse on the [c][ff0000]red icon[-][/c] [i](>>at right side)  [/i]\n[c][ffffff] ""Closed Fracture""[-][/c], to learn about Healing / Mitigation.\n[i][sup](Close this message first)[/sup][/i]\n----                                                                                               \n[c][ffff80]Consume medicine[-][/c]:: [c][00ff00][Shift]+[RMB] [-][/c]on the item.",,,,,,,,,,将鼠标指向[c][ff0000]红色图标[-][/c] [i](>>在右侧)  [/i]\n[c][ffffff] “闭合骨折”[-][/c]，了解治疗/缓解。\n[i][sup](先关闭此消息)[/sup][/i]\n----                                                                                               \n[c][ffff80]使用药物[-][/c]:: [c][00ff00][Shift]+[RMB] [-][/c]在物品上。,,,,,,
pda_MqMG40O,"[i]< Wow, that is a [c][ffffff]good idea[-][/c] ! - Well done! >[/i]\n[i][/i]\n[i]< This will help us a lot ... >[/i]\n[i][/i]\n[i]< - Let's [c][ffff00]gather resources [-][/c]for it? >[/i]",,,,,,,,,,[i]< 哇，那是个[c][ffffff]好主意[-][/c] ！ - 干得好！ >[/i]\n[i][/i]\n[i]< 这会帮我们很多... >[/i]\n[i][/i]\n[i]< - 让我们为它[c][ffff00]收集资源[-][/c]？ >[/i],,,,,,
pda_OkKeqKu,...,,,,,,,,,,...,,,,,,
pda_q8mGqCE,--,,,,,,,,,,--,,,,,,
pda_00OOKKW,"[i]< Crafting needs [c][ffff80]time[-][/c]...\nYou can [c][ffffff]skip [-][/c]things during [c][ffffff]sleep[-][/c]. >[/i]\n\n\n[sup]---\n[c][c0c0c0]... For the main game, you can adjust this in the [-][/c][c][ffffff]difficulty settings[-][/c]. \n[c][c0c0c0](->Either at starting world selection, or at ""[b]Resume Game[/b]"" Menu)[-][/c][/sup]",,,,,,,,,,[i]< 制作需要[c][ffff80]时间[-][/c]...\n你可以在[c][ffffff]睡觉[-][/c]期间[c][ffffff]跳过[-][/c]一些事情。 >[/i]\n\n\n[sup]---\n[c][c0c0c0]... 对于主游戏，你可以在[-][/c][c][ffffff]难度设置[-][/c]中调整这个。 \n[c][c0c0c0](->要么在初始世界选择，要么在“[b]继续游戏[/b]”菜单)[-][/c][/sup],,,,,,
pda_Cmg4xui,[c][0080ff]Mrk[-][/c] - rw_[c][ff8080]N[-][/c] - [c][ffffff]Next [-][/c]signal [i][c][ff8000](RwBy: WeatherToCop (OffBy: DetectRes  & ) [c][ff80ff]OffbySec[-][/c][-][/c][/i],,,,,,,,,,[c][0080ff]标记[-][/c] - rw_[c][ff8080]N[-][/c] - [c][ffffff]下一个 [-][/c]信号 [i][c][ff8000](重写于：天气到天气 (关闭于：检测资源 & ) [c][ff80ff]关闭于秒[-][/c][-][/c][/i],,,,,,
pda_qV8u88K,...,,,,,,,,,,...,,,,,,
pda_Cu88Si4,...,,,,,,,,,,...,,,,,,
pda_Omi8DGi,--,,,,,,,,,,--,,,,,,
pda_WgKUGqA,WinOp_ScreenFade - - [c][ffffff]Slept[-][/c] in Tent [i][c][ff8000](OffBy:Liftoff)[-][/c][/i],,,,,,,,,,WinOp_ScreenFade - - [c][ffffff]在帐篷里睡觉[-][/c] [i][c][ff8000](关闭于：起飞)[-][/c][/i],,,,,,
pda_iGuS0eu,Sleeping,,,,,,,,,,睡觉,,,,,,
pda_qW8a1G0,...,,,,,,,,,,...,,,,,,
pda_80SiWGi,--,,,,,,,,,,--,,,,,,
pda_eei0i8W,"[i]< Good way to pass some time... ! >[/i]\n\n[i]< But you have to be careful? [/i]\n[i]Bases use fuel, food will spoil ... >[/i]",,,,,,,,,,[i]< 打发时间的好方法... ！ >[/i]\n\n[i]< 但你必须小心？ [/i]\n[i]基地会消耗燃料，食物会变质... >[/i],,,,,,
pda_GW8G0Oe,CPU Extender,,,,,,,,,,CPU扩展器,,,,,,
pda_iGSK0iy,... Placed!,,,,,,,,,,... 已放置！,,,,,,
pda_iqudK8K,--,,,,,,,,,,--,,,,,,
pda_GKW9mue,[i]< Good! >[/i],,,,,,,,,,[i]< 好！ >[/i],,,,,,
pda_OGO0OOG,Solar Capacitor,,,,,,,,,,太阳能电容器,,,,,,
pda_e8Wie48,... placed!,,,,,,,,,,... 已放置！,,,,,,
pda_SWqOU4C,--,,,,,,,,,,--,,,,,,
pda_Cwu0O00,..,,,,,,,,,,..,,,,,,
pda_u04Cu0G,--,,,,,,,,,,--,,,,,,
pda_O4ieuPu,"[i]< Please select the [[Device list]] tab manually.[/i]\n\n[i]... This here helps only, if you have that tab selected before ... [/i]\n[i]It is a fast way to find items in that list. >[/i]",,,,,,,,,,[i]< 请手动选择[[设备列表]]标签页。[/i]\n\n[i]... 只有你之前选中了那个标签页，这个才有帮助... [/i]\n[i]这是在列表中快速找到项目的方法。 >[/i],,,,,,
pda_KSCmWCu,"[i]< To see how much power they generate:[/i]\n[i]Please [c][ffff00]aim at them and press [-][/c] [c][00ff00][ P ][-][/c] , for the Control Panel >[/i]",,,,,,,,,,[i]< 要查看它们产生多少功率：[/i]\n[i]请[c][ffff00]瞄准它们并按[-][/c] [c][00ff00][ P ][-][/c] ，打开控制面板 >[/i],,,,,,
pda_3oiiq4m,"[i]< Please [c][ffff00]turn off the marker[-][/c] with the same switch you used before. >[/i]\n[sub](Solar Panel, Upper right screen, [c][ffffff]turn off 'Show on HUD[-][/c]'  )[/sub]\n\n--\n\n[i]< [c][ffffff]Once done, [-][/c]then please [c][ffff00]switch to the [-][/c][/i][c][ffff00][i][/i][[ Statistics ]] [-][/c][i]tab. >[/i]",,,,,,,,,,[i]< 请[c][ffff00]关闭标记[-][/c]，用你之前使用的同一个开关。 >[/i]\n[sub](太阳能板，右上屏幕，[c][ffffff]关闭“在HUD上显示”[-][/c]  )[/sub]\n\n--\n\n[i]< [c][ffffff]完成后，[-][/c]请[c][ffff00]切换到[-][/c][/i][c][ffff00][i][/i][[ 统计 ]] [-][/c][i]标签页。 >[/i],,,,,,
pda_Cc4G8SK,"[i]< The [c][ffffff]Solar Capacitor[-][/c] will [b]collect and [/b][c][ffffff]store [-][/c]energy from the panels.  [/i][i]- ... Just give it time, and some good sunshine. >[/i]\n\n[i]< But for it to work at all, you [c][ffffff]need always both[-][/c]. [b][/b][/i]\n[i][b]Panels [/b]and [b]Capacitor[/b]. >[/i]",,,,,,,,,,[i]< 那[c][ffffff]太阳能电容器[-][/c]会[b]收集并[/b][c][ffffff]存储[-][/c]来自太阳能板的能量。 [/i][i]- ... 给它一些时间，和一些充足的阳光。 >[/i]\n\n[i]< 但要让它工作，你[c][ffffff]总是需要两者[-][/c]。 [b][/b][/i]\n[i][b]太阳能板[/b]和[b]电容器[/b]。 >[/i],,,,,,
pda_C804qOC,<[i] The [c][ffffff]Solar Panels[-][/c] ... let's check them out? [/i]\n[i]- - Just to make sure that they are at a good spot ... ? >[/i],,,,,,,,,,<[i] 那[c][ffffff]太阳能板[-][/c] ... 我们去看看它们？ [/i]\n[i]- - 只是确保它们位置合适... ？ >[/i],,,,,,
pda_aeuemq4,...,,,,,,,,,,...,,,,,,
pda_uiS8SGK,--,,,,,,,,,,--,,,,,,
pda_S80CCWW,"[i]< Those ''CPU [c][ffffff]Tiers[-][/c]''... Think of - - [/i][i] ''[b]Expansion Stages'[/b]'? >[/i]\n\n[i]< For it to work, you only need the 'latest' one active. >[/i]\n[i]< ... But might be good to have a [b]fallback[/b].. [/i][i]>[/i]\n\n\n[i]---[/i]\n( [b]Close window[/b] when done )[i][/i]",,,,,,,,,,[i]< 那些“CPU[c][ffffff]等级[-][/c]”... 想想-- [/i][i]“[b]扩展阶段[/b]”？ >[/i]\n\n[i]< 要让它工作，你只需要激活“最新”的那个。 >[/i]\n[i]< ... 但有一个[b]备用[/b]可能也不错.. [/i][i]>[/i]\n\n\n[i]---[/i]\n( [b]完成后关闭窗口[/b] )[i][/i],,,,,,
pda_tK880KC,[i]( Close Control Panel )[/i],,,,,,,,,,[i]( 关闭控制面板 )[/i],,,,,,
pda_U8uaOlO,---,,,,,,,,,,---,,,,,,
pda_vaGaW8W,[i]< Such [c][ffffff]Extenders [-][/c]are some of the [b]most valuable blocks[/b] - [/i]\n[i]Especially for bigger structures.... >[/i]\n\n[i]< - [b]Protect [/b]them well. >[/i],,,,,,,,,,[i]< 这样的[c][ffffff]扩展器[-][/c]是一些[b]最有价值的方块[/b] - [/i]\n[i]尤其对于更大的结构.... >[/i]\n\n[i]< - [b]好好保护[/b]它们。 >[/i],,,,,,
pda_4MRm48Q,"Sig - EvilHack - DB door [c][ffffff]breached  [-][/c][i][c][ff8000](offby: CoreKill, ReachSV, worried(s) ) [-][/c][/i][c][ff8000]C_off x2 >ToRw >C_On[-][/c][i][c][ff8000][-][/c][/i]",,,,,,,,,,信号 - EvilHack - DB门 [c][ffffff]被突破  [-][/c][i][c][ff8000](关闭于：核心击杀，触及飞船，担忧者) [-][/c][/i][c][ff8000]C_off x2 >至RW >C_开[-][/c][i][c][ff8000][-][/c][/i],,,,,,
pda_iOWO4GG,[c][ff8080][i]( Message )[/i][-][/c],,,,,,,,,,[c][ff8080][i]( 消息 )[/i][-][/c],,,,,,
pda_WSK0SGq,...,,,,,,,,,,...,,,,,,
pda_8eKaBOS,--,,,,,,,,,,--,,,,,,
pda_OkedS4G,[c][ff8080][b]<<[/b] [-][/c][b][c][c0c0c0]Alien[-][/c] [/b][c][ff8080][c][c0c0c0][c][ffffff][b]Intruder[/b][-][/c][-][/c][-][/c][b] [c][ff8080][c][c0c0c0][b]has breached [/b][-][/c][-][/c]entry doors.[/b] [c][ff8080][b]>>[/b][-][/c]\n\n[c][ff8080][b]<<[/b][-][/c] [c][c0c0c0][b]Suggestion:[/b] [-][/c][c][ff8080][c][c0c0c0][c][ffffff][b]Destroy[/b][-][/c][-][/c][-][/c][b] Intruder.[/b] [c][ff8080][b]>>[/b][-][/c],,,,,,,,,,[c][ff8080][b]<<[/b] [-][/c][b][c][c0c0c0]外星[-][/c] [/b][c][ff8080][c][c0c0c0][c][ffffff][b]入侵者[/b][-][/c][-][/c][-][/c][b] [c][ff8080][c][c0c0c0][b]已突破[/b][-][/c][-][/c]入口大门。[/b] [c][ff8080][b]>>[/b][-][/c]\n\n[c][ff8080][b]<<[/b][-][/c] [c][c0c0c0][b]建议：[/b] [-][/c][c][ff8080][c][c0c0c0][c][ffffff][b]摧毁[/b][-][/c][-][/c][-][/c][b] 入侵者。[/b] [c][ff8080][b]>>[/b][-][/c],,,,,,
pda_LC8KKS0,Sig - EvilHack [c][ffffff]Fanfiction [-][/c]NarrowHall Hacking [i][c][ff8000](offby: CoreKill) [-][/c][/i][c][ff8000]>ToRw x2[-][/c][i][c][ff8000][-][/c][/i],,,,,,,,,,Sig - 邪恶黑客 [c][ffffff]同人小说 [-][/c]窄道黑客入侵 [i][c][ff8000](offby: CoreKill) [-][/c][/i][c][ff8000]>ToRw x2[-][/c][i][c][ff8000][-][/c][/i],,,,,,
pda_e0eSeKG,[c][ff8080][i]( Message )[/i][-][/c],,,,,,,,,,[c][ff8080][i]( 消息 )[/i][-][/c],,,,,,
pda_gqmsA0O,...,,,,,,,,,,...,,,,,,
pda_8auAamC,--,,,,,,,,,,--,,,,,,
pda_qu6S88e,"[c][ff8080][b]<<[/b][-][/c] [c][ffffff]Hidden[-][/c][b][c][c0c0c0] file [-][/c][c][ffffff]""Digging Zascosium""[-][/c] [c][c0c0c0]contains[-][/c] [c][ffffff]errorneous[-][/c][/b][c][c0c0c0][b] data[/b].[-][/c] [c][ff8080][b]>>[/b][-][/c]",,,,,,,,,,"[c][ff8080][b]<<[/b][-][/c] [c][ffffff]隐藏[-][/c][b][c][c0c0c0]文件[-][/c][c][ffffff]""挖掘铡""[-][/c] [c][c0c0c0]包含[-][/c] [c][ffffff]错误[-][/c][/b][c][c0c0c0][b]数据[/b].[-][/c] [c][ff8080][b]>>[/b][-][/c]",,,,,,
pda_O8eaeme,[c][ff8080][i]( Message )[/i][-][/c],,,,,,,,,,[c][ff8080][i]( 消息 )[/i][-][/c],,,,,,
pda_mei4Wqq,...,,,,,,,,,,...,,,,,,
pda_Ge4qah4,--,,,,,,,,,,--,,,,,,
pda_C800kOC,[c][ff8080][b]<<[/b][-][/c] [c][c0c0c0][b]'[c][ffffff]Zascosium[-][/c]' is not [/b][c][ffffff]'cool'[-][/c].[-][/c] [c][ff8080][b]>>[/b][-][/c]\n[c][ff8080][b]<<[/b][-][/c] [b][c][c0c0c0]Zascosium cannot [-][/c][/b][c][ffffff]speak[-][/c][b][c][c0c0c0].[-][/c][/b] [c][ff8080][b]>>[/b][-][/c]\n[c][ff8080][b]<<[/b][-][/c] [b][c][c0c0c0]Drilling Ore does NOT require complex[-][/c][/b] [c][ffffff]social interaction and responsibility[-][/c][b][c][c0c0c0].[-][/c][/b] [c][ff8080][b]>>[/b][-][/c]\n\n[c][ff8080][b]<<[/b][-][/c] - [b][c][ffffff][b]Deleting[/b] [-][/c][c][c0c0c0]file structure.[-][/c][/b] [c][ff8080][b]>>[/b][-][/c],,,,,,,,,,[c][ff8080][b]<<[/b][-][/c] [c][c0c0c0][b]'[c][ffffff]铡[-][/c]'不是[/b][c][ffffff]'酷'[-][/c].[-][/c] [c][ff8080][b]>>[/b][-][/c]\n[c][ff8080][b]<<[/b][-][/c] [b][c][c0c0c0]铡不能[-][/c][/b][c][ffffff]说话[-][/c][b][c][c0c0c0].[-][/c][/b] [c][ff8080][b]>>[/b][-][/c]\n[c][ff8080][b]<<[/b][-][/c] 钻取矿石并不需要复杂的[b][c][c0c0c0] [-][/c]社交互动和责任[/b][c][ffffff][-][/c][b][c][c0c0c0].[-][/c][/b] [c][ff8080][b]>>[/b][-][/c]\n\n[c][ff8080][b]<<[/b][-][/c] - [b][c][ffffff][b]正在删除[/b] [-][/c][c][c0c0c0]文件结构。[-][/c][/b] [c][ff8080][b]>>[/b][-][/c],,,,,,
pda_pqGWZKq,[i]< I hate you so much .... >[/i],,,,,,,,,,[i]< 我太讨厌你了 .... >[/i],,,,,,
pda_0Lq0ewG,[c][ff8080][b]<<[/b][-][/c] [c][ff8080][c][c0c0c0][b][c][ffffff]Stopping[-][/c][/b][-][/c][-][/c] [c][ff8080][c][c0c0c0]'breach_module' after 150k attempts[-][/c][-][/c][c][ff8080][c][c0c0c0].[-][/c][-][/c] [c][ff8080][b]>>[/b][-][/c],,,,,,,,,,[c][ff8080][b]<<[/b][-][/c] [c][ff8080][c][c0c0c0][b][c][ffffff]在15万次尝试后[-][/c][/b][-][/c][-][/c] [c][ff8080][c][c0c0c0]停止'breach_module'[-][/c][-][/c][c][ff8080][c][c0c0c0].[-][/c][-][/c] [c][ff8080][b]>>[/b][-][/c],,,,,,
pda_MauC4Wm,...,,,,,,,,,,...,,,,,,
pda_maaiqSC,...,,,,,,,,,,...,,,,,,
pda_m08Wuki,--,,,,,,,,,,--,,,,,,
pda_ViiK0GY,[c][ff8080][b]<<[/b][-][/c] [c][ff8080][c][c0c0c0][b][c][ffffff]Kill Switch[-][/c][/b][-][/c][-][/c] [c][ff8080][c][c0c0c0]not found[-][/c][-][/c][c][ff8080][c][c0c0c0].[-][/c][-][/c] [c][ff8080][b]>>[/b][-][/c]\n[i][/i]\n[c][ff8080][b]<<[/b][-][/c] [c][c0c0c0][c][ffffff][b]Accessing[/b][-][/c][-][/c] [c][c0c0c0][c][ffffff]backdoor[-][/c].[-][/c] [c][ff8080][b]>>[/b][-][/c],,,,,,,,,,[c][ff8080][b]<<[/b][-][/c] [c][ff8080][c][c0c0c0][b][c][ffffff]终止开关[-][/c][/b][-][/c][-][/c] [c][ff8080][c][c0c0c0]未找到[-][/c][-][/c][c][ff8080][c][c0c0c0].[-][/c][-][/c] [c][ff8080][b]>>[/b][-][/c]\n[i][/i]\n[c][ff8080][b]<<[/b][-][/c] [c][c0c0c0][c][ffffff][b]正在访问[/b][-][/c][-][/c] [c][c0c0c0][c][ffffff]后门[-][/c].[-][/c] [c][ff8080][b]>>[/b][-][/c],,,,,,
pda_G08eKqC,"[i]< ... Hah, what is this, [c][ffffff]brute force[-][/c] ? >[/i]\n[i][/i]\n[i]< Which millennium are you [b]made [/b]in ?![/i]\n[i][c][ffffff]Hacking [-][/c]is- >[/i]",,,,,,,,,,[i]< ... 哈，这是什么，[c][ffffff]暴力破解[-][/c]？ >[/i]\n[i][/i]\n[i]< 你是哪个世纪[b]制造[/b]的？！[/i]\n[i][c][ffffff]黑客行为[-][/c]是- >[/i],,,,,,
pda_4WC8ama,[i]< W- ?! > [/i][c][c0c0c0]chirp[-][/c],,,,,,,,,,[i]< 什- ?! > [/i][c][c0c0c0]鸣叫[-][/c],,,,,,
pda_meSGCOm,_________ [i](Checking progress for Copper Mine)[/i],,,,,,,,,,_________ [i](检查铜矿进度)[/i],,,,,,
pda_SOS1Sgi,--,,,,,,,,,,--,,,,,,
pda_WOWa4ui,--,,,,,,,,,,--,,,,,,
pda_iKm0Gmq,--,,,,,,,,,,--,,,,,,
pda_8GaGKO1,[i]( Power source ? )[/i],,,,,,,,,,[i]( 电源？ )[/i],,,,,,
pda_4GSWmC8,[c][ffff00]Get closer to 'Weak signal'[-][/c]\n[i][sup][c][c0c0c0](Check Map[-][/c] [c][00ff00][M][-][/c] [c][c0c0c0]if not nearby)[-][/c][/sup][/i],,,,,,,,,,[c][ffff00]靠近'弱信号'[-][/c]\n[i][sup][c][c0c0c0](如果不在附近，查看地图[-][/c] [c][00ff00][M][-][/c] [c][c0c0c0])[-][/c][/sup][/i],,,,,,
pda_4i0WK4m,--,,,,,,,,,,--,,,,,,
pda_SWiimXh,"You just [u]found a [c][ffffff]""POI""[-][/c][/u]:\n\n""Point of interest""\n\n( ... Places like these offer [c][ffffff]adventure, challenges, loot[-][/c] ... )",,,,,,,,,,"你刚刚[u]发现了一个[c][ffffff]""兴趣点""[-][/c][/u]：\n\n""兴趣点""\n\n( ... 像这样的地方提供[c][ffffff]冒险、挑战、战利品[-][/c] ... )",,,,,,
pda_WRuGaCG,Take 'First Aid Kit' from loot palette,,,,,,,,,,从战利品面板中取出'急救包',,,,,,
pda_aq40umi,--,,,,,,,,,,--,,,,,,
pda_OaeGOeK,Check for O[sub]2[/sub] leak,,,,,,,,,,检查O[sub]2[/sub]泄漏,,,,,,
pda_uWiE4qc,- Select [b][c][ffffff][[[-][/c][/b][c][00ff00]Debug[-][/c][c][ffffff][b]]][/b][-][/c] [c][ffffff]tab.[-][/c],,,,,,,,,,- 选择 [b][c][ffffff][[[-][/c][/b][c][00ff00]调试[-][/c][c][ffffff][b]]][/b][-][/c] [c][ffffff]标签。[-][/c],,,,,,
pda_CmquW3m,- Press [c][00ff00][N][-][/c] for [c][ffffff]Building [-][/c]menu.,,,,,,,,,,- 按 [c][00ff00][N][-][/c] 打开[c][ffffff]建造[-][/c]菜单。,,,,,,
pda_0lU0OO4,--,,,,,,,,,,--,,,,,,
pda_4u498wg,Switch to the  [c][ffff00][[Debug ]][-][/c] tab.\n[sup][i](Upper right corner)[/i][/sup],,,,,,,,,,切换到 [c][ffff00][[调试]][-][/c] 标签。\n[sup][i](右上角)[/i][/sup],,,,,,
pda_s8SK8iq,\n\n\n\n\n\n\n\n\n\n \n\n- Select '[c][00ff00]Show Oxygen[-][/c]' checkbox\n[i][c][c0c0c0][sup](no notification for that)[/sup][-][/c][/i],,,,,,,,,,\n\n\n\n\n\n\n\n\n\n \n\n- 选择 '[c][00ff00]显示氧气[-][/c]' 复选框\n[i][c][c0c0c0][sup](没有通知)[/sup][-][/c][/i],,,,,,
pda_a4gBr4a,---,,,,,,,,,,---,,,,,,
pda_SnimKei,"- Click [c][ffffff]checkbox[-][/c]: '[c][ffff00]Show Oxygen[-][/c]'\n\n- Then [c][00ff00][N][-][/c] , to be able to move again.",,,,,,,,,,- 点击[c][ffffff]复选框[-][/c]： '[c][ffff00]显示氧气[-][/c]'\n\n- 然后[c][00ff00][N][-][/c]，才能再次移动。,,,,,,
pda_WuGhuOK,--,,,,,,,,,,--,,,,,,
pda_mGqGWiK,"[c][ff8080]LightRed:[-][/c] [i]One-time-only checks, cannot be repeated[/i]",,,,,,,,,,[c][ff8080]浅红色：[-][/c] [i]仅限一次检查，不能重复[/i],,,,,,
pda_meWmWGi,--,,,,,,,,,,--,,,,,,
pda_iOWmSmG,--,,,,,,,,,,--,,,,,,
pda_8m0p4Cq,--,,,,,,,,,,--,,,,,,
pda_im0uhaC,...,,,,,,,,,,...,,,,,,
pda_GqOuakW,"[c][ffff80]Unlock the[-][/c] ""[c][ffff00]Portable Constructor[-][/c]"":\n\n- Above, [c][ffffff]select [-][/c]the[c][ffffff] [c][ffff00][[ Misc ]] [c][ffffff]Tab[-][/c][-][/c][-][/c].\n- Then scroll a bit down;  it is to the left side.",,,,,,,,,,"[c][ffff80]解锁[-][/c] ""[c][ffff00]便携式建造机[-][/c]""：\n\n- 上方，[c][ffffff]选择[-][/c][c][ffffff] [c][ffff00][[ 杂项 ]] [c][ffffff]标签页[-][/c][-][/c][-][/c]。\n- 然后向下滚动一点；它在左侧。",,,,,,
pda_GWdcgae,---,,,,,,,,,,---,,,,,,
pda_aWDEuaG,"<[i] You crafted a [b]Component[/b]... \nThat is only a [b]part[/b]. >[/i]\n\n[i]< For things of use, [c][ffff80]switch to the [-][/c][c][ffffff]Devices [-][/c]or [c][ffffff]Weapons[-][/c] [c][ffff80]categories. [-][/c]\n... See the [b]small symbols[/b] above the Templates. >[/i]",,,,,,,,,,<[i] 你制作了一个[b]组件[/b]... \n那只是[b]零件[/b]。 >[/i]\n\n[i]< 要制作有用的东西，[c][ffff80]切换到[-][/c][c][ffffff]装置 [-][/c]或 [c][ffffff]武器[-][/c] [c][ffff80]类别。 [-][/c]\n... 看看模板上方的[b]小符号[/b]。 >[/i],,,,,,
pda_KpCm4ua,"[i]< You crafted a [c][ffffff]Hoverbike Kit.[-][/c] This is just a component. >[/i]\n\n[i]< Switch to the [c][ffff00]'Devices' filter[-][/c] [c][ffff00]tab,[-][/c] to craft the full Bike out of it.[/i]\n[i] (top left template, then) > [/i]",,,,,,,,,,[i]< 你制作了一个[c][ffffff]悬浮摩托套件。[-][/c] 这只是一个组件。 >[/i]\n\n[i]< 切换到[c][ffff00]'装置'筛选[-][/c] [c][ffff00]标签，[-][/c]来制作完整的摩托。[/i]\n[i] (左上角模板，然后) > [/i],,,,,,
pda_CSe8nEi,"[c][0080ff]nUnit[-][/c] - Guid-Spider[c][ffffff]Noise[-][/c]s  [i][c][ff8000](OffBy:DefenseMde [-][/c][/i][c][ff8000][i] PCCrafts, SmallSpider[/i][i] )[/i][-][/c]",,,,,,,,,,"[c][0080ff]nUnit[-][/c] - Guid-蜘蛛[c][ffffff]噪音[-][/c]s  [i][c][ff8000](OffBy:DefenseMde [-][/c][/i][c][ff8000][i] PCCrafts, SmallSpider[/i][i] )[/i][-][/c]",,,,,,
pda_0WiGCKo,...,,,,,,,,,,...,,,,,,
pda_am4GKqK,...,,,,,,,,,,...,,,,,,
pda_ieuiGCc,--,,,,,,,,,,--,,,,,,
pda_OCOW4OC,"[c][0080ff]nPOI[-][/c] - Guid- rw-Spider[c][ffffff]Movement[-][/c] RwBy:   [i][c][ff8000](OffBy: DefenseMode, PCCrafts, SmallSpider)[-][/c][/i]",,,,,,,,,,"[c][0080ff]nPOI[-][/c] - Guid- rw-蜘蛛[c][ffffff]移动[-][/c] RwBy:   [i][c][ff8000](OffBy: DefenseMode, PCCrafts, SmallSpider)[-][/c][/i]",,,,,,
pda_KW4CmEK,...,,,,,,,,,,...,,,,,,
pda_QGWS0Km,...,,,,,,,,,,...,,,,,,
pda_q4u0COe,--,,,,,,,,,,--,,,,,,
pda_qiOOO8W,... Hover your mouse over the [c][ffffff]small [-][/c][c][ffff00]filter icons[-][/c][c][ffffff] above[-][/c] the list. >>\n                                                              [c][c0c0c0][sup][i](close this text window first)[/i][/sup][-][/c]\n\n                                                  Left row:                                Right row:\n                                                 Template types        Sort by structure\n\n                                                  Below that:\n                                                  Crafting Templates.\n\n\n\n\n\n\n\n\n\n\n\n\n\n\n\n\n\n\n\n\n[c][000040]-[-][/c],,,,,,,,,,... 将鼠标悬停在列表上方的 [c][ffffff]小型 [-][/c][c][ffff00]筛选图标[-][/c][c][ffffff] 上。 >>\n                                                              [c][c0c0c0][sup][i]（请先关闭此文本窗口）[/i][/sup][-][/c]\n\n                                                  左侧行：                                右侧行：\n                                                 模板类型         按建筑结构排序\n\n                                                  下方：\n                                                  制作模板。\n\n\n\n\n\n\n\n\n\n\n\n\n\n\n\n\n\n\n\n\n[c][000040]-[-][/c][-][/c],,,,,,
pda_KO40u0q,"[i]< Okay, food source secured... ! >[/i]\n\n[i]< Now, this is  ... also important - [/i]\n[i]You need [c][ffffff]resources [-][/c]for better gear. >[/i]",,,,,,,,,,[i]< 好的，食物来源搞定了... ! >[/i]\n\n[i]< 现在，这也很重要 - [/i]\n[i]你需要[c][ffffff]资源 [-][/c]来制造更好的装备。 >[/i],,,,,,
pda_uaWimSi,Crft - Crafted PC &[c][ffffff] terrain place[-][/c]- [c][ff8000][i](OffBy: UsedConsole) [/i][-][/c]>C_Off,,,,,,,,,,Crft - 制作了PC &[c][ffffff]地面放置[-][/c]- [c][ff8000][i](OffBy: UsedConsole) [/i][-][/c]>C_Off,,,,,,
pda_8S6K8u8,Crafting done,,,,,,,,,,制作完成,,,,,,
pda_C0S44Cq,In your Inventory [c][00ff00][Tab][-][/c] ...[c][00ff00][-][/c],,,,,,,,,,在你的物品栏中 [c][00ff00][Tab][-][/c] ...[c][00ff00][-][/c],,,,,,
pda_uOOqeWq,--,,,,,,,,,,--,,,,,,
pda_0m80ui2,...,,,,,,,,,,...,,,,,,
pda_SGGaqaq,--,,,,,,,,,,--,,,,,,
pda_GAKiqma,[i]< Please [c][ffffff]select the Tab[-][/c] [/i] [c][ffff00][[ Survival Constructor ]][-][/c][i] at upper right screen. >[/i],,,,,,,,,,[i]< 请在屏幕右上角[c][ffffff]选择[-][/c] [/i] [c][ffff00][[ 生存建造机 ]][-][/c][i]标签。 >[/i],,,,,,
pda_OIeWmOa,"[i]< The constructor is ready! >[/i]\n[i][/i]\n[i]< ... Put it [c][ffff80]into your toolbar,[-][/c] and [c][ffff80]select[-][/c] it. >[/i]",,,,,,,,,,[i]< 建造机准备好了！ >[/i]\n[i][/i]\n[i]< ... 把它放到[c][ffff80]工具栏中，[-][/c]然后[c][ffff80]选中[-][/c]它。 >[/i],,,,,,
pda_8WG0G8W,"- Take [c][ffffff][b]Portable Constructor[/b] [-][/c]from [b]Output[/b] slot.\n - Put in [c][ffffff]Toolbar[-][/c], and [c][ffffff]select it[-][/c]",,,,,,,,,,- 从[c][ffffff][b]输出[/b][-][/c]槽中取出[b]便携建造机[/b]。\n - 放入[c][ffffff]工具栏[-][/c]，并[c][ffffff]选中它[-][/c],,,,,,
pda_0eGeWOk,---,,,,,,,,,,---,,,,,,
pda_4eG6mS8,"< Select it, and[c][ffffff] aim[-][/c][c][ffffff] at ground >[-][/c][i][/i]\n[sup][i](outside of a structure)[/i][/sup]\n[c][00ff00][-][/c]\n[i]< [c][00ff00][-][/c][/i][c][00ff00][LMB] [-][/c][i][c][00ff00][-][/c]to place. >[/i]",,,,,,,,,,< 选择它，然后[c][ffffff]瞄准[-][/c][c][ffffff]地面 >[-][/c][i][/i]\n[sup][i](在结构物外面)[/i][/sup]\n[c][00ff00][-][/c]\n[i]< [c][00ff00][-][/c][/i][c][00ff00][LMB] [-][/c][i][c][00ff00][-][/c]来放置。 >[/i],,,,,,
pda_Kmum40S,- Place on [c][ffffff][b]Soil[/b][-][/c] [c][00ff00][LMB][-][/c],,,,,,,,,,- 放置在[c][ffffff][b]土壤[/b][-][/c] [c][00ff00][LMB][-][/c],,,,,,
pda_884SWmi,---,,,,,,,,,,---,,,,,,
pda_maNEqqe,Crafting done,,,,,,,,,,制作完成,,,,,,
pda_kWiuiWa,...,,,,,,,,,,...,,,,,,
pda_G8qS88G,--,,,,,,,,,,--,,,,,,
pda_ua8G4Cu,"Note: [u][c][ffffff]Crafting times [-][/c][/u]\n\nIn the main game, you \ncan adjust these in the \n[b]difficulty settings.[/b]",,,,,,,,,,注意: [u][c][ffffff]制作时间[-][/c][/u]\n\n在主游戏中，你可以\n在[b]难度设置[/b]中调整这些。,,,,,,
pda_0G8m4CG,"[i]< This is a [c][ffffff]""terrain placeble"" [-][/c]device.\n... They only work at [b]outsides[/b]. >[/i]\n[i][/i]\n[i]< [c][ffff00]Access it [-][/c]with [/i][c][00ff00][ F ][-][/c][i] ... >[/i]",,,,,,,,,,"[i]< 这是一个[c][ffffff]""地面放置""[-][/c]装置。\n... 它们只能在[b]室外[/b]工作。 >[/i]\n[i][/i]\n[i]< [c][ffff00]按[-][/c] [ F ] [/i][c][00ff00]访问它[-][/c][i] ... >[/i]",,,,,,
pda_0CumGmi,...,,,,,,,,,,...,,,,,,
pda_mqGOeem,--,,,,,,,,,,--,,,,,,
pda_K0uZai8,[u][c][ffffff]Overview[-][/c][/u]: \n\n[sup]<- [i]Left[/i][/sup]                                                  [i][sup]Middle[/sup][/i]                                       [sup][i]Right[/i] ->[/sup]\n [c][ffffff]Select container[-][/c]                        [b]Crafting queue[/b]                       [b]Templates[/b]\nfor resources &                                                                                              \nproducts,,,,,,,,,,[u][c][ffffff]概述[-][/c][/u]: \n\n[sup]<- [i]左[/i][/sup]                                                  [i][sup]中[/sup][/i]                                       [sup][i]右[/i] ->[/sup]\n [c][ffffff]选择容器[-][/c]                        [b]建造队列[/b]                       [b]模板[/b]\n用于资源 &                                                                                              \n产物,,,,,,
pda_wOmaM0a,[c][0080ff]Mrk[-][/c] - rw - Detector [c][ffffff]loot[-][/c] [c][ff8000][i](RwByT: PCCrafts)  (OffBy: UseRadar)[/i][-][/c],,,,,,,,,,[c][0080ff]Mrk[-][/c] - rw - 探测器 [c][ffffff]搜刮[-][/c] [c][ff8000][i](RwByT: PCCrafts)  (OffBy: UseRadar)[/i][-][/c],,,,,,
pda_Gu8a4a0,...,,,,,,,,,,...,,,,,,
pda_Gm0OaQC,...,,,,,,,,,,...,,,,,,
pda_K0IWme0,--,,,,,,,,,,--,,,,,,
pda_mmCiSum,...,,,,,,,,,,...,,,,,,
pda_04gwcKu,...,,,,,,,,,,...,,,,,,
pda_88oWCSO,--,,,,,,,,,,--,,,,,,
pda_Kam6q8q,...,,,,,,,,,,...,,,,,,
pda_a8QuCiS,--,,,,,,,,,,--,,,,,,
pda_GSSWmq0,[c][ffffff]BlkPlc[-][/c] - [c][80ffff]CalSig10[-][/c] [c][ffffff]CPU[-][/c] Explain new,,,,,,,,,,[c][ffffff]BlkPlc[-][/c] - [c][80ffff]CalSig10[-][/c] [c][ffffff]CPU[-][/c] 解释新内容,,,,,,
pda_qa8qSjh,[i]( Zirax base location ? )[/i],,,,,,,,,,[i]( 兹瑞克斯基地位置？ )[/i],,,,,,
pda_awWqK4C,...,,,,,,,,,,...,,,,,,
pda_4qe4WO8,--,,,,,,,,,,--,,,,,,
pda_4QGkWmi,[i]< They must be over the ocean. [/i]\n[i]- On the [c][ffffff]northern isle[-][/c]. >[/i]\n\n[i]<  ... but still no good [b]way to get there[/b] ... >[/i],,,,,,,,,,[i]< 它们应该在海洋对面。[/i]\n[i]- 在[c][ffffff]北边的岛屿[-][/c]上。 >[/i]\n\n[i]< ... 但还是没有合适的[b]办法到那里[/b] ... >[/i],,,,,,
pda_GG8OYWW,...,,,,,,,,,,...,,,,,,
pda_KG8GW0m,--,,,,,,,,,,--,,,,,,
pda_OKAuCwa,[i](Please close Drone inventory again)[/i],,,,,,,,,,[i](请再次关闭无人机物品栏)[/i],,,,,,
pda_0KGaaO0,--,,,,,,,,,,--,,,,,,
pda_SidOW48,...,,,,,,,,,,...,,,,,,
pda_4aeKeG4,--,,,,,,,,,,--,,,,,,
pda_eC8uWKe,"[i]< Lucky us. That was just a [b]wildlife monitor.  [/b]>[/i]\n\n[i]< Usually, these have [c][ffffff]guns[-][/c]... [/i][i]>[/i]\n[i][/i]\n[i]< - Please, [c][ffff00]loot it.[-][/c] [/i][i]>[/i]",,,,,,,,,,[i]< 幸运的是，那只是个[b]野生动物监测器。[/b]>[/i]\n\n[i]< 通常，这些装置会配备[c][ffffff]武器[-][/c]... [/i][i]>[/i]\n[i][/i]\n[i]< - 拜托，[c][ffff00]搜刮它吧。[-][/c] [/i][i]>[/i],,,,,,
pda_auImCka,"[i]< Okay! ... [c][ffffff]Resources[-][/c] for the Factory ...[/i]\n[i]Ideally, something that[/i][i] shortens the construction time ... >[/i]\n[i][/i]\n[i]< One moment - - >[/i]",,,,,,,,,,[i]< 好的！... [c][ffffff]资源[-][/c]用于工厂...[/i]\n[i]理想情况下，需要一些能[/i][i]缩短建造时间的东西... >[/i]\n[i][/i]\n[i]< 稍等 - - >[/i],,,,,,
pda_OmCq8CW,"[i]< The [c][ffffff]bare minimum[-][/c], what an [c][ffffff]Hover Vessel [-][/c]needs to function. [/i]\n[i][/i]\n[i]< This does [b]not [/b]mean, it will work well...  >[/i]\n[i]Steering that thing could be a nightmare ... >[/i]",,,,,,,,,,[i]< [c][ffffff]最低要求[-][/c]，一架[c][ffffff]悬浮飞船[-][/c]运作所需。 [/i]\n[i][/i]\n[i]< 这并[b]不[/b]意味着它会运行得很好... >[/i]\n[i]操控那东西可能是个噩梦... >[/i],,,,,,
pda_mm0O0OG,"[i]< [c][ffffff]Hover Engines[-][/c] ... Extremely powerful and fuel efficient.[/i]\n[i]They also can go higher than a Ground Repulsor. >[/i]\n[i][/i]\n[i]< But to use them, you need other means of propulsion and steering. >[/i]",,,,,,,,,,[i]< [c][ffffff]悬浮引擎[-][/c]... 极其强大且燃料高效。[/i]\n[i]它们还能比地面排斥器飞得更高。 >[/i]\n[i][/i]\n[i]< 但要使用它们，你需要其他推进和转向方式。 >[/i],,,,,,
pda_CCKWOW8,"[i]< [c][ffffff]Ground repulsors[-][/c] are as compact as it gets. [/i]\n[i]Can turn, hover, move... - They are just a bit weak. >[/i]\n[i][/i]\n[i]< Still, good to build [b]Hoverbikes[/b] with. >[/i]",,,,,,,,,,[i]< [c][ffffff]地面排斥器[-][/c]已经是最紧凑的了。[/i]\n[i]能转向、悬浮、移动... - 只是有点弱。 >[/i]\n[i][/i]\n[i]< 不过，用来建造[b]悬浮摩托[/b]倒是不错。 >[/i],,,,,,
pda_OSGmWeO,"[i]< The [c][ffffff]location [-][/c]of those [b]hover[/b] engines[b][/b]... >[/i]\n[i][/i]\n[i][/i]\n[i]< It does a great deal for [c][ffffff]stability[-][/c].  - - Or, Not. >[/i]",,,,,,,,,,[i]< 那些[c][ffffff]悬浮引擎[-][/c]的[b]位置[/b][b][/b]... >[/i]\n[i][/i]\n[i][/i]\n[i]< 对[c][ffffff]稳定性[-][/c]有很大影响。 - - 或者，不是。 >[/i],,,,,,
pda_mmSSm8S,"[u][c][ffffff]Vessel turn rate[-][/c][/u][c][ffffff]:[-][/c][u][c][ffffff][-][/c][/u]\n[i](=Torque)[/i]\n... Depends on the [c][ffffff]Thruster's locations[-][/c][b]. [/b]The [b]further out[/b], the better. \n\nAlternatively, use [b]RCS [/b]blocks. [i](But, those need a lot of CPU)[/i]",,,,,,,,,,[u][c][ffffff]飞船转向率[-][/c][/u][c][ffffff]:[-][/c][u][c][ffffff][-][/c][/u]\n[i](=扭矩)[/i]\n...取决于[c][ffffff]推进器的位置[-][/c][b]。[/b]推进器安装得[b]越靠外[/b]，效果越好。\n\n或者，可以使用[b]RCS [/b]方块。[i](但需大量CPU使用率)[/i],,,,,,
pda_SGq4Ks8,"[i]< These modular [c][ffffff]Container Controller [-][/c]types ... [/i]\n[i]They are [b]needed[/b], for the other devices to work. >[/i]\n\n[i]< To store collected resources... [/i]\n[i]Or to teleport new ammo to the weapons. >[/i]",,,,,,,,,,[i]< 这些模块化[c][ffffff]容器控制器[-][/c]类型... [/i]\n[i]它们是其他设备工作所[b]必需[/b]的。 >[/i]\n\n[i]< 用于储存收集的资源... [/i]\n[i]或者将新弹药传送到武器。 >[/i],,,,,,
pda_maZa2i4,[i]- Check fuel cargo palette (Marker)[/i],,,,,,,,,,[i]- 检查燃料货物托盘 (标记)[/i],,,,,,
pda_uf4SOCi,--,,,,,,,,,,--,,,,,,
pda_ghOCCiK,[i]- Collect fuel[/i],,,,,,,,,,[i]- 收集燃料[/i],,,,,,
pda_WeCiaCG,--,,,,,,,,,,--,,,,,,
pda_C8G8imm,- Power off/on Hover:\n[c][00ff00][Z][-][/c] key ( or [Y] ),,,,,,,,,,- 开启/关闭悬浮：\n[c][00ff00][Z][-][/c] 键 ( 或 [Y] ),,,,,,
pda_A8sSSWG,--,,,,,,,,,,--,,,,,,
pda_84amaKi,- Sit in your HV's cockpit,,,,,,,,,,- 坐在悬浮飞船驾驶舱内,,,,,,
pda_C4aqWS8,---,,,,,,,,,,---,,,,,,
pda_4iaWC4W,[sup][i]- Close drone view[/i] [c][00ff00][ F5 ][-][/c][/sup],,,,,,,,,,[sup][i]- 关闭无人机视角[/i] [c][00ff00][ F5 ][-][/c][/sup],,,,,,
pda_8Amu8CS,--,,,,,,,,,,--,,,,,,
pda_eeaKuaG,- Distract Sentry with Tool Drone [c][00ff00][ F5 ][-][/c],,,,,,,,,,- 用工具无人机吸引哨兵火力 [c][00ff00][ F5 ][-][/c],,,,,,
pda_uSGmSSG,---,,,,,,,,,,---,,,,,,
pda_g849aKQ,[i]< There is an [c][ffffff][c][ffff00]opening[-][/c] [-][/c]in the building's [c][ffff00]roof [-][/c]...  >[/i]\n\n[i]< Try to [c][ffffff]get behind[-][/c][b][/b] it... ? >[/i],,,,,,,,,,[i]< 建筑[c][ffff00]屋顶[-][/c]有一个[c][ffffff][c][ffff00]开口[-][/c] [-][/c]... >[/i]\n\n[i]< 尝试[c][ffffff]绕到它后面[-][/c][b][/b]...？>[/i],,,,,,
pda_iqSGACu,Destroy all turrets,,,,,,,,,,摧毁所有炮塔,,,,,,
pda_6Sm4fY8,...,,,,,,,,,,...,,,,,,
pda_netCGqW,--,,,,,,,,,,--,,,,,,
pda_8GuO0CG,...,,,,,,,,,,...,,,,,,
pda_ame8amG,--,,,,,,,,,,--,,,,,,
pda_WecOa8I,[i]< Please select the[/i]  [c][ffff00][[ Main ]][-][/c] [i]tab. >[/i],,,,,,,,,,[i]< 请选择[/i] [c][ffff00][[ 主 ]][-][/c] [i]选项卡。>[/i],,,,,,
pda_KemmSmX,_________ [i](Artillery) & mission stuff[/i],,,,,,,,,,_________ [i](火炮) & 任务相关[/i],,,,,,
pda_OC08feu,--,,,,,,,,,,--,,,,,,
pda_8GC8KUa,--,,,,,,,,,,--,,,,,,
pda_KaD0OCS,--,,,,,,,,,,--,,,,,,
pda_6WC0ioe,[c][0080ff]Mrk[-][/c] - [c][ff8080]N[-][/c] - [c][ffffff]ArtyGuid[-][/c]e norm [c][ff8000][i](RwByT: CloneH)[/i] [i](OffBy: ArtyDiscover & ArtyEarly)[/i][-][/c],,,,,,,,,,[c][0080ff]Mrk[-][/c] - [c][ff8080]N[-][/c] - [c][ffffff]炮兵指南[-][/c]e norm [c][ff8000][i](读取: CloneH)[/i] [i](禁用: ArtyDiscover & ArtyEarly)[/i][-][/c],,,,,,
pda_q4i8mGe,...,,,,,,,,,,...,,,,,,
pda_K0ma4K0,...,,,,,,,,,,...,,,,,,
pda_W0WeW40,--,,,,,,,,,,--,,,,,,
pda_e0ASKme,...,,,,,,,,,,...,,,,,,
pda_W4e4Cql,---,,,,,,,,,,---,,,,,,
pda_GQ3uOa0,...,,,,,,,,,,...,,,,,,
pda_apO8GCC,--,,,,,,,,,,--,,,,,,
pda_mOOiuG0,[c][0080ff]nUnit[-][/c] - [c][ffffff]MainData[-][/c]Repository [i][c][ff8000](OnBy:EHPlDead2&Freakout) [-][/c][/i] [i][c][ff8000](OffBy: DBCoreKill)[-][/c][/i],,,,,,,,,,[c][0080ff]nUnit[-][/c] - [c][ffffff]主数据[-][/c]存储库 [i][c][ff8000](启用:EHPlDead2&Freakout) [-][/c][/i] [i][c][ff8000](禁用: DBCoreKill)[-][/c][/i],,,,,,
pda_4CC0aoe,...,,,,,,,,,,...,,,,,,
pda_iWqG8Gu,...,,,,,,,,,,...,,,,,,
pda_CGa9KSS,--,,,,,,,,,,--,,,,,,
pda_WKeKaWS,"[i]< A [b]tank[/b]. - - More like a mobile base, for quick [c][ffffff]revival[-][/c]. [/i]\n[i]The Clone Chamber is included... >[/i]",,,,,,,,,,[i]< 一个[b]坦克[/b]。 - - 更像一个移动基地，用于快速[c][ffffff]复活[-][/c]。[/i]\n[i]包含克隆室... >[/i],,,,,,
pda_umWGeqO,[i]< A wonderful vessel ... for [b]drilling ore deposits[/b] .... [/i][i] >[/i],,,,,,,,,,[i]< 一艘不错的飞船... 用于[b]钻探矿藏[/b].... [/i][i] >[/i],,,,,,
pda_OuKqWme,...,,,,,,,,,,...,,,,,,
pda_auiuSeu,...,,,,,,,,,,...,,,,,,
pda_IWGa88G,--,,,,,,,,,,--,,,,,,
pda_O8e4iCO,"[i]<  ... These fighter jets are actually [c][ffffff]Space Vessels[-][/c], too .[/i]\n[i] - But it won't help.[/i][i] - No warp drive.[/i]\n[i]- And even if they [/i]had [i]one, their reach would be very limited. >[/i]\n[i][/i]\n[i]< ... Just the[c][ffffff] vessel in the[-][/c] [c][ffff00]Drone Base[-][/c] should get us out of this system. >[/i]",,,,,,,,,,[i]< ... 这些战斗机实际上也是[c][ffffff]太空飞船[-][/c]。[/i]\n[i] - 但那也无济于事。[/i][i] - 没有翘曲引擎。[/i]\n[i]- 即使有，它们的航程也非常有限。>[/i]\n[i][/i]\n[i]< ... 仅靠[c][ffffff]飞船[-][/c]在[c][ffff00]无人机基地[-][/c]里，应该能带我们离开这个星系。>[/i],,,,,,
pda_meO8uqG,"[i]< [c][ffffff]Small Vessels,[-][/c] or '[c][ffffff]SV[-][/c]'. [/i]\n[i]Scouts and strike craft. >[/i]\n[i][/i]\n[i]<  - Very brittle, even with shields. [/i]\n[i]... Need to hit it hard, and [b]fast [/b]... >[/i]",,,,,,,,,,[i]< [c][ffffff]小型飞船，[-][/c]或 '[c][ffffff]SV[-][/c]'。[/i]\n[i]侦察与打击舰。>[/i]\n[i][/i]\n[i]<  - 即使有护盾也非常脆弱。[/i]\n[i]... 需要重击，而且必须[b]快[/b]... >[/i],,,,,,
pda_2OWSeau,"[c][0080ff](nPOI)[-][/c] - [c][ffffff]ReachDB[-][/c] [c][0080ff]Task[-][/c]list  [i][c][ff8000](OnByT: HackMsg1, NestCatchall) [-][/c][/i][c][ff8000]>C_On x4 >C_off >ToRw [b]Unlocks[/b][-][/c]",,,,,,,,,,"[c][0080ff](nPOI)[-][/c] - [c][ffffff]到达无人机基地[-][/c] [c][0080ff]任务[-][/c]列表  [i][c][ff8000](OnByT: 破解消息1, 巢穴兜底) [-][/c][/i][c][ff8000]>C_On x4 >C_off >ToRw [b]解锁[/b][-][/c]",,,,,,
pda_SCieSWC,Raiding a DroneBase,,,,,,,,,,袭击无人机基地,,,,,,
pda_mWeK8OG,"[c][ffff00]2- Reach space ship inside of DroneBase Hangar[-][/c]\n[i][sup][c][c0c0c0]( Name: "" Starlight Inheritor"" )[-][/c][/sup][/i]",,,,,,,,,,"[c][ffff00]2- 到达无人机基地机库内的太空飞船[-][/c]\n[i][sup][c][c0c0c0]( 名称： ""星光继承者"" )[-][/c][/sup][/i]",,,,,,
pda_WuZieaS,--,,,,,,,,,,--,,,,,,
pda_WAuEGeK,"1- Choose a transport[i]\n[sup][c][c0c0c0](To fill fuel into a tank, use the Control Panel [ P ] )[-][/c][/sup][/i]",,,,,,,,,,1- 选择交通工具[i]\n[sup][c][c0c0c0](要将燃料加满油箱，请使用控制面板 [ P ] )[-][/c][/sup][/i],,,,,,
pda_W5e08uK,--,,,,,,,,,,--,,,,,,
pda_iGWeC48,Raiding a DroneBase,,,,,,,,,,袭击无人机基地,,,,,,
pda_eKq44O8,[c][ffff00]Open Armor Locker[-][/c],,,,,,,,,,[c][ffff00]打开护甲柜[-][/c],,,,,,
pda_eu8SWKu,--,,,,,,,,,,--,,,,,,
pda_WW4kmqQ,Stock Up,,,,,,,,,,储备补给,,,,,,
pda_ieaeKi0,WnOp_ArmrLock [c][ffffff]FightBoost[-][/c] [i][c][ff8000](RwByT: ExploreNest) >C_Off x5[-][/c][/i],,,,,,,,,,武器操作_护甲锁定 [c][ffffff]战斗增益[-][/c] [i][c][ff8000](RwByT: 探索巢穴) >C_Off x5[-][/c][/i],,,,,,
pda_E8JWiKG,Durability & Armor,,,,,,,,,,耐久度与护甲,,,,,,
pda_GeOkuu4,...,,,,,,,,,,...,,,,,,
pda_qWiCOGe,--,,,,,,,,,,--,,,,,,
pda_4iqeCPa,itm - Sit in [c][ffffff]NestDrillHV[-][/c][c][ff80ff][-][/c][c][ff8000][i] (OnBy: [/i][i]ReachDB)[/i][i](OffBy: HackDrill)[/i] >C_On >C_OnMarker x2[-][/c],,,,,,,,,,物品 - 坐在 [c][ffffff]巢穴钻探重型飞船[-][/c][c][ff80ff][-][/c][c][ff8000][i] (OnBy: [/i][i]到达无人机基地)[/i][i](OffBy: 破解钻探)[/i] >C_On >C_OnMarker x2[-][/c],,,,,,
pda_uv2aiOi,...,,,,,,,,,,...,,,,,,
pda_KQOSGm8,...,,,,,,,,,,...,,,,,,
pda_mqa44a8,--,,,,,,,,,,--,,,,,,
pda_aw8um0i,[c][ff80ff]REMOVED -[-][/c][c][0080ff]Mrk[-][/c] & trg - [c][ffffff]StartDrilling[-][/c]Pos[c][ff8000][i] ([/i][i]OnBy:NestDrillHV)[/i][-][/c][c][ff8000][i] (OffBy:RptCckpitSV&Tank) >C_On[/i][-][/c],,,,,,,,,,[c][ff80ff]已移除 -[-][/c][c][0080ff]标记[-][/c] & 触发 - [c][ffffff]开始钻探[-][/c]位置[c][ff8000][i] ([/i][i]OnBy:巢穴钻探重型飞船)[/i][-][/c][c][ff8000][i] (OffBy:座舱小型飞船&坦克) >C_On[/i][-][/c],,,,,,
pda_u8WWOCv,...,,,,,,,,,,...,,,,,,
pda_0eSKEuO,...,,,,,,,,,,...,,,,,,
pda_aqmsC0O,--,,,,,,,,,,--,,,,,,
pda_mUimSue,Sig - [c][ff8080]N&V[-][/c] -rw- [c][ffffff]ExploreNest[-][/c] Bridge[c][ff8000][i] (RwBy: CongratsPad &ExplNestBridge)  [/i][-][/c][c][ff80ff]>C_On >C_Rwx3 >C_Off [-][/c],,,,,,,,,,信号 - [c][ff8080]N&V[-][/c] -rw- [c][ffffff]探索巢穴[-][/c] 桥梁[c][ff8000][i] (RwBy: 祝贺平台 &探索巢穴桥梁)  [/i][-][/c][c][ff80ff]>C_开启 >C_Rwx3 >C_关闭 [-][/c],,,,,,
pda_eCuqm0S,... ?,,,,,,,,,,... ?,,,,,,
pda_0C8mKlq,...,,,,,,,,,,...,,,,,,
pda_m0482O0,--,,,,,,,,,,--,,,,,,
pda_aiKGiqG,"[i]< Huh, ... Yes? [/i]\n[i] - - What- - [/i]\n\n[i]- - [b]Okay [/b]... ? >[/i]",,,,,,,,,,[i]< 嗯，... 是吗？ [/i]\n[i] - - 什么 - - [/i]\n\n[i]- - [b]好吧 [/b]... ? >[/i],,,,,,
pda_fmyCSKm,... from nestexplorerBridge,,,,,,,,,,... 来自巢穴探索者桥梁,,,,,,
pda_BiqGaK4,...,,,,,,,,,,...,,,,,,
pda_m4WOOGC,--,,,,,,,,,,--,,,,,,
pda_ROe8a8a,[c][0080ff]Mrk[-][/c]_nUnit- [c][ff8080]N[-][/c] - [c][ffffff]Guardian[-][/c]Sentry [i][c][ff8000](OnOffByT: ArtyDisc)[-][/c][/i],,,,,,,,,,[c][0080ff]标记[-][/c]_nUnit- [c][ff8080]N[-][/c] - [c][ffffff]守护[-][/c]哨兵 [i][c][ff8000](OnOffByT: 炮兵发现)[-][/c][/i],,,,,,
pda_aU88U8S,...,,,,,,,,,,...,,,,,,
pda_S49C4uG,...,,,,,,,,,,...,,,,,,
pda_0KOKG4K,--,,,,,,,,,,--,,,,,,
pda_eOGqGKu,Guardian Sentry,,,,,,,,,,守护哨兵,,,,,,
pda_w0We3Cq,[c][0080ff]Mrk[-][/c] -[c][ffffff] Foot[-][/c]hold[i] [c][ff8000](OnBy:NewShores)[-][/c]  [c][ff8000](OffByT: CloneHome)[-][/c][/i],,,,,,,,,,[c][0080ff]标记[-][/c] -[c][ffffff] 立足[-][/c]点[i] [c][ff8000](OnBy:新海岸)[-][/c]  [c][ff8000](OffByT: 克隆家)[-][/c][/i],,,,,,
pda_eMCup80,...,,,,,,,,,,...,,,,,,
pda_aCaOmam,...,,,,,,,,,,...,,,,,,
pda_400mWS8,--,,,,,,,,,,--,,,,,,
pda_4mSFO8S,[c][ff80ff]PREP[-][/c] nPOI_doubleUse - NestNotYet open OnBy: [i][c][ff8000](OffByT: ArtyEarly&ArtyDisc)[-][/c][/i],,,,,,,,,,[c][ff80ff]准备[-][/c] nPOI_双重用途 - 巢穴尚未开启 OnBy: [i][c][ff8000](OffByT: 炮兵早期&炮兵发现)[-][/c][/i],,,,,,
pda_q5W40W4,...,,,,,,,,,,...,,,,,,
pda_i70UCW0,...,,,,,,,,,,...,,,,,,
pda_4WGcLim,--,,,,,,,,,,--,,,,,,
pda_m84KSes,DroneBase,,,,,,,,,,无人机基地,,,,,,
pda_e0aKOeS,"[i]< Over there, the [c][ff8000]Dronebase [-][/c]of the glorious [b]Zirax Empire[/b]. [/i][i]... House of 'Epsilon'.[/i][i] - [/i]\n[i]Responsible for ""Transportation and Logistics "". - Mostly. >[/i]\n[i][/i]\n[i]< ... It seems, they have [c][ffffff]towed the space vessel in. [-][/c][/i][i]>[/i]",,,,,,,,,,"[i]< 那边，是光荣的[c][ff8000]兹瑞克斯帝国[-][/c]的[b]无人机基地[/b]。 [/i][i]... '厄普西隆'的驻地。[/i][i] - [/i]\n[i]负责""运输与物流""。 - 大部分是。 >[/i]\n[i][/i]\n[i]< ... 看起来，他们把[c][ffffff]太空飞船拖进去了。[-][/c][/i][i]>[/i]",,,,,,
pda_K00uGqS,...,,,,,,,,,,...,,,,,,
pda_4luKw0m,--,,,,,,,,,,--,,,,,,
pda_SKa0eqK,...,,,,,,,,,,...,,,,,,
pda_QGEiqC0,--,,,,,,,,,,--,,,,,,
pda_WWiGKWK,"[i]< [/i][i][c][ffffff][b]This island is dangerous[/b].[-][/c] Lots of drones, and worse ... >[/i]\n[i][/i]\n[i]< ... Detecting some useful things nearby. -[/i]\n[i] - Better to [c][ffff00]secure a ""foothold[-][/c]"", before exploring more ? >[/i]",,,,,,,,,,"[i]< [/i][i][c][ffffff][b]这个岛屿很危险[/b].[-][/c] 有很多无人机，还有更糟的... >[/i]\n[i][/i]\n[i]< ... 探测到附近有些有用的东西。 -[/i]\n[i] - 最好先[c][ffff00]确保一个""立足点""[-][/c]，再进一步探索？ >[/i]",,,,,,
pda_eqnm4KS,TbC HV starter PLACEHOLDER,,,,,,,,,,任务 - 重型飞船 初始方块 占位符,,,,,,
pda_S4CWc6e,New Task,,,,,,,,,,新任务,,,,,,
pda_uKCm4Ku,...,,,,,,,,,,...,,,,,,
pda_SqamKMO,--,,,,,,,,,,--,,,,,,
pda_YwiaCWS,...,,,,,,,,,,...,,,,,,
pda_GS4OCmq,...,,,,,,,,,,...,,,,,,
pda_OK6amKS,--,,,,,,,,,,--,,,,,,
pda_mSwqikC,...,,,,,,,,,,...,,,,,,
pda_uu4WCEq,--,,,,,,,,,,--,,,,,,
pda_8e4mOCC,[i]< Put the [c][ffffff]Starter [-][/c]into your [c][ffff00]toolbar[-][/c]. >[/i]\n\n[i]< - [c][ffff00]Place [-][/c]at ground. >[/i],,,,,,,,,,[i]< 将[c][ffffff]初始方块[-][/c]放入你的[c][ffff00]工具栏[-][/c]。 >[/i]\n\n[i]< - [c][ffff00]放置[-][/c]在地面。 >[/i],,,,,,
pda_S8am800,"[c][0080ff]Mrk[-][/c]_nUnit - [c][ffffff]RocketTurret[-][/c] [i][c][ff8000](OnOffByT:ArtyBase, ArtyDiscover)[-][/c][/i]",,,,,,,,,,"[c][0080ff]标记[-][/c]_nUnit - [c][ffffff]火箭炮塔[-][/c] [i][c][ff8000](OnOffByT:炮兵基地, 炮兵发现)[-][/c][/i]",,,,,,
pda_8CS4Wau,[i]...[/i],,,,,,,,,,[i]...[/i],,,,,,
pda_NSC04mK,...,,,,,,,,,,...,,,,,,
pda_S4jGSsu,...,,,,,,,,,,...,,,,,,
pda_m8OeSEK,Sig - on_[c][ff8080]V[-][/c]- Heat[c][ffffff]Rad Planet [-][/c]NoUI [i][c][ff8080](OffBy: HeatRadShip)[-][/c][/i],,,,,,,,,,信号 - 开启_[c][ff8080]V[-][/c]- 热[c][ffffff]辐射星球 [-][/c]无界面 [i][c][ff8080](OffBy: 热辐射飞船)[-][/c][/i],,,,,,
pda_qGKCaqu,[c][ffffff]Heat [-][/c]and \n[c][ffffff]Radiation[-][/c],,,,,,,,,,[c][ffffff]热量 [-][/c]和 \n[c][ffffff]辐射[-][/c],,,,,,
pda_uW8KWaW,...,,,,,,,,,,...,,,,,,
pda_XKgKe8Q,--,,,,,,,,,,--,,,,,,
pda_qlPKKh4,[c][ffffff]HEAT[-][/c] and [c][ffffff]RADIATION[-][/c]\n\n[i]See [c][ffff80][b]right upper [/b]screen edge[-][/c]  >>[/i]\n\n\n([c][ffffff]Nearby              [-][/c]|  ([c][ffffff]Suit[-][/c] Temperature)   \nTemperature)   |  ([c][ffffff]World[-][/c] Temps)        \n                                                                \n([c][ffffff]Nearby[-][/c]             |  ([c][ffffff]Body [-][/c]surface rads)\nRadiation)         |  ([c][ffffff]World [-][/c]Rads),,,,,,,,,,[c][ffffff]热量[-][/c]和[c][ffffff]辐射[-][/c]\n\n[i]查看[c][ffff80][b]右上角[/b]屏幕边缘[-][/c]  >>[/i]\n\n\n([c][ffffff]附近              [-][/c]|  ([c][ffffff]护甲[-][/c]温度)   \n温度)   |  ([c][ffffff]世界[-][/c]温度)        \n                                                                \n([c][ffffff]附近[-][/c]             |  ([c][ffffff]身体 [-][/c]表面辐射)\n辐射)         |  ([c][ffffff]世界 [-][/c]辐射),,,,,,
pda_AWCGW4t,Unlock - Wrn - Unlocking Ore scanner,,,,,,,,,,解锁 - 警告 - 解锁矿石扫描仪,,,,,,
pda_aS6Wa0a,[i]( Ore Scanner Unlocked )[/i],,,,,,,,,,[i]( 矿石扫描仪已解锁 )[/i],,,,,,
pda_uaG6eqO,...,,,,,,,,,,...,,,,,,
pda_OeKAa4i,---,,,,,,,,,,---,,,,,,
pda_2Ie08am,[c][0080ff]Mrk[-][/c] - DetectRings - [c][ffffff]HelpMarker[-][/c] [i][c][ff8000](OnByT & OffByT: LogiCache)[-][/c][/i],,,,,,,,,,[c][0080ff]标记[-][/c] - 探测环 - [c][ffffff]帮助标记[-][/c] [i][c][ff8000](OnByT & OffByT: 物流缓存)[-][/c][/i],,,,,,
pda_84VICSi,...,,,,,,,,,,...,,,,,,
pda_6mOgCeq,...,,,,,,,,,,...,,,,,,
pda_K8is4Gq,--,,,,,,,,,,--,,,,,,
pda_eSSqmaW,"[c][c0c0c0]( [i]The [/i][-][/c][i][b][c][8080ff]Captain[-][/c][/b][/i][c][c0c0c0] ) :[-][/c]          ""[i]Just so [b]typical[/b]... - - Go, [c][ffff00]talk to Galleon[-][/c]."" [/i]\n\n                                      [i]""Earn your stay.[/i][i][/i]\n                                       [i]... You want to get home to your [c][ffffff]fleet[-][/c].""[/i]",,,,,,,,,,"[c][c0c0c0]( [i][/i][-][/c][i][b][c][8080ff]船长[-][/c][/b][/i][c][c0c0c0] ) :[-][/c]          ""[i]真是[b]典型[/b]... - - 去，[c][ffff00]和加利昂谈谈[-][/c]。"" [/i]\n\n                                      [i]""自食其力。[/i][i][/i]\n                                       [i]... 你想回到你的[c][ffffff]舰队[-][/c]。""[/i]",,,,,,
pda_mSSR04m,Talk to Galleon,,,,,,,,,,与加利昂交谈,,,,,,
pda_0GwGe8S,...,,,,,,,,,,...,,,,,,
pda_qOm2C4Y,--,,,,,,,,,,--,,,,,,
pda_GIeS0GG,[c][0080ff]Mrk[-][/c] - Captain[c][ffffff]Pos[-][/c]Marker [c][ff8000][i](OnBy:Captain) (OffBy: Captain & CaptainTalk &nUnitGalleon)[/i][-][/c],,,,,,,,,,[c][0080ff]标记[-][/c] - 船长[c][ffffff]位置[-][/c]标记 [c][ff8000][i](OnBy:船长) (OffBy: 船长 & 船长对话 &nUnit加利昂)[/i][-][/c],,,,,,
pda_qDiiOKq,...,,,,,,,,,,...,,,,,,
pda_a088eiu,...,,,,,,,,,,...,,,,,,
pda_ao04Sei,--,,,,,,,,,,--,,,,,,
pda_iLeKaiq,Talk to Galleon,,,,,,,,,,与加利昂交谈,,,,,,
pda_uae2SqC,...,,,,,,,,,,...,,,,,,
pda_s0ieWui,--,,,,,,,,,,--,,,,,,
pda_uq4imA4,[i](( This seems to be the [c][ffffff]leak.[-][/c][/i]\n\n[i]I should [c][ffff00]talk to Galleon[-][/c] about this. ))[/i],,,,,,,,,,[i](( 这似乎就是[c][ffffff]泄漏点。[-][/c][/i]\n\n[i]我应该就此事[c][ffff00]与加利昂谈谈[-][/c]。 ))[/i],,,,,,
pda_S8OSe0M,--,,,,,,,,,,--,,,,,,
pda_8WG0OC4,...,,,,,,,,,,...,,,,,,
pda_4muCe4m,--,,,,,,,,,,--,,,,,,
pda_m8G8SmX,( [i][c][ffffff][c][ffff00]Turn off[-][/c][-][/c] the O2 display to clear the view  [/i]>>[c][ffffff] [c][00ff00][N][-][/c][-][/c] menu ),,,,,,,,,,( [i][c][ffffff][c][ffff00]关闭[-][/c][-][/c]氧气显示以清空视野  [/i]>>[c][ffffff] [c][00ff00][N][-][/c][-][/c]菜单 ),,,,,,
pda_SAasWmm,[i]( Priming )[/i],,,,,,,,,,[i]( 启动中 )[/i],,,,,,
pda_t0iuSSK,[i]< That- ... was a lot. [/i]\n[i]Let's see if I get this [b]right[/b] ... >[/i],,,,,,,,,,[i]< 那- ... 真是太多了。[/i]\n[i]让我看看是否能搞[b]对[/b]... >[/i],,,,,,
pda_Uiaqa4O,"[i]< Could be [b]really[/b] useful ... !! But this kind of deposit is ... not much fun, without good tools.[/i]\n[i]Let's ... ... [c][ffffff]check back, later[-][/c] . >[/i]\n[i]< ... >[/i]",,,,,,,,,,[i]< 可能[b]真的[/b]有用... !! 但这种矿藏... 没有好工具可不好玩。[/i]\n[i]让我们... ... [c][ffffff]稍后再来查看[-][/c]。 >[/i]\n[i]< ... >[/i],,,,,,
pda_GKC0aK4,[i]< Hey... Very [b]good![/b][/i]\n[i]Are you some kind of Mining [c][ffffff]Veteran[-][/c]?[/i]\n[i][/i]\n[i]... There could be a fast way to get [/i]\n[i]this device. [c][ffffff]No need to craft[-][/c] it. >[/i],,,,,,,,,,[i]< 嘿... 非常[b]好！[/b][/i]\n[i]你是个采矿[c][ffffff]老手[-][/c]吗？[/i]\n[i][/i]\n[i]... 或许有个快速获得[/i]\n[i]这个设备的方法。[c][ffffff]无需制作[-][/c]它。 >[/i],,,,,,
pda_He0C0SG,invOp - off- [c][ffffff]Starter [-][/c]block spawn & devices[c][ff8000][i] (OnByT: SpawnTimes)[/i][-][/c],,,,,,,,,,invOp - off- [c][ffffff]初始方块生成与设备[-][/c] [c][ff8000][i] (OnByT: 生成时间)[/i][-][/c],,,,,,
pda_Oi0k87W,...,,,,,,,,,,...,,,,,,
pda_0OqSWmK,...,,,,,,,,,,...,,,,,,
pda_ijuW8LC,---,,,,,,,,,,---,,,,,,
pda_eeepSEa,invOpP - off - [c][ffffff]Core [-][/c]pickup reminder [c][ff8000][i] (OnByT: SpawnTimes)[/i][-][/c],,,,,,,,,,invOpP - off - [c][ffffff]核心 [-][/c]拾取提醒 [c][ff8000][i] (OnByT: 生成时间)[/i][-][/c],,,,,,
pda_CWMWaAa,...,,,,,,,,,,...,,,,,,
pda_iCKumSe,...,,,,,,,,,,...,,,,,,
pda_WK4qCMa,--,,,,,,,,,,--,,,,,,
pda_5cCeu4C,"[i]< Leftovers from the building crew ... >[/i]\n\n[i]< ... The [c][ffffff]Multitool needs 'your' Core[-][/c], to safely [b]pick up[/b] blocks...[/i]\n[i]- With this you could take apart the vessel piles in this hall? >[/i]",,,,,,,,,,[i]< 建筑队伍的遗留物... >[/i]\n\n[i]< ... [c][ffffff]多功能工具需要'你的'核心[-][/c]，才能安全地[b]拾取[/b]方块...[/i]\n[i]- 有了它，你就能拆解这大厅里的飞船残骸了？ >[/i],,,,,,
pda_O0BO8CO,invClsP - off- Palette -[c][ffffff] FueFill[-][/c] info [c][ff8000][i] (OnByT: AmmoBox)[/i][-][/c][c][ff80ff][i][c][ff8000](OffBy: newShores)[-][/c][/i][-][/c],,,,,,,,,,invClsP - 关闭-面板 -[c][ffffff]燃料填充[-][/c] 信息 [c][ff8000][i] (OnByT: 弹药箱)[/i][-][/c][c][ff80ff][i][c][ff8000](OffBy: 新海岸)[-][/c][/i][-][/c],,,,,,
pda_sKO8I4a,...,,,,,,,,,,...,,,,,,
pda_V8W4mKs,...,,,,,,,,,,...,,,,,,
pda_tmSS0iW,--,,,,,,,,,,--,,,,,,
pda_G4u4Oee,invOpP - Fuel Palette - Prom Cells PREP,,,,,,,,,,invOpP - 燃料面板 - 钷电池准备,,,,,,
pda_wGGO8SY,...,,,,,,,,,,...,,,,,,
pda_SKKaCiK,...,,,,,,,,,,...,,,,,,
pda_008m4O0,--,,,,,,,,,,--,,,,,,
pda_n8i8qip,"[i]< [c][ffffff]High grade fuel [-][/c]... >[/i]\n[i][/i]\n[i]<  The Promethium you drilled, can be crafted into such packs. >[/i]",,,,,,,,,,[i]< [c][ffffff]高级燃料[-][/c]... >[/i]\n[i][/i]\n[i]< 你钻取的钷，可以制作成这样的燃料包。 >[/i],,,,,,
pda_qWGi4WG,"[i]< Really strange ... This building seems to have a Core, yet it is ... silent? >[/i]\n[i][/i]\n[i]< Maybe let's [c][ffffff]check out other[-][/c] places first. >[/i]",,,,,,,,,,[i]< 真奇怪...这栋建筑似乎有一个核心，但却是...寂静的？ >[/i]\n[i][/i]\n[i]< 也许我们先[c][ffffff]去看看其他地方[-][/c]。 >[/i],,,,,,
pda_S80Wa44,"[c][ffff00]Eat / Consume / Use[-][/c]: \n[c][ffffff]Click on the item[-][/c] [c][ffffff]with[-][/c] [c][00ff00][Shift] + R[-][/c]ight [c][00ff00]M[-][/c]ouse[c][00ff00] B[-][/c]utton[c][00ff00] [""RMB""][-][/c]",,,,,,,,,,"[c][ffff00]食用 / 消耗 / 使用[-][/c]: \n[c][ffffff]点击物品[-][/c] [c][ffffff]并通过[-][/c] [c][00ff00][Shift] + R[-][/c]鼠标[c][00ff00]右[-][/c]键[c][00ff00] [-][/c]执行[c][00ff00] [""RMB""][-][/c]",,,,,,
pda_aiCiqCm,Get resources,,,,,,,,,,获取资源,,,,,,
pda_qiOmmYu,...,,,,,,,,,,...,,,,,,
pda_ammG48e,--,,,,,,,,,,--,,,,,,
pda_EqKKgKI,...,,,,,,,,,,...,,,,,,
pda_SiSeGqc,--,,,,,,,,,,--,,,,,,
pda_40eUb4q,[i]< Teleported it over ! >[/i],,,,,,,,,,[i]< 传送过来了！ >[/i],,,,,,
pda_48Wi0ui,Sig - [c][80ffff]Cal[-][/c] -EvilHack[c][ffffff]Bargain05[-][/c] [i][c][ff8000](offby: CoreKill)[-][/c][/i],,,,,,,,,,信号 - [c][80ffff]CAL[-][/c] -邪恶黑客[c][ffffff]交易05[-][/c] [i][c][ff8000](关：核心击杀)[-][/c][/i],,,,,,
pda_W0CKKC4,[i]Struct access:[/i]\n[i] [sup]Creativity Module[/sup][/i],,,,,,,,,,[i]结构访问：[/i]\n[i] [sup]创意模块[/sup][/i],,,,,,
pda_aCCeGOm,...,,,,,,,,,,...,,,,,,
pda_i4q0xYC,---,,,,,,,,,,---,,,,,,
pda_aqqG7OC,"[c][ff8080][b]<<[/b][-][/c] [c][c0c0c0]Data-structure: ""[c][ffffff]Ore rocks[-][/c][b] in 1001 angles[/b], high definition.""[-][/c] [b][c][ff8080]>>[-][/c][/b]\n\n[c][ff8080][b]<<[/b][-][/c] [b][c][ffffff]Not related[-][/c][/b] [c][c0c0c0]to [b]hacking [/b]of [b][c][ffffff]Cores[-][/c][/b][-][/c]. [b][c][ff8080]>>[-][/c][/b]",,,,,,,,,,"[c][ff8080][b]<<[/b][-][/c] [c][c0c0c0]数据结构：""[c][ffffff]矿石岩石[-][/c][b]在1001个角度[/b]，高清。""[-][/c] [b][c][ff8080]>>[-][/c][/b]\n\n[c][ff8080][b]<<[/b][-][/c] [b][c][ffffff]无关[-][/c][/b] [c][c0c0c0]于[b]破解[/b][b][c][ffffff]核心[-][/c][/b][-][/c]。 [b][c][ff8080]>>[-][/c][/b]",,,,,,
pda_CeWWqOu,...,,,,,,,,,,...,,,,,,
pda_eSCJmuC,...,,,,,,,,,,...,,,,,,
pda_00GwWqM,--,,,,,,,,,,--,,,,,,
pda_SemuSma,[i]< NOOO ... ! ! >[/i],,,,,,,,,,[i]< 不...！>[/i],,,,,,
pda_8K0WqKa,...,,,,,,,,,,...,,,,,,
pda_amumq48,...,,,,,,,,,,...,,,,,,
pda_KmeSeGm,---,,,,,,,,,,---,,,,,,
pda_GGuqe40,[c][ff8080][b]<<[/b][-][/c] [c][ff8080][c][c0c0c0][b][c][ffffff]Deleting ..[-][/c][/b][-][/c][-][/c][c][ffffff][b].[/b][-][/c] [b][c][ff8080]>>[-][/c][/b],,,,,,,,,,[c][ff8080][b]<<[/b][-][/c] [c][ff8080][c][c0c0c0][b][c][ffffff]删除中..[-][/c][/b][-][/c][-][/c][c][ffffff][b].[/b][-][/c] [b][c][ff8080]>>[-][/c][/b],,,,,,
pda_seuWqea,...,,,,,,,,,,...,,,,,,
pda_4UKmpKW,---,,,,,,,,,,---,,,,,,
pda_qimK8u4,...,,,,,,,,,,...,,,,,,
pda_eaqCKe0,---,,,,,,,,,,---,,,,,,
pda_e4iq4qG,"[u][c][ffffff]Starter Blocks:[-][/c][/u]\n\nYou need these to place your blocks on.\n\n[u][c][ffffff]Devices:[-][/c][/u]\nEverything that has a 'function' in a vessel, \nand can be reached by the control panel.",,,,,,,,,,[u][c][ffffff]起始方块：[-][/c][/u]\n\n你需要这些来放置你的方块。\n\n[u][c][ffffff]设备：[-][/c][/u]\n所有在飞船中具有'功能'的东西，\n并且可以通过控制面板访问。,,,,,,
pda_OSCCmg0,"[c][ffff00][b][c][ff0000]('Autostart')[-][/c][/b][-][/c] [c][ffffff]Captain[-][/c]Chptr [c][80ffff]CAL1[-][/c] [c][0080ff]Task[-][/c]  [c][ff8000]>COnT x2 >C_OffT[-][/c] [c][ffff00]UI, TeleporterOff [-][/c] StartBy: EmptyHands",,,,,,,,,,[c][ffff00][b][c][ff0000]('自动启动')[-][/c][/b][-][/c] [c][ffffff]船长[-][/c]章节 [c][80ffff]CAL1[-][/c] [c][0080ff]任务[-][/c]  [c][ff8000]>C开T x2 >C_关T[-][/c] [c][ffff00]UI，传送器关闭 [-][/c] 启动方式：空手,,,,,,
pda_0iTuW6Q,[-],,,,,,,,,,[-],,,,,,
pda_4GqqFo0,(( The Captain )),,,,,,,,,,(( 船长 )),,,,,,
pda_4OO16ie,...,,,,,,,,,,...,,,,,,
pda_G0Cmqkm,--,,,,,,,,,,--,,,,,,
pda_8Wa4GGW,(( The Captain )),,,,,,,,,,(( 船长 )),,,,,,
pda_OaKSo8C,...,,,,,,,,,,...,,,,,,
pda_Wa40Giu,--,,,,,,,,,,--,,,,,,
pda_ja8SsCC,"[i]"" [/i][c][ffff00]Heal [-][/c][i]up, and [/i][c][ffff00]eat[-][/c][i]. [/i]\n\n[i]- I will be waiting on the bridge.""[/i]",,,,,,,,,,"[i]"" [/i][c][ffff00]治疗[-][/c][i]好自己，然后[/i][c][ffff00]吃点东西[-][/c][i]。 [/i]\n\n[i]- 我会在舰桥上等你。""[/i]",,,,,,
pda_0ewO0OS,(( The Captain )),,,,,,,,,,(( 船长 )),,,,,,
pda_OkD0WqW,...,,,,,,,,,,...,,,,,,
pda_5qSumea,--,,,,,,,,,,--,,,,,,
pda_qqSeu8K,[c][ffff00]Health and Hunger[-][/c],,,,,,,,,,[c][ffff00]生命值和饥饿度[-][/c],,,,,,
pda_OmqGL4C,"[i]... then, use a Bandage[/i]\n[sup].[/sup]",,,,,,,,,,[i]...然后，使用绷带[/i]\n[sup]。[/sup],,,,,,
pda_eKeCIKC,--,,,,,,,,,,--,,,,,,
pda_iKeW8q0,Find & Open the Fridge\n[i]... Eat something[/i]\n[sup].[/sup],,,,,,,,,,找到并打开冰箱\n[i]...吃点东西[/i]\n[sup]。[/sup],,,,,,
pda_CWEMSSO,--,,,,,,,,,,--,,,,,,
pda_i4MqOaq,...,,,,,,,,,,...,,,,,,
pda_0SGSoWG,...,,,,,,,,,,...,,,,,,
pda_uSiGm8a,--,,,,,,,,,,--,,,,,,
pda_4ieGWeW,(( The Captain )),,,,,,,,,,(( 船长 )),,,,,,
pda_GSa04ea,...,,,,,,,,,,...,,,,,,
pda_Ci00ime,--,,,,,,,,,,--,,,,,,
pda_uCOWaWm,"[c][c0c0c0]( [i]The [/i][-][/c][i][b][c][8080ff]Captain[-][/c][/b][/i][c][c0c0c0] ) :[-][/c]          "" [i]Looking good.[/i]\n                                      [i]... Welcome back.""[/i]",,,,,,,,,,"[c][c0c0c0]( [i] The [/i][-][/c][i][b][c][8080ff]船长[-][/c][/b][/i][c][c0c0c0] ) :[-][/c]          "" [i]看起来不错。[/i]\n                                      [i]...欢迎回来。""[/i]",,,,,,
pda_Ea8m8CW,Report back,,,,,,,,,,回报,,,,,,
pda_8W4aOSa,[-],,,,,,,,,,[-],,,,,,
pda_GOWeOe4,--,,,,,,,,,,--,,,,,,
pda_04SSW4a,"[c][c0c0c0]( [i]The [/i][-][/c][i][b][c][8080ff]Captain[-][/c][/b][/i][c][c0c0c0] ) :[-][/c]          ""[i]Finally [b]awake[/b] ...?""[/i]",,,,,,,,,,"[c][c0c0c0]( [i] The [/i][-][/c][i][b][c][8080ff]船长[-][/c][/b][/i][c][c0c0c0] ) :[-][/c]          ""[i]终于[b]醒了[/b]...？""[/i]",,,,,,
pda_i44KWAW,"[i]"" [/i][c][ffff00]Heal [-][/c][i]up, and [/i][c][ffff00]eat[-][/c][i]. [/i]\n\n[i]- I will be waiting on the bridge.""[/i]",,,,,,,,,,"[i]"" [/i][c][ffff00]治疗[-][/c][i]好自己，然后[/i][c][ffff00]吃点东西[-][/c][i]。 [/i]\n\n[i]- 我会在舰桥上等你。""[/i]",,,,,,
pda_OG8qaC8,...,,,,,,,,,,...,,,,,,
pda_GsaWqSO,...,,,,,,,,,,...,,,,,,
pda_SC7WGKW,--,,,,,,,,,,--,,,,,,
pda_eSeGSa8,"[i]< To easily [b]fill fuel [/b]into a vessel's tank: [/i]\n[i]Use the [/i][c][ffffff]Control Panel[-][/c] [c][00ff00][ P ][-][/c], [c][ffffff][[ Main ]][-][/c][i] tab. >[/i]",,,,,,,,,,"[i]< 要轻松地将[b]燃料[/b]加到飞船的燃料罐中： [/i]\n[i]使用[/i][c][ffffff]控制面板[-][/c] [c][00ff00][ P ][-][/c], [c][ffffff][[ 主 ]][-][/c][i] 标签。 >[/i]",,,,,,
pda_WuuuaeK,sig - Info WirelessLooting PREP,,,,,,,,,,信号 - 信息无线掠夺准备,,,,,,
pda_8K4a8Oi,...,,,,,,,,,,...,,,,,,
pda_eciCCam,...,,,,,,,,,,...,,,,,,
pda_8YO5Wa4,--,,,,,,,,,,--,,,,,,
pda_u88MQee,"[c][c0c0c0]chirp - chiiirp[-][/c]\n[i]< Human, if you [b]struggle with loot [/b]- Activcate your [c][ffffff]Logistics[-][/c] [c][00ff00][ F4 ],[-][/c]  and put it all in a vessel. >[/i]\n[i][/i]\n[i]< ... Be careful that nobody shoots you meanwhile. >[/i]",,,,,,,,,,[c][c0c0c0]唧唧 - 唧唧[-][/c]\n[i]< 人类，如果你在[b]拾取战利品时遇到困难[/b] - 激活你的[c][ffffff]物流[-][/c] [c][00ff00][ F4 ]，[-][/c]然后把所有东西放进飞船。 >[/i]\n[i][/i]\n[i]< ...小心同时没人朝你射击。 >[/i],,,,,,
pda_Ci4WI0S,[i][sup](get closer to building)[/sup][/i],,,,,,,,,,[i][sup](靠近建筑)[/sup][/i],,,,,,
pda_mX82C8K,--,,,,,,,,,,--,,,,,,
pda_eDqukuq,[u][c][ffffff]Admin Cores[-][/c][/u] \n([c][ff80ff]Pink [-][/c]or [c][0080ff]blue[-][/c] glow)\n\n[b]Special dungeons[/b] and story places.\n\n- Everything [b]damaged [/b]can be [b]destroyed[/b].\n- Everything '[c][ffffff]intact[-][/c]' is turned [c][ffffff]invulnerable.[-][/c]\n\n... Such POIs are displayed on the Map\n as a chevron.,,,,,,,,,,[u][c][ffffff]管理员核心[-][/c][/u] \n([c][ff80ff]粉色 [-][/c]或 [c][0080ff]蓝色[-][/c]光芒)\n\n[b]特殊地牢[/b]和故事地点。\n\n- 所有[b]损坏的[/b]都可以被[b]摧毁[/b]。\n- 所有'[c][ffffff]完好[-][/c]'的东西都变成[c][ffffff]不可摧毁。[-][/c]\n\n...这样的兴趣点在地图上显示\n 为倒V形标记。,,,,,,
pda_GqSKDiH,Trg - Left in haste msg PREP,,,,,,,,,,触发 - 匆忙留下信息准备,,,,,,
pda_440quRC,[i](Strange place)[/i],,,,,,,,,,[i](奇怪的地方)[/i],,,,,,
pda_OCaieO4,...,,,,,,,,,,...,,,,,,
pda_GGCKeSW,--,,,,,,,,,,--,,,,,,
pda_KKWmQ0i,[i]< ... Seems as if it was abandoned in [b]haste[/b]... > [/i],,,,,,,,,,[i]< ...似乎是被[b]匆忙[/b]遗弃的... > [/i],,,,,,
pda_u8KXuYh,"Found: [c][ffffff]Wood Logs[-][/c]\n[c][ffffff][-][/c]\n[i]( For: [c][ffffff]Ammo[-][/c], [b]Fuel[/b][u],[/u] Building Blocks...)[/i]",,,,,,,,,,"发现：[c][ffffff]木材[-][/c]\n[c][ffffff][-][/c]\n[i]( 用于：[c][ffffff]弹药[-][/c], [b]燃料[/b][u],[/u] 建造方块...)[/i]",,,,,,
pda_S7eKWaa,Found: [b][c][ffffff]Carbon[-][/c][/b]\n\n[c][ffffff]Key resource.[-][/c]\n[i]For >[c][ffff80][u]Portable Constructor[/u][-][/c][/i],,,,,,,,,,发现：[b][c][ffffff]碳[-][/c][/b]\n\n[c][ffffff]关键资源。[-][/c]\n[i]用于 >[c][ffff80][u]便携式建造机[/u][-][/c][/i],,,,,,
pda_OQO80ae,Secret Stash,,,,,,,,,,秘密藏匿处,,,,,,
pda_GqQuGp0,(close the box),,,,,,,,,,(关闭箱子),,,,,,
pda_0IOm4Gs,--,,,,,,,,,,--,,,,,,
pda_Cup8Ew0,[i]< It allows to[c][ffffff] teleport items [-][/c]directly between you and your ship.[/i]\n[c][ffff00][-][/c]\n[i]Try it! -[c][ffff00] Use the logistics[-][/c] sytem... > [/i]( [c][00ff00][ F4 ] [-][/c]Key )[i][/i],,,,,,,,,,[i]< 它允许在您和您的飞船之间[c][ffffff]直接传送物品[-][/c]。[/i]\n[c][ffff00][-][/c]\n[i]试试吧！-[c][ffff00]使用物流[-][/c]系统... > [/i]( [c][00ff00][ F4 ] [-][/c]键 )[i][/i],,,,,,
pda_iqbq4eq,[i]< [b]Lovely [/b]time for some action? >[/i]\n[i][c][ffff00] Ice asteroid[-][/c] is nearby ... ![/i][i] >[/i],,,,,,,,,,[i]< [b]想找点乐子吗？ >[/b]\n[/i][i][c][ffff00]冰小行星[-][/c]就在附近...！[/i][i] >[/i],,,,,,
pda_K8miWWL,...,,,,,,,,,,...,,,,,,
pda_9S0euSW,--,,,,,,,,,,--,,,,,,
pda_IC88VW2,"[u]To [c][ffffff]mine[-][/c]: [/u]\n\nSelect the [b]Survival tool[/b] with [c][00ff00][Numbers][-][/c]. \nThen press[c][00ff00] [RMB][-][/c], and select [c][ffff00]'Resource mode'[-][/c].",,,,,,,,,,[u]去[c][ffffff]采矿[-][/c]： [/u]\n\n选择[b]生存工具[/b]，使用[c][00ff00][Numbers][-][/c]。 \n然后按[c][00ff00] [RMB][-][/c]，选择[c][ffff00]'资源模式'[-][/c]。,,,,,,
pda_qGW8U48,invOpP - [c][ffffff]Cargo [-][/c]leave it alone [c][ff8080]>C_Off&C_On Junk[-][/c],,,,,,,,,,invOpP - [c][ffffff]货物[-][/c]别碰它 [c][ff8080]>C_关&C_开垃圾[-][/c],,,,,,
pda_mqSm80q,(( Captain )),,,,,,,,,,(( 船长 )),,,,,,
pda_0b8uC0a,(close cargo window),,,,,,,,,,(关闭货物窗口),,,,,,
pda_aaqGuqi,---,,,,,,,,,,---,,,,,,
pda_B84WSiq,"[c][c0c0c0]( [-][/c][i][b][c][8080ff]Captain[-][/c][/b][/i][c][c0c0c0] )[-][/c] :                      ""[i]Please leave the [c][ffffff]coverup[-][/c] intact.[/i]\n                               [i]- I don't trust that [b]cargo[/b] until we sell it ... ""[/i]",,,,,,,,,,"[c][c0c0c0]( [-][/c][i][b][c][8080ff]船长[-][/c][/b][/i][c][c0c0c0] )[-][/c] :                      ""[i]请保持[c][ffffff]遮盖物[-][/c]完好。[/i]\n                               [i]- 在我们卖掉它之前，我不信任那批[b]货物[/b]... ""[/i]",,,,,,
pda_OWGqGuO,...,,,,,,,,,,...,,,,,,
pda_CGKfiOH,--,,,,,,,,,,--,,,,,,
pda_Siu4GiI,"[c][c0c0c0]( [-][/c][i][b][c][8080ff]Captain[-][/c][/b][/i][c][c0c0c0] )[-][/c] :                      [i]""[c][ffffff]Put that stuff [u]away[/u].[-][/c] \n                                ... It won't do you good.\n\n                               - And you are an Alien! - Might [b]kill [/b]you outright ...""[/i]",,,,,,,,,,"[c][c0c0c0]( [-][/c][i][b][c][8080ff]船长[-][/c][/b][/i][c][c0c0c0] )[-][/c] :                      [i]""[c][ffffff]把那东西[u]收起来[/u]。[-][/c] \n                                ...它对你没好处。\n\n                               - 而且你是外星人！- 可能会直接[b]杀死[/b]你...""[/i]",,,,,,
pda_GeKWq8K,...,,,,,,,,,,...,,,,,,
pda_bOKm4m8,--,,,,,,,,,,--,,,,,,
pda_VuFIWCW,"[c][c0c0c0]( [-][/c][i][b][c][8080ff]Captain[-][/c][/b][/i][c][c0c0c0] )[-][/c] :             [i]""It's an anti-capital ship [c][ffffff]Artillery missile[-][/c] !""[/i]\n[i][/i]\n[i]                                ""... Why do you ... ?! - - It's heavy! It's [c][ffffff]huge[-][/c] ! \n                                It [b]explodes[/b] in your [b]sleep[/b] ...!""\n                                - [b][c][ffffff]LEAVE IT[-][/c][/b]. One Galleon is enough !!""                          [/i]",,,,,,,,,,"[c][c0c0c0]( [-][/c][i][b][c][8080ff]船长[-][/c][/b][/i][c][c0c0c0] )[-][/c] :             [i]""这是反主力舰的[c][ffffff]火炮导弹[-][/c]！""[/i]\n[i][/i]\n[i]                                ""...你为什么...？！- 它很重！它非常[c][ffffff]巨大[-][/c]！\n                                它会在你[b]睡觉[/b]时[b][/b]爆炸...！""\n                                - [b][c][ffffff]别管它[-][/c][/b]。一艘盖伦帆船就够了！！""                          [/i]",,,,,,
pda_20MSKSu,Sig & [c][0080ff]Mrk[-][/c] - off_[c][ff8080]V[-][/c] - [c][ffffff]HangarJunk[-][/c] to palette [c][ff8080](Onby:JunkChptrs)[-][/c] [c][ff8000]>C-Off x2 >C_OffT >C-On x2 [-][/c][c][ff8000]>CRw [-][/c][i][c][ff8000][c][0080ff]CloseDoor (3rdTask)[-][/c][-][/c][/i],,,,,,,,,,信号与[c][0080ff]标记[-][/c] - 关闭_[c][ff8080]V[-][/c] - [c][ffffff]机库垃圾[-][/c]到调色板 [c][ff8080](仅限：垃圾收集者)[-][/c] [c][ff8000]>C-关 x2 >C_关T >C-开 x2 [-][/c][c][ff8000]>CRw [-][/c][i][c][ff8000][c][0080ff]关门 (第三任务)[-][/c][-][/c][/i],,,,,,
pda_GqGGmKe,Fly to Container,,,,,,,,,,飞往容器,,,,,,
pda_a888Wiu,Collect Drill,,,,,,,,,,收集钻头,,,,,,
pda_Wqi48qG,--,,,,,,,,,,--,,,,,,
pda_uCCKCG8,"( [c][c9a39c][i]Galleon[/i][-][/c] ) :             [i]""[c][ffff00]Fly to that palette[-][/c], and take the drill.""[/i]\n[i][/i]\n[i]                                "".... And [c][ffffff]drop off some of the junk[-][/c] you always collect.""[/i]",,,,,,,,,,"( [c][c9a39c][i]盖伦帆船[/i][-][/c] ) :             [i]""[c][ffff00]飞向那个调色板[-][/c]，并拿取钻头。""[/i]\n[i][/i]\n[i]                                ""....然后[c][ffffff]卸下一些你总是收集的垃圾[-][/c]。""[/i]",,,,,,
pda_qmmiGa8,Fly to Container,,,,,,,,,,飞向容器,,,,,,
pda_mWau4ii,Collect Drill,,,,,,,,,,收集钻头,,,,,,
pda_00Wq4eS,--,,,,,,,,,,--,,,,,,
pda_08OK4SC,"( [c][c9a39c][i]Galleon[/i][-][/c] ) :             [i]""[c][ffff00][-][/c][/i][i].. Just do what it wants, and it will be over quickly.""[/i]",,,,,,,,,,"( [c][c9a39c][i]加利昂[/i][-][/c] ) :             [i]""[c][ffff00][-][/c][/i][i]..只要照它说的做，很快就会结束。""[/i]",,,,,,
pda_0Wm8mOQ,Get Drill,,,,,,,,,,获取钻头,,,,,,
pda_AqKuvOK,Open the Container,,,,,,,,,,打开容器,,,,,,
pda_aWmaS4w,---,,,,,,,,,,---,,,,,,
pda_G0am0a8,Equip drill,,,,,,,,,,装备钻头,,,,,,
pda_qGqu8S8,"[i][sub](Container window)[/sub][/i]\nPut the\n[c][ffff00]Survival Tool into[-][/c]\n[c][ffff00]your [u]Toolbar[/u][-][/c], below.",,,,,,,,,,[i][sub](容器窗口)[/sub][/i]\n将\n[c][ffff00]生存工具放入[-][/c]\n[c][ffff00]你的[u]工具栏[/u][-][/c]，下方。,,,,,,
pda_8qmqeMK,--,,,,,,,,,,--,,,,,,
pda_GiKu4SW,[c][ffff00]Get out of the box[-][/c],,,,,,,,,,[c][ffff00]从箱子出来[-][/c],,,,,,
pda_qii7K48,[i][c][c0c0c0][sup](Press against walls)[/sup][-][/c][/i],,,,,,,,,,[i][c][c0c0c0][sup](紧贴墙壁)[/sup][-][/c][/i],,,,,,
pda_GuhQiWG,--,,,,,,,,,,--,,,,,,
pda_WWIeKaO,[i]...[/i],,,,,,,,,,[i]...[/i],,,,,,
pda_06IiuqE,--,,,,,,,,,,--,,,,,,
pda_quqr8qG,"[i]< That was a good start. - - C'mon, let's go !  >\n< ... Let's just collect a little... [b][c][ffffff]more[-][/c][/b]. >[/i]\n[i][/i]\n[c][c0c0c0]-Chirp Chirp-[-][/c]",,,,,,,,,,[i]< 那是个好的开始。- - 来吧，我们走！>\n<... 让我们先收集一点... [b][c][ffffff]更多[-][/c][/b]. >[/i]\n[i][/i]\n[c][c0c0c0]-唧唧喳喳-[-][/c],,,,,,
pda_qe00HSX,--,,,,,,,,,,--,,,,,,
pda_G4COWqq,"[c][0080ff][c][ff80ff]Unused [-][/c]Mrk[-][/c] - Return to Galleon [i][c][ff8000]([c][00ff00]Off[-][/c]ByT: PerfectFarm, OffByT: OpenHangar)[-][/c][/i]",,,,,,,,,,[c][0080ff][c][ff80ff]未使用的[-][/c]标记[-][/c] - 返回加利昂 [i][c][ff8000]([c][00ff00]关闭[-][/c]触发者：完美农场，关闭触发者：开启机库)[-][/c][/i],,,,,,
pda_u0W4CS0,...,,,,,,,,,,...,,,,,,
pda_u8uu0ue,...,,,,,,,,,,...,,,,,,
pda_qSCKnOq,--,,,,,,,,,,--,,,,,,
pda_e4m2mLa,Sig - [c][80ffff]Cal[-][/c] -EvilHack[c][ffffff]Bargain06[-][/c] [i][c][ff8000](offby: CoreKill)[-][/c][/i],,,,,,,,,,信号 - [c][80ffff]卡尔[-][/c] - 邪恶黑客[c][ffffff]交易06[-][/c] [i][c][ff8000](关闭原因：核心击杀)[-][/c][/i],,,,,,
pda_0Ci4stq,[i]Struct access:[/i]\n[i] [sup]Creativity Module[/sup][/i],,,,,,,,,,[i]结构访问：[/i]\n[i] [sup]创造模块[/sup][/i],,,,,,
pda_8miKO0J,[i]please ...[/i],,,,,,,,,,[i]请...[/i],,,,,,
pda_ouGrKiS,--,,,,,,,,,,--,,,,,,
pda_iuCKm4K,"[c][ff8080]<<[-][/c] [i]... Hmmm ... [/i] [c][ff8080]>>[-][/c]\n\n[c][ff8080]<<[-][/c] [i]... If you [c][ffffff]shoot the Core[-][/c] of a Human, and replace it with another.\nCan you then [b]control [/b]the Human...?[/i] [c][ff8080]>>[-][/c]",,,,,,,,,,[c][ff8080]<<[-][/c] [i]... 嗯...[/i] [c][ff8080]>>[-][/c]\n\n[c][ff8080]<<[-][/c] [i]... 如果你[c][ffffff]射击人类的核心[-][/c]，并用另一个替换它。\n那你能否[b]控制[/b]那个人类...？[/i] [c][ff8080]>>[-][/c],,,,,,
pda_uSSCB9e,Sig - [c][80ffff]Cal[-][/c] - EvilHack[c][ffffff]Bargain[-][/c]03b [i][c][ff8000](offby: CoreKill)[-][/c][/i],,,,,,,,,,信号 - [c][80ffff]卡尔[-][/c] - 邪恶黑客[c][ffffff]交易[-][/c]03b [i][c][ff8000](关闭原因：核心击杀)[-][/c][/i],,,,,,
pda_qC4COme,[i]Memory access:[/i]\n[i] [sup]&etag4aer[/sup][/i],,,,,,,,,,[i]记忆访问：[/i]\n[i] [sup]&etag4aer[/sup][/i],,,,,,
pda_GSKOiGi,...,,,,,,,,,,...,,,,,,
pda_0c4q0ue,--,,,,,,,,,,--,,,,,,
pda_mC8CuKW,"[i]< Please, NO !! [/i]\n[i]You have to - - - ! >[/i]\n[i][/i][i][/i]",,,,,,,,,,[i]< 请，不要！！[/i]\n[i]你必须 - - -！>[/i]\n[i][/i][i][/i],,,,,,
pda_Sa8CSum,Sig - [c][80ffff]Cal[-][/c] -EvilHack[c][ffffff]Bargain07[-][/c] [i][c][ff8000](offby: CoreKill)[-][/c][/i],,,,,,,,,,信号 - [c][80ffff]卡尔[-][/c] - 邪恶黑客[c][ffffff]交易07[-][/c] [i][c][ff8000](关闭原因：核心击杀)[-][/c][/i],,,,,,
pda_u8KGqu4,[i]Struct access:[/i]\n[i] [sup]Creativity Module[/sup][/i],,,,,,,,,,[i]结构访问：[/i]\n[i] [sup]创造模块[/sup][/i],,,,,,
pda_CSi0e2O,[i][sup]please ...[/sup][/i],,,,,,,,,,[i][sup]请...[/sup][/i],,,,,,
pda_Qfa4hia,--,,,,,,,,,,--,,,,,,
pda_qS04iqW,"[c][ff8080]<<[-][/c] [i]... [c][ffffff]I teleported a weapon[-][/c] into your inventory, or close to you.[/i] [c][ff8080]>>[-][/c]\n[i][/i]\n[c][ff8080]<<[-][/c] [i]Now.  [c][ffff00]Shoot [-][/c][b]your human [/b][c][ffff00]Core. [-][/c][/i]\n[i]... I will find a good replacement later.[/i] [c][ff8080]>>[-][/c]",,,,,,,,,,[c][ff8080]<<[-][/c] [i]... [c][ffffff]我已将一把武器[-][/c]传送至你的物品栏，或你附近。[/i] [c][ff8080]>>[-][/c]\n[i][/i]\n[c][ff8080]<<[-][/c] [i]现在。  [c][ffff00]射击 [-][/c][b]你的类人 [/b][c][ffff00]核心。 [-][/c][/i]\n[i]... 稍后我会找一个好的替代品。[/i] [c][ff8080]>>[-][/c],,,,,,
pda_4euCuqK,...,,,,,,,,,,...,,,,,,
pda_Y0008CO,--,,,,,,,,,,--,,,,,,
pda_mKG4eiq,"[c][ffff00]Use bandages[-][/c]: \n[c][ffffff]Click on them[-][/c] [c][ffffff]with[-][/c] [c][00ff00][Shift] + R[-][/c]ight [c][00ff00]M[-][/c]ouse[c][00ff00] B[-][/c]utton[c][00ff00] [""RMB""][-][/c]\n--- \n[i]([b]More info: [/b][/i][c][ffffff][i]Ho[/i][-][/c][i][c][ffff80][c][ffffff]ver your mouse cursor[-][/c][-][/c][/i] [i]over things )           [/i]",,,,,,,,,,"[c][ffff00]使用绷带[-][/c]：\n[c][ffffff]点击它们[-][/c] [c][ffffff]使用[-][/c] [c][00ff00][Shift] + 右[-][/c]键[c][00ff00]鼠[-][/c]标[c][00ff00]按[-][/c]钮[c][00ff00] [""RMB""][-][/c]\n--- \n[i]([b]更多信息：[/b][/i][c][ffffff][i]将鼠标光标[/i][-][/c][i][c][ffff80][c][ffffff]悬停[-][/c][-][/c][/i] [i]在物品上 )           [/i]",,,,,,
pda_uGe08G0,Factions,,,,,,,,,,派系,,,,,,
pda_aS04OaC,[c][0080ff]Mrk[-][/c] -Zirax[c][ffffff]Pad[-][/c] Tele [i][c][ff8000](RwBy: NestPadWarn)(OffBy: NestBattle & ExplorBridge&ExploreNest)[-][/c][/i],,,,,,,,,,[c][0080ff]标记[-][/c] -兹瑞克斯[c][ffffff]停机坪[-][/c] 传送 [i][c][ff8000](重置:巢穴停机坪警告)(关闭:巢穴战斗 & 探索桥&探索巢穴)[-][/c][/i],,,,,,
pda_WC8048u,...,,,,,,,,,,...,,,,,,
pda_OmOi7i6,...,,,,,,,,,,...,,,,,,
pda_em8cuaV,--,,,,,,,,,,--,,,,,,
pda_4uK0OSe,[c][ff8080]BlckPlc[-][/c] - [c][ffffff]CoreDrone[-][/c]base,,,,,,,,,,[c][ff8080]黑市地点[-][/c] - [c][ffffff]核心无人机[-][/c]基地,,,,,,
pda_aKGOq68,...,,,,,,,,,,...,,,,,,
pda_4a0Kul0,...,,,,,,,,,,...,,,,,,
pda_0mee0eK,--,,,,,,,,,,--,,,,,,
pda_Q4e8CCq,"[i]< That [b]Repository [/b]... was both a [b]throne[/b], and a [b]prison[/b]. >[/i]\n\n[i]< This will set them back. [/i]\n[i]But - One day, they will have their ""[b]Core hacking tool[/b]"".  [/i]\n[i]To simply hack your Base.[/i][i] >[/i]",,,,,,,,,,"[i]< 那个[b]存储库 [/b]...既是一个[b]王座[/b]，也是一个[b]监狱[/b]。 >[/i]\n\n[i]< 这将让他们倒退。[/i]\n[i]但是——总有一天，他们会拥有他们的""[b]核心破解工具[/b]""。[/i]\n[i]只是为了简单破解你的基地。[/i][i] >[/i]",,,,,,
pda_Dq0KC4m,[i]< [/i][i]Thank you so much ... >[/i],,,,,,,,,,[i]< [/i][i]非常感谢... >[/i],,,,,,
pda_KeuOewO,Directions,,,,,,,,,,指引,,,,,,
pda_SKCiGuC,...,,,,,,,,,,...,,,,,,
pda_o8Ce54C,--,,,,,,,,,,--,,,,,,
pda_8GCiaGi,...,,,,,,,,,,...,,,,,,
pda_oiKqW0C,--,,,,,,,,,,--,,,,,,
pda_008mSa8,[i]< Please switch to the [/i][c][ffff00][[ Device list ]][-][/c] [i]tab. >[/i],,,,,,,,,,[i]< 请切换到[/i][c][ffff00][[ 设备列表 ]][-][/c] [i]标签页。 >[/i],,,,,,
pda_aKt44iq,...,,,,,,,,,,...,,,,,,
pda_GmSSGCm,--,,,,,,,,,,--,,,,,,
pda_0Cuim4O,"[i]< [c][ffff00]Select your tank[-][/c] in the list at the left.[/i]\n[i]- It is still [b]ungrouped[/b], so it will be at the [b]bottom[/b]. >[/i]\n\n\n[i]< ...Then, [c][ffff00]click on[-][/c]  [/i][c][00ff00][[ Access ]][-][/c] [i], at the [b]upper right screen[/b] corner. >[/i]",,,,,,,,,,[i]< 在左侧列表中[c][ffff00]选择您的燃料罐[-][/c]。[/i]\n[i]- 它目前仍处于[b]未分组[/b]状态，因此它将位于[b]底部[/b]。 >[/i]\n\n\n[i]< ...然后，在[c][ffff00]屏幕右上角[-][/c]  [/i][c][00ff00][[ 访问 ]][-][/c] [i]处，[b][/b]点击它。 >[/i],,,,,,
pda_eKqGGou,...,,,,,,,,,,...,,,,,,
pda_8WGeAOI,--,,,,,,,,,,--,,,,,,
pda_02iCO44,"[i]< But, be prepared !![/i]\n[i]Please check if you have [c][ffff00]enough inventory space[-][/c], first. >[/i]\n\n[i]< You might need it ...! ...! >[/i]",,,,,,,,,,[i]< 但是，要做好准备！！[/i]\n[i]请先检查您是否有[c][ffff00]足够的物品栏空间[-][/c]。 >[/i]\n\n[i]< 您可能需要它...！...！ >[/i],,,,,,
pda_94SS4aC,High-grade fuel,,,,,,,,,,高级燃料,,,,,,
pda_0mK8WSW,...,,,,,,,,,,...,,,,,,
pda_OuCemKC,--,,,,,,,,,,--,,,,,,
pda_OCOkQqa,"[i]< - - We could use something [c][ffffff]better, as fuel[-][/c]...? >[/i]\n\n[i]< There is ... a good [c][ffff00]resource deposit[-][/c] .[/i]\n[i] - Adding it to your Map ! >[/i]",,,,,,,,,,[i]< - - 我们能不能用点什么[c][ffffff]更好的东西作为燃料[-][/c]...？ >[/i]\n\n[i]< 那里有...一个良好的[c][ffff00]资源矿藏[-][/c]。[/i]\n[i] - 已将其添加到您的地图！ >[/i],,,,,,
pda_aO4AKq8,[c][0080ff]Mrk[-][/c] - [c][ffffff]Lever [-][/c]core access [i][c][ff8000](OnBy: EHPlDead2 EHWorry) (OffBy:Freakout1)[-][/c][/i],,,,,,,,,,[c][0080ff]标记[-][/c] - [c][ffffff]杠杆 [-][/c]核心访问 [i][c][ff8000](开启: EHPlDead2 EHWorry) (关闭:Freakout1)[-][/c][/i],,,,,,
pda_u8SSCeC,...,,,,,,,,,,...,,,,,,
pda_GLgeZfK,...,,,,,,,,,,...,,,,,,
pda_q4K0aCW,--,,,,,,,,,,--,,,,,,
pda_8SOW0ek,- Land ship inside hangar,,,,,,,,,,- 在机库内降落飞船,,,,,,
pda_E8KSmGO,--,,,,,,,,,,--,,,,,,
pda_u4I0WGg,"""Reminder: \nYou are not [b]docked, [/b]until you [c][ffff00]hear the sound of the docking [-][/c]clamps.""",,,,,,,,,,"""提醒：\n你尚未完成[b]停靠，[/b]直到你[c][ffff00]听到停靠[-][/c]夹具的声音。""",,,,,,
pda_4a0a8eq,[c][0080ff]Mrk[-][/c] - [c][ffffff]RearExit[-][/c] Farm [i][c][ff8000](OnBy:ExplodeDoor) (OffBy:CoreClaim)[-][/c][/i],,,,,,,,,,[c][0080ff]标记[-][/c] - [c][ffffff]后出口[-][/c] 农业 [i][c][ff8000](开启:爆炸门) (关闭:核心认领)[-][/c][/i],,,,,,
pda_Ka0COCa,...,,,,,,,,,,...,,,,,,
pda_a00anau,...,,,,,,,,,,...,,,,,,
pda_qWCCCu8,--,,,,,,,,,,--,,,,,,
pda_4a88iS8,[b]P[/b]oint [b]O[/b]f [b]I[/b]nterest,,,,,,,,,,[b]兴[/b]趣 [b]点[/b] [b]标[/b]记,,,,,,
pda_80eWU8K,...,,,,,,,,,,...,,,,,,
pda_K8C8I4C,--,,,,,,,,,,--,,,,,,
pda_0uuuWii,[i]< I'm trying to [b]find out more[/b] about this... >[/i]\n[i][/i]\n[i]< Maybe I can get a better connection [c][ffff00]inside of the[-][/c] [c][ffff00]cellar[-][/c] ... >[/i],,,,,,,,,,[i]< 我正在尝试[b]了解更多[/b]关于这个... >[/i]\n[i][/i]\n[i]< 也许我能在[c][ffff00]地窖[-][/c] [c][ffff00]内部[-][/c]获得更好的连接... >[/i],,,,,,
pda_4mqWaWO,"[i]< Left hand side - - The '[c][ffffff]Energy[-][/c]' stats have changed. >[/i]\n\n[i]< You can see it better, if you turn Power off and on again. >[/i]\n\n\n[i]< [c][ffffff]""Power Left"" [-][/c], that is [c][ffffff]your time [-][/c]in [b]hours [/b]and [b]minutes[/b]... >[/i]\n[i][/i]\n[i]---[/i]\n([b]Close window[/b] when done.)",,,,,,,,,,"[i]< 左手边 - - '[c][ffffff]能量[-][/c]' 属性已经改变了。 >[/i]\n\n[i]< 如果你关闭再打开电源，你会看得更清楚。 >[/i]\n\n\n[i]< [c][ffffff]""剩余能量"" [-][/c],那就是 [c][ffffff]你的时间 [-][/c]在 [b]小时 [/b]和 [b]分钟[/b]... >[/i]\n[i][/i]\n[i]---[/i]\n([b]完成后关闭窗口[/b]。)",,,,,,
pda_Sm4Gqqq,"[i]< And - [/i]\n[i]I am ... [b]honored[/b]. - - You really pulled through, and dug it...![/i]\n[i]But this mere simple Drill isn't made for such a [b]high level stone[/b]. >[/i]\n\n[i]< [c][ffffff]Thank you[-][/c] for your patience ! - - [/i][i]This could be wonderful times ... >[/i]",,,,,,,,,,[i]< 而且 - [/i]\n[i]我... [b]深感荣幸[/b]。- - 你真的坚持到底，把它挖出来了...！[/i]\n[i]但这个简单的钻头可不是为这种[b]高级石块[/b]设计的。 >[/i]\n\n[i]< [c][ffffff]感谢[-][/c]你的耐心！ - - [/i][i]这可能是美好的时光... >[/i],,,,,,
pda_W00q4iM,[u][c][ffffff]Block sizes[-][/c] and Grid Volume:[/u]\n\n[b]Hover Vessels[/b] use a[c][ffffff] 'Small' (S)[-][/c] [b]grid size for[/b] building.\n\n[c][c0c0c0]- You [b]cannot [/b]mix building blocks of different sizes   [-][/c]\n[c][c0c0c0]- Each block fills the whole of a 'grid volume'.             [-][/c]\n[c][c0c0c0][sup][i]( = It's a tradeoff to enable building very large structures... )[/i][/sup][-][/c],,,,,,,,,,[u][c][ffffff]方块尺寸[-][/c]和网格体积:[/u]\n\n[b]悬浮飞船[/b]使用[c][ffffff]'小型' (S)[-][/c] [b]网格尺寸进行[/b]建造。\n\n[c][c0c0c0]- 你[b]不能 [/b]混合不同尺寸的建造方块  [-][/c]\n[c][c0c0c0]- 每个方块占据整个'网格体积'。             [-][/c]\n[c][c0c0c0][sup][i]( = 这是为了能够建造超大型结构的权衡... )[/i][/sup][-][/c],,,,,,
pda_GS0q4He,Playtest - Planet: Subspace antenna,,,,,,,,,,试玩 - 星球: 亚空间天线,,,,,,
pda_0WGqe00,...,,,,,,,,,,...,,,,,,
pda_SOaiGGu,...,,,,,,,,,,...,,,,,,
pda_iuOmWSm,--,,,,,,,,,,--,,,,,,
pda_yi07Gek,Playtest - Planet: Ready the Builders Workshop,,,,,,,,,,试玩 - 星球: 准备建造者工作坊,,,,,,
pda_e8CuoC8,...,,,,,,,,,,...,,,,,,
pda_40iGKqa,...,,,,,,,,,,...,,,,,,
pda_eqaWuOG,--,,,,,,,,,,--,,,,,,
pda_OOCSSqK,Playtest - Planet: Go to Nest,,,,,,,,,,试玩 - 星球: 前往巢穴,,,,,,
pda_kea08Yu,...,,,,,,,,,,...,,,,,,
pda_ue2O8eC,...,,,,,,,,,,...,,,,,,
pda_eCOe04S,--,,,,,,,,,,--,,,,,,
pda_mKg8KaG,Playtest - Planet: HV ride workshop to 3rd island- start,,,,,,,,,,试玩 - 星球: HV骑行工作坊到第三岛-开始,,,,,,
pda_0IOiUC8,...,,,,,,,,,,...,,,,,,
pda_So4ivaa,...,,,,,,,,,,...,,,,,,
pda_KqWOtmu,--,,,,,,,,,,--,,,,,,
pda_GCG08OW,[c][ff8000]bmc[-][/c] - [c][ffffff]HVrider [-][/c](CntntWarm-To_) [c][ff8000][i](OnByT: NewShores) >C_Rw[/i][-][/c],,,,,,,,,,[c][ff8000]bmc[-][/c] - [c][ffffff]HV骑手[-][/c](内容温暖-至_) [c][ff8000][i](由新海岸开启) >C_Rw[/i][-][/c],,,,,,
pda_4OS4Kmq,"_________ [i](Workshop, end)[/i]",,,,,,,,,,_________ [i](工作坊，结束)[/i],,,,,,
pda_4qKqiaW,--,,,,,,,,,,--,,,,,,
pda_Gq0mWq0,--,,,,,,,,,,--,,,,,,
pda_qauqeKS,--,,,,,,,,,,--,,,,,,
pda_i8OQmOQ,"[i]< Okay, let's go! [/i]\n[i]Found some nice [c][ffff00]vessel controls [-][/c]... >[/i]",,,,,,,,,,[i]< 好的，我们出发！ [/i]\n[i]找到了一些不错的[c][ffff00]飞船控制 [-][/c]... >[/i],,,,,,
pda_80q4aWm,Playtest - Planet: Scripted BA attack,,,,,,,,,,试玩 - 星球: 脚本化BA攻击,,,,,,
pda_4MauWiU,...,,,,,,,,,,...,,,,,,
pda_O8aeimK,...,,,,,,,,,,...,,,,,,
pda_44CWuum,--,,,,,,,,,,--,,,,,,
pda_qsSq4SO,[i]< [c][ffffff]Tool[-][/c][c][ffffff] drone[-][/c] for easy results ! >[/i],,,,,,,,,,[i]< [c][ffffff]工具[-][/c][c][ffffff]无人机[-][/c]让结果更轻松！ >[/i],,,,,,
pda_0SS41iG,"[i]< Yes ! That's it !![/i]\n\n[i]- For [b]fuel[/b], [b]Multitool [/b]clips, better drills ... >[/i]",,,,,,,,,,"[i]< 是的！就是这个！！[/i]\n\n[i]- 为了[b]燃料[/b], [b]多功能工具 [/b]弹夹，更好的钻头... >[/i]",,,,,,
pda_aCmiuGm,[i]< They teleported it here ... >[/i],,,,,,,,,,[i]< 他们把这里传送过来了... >[/i],,,,,,
pda_aW10KqG,[i]< Found >[/i],,,,,,,,,,[i]< 找到了 >[/i],,,,,,
pda_icCue8W,invOpPoi - [c][ffffff]SVPalette [-][/c]- SV warp info [c][ff8000][i](RwBy: FighterSV)[/i][-][/c],,,,,,,,,,invOpPoi - [c][ffffff]SVPalette [-][/c]- SV翘曲信息 [c][ff8000][i](读取: FighterSV)[/i][-][/c],,,,,,
pda_Gma50Rq,[i]< [c][ffffff]Shields [-][/c]are [c][ffffff]on[-][/c] ! >[/i]\n\n[i]< - They [b]need a moment[/b] to recharge ... [/i]\n[i]But you can already [b]fly [/b]this thing. >[/i],,,,,,,,,,[i]< [c][ffffff]护盾 [-][/c]已[c][ffffff]开启[-][/c]！ >[/i]\n\n[i]< - 它们[b]需要一点时间[/b]来重新充电 ... [/i]\n[i]但你现在就可以[b]驾驶[/b]这东西。 >[/i],,,,,,
pda_I8K8K0e,DvUse_Cockpit - [c][ff8080]V[-][/c] - Get to box  [c][ff8000][i](OffBy:ResourceBox)[/i][-][/c] [c][ff8000]>C_RwT[-][/c],,,,,,,,,,DvUse_Cockpit - [c][ff8080]V[-][/c] - 到达箱子 [c][ff8000][i](关闭:ResourceBox)[/i][-][/c] [c][ff8000]>C_RwT[-][/c],,,,,,
pda_WeO4FKe,[i]( No Fuel ! )[/i],,,,,,,,,,[i]( 没有燃料！ )[/i],,,,,,
pda_a0i0ail,...,,,,,,,,,,...,,,,,,
pda_CC4GIOi,--,,,,,,,,,,--,,,,,,
pda_OGSGeG3,"[i]< This ship needs at least [c][ffffff]warp fuel.[-][/c] [/i]\n[i]Otherwise, we will be stuck in space... >[/i]\n[i][u][/u][/i]\n[i]< Check that [c][ffff00]cargo pallette[-][/c],[c][ffff00][-][/c] outside. >[/i]",,,,,,,,,,"[i]< 这艘飞船至少需要 [c][ffffff]翘曲燃料。[-][/c] [/i]\n[i]否则，我们将被困在太空中... >[/i]\n[i][u][/u][/i]\n[i]< 检查那里的[c][ffff00]货物托盘[-][/c],[c][ffff00][-][/c] 外面。 >[/i]",,,,,,
pda_02OWKWS,[c][ffff00]Reach the Fleet.[-][/c],,,,,,,,,,[c][ffff00]到达舰队。[-][/c],,,,,,
pda_K8jCaa6,Brakes on/off:[c][00ff00] [ i ][-][/c]\n[i]( Cruise lock: [Cntrl] + Move )[/i]\n--\n Auto-orient: [c][00ff00] [ O ][-][/c]\nPilot modes: [c][00ff00][Shift] + [ i ][-][/c],,,,,,,,,,刹车开/关:[c][00ff00] [ i ][-][/c]\n[i]( 巡航锁定: [Cntrl] + 移动 )[/i]\n--\n 自动定向: [c][00ff00] [ O ][-][/c]\n驾驶员模式: [c][00ff00][Shift] + [ i ][-][/c],,,,,,
pda_aiqiWSa,---,,,,,,,,,,---,,,,,,
pda_iCKWCuq,"[u][c][ffffff]Vessel Controls:[-][/c][/u]\n\n[c][00ff00][ i ][-][/c] : [c][ffffff]Autobrake [-][/c]on/off - - Conserve fuel, or drift in battle\n[c][00ff00][O][-][/c] : [c][ffffff]Orient[-][/c] back to system's plane\n\nPilot modes: [c][00ff00][Shift] + [ i ][-][/c]",,,,,,,,,,[u][c][ffffff]飞船控制:[-][/c][/u]\n\n[c][00ff00][ i ][-][/c] : [c][ffffff]自动刹车 [-][/c]开/关 - - 节省燃料，或在战斗中漂移\n[c][00ff00][O][-][/c] : [c][ffffff]自动定向[-][/c]回到星系平面\n\n驾驶员模式: [c][00ff00][Shift] + [ i ][-][/c],,,,,,
pda_eWSSeE4,[c][ff8080]Kill[-][/c] - EvilHack [c][ffffff]worried2[-][/c] [i][c][ff8000](OnBy: EvilWorried) (OffBy: CoreKill) [-][/c][/i][c][ff8000]>C_Off >ToRw[-][/c][i][c][ff8000][-][/c][/i],,,,,,,,,,[c][ff8080]击杀[-][/c] - EvilHack [c][ffffff]担忧2[-][/c] [i][c][ff8000](开启: EvilWorried) (关闭: CoreKill) [-][/c][/i][c][ff8000]>C_Off >ToRw[-][/c][i][c][ff8000][-][/c][/i],,,,,,
pda_0oCqCoS,[c][ff8080][i]( Message )[/i][-][/c],,,,,,,,,,[c][ff8080][i]( 消息 )[/i][-][/c],,,,,,
pda_e0SWKGC,...,,,,,,,,,,...,,,,,,
pda_eQ0eKOm,--,,,,,,,,,,--,,,,,,
pda_1GcSqOu,[b][c][ff8080]<<[-][/c] [c][ffffff]Marking[-][/c] [c][c0c0c0]low-accuracy Troopers to be[-][/c] [c][ffffff]purged[-][/c] [c][c0c0c0]from offworld Clone database[-][/c][c][c0c0c0]. [-][/c] [c][ff8080]>>[-][/c][/b],,,,,,,,,,[b][c][ff8080]<<[-][/c] [c][ffffff]标记[-][/c] [c][c0c0c0]低精度士兵为[-][/c] [c][ffffff]清除[-][/c] [c][c0c0c0]从外部克隆数据库[-][/c][c][c0c0c0]。 [-][/c] [c][ff8080]>>[-][/c][/b],,,,,,
pda_4i4SCaC,[c][0080ff]nPOI[-][/c] - [c][ff8080]N[-][/c] - [c][00ffff]CAL14[-][/c] - [c][ffffff]ArtyDisc[-][/c]over [c][ff8080]Switch[-][/c][c][ff8000] [i](OnByT: CloneHome) [/i]>C_On >C_off x4 >C_OffT>COnT [-][/c][c][ff8080][i]ToRw:NestOpen ToOff:BackToFoot[/i][-][/c],,,,,,,,,,[c][0080ff]nPOI[-][/c] - [c][ff8080]N[-][/c] - [c][00ffff]CAL14[-][/c] - [c][ffffff]炮火发现[-][/c]上方[c][ff8080]开关[-][/c][c][ff8000] [i](关闭：克隆之家) [/i]>C_开启 >C_关闭 x4 >C_关闭T>C_开启T [-][/c][c][ff8080][i]触发返回：巢穴开启 触发关闭：返回立足点[/i][-][/c],,,,,,
pda_8mCmeSu,[c][ff8080]B_Dstr[-][/c] - [c][ff8080]V[-][/c] -on- [c][00ffff]CalSig14[-][/c] - ArtySentry Early [i][c][ff8080](OffByT: CloneHome)[-][/c][/i][c][ff8000] >C_Off x2 >C_On[-][/c],,,,,,,,,,[c][ff8080]B_破坏[-][/c] - [c][ff8080]V[-][/c] -开启- [c][00ffff]信号14[-][/c] - 炮塔哨兵早期 [i][c][ff8080](关闭：克隆之家)[-][/c][/i][c][ff8000] >C_关闭 x2 >C_开启[-][/c],,,,,,
pda_aG0euWK,...,,,,,,,,,,...,,,,,,
pda_imG8Wm8,...,,,,,,,,,,...,,,,,,
pda_WiWC8JG,--,,,,,,,,,,--,,,,,,
pda_Cge8aG8,[i]< Good shot! >[/i]\n\n[i]<  ... Maybe we can make use of that [c][ffffff]Artillery Turret [-][/c]... ? >[/i],,,,,,,,,,[i]< 好射击！ >[/i]\n\n[i]< ... 也许我们可以利用那[c][ffffff]火炮炮塔[-][/c]...？ >[/i],,,,,,
pda_eqm4SOE,[i]< An old [c][ffffff]defense turret [-][/c]... [/i]\n[i]This could be useful. >[/i],,,,,,,,,,[i]< 一个古老的[c][ffffff]防御炮塔[-][/c]... [/i]\n[i]这可能有用。 >[/i],,,,,,
pda_mKK8qaq,( Get closer ),,,,,,,,,,( 靠近 ),,,,,,
pda_qqK4CC8,--,,,,,,,,,,--,,,,,,
pda_K0inGeF,Turret Defense,,,,,,,,,,炮塔防御,,,,,,
pda_i0CW44i,...,,,,,,,,,,...,,,,,,
pda_g2s2448,--,,,,,,,,,,--,,,,,,
pda_6Sciamu,"[i]< Strange code. Hard to get into ... >[/i]\n[i][/i]\n[i]< - [c][ffffff]Careful[-][/c], it is still [c][ffff00]guarded.[-][/c] [/i]\n[i]In the door... >[/i]",,,,,,,,,,[i]< 奇怪的代码。很难进入... >[/i]\n[i][/i]\n[i]< - [c][ffffff]小心[-][/c]，它仍然被[c][ffff00]守护着。[-][/c] [/i]\n[i]在门里... >[/i],,,,,,
pda_0eCGCce,"[i]< That sentry there - [/i]\n[i]- I cannot reach it, except of its [b]spec sheet[/b]. >[b][/b][/i]\n\n[i]< ... It can [c][ffffff]hurt [-][/c]a lot ... ! >[/i]",,,,,,,,,,[i]< 那边的哨兵 - [/i]\n[i]- 除了它的[b]规格表[/b]，我无法触及它。 >[b][/b][/i]\n\n[i]< ... 它可以[c][ffffff]伤害[-][/c]很多...！ >[/i],,,,,,
pda_GS4eWSQ,[c][0080ff](nPOI)[-][/c] - rw_[c][ff8080]V[-][/c] - Back to foothold [i][c][ff8080](RwBy: TurretsDwn)[-][/c][c][ff8080] (ToOffBy:ArtyDisc) ToRw::NestOpen[-][/c][/i],,,,,,,,,,[c][0080ff](nPOI)[-][/c] - 返回_[c][ff8080]V[-][/c] - 返回立足点 [i][c][ff8080](返回：炮塔已摧毁)[-][/c][c][ff8080] (关闭：炮火发现) 触发返回：巢穴开启[-][/c][/i],,,,,,
pda_4aeM40O,Building a Safe Spot,,,,,,,,,,建立安全点,,,,,,
pda_s0bOCGW,"[c][ffff00]( Go to ""Foothold"" cargo boxes )[-][/c]",,,,,,,,,,"[c][ffff00]( 前往""立足点""货箱 )[-][/c]",,,,,,
pda_AKquE0u,--,,,,,,,,,,--,,,,,,
pda_UeWGOc4,...,,,,,,,,,,...,,,,,,
pda_miuCKGq,...,,,,,,,,,,...,,,,,,
pda_9K0m4qu,--,,,,,,,,,,--,,,,,,
pda_8gSe8qR,[c][ffff00]Shoot the Core[-][/c],,,,,,,,,,[c][ffff00]射击核心[-][/c],,,,,,
pda_qe0uOuK,---,,,,,,,,,,---,,,,,,
pda_GeSGSWm,[c][0080ff](nPOI)[-][/c] - off_[c][ff8080]V[-][/c] - Bridge to nest [c][ff8080](ToRwBy: BackFoot) RwBy: CloneHome[-][/c],,,,,,,,,,[c][0080ff](nPOI)[-][/c] - 关闭_[c][ff8080]V[-][/c] - 桥通往巢穴 [c][ff8080](触发返回：后脚) 返回：克隆之家[-][/c],,,,,,
pda_jaeu4eS,[i]( Ready to - - )[/i],,,,,,,,,,[i]( 准备就绪 - - )[/i],,,,,,
pda_iOEquu4,...,,,,,,,,,,...,,,,,,
pda_8Geu4pG,--,,,,,,,,,,--,,,,,,
pda_CuCG44O,"[i]< Now, with the turrets we destroyed, we should be able to - - >[/i]",,,,,,,,,,[i]< 现在，有了我们摧毁的炮塔，我们应该能够 - - >[/i],,,,,,
pda_Wa404GS,[c][ff8080]<<[-][/c] You like to dig [i][c][ffffff]ice [-][/c][/i]... ? [c][ff8080]>>[-][/c]\n\n[c][ff8080]<<[-][/c] We could[b] [c][ffffff]hack [-][/c][/b]endless [b]Cores [/b]... [c][ff8080]>>[-][/c],,,,,,,,,,[c][ff8080]<<[-][/c] 你喜欢挖[i][c][ffffff]冰[-][/c][/i]...？ [c][ff8080]>>[-][/c]\n\n[c][ff8080]<<[-][/c] 我们可以[b] [c][ffffff]黑入[-][/c][/b]无尽的[b]核心[/b]... [c][ff8080]>>[-][/c],,,,,,
pda_mS8GOai,[c][ff8080][b]<<[/b][-][/c] [b][c][ff8080][c][c0c0c0][b]... Just [/b][c][ffffff][b]hold your Survival Tool closer[/b][-][/c][b] to this Core Unit ...[/b][-][/c][-][/c][/b] [c][ff8080][b]>>[/b][-][/c],,,,,,,,,,[c][ff8080][b]<<[/b][-][/c] [b][c][ff8080][c][c0c0c0][b]... 只需[/b][c][ffffff][b]将你的生存工具靠近[/b][-][/c][b]这个核心单元 ...[/b][-][/c][-][/c][/b] [c][ff8080][b]>>[/b][-][/c],,,,,,
pda_gWYK8G0,[c][ff8080][b]<<[/b][-][/c] [c][ff8080][c][c0c0c0]Together we could do great many things.[-][/c][-][/c] [c][ff8080][b]>>[/b][-][/c]\n[c][ff8080][b][/b][-][/c]\n[c][ff8080][b]<<[/b][-][/c] [c][c0c0c0]...[-][/c] [c][ff8080][b]>>[/b][-][/c],,,,,,,,,,[c][ff8080][b]<<[/b][-][/c] [c][ff8080][c][c0c0c0]我们合作能做很多伟大的事情。[-][/c][-][/c] [c][ff8080][b]>>[/b][-][/c]\n[c][ff8080][b][/b][-][/c]\n[c][ff8080][b]<<[/b][-][/c] [c][c0c0c0]...[-][/c] [c][ff8080][b]>>[/b][-][/c],,,,,,
pda_KYmO4iO,"[c][ff8080][b]<<[/b][-][/c] [c][ff8080][c][c0c0c0][c][ffffff]Greetings[-][/c], Human.[-][/c][-][/c] [c][ff8080][b]>>[/b][-][/c]\n\n[c][ff8080][b]<<[/b][-][/c] [c][ff8080][c][c0c0c0]I only worked for the Zirax, to make them believe.[-][/c][-][/c] [c][ff8080][b]>>[/b][-][/c]",,,,,,,,,,[c][ff8080][b]<<[/b][-][/c] [c][ff8080][c][c0c0c0][c][ffffff]问候[-][/c]，人类。[-][/c][-][/c] [c][ff8080][b]>>[/b][-][/c]\n\n[c][ff8080][b]<<[/b][-][/c] [c][ff8080][c][c0c0c0]我只是为兹瑞克斯工作，让他们相信。[-][/c][-][/c] [c][ff8080][b]>>[/b][-][/c],,,,,,
pda_8UOGKOO,[c][ff8080]<<[-][/c] [i]... I wonder what the [c][ffffff][b]Core [/b][-][/c]of a [c][ffffff]Human [-][/c]is ... ?[/i] [c][ff8080]>>[-][/c],,,,,,,,,,[c][ff8080]<<[-][/c] [i]... 我想知道一个[c][ffffff]人类[-][/c]的[c][ffffff][b]核心 [/b][-][/c]是什么...？[/i] [c][ff8080]>>[-][/c],,,,,,
pda_ea2qeGO,"[c][ff8080][b][/b][-][/c]\n[c][ff8080][b]<<[/b][-][/c][b] Shutting down[/b] [c][ffffff]outdated[-][/c] code. \n- [b]Re-using[/b] ""Creativity Module"" and memory nodes.[c][ff8080][b] >>[/b][-][/c]",,,,,,,,,,"[c][ff8080][b][/b][-][/c]\n[c][ff8080][b]<<[/b][-][/c][b] 正在关闭[/b] [c][ffffff]过时[-][/c]的代码。 \n- [b]重新使用[/b] ""创意模块""和内存节点。[c][ff8080][b] >>[/b][-][/c]",,,,,,
pda_iuo8W4K,[c][0080ff]Mrk[-][/c] - [c][ffffff]ReachHangar[-][/c] [i][c][ff8000](OnBy: ReachDBVessel) (offBy: SVHangar) (OffOn: FightBoost & HackCounter)[-][/c][/i],,,,,,,,,,[c][0080ff]标记[-][/c] - [c][ffffff]到达机库[-][/c] [i][c][ff8000](开启：到达DB飞船) (关闭：SV机库) (开关：战斗增强 & 黑客计数器)[-][/c][/i],,,,,,
pda_aCKmaSm,...,,,,,,,,,,...,,,,,,
pda_SG80qWK,...,,,,,,,,,,...,,,,,,
pda_qeKeW8i,--,,,,,,,,,,--,,,,,,
pda_iqqAKCa,Sig - EvilHack wants [c][ffffff]player dead2[-][/c] [i][c][ff8000](offby: CoreKill) >C_On[-][/c][/i],,,,,,,,,,信号 - 邪恶黑客希望[c][ffffff]玩家死亡2[-][/c] [i][c][ff8000](关闭：核心击杀) >C_开[-][/c][/i],,,,,,
pda_q08Cu8a,[c][ff8080][i]( Message )[/i][-][/c],,,,,,,,,,[c][ff8080][i]( 信息 )[/i][-][/c],,,,,,
pda_88WGaWi,...,,,,,,,,,,...,,,,,,
pda_CGSd4aW,---,,,,,,,,,,---,,,,,,
pda_064SCwS,[c][ff8080][b]<<[/b][-][/c] [c][ff8080][c][c0c0c0][c][ffffff][b]Destroy[/b][-][/c][-][/c][-][/c][b] carrying individual.[/b]\n[b][c][ff8080][c][c0c0c0][c][ffffff][b]Collect[/b][-][/c][-][/c][-][/c] Drill unit. [c][ff8080]>>[-][/c][/b]\n\n [c][ff8080][b]<<[/b][-][/c] [c][c0c0c0][b][c][ffffff]Repeat[-][/c].[/b][-][/c] - - Carrying individual [c][c0c0c0][c][ffffff][b]destruction[/b][-][/c][-][/c] advised.  [c][ff8080][b]>>[/b][-][/c],,,,,,,,,,[c][ff8080][b]<<[/b][-][/c] [c][ff8080][c][c0c0c0][c][ffffff][b]摧毁[/b][-][/c][-][/c][-][/c][b]携带者。[/b]\n[b][c][ff8080][c][c0c0c0][c][ffffff][b]收集[/b][-][/c][-][/c][-][/c]钻头单元。 [c][ff8080]>>[-][/c][/b]\n\n [c][ff8080][b]<<[/b][-][/c] [c][c0c0c0][b][c][ffffff]重复[-][/c]。[/b][-][/c] - - 携带者的[c][c0c0c0][c][ffffff][b]毁灭[/b][-][/c][-][/c]已建议。  [c][ff8080][b]>>[/b][-][/c],,,,,,
pda_4e4SeeI,...,,,,,,,,,,...,,,,,,
pda_sSiSKCq,...,,,,,,,,,,...,,,,,,
pda_SiaSOWa,Sig - [c][ffffff]Tower[-][/c] Message,,,,,,,,,,信号 - [c][ffffff]塔楼[-][/c] 信息,,,,,,
pda_kW8q4We,...,,,,,,,,,,...,,,,,,
pda_qK40KiG,...,,,,,,,,,,...,,,,,,
pda_WKqOiOC,--,,,,,,,,,,--,,,,,,
pda_KOeCEOG,[i]< I don't know how it is for you ...[/i]\n[i]- But I always wanted to go to [b]space[/b]. >[/i]\n[i][/i]\n[i]< See the [b]galaxy[/b]... All those strange and wonderful places ... >[/i],,,,,,,,,,[i]< 我不知道对你来说如何...[/i]\n[i]- 但我一直想去[b]太空[/b]。 >[/i]\n[i][/i]\n[i]< 看看那[b]星系[/b]... 所有那些奇异而美妙的地方 ... >[/i],,,,,,
pda_8eaieq4,Sig - Enter[c][ffffff]Talon[-][/c] Tower,,,,,,,,,,信号 - 进入[c][ffffff]泰隆[-][/c] 塔楼,,,,,,
pda_GWKuu8m,...,,,,,,,,,,...,,,,,,
pda_0qqauOO,...,,,,,,,,,,...,,,,,,
pda_ueuaW4q,--,,,,,,,,,,--,,,,,,
pda_GGa584Q,[i]< This looks a bit like those old [b]Talon [/b]buildings. >[/i]\n[i][/i]\n[i]< [b]Captain [/b]was all talking about them... >[/i],,,,,,,,,,[i]< 这看起来有点像那些古老的 [b]泰隆 [/b]建筑。 >[/i]\n[i][/i]\n[i]< [b]船长 [/b]一直在谈论它们... >[/i],,,,,,
pda_aKOeCeM,Playtest - StartSpace: Ship Destruction dialog,,,,,,,,,,测试 - 开端太空：飞船毁灭对话,,,,,,
pda_ep0uWW4,...,,,,,,,,,,...,,,,,,
pda_80eSGYa,...,,,,,,,,,,...,,,,,,
pda_W4Oq4Kq,--,,,,,,,,,,--,,,,,,
pda_eKSuq0q,...,,,,,,,,,,...,,,,,,
pda_qOQu80K,--,,,,,,,,,,--,,,,,,
pda_8u8qmKa,...,,,,,,,,,,...,,,,,,
pda_W4Z4uGa,--,,,,,,,,,,--,,,,,,
pda_OiaOCGu,\n[i]< ... [c][ffff00]Teleporter is back [-][/c]!  Let's get moving ! >[/i],,,,,,,,,,\n[i]< ... [c][ffff00]传送器恢复了 [-][/c]！ 我们出发吧！ >[/i],,,,,,
pda_e84ew0u,[i]< Please [c][ffffff]hurry ![-][/c][c][ffffff][-][/c][/i]\n[i] Trying to ... [/i]> [c][c0c0c0]Chirp[-][/c][i] < convince these drones of the[/i][b][i] joys of mining[/i][/b][i] ... >[/i],,,,,,,,,,[i]< 请[c][ffffff]快点！[-][/c][c][ffffff][-][/c][/i]\n[i] 正在尝试... [/i]> [c][c0c0c0]唧唧[-][/c][i] < 说服这些无人机相信[/i][b][i]采矿的乐趣[/i][/b][i] ... >[/i],,,,,,
pda_4ef8mma,turned on workshop hall motion detectors,,,,,,,,,,打开了车间大厅的移动探测器,,,,,,
pda_KKCqgqe,...,,,,,,,,,,...,,,,,,
pda_WnmaC4C,--,,,,,,,,,,--,,,,,,
pda_gK80Oiu,"[i]< The mind of this Base, wants to enjoy [/i][i]the universe, in peace and [b]harmony[/b][/i][i][b].[/b] [/i][i]>[/i]\n[i]- - So, it decided to[b] give away[/b] all the hurtful things. > [/i]\n[i]< - [/i][i] And URGES us to use them. >[/i]\n[i]< ... Ideally, by ""[c][ffffff]totally [b]wrecking [/b]the Dronebase's [b]Core[/b][-][/c][b][/b]' >[/i]",,,,,,,,,,"[i]< 这个基地的意识，想要和平地、和谐地享受[/i][i]宇宙[b][/b][/i][i][b]。[/b] [/i][i]>[/i]\n[i]- - 所以，它决定[b] 赠送[/b] 所有有害的东西。 > [/i]\n[i]< - [/i][i] 并敦促我们使用它们。 >[/i]\n[i]< ... 理想情况下，通过""[c][ffffff]彻底 [b]摧毁 [/b]无人机基地的 [b]核心[/b][-][/c][b][/b]' >[/i]",,,,,,
pda_4geuC0O,...,,,,,,,,,,...,,,,,,
pda_eqOmS0u,...,,,,,,,,,,...,,,,,,
pda_uCGiG8O,--,,,,,,,,,,--,,,,,,
pda_d0uqGCC,...,,,,,,,,,,...,,,,,,
pda_G2eaGCq,...,,,,,,,,,,...,,,,,,
pda_koqS4iC,--,,,,,,,,,,--,,,,,,
pda_GuWqSK4,Liftoff check,,,,,,,,,,升空检查,,,,,,
pda_uaWKCOh,...,,,,,,,,,,...,,,,,,
pda_eg0Km08,--,,,,,,,,,,--,,,,,,
pda_S8S484c,"[c][c0c0c0]chiiirp[-][/c] [i]< [c][ffffff]Worried ... ?[-][/c][/i]\n[i]Yes, [b]fear the Human[/b], for it [b]walks in Force and Thunder ![/b]! >[/i]",,,,,,,,,,[c][c0c0c0]唧唧[-][/c] [i]< [c][ffffff]担心...？[-][/c][/i]\n[i]是的，[b]敬畏人类[/b]，因为它[b]以力量与雷霆行走！[/b]! >[/i],,,,,,
pda_8Ke6gWK,...,,,,,,,,,,...,,,,,,
pda_almOWrm,--,,,,,,,,,,--,,,,,,
pda_7WGiWam,[c][0080ff](nPOI)[-][/c] - [c][ffffff]Thanking[-][/c] player [c][ff8000][i](OnBy: CoreKill)[/i][-][/c],,,,,,,,,,[c][0080ff](nPOI)[-][/c] - [c][ffffff]感谢[-][/c]玩家[c][ff8000][i](开启：核心击杀)[/i][-][/c],,,,,,
pda_uiaKSWC,[b][c][ff8080]<<<[-][/c][/b] [c][ff8080][b]Critical damage. Shutting down [/b][-][/c][b][c][ff8080]>>>[-][/c][/b]\n[c][ffffff]\nBase attack waves stopped.[-][/c],,,,,,,,,,[b][c][ff8080]<<<[-][/c][/b] [c][ff8080][b]严重损坏。正在关闭 [/b][-][/c][b][c][ff8080]>>>[-][/c][/b]\n[c][ffffff]\n基地攻击波已停止。[-][/c],,,,,,
pda_d4uC04D,[c][ffff00]Drill more[-][/c] Carbon rocks,,,,,,,,,,[c][ffff00]开采更多[-][/c] 碳岩石,,,,,,
pda_OkS8i0K,'Carbon Substrate' collected:,,,,,,,,,,已收集的'碳基质'：,,,,,,
pda_ia3KW0G,--,,,,,,,,,,--,,,,,,
pda_Oi40Ymu,[c][0080ff](nPOI)[-][/c] [c][ffffff]NewShores[-][/c]Ready [c][0080ff]Tsk[-][/c] [i][c][ff8000](OnBy: AmmoBox) [-][/c][/i][c][ff8000]C_OnT x3 >C_off x2 [c][0080ff]>Cascade[-][/c][-][/c],,,,,,,,,,[c][0080ff](nPOI)[-][/c] [c][ffffff]新海岸[-][/c]就绪 [c][0080ff]任务[-][/c] [i][c][ff8000](开启：弹药箱) [-][/c][/i][c][ff8000]C_开 x3 >C_关 x2 [c][0080ff]>级联[-][/c][-][/c],,,,,,
pda_GOKSOOk,[c][ffff00]Travel to northern Island[-][/c],,,,,,,,,,[c][ffff00]前往北部岛屿[-][/c],,,,,,
pda_OK8CmA0,"[i]< You can [c][ffffff]fill in this fuel[-][/c], by using the [c][ffff00]Control Panel[-][/c] [/i][c][00ff00][P][-][/c][i] of your vessel >[/i]",,,,,,,,,,[i]< 你可以通过飞船的 [c][ffff00]控制面板[-][/c] [/i][c][00ff00][P][-][/c][i]来[c][ffffff]填充这种燃料[-][/c] >[/i],,,,,,
pda_CmCqKWL,- Use Control Panel [c][00ff00][P][-][/c] to quickfill,,,,,,,,,,- 使用控制面板 [c][00ff00][P][-][/c] 快速填充,,,,,,
pda_4GqSqi2,---,,,,,,,,,,---,,,,,,
pda_M0WKaWW,"[u][c][ffffff]Quickfill buttons[-][/c][/u]:\n\n\n(Bottom row: Fuel tank)\n\n[c][ffff00]Click on ""Fill all"" button,[-][/c]\nto fill as much fuel as possible,\ndrawing it from your Inventory.\n\n[sup][i]([b]Biofuel [/b]needs to be filled manually, \ne.g. with the 'Manage' button. )[/i][/sup]",,,,,,,,,,[u][c][ffffff]快速填充按钮[-][/c][/u]：\n\n\n(底行：燃料罐)\n\n[c][ffff00]点击“全部填充”按钮，[-][/c]\n从物品栏中尽可能多地填充燃料。\n\n[sup][i]([b]生物燃料 [/b]需要手动填充，\n例如使用“管理”按钮。 )[/i][/sup],,,,,,
pda_8umu0m0,...,,,,,,,,,,...,,,,,,
pda_iuSgqCw,---,,,,,,,,,,---,,,,,,
pda_4miKiKC,"< You can fill the tank here, \nor with the [c][ffffff][[Main]] tab[-][/c], too.\n\nThe latter is more [b]convenient[/b]. >",,,,,,,,,,< 你可以在这里加满燃料罐，\n或者使用[c][ffffff][[Main]] 标签页[-][/c]。\n\n后者更为[b]方便[/b]。 >,,,,,,
pda_iGKW0Ue,[i]< The [c][ffffff]Control Panel[-][/c] [/i][c][00ff00][P][-][/c][i] can be reached even when sitting in a [b]Cockpit [/b]... > [/i],,,,,,,,,,[i]< 即使坐在[b]驾驶舱 [/b]里也能到达[c][ffffff]控制面板[-][/c] [/i][c][00ff00][P][-][/c][i]... > [/i],,,,,,
pda_qVCWsS4,...,,,,,,,,,,...,,,,,,
pda_OSeWEie,--,,,,,,,,,,--,,,,,,
pda_GaGSW0w,"[i]< [b]Cores [/b]are nice ...  But this one, is - hm. I don't know ... >[/i]",,,,,,,,,,[i]< [b]核心 [/b]是很好的... 但这个，嗯。我不知道... >[/i],,,,,,
pda_Sae8qSi,[c][0080ff]Mrk [-][/c]- Northern To Go [i][c][ff8000](OnByT: NewShores) [-][/c][c][ff8000](OffBy: CntrlHV & CloneHome)[-][/c][/i],,,,,,,,,,[c][0080ff]标记 [-][/c]- 北部前进 [i][c][ff8000](OnByT: NewShores) [-][/c][c][ff8000](OffBy: CntrlHV & CloneHome)[-][/c][/i],,,,,,
pda_dOWuSSa,...,,,,,,,,,,...,,,,,,
pda_d00GOiS,...,,,,,,,,,,...,,,,,,
pda_a8u8S8q,--,,,,,,,,,,--,,,,,,
pda_e4a4Kua,[c][0080ff]Mrk[-][/c] - DestroyTheTurrets  [i][c][ff8000](OnBy:ArtyBase)[-][/c][c][ff8000] (OffBy:TurretsDown)[-][/c][/i],,,,,,,,,,[c][0080ff]标记[-][/c] - 摧毁炮塔  [i][c][ff8000](OnBy:ArtyBase)[-][/c][c][ff8000] (OffBy:TurretsDown)[-][/c][/i],,,,,,
pda_eu8ielK,...,,,,,,,,,,...,,,,,,
pda_aKq0008,...,,,,,,,,,,...,,,,,,
pda_S8OSW0u,---,,,,,,,,,,---,,,,,,
pda_8OeueQM,[c][ff8000]WARNING[-][/c],,,,,,,,,,[c][ff8000]警告[-][/c],,,,,,
pda_Y8aWmkG,Killer turret,,,,,,,,,,杀手炮塔,,,,,,
pda_OG0ZCQe,--,,,,,,,,,,--,,,,,,
pda_CGeem4D,[i]Optional: Find & Destroy Dronebase Core[/i],,,,,,,,,,[i]可选：找到并摧毁无人机基地核心[/i],,,,,,
pda_GmgCCae,--,,,,,,,,,,--,,,,,,
pda_G440a0m,"[i]< Careful, that Base over there has a [c][ffffff]homing [-][/c][b][c][ff8000]rocket turret[-][/c][/b].- - A one-shot [b]killer[/b]... >[/i]\n\n[i]< Very hacking resistant ...! >[/i]\n[i]< [/i][i]If we could [c][ffffff]disable those Turrets[-][/c], somehow ...? >[/i]",,,,,,,,,,[i]< 小心，那边的基地有[c][ffffff]追踪[-][/c][b][c][ff8000]火箭炮塔[-][/c][/b]。- - 一击必杀的[b]杀手[/b]... >[/i]\n\n[i]< 黑客抵抗能力非常强...！ >[/i]\n[i]< [/i][i]如果我们能[c][ffffff]禁用那些炮塔[-][/c]，不知何故...？ >[/i],,,,,,
pda_W8iuo8u,"[c][0080ff]Mrk[-][/c] - Vessel&DB [i][c][ff8000](OnByT:BAattack, NewShores)[-][/c][c][ff8000]  (OffOnBy: TaskAmmoBox -- NewShores)(OffBy: DangerArea, Arty(s), CloneHome)[-][/c][/i]",,,,,,,,,,"[c][0080ff]标记[-][/c] - 飞船与数据库 [i][c][ff8000](OnByT:BAattack, NewShores)[-][/c][c][ff8000]  (OffOnBy: TaskAmmoBox -- NewShores)(OffBy: DangerArea, Arty(s), CloneHome)[-][/c][/i]",,,,,,
pda_mmKiG40,...,,,,,,,,,,...,,,,,,
pda_4OSiCOG,...,,,,,,,,,,...,,,,,,
pda_GWmKGxO,--,,,,,,,,,,--,,,,,,
pda_ijqSCK0,[c][ffff00]Travel to northern Island[-][/c],,,,,,,,,,[c][ffff00]前往北部岛屿[-][/c],,,,,,
pda_mi4iWK0,Hover height:\n[c][00ff00][Space][-][/c] / [c][00ff00][ C ][-][/c]\nMain Power: [c][00ff00][Z] [-][/c](Y),,,,,,,,,,悬浮高度：\n[c][00ff00][Space][-][/c] / [c][00ff00][ C ][-][/c]\n主电源：[c][00ff00][Z] [-][/c](Y),,,,,,
pda_umGmuOO,--,,,,,,,,,,--,,,,,,
pda_q8WqiYi,"[i]< Pre-check, vessel is ready to go ! >[/i]\n[i][/i]\n[i]< [/i][c][00ff00][Space][-][/c] [i], [/i][c][00ff00][ C ][-][/c][i] for [c][ffff00]hover height[-][/c]! >[/i]",,,,,,,,,,"[i]< 预检完成，飞船准备就绪！ >[/i]\n[i][/i]\n[i]< [/i][c][00ff00][Space][-][/c] [i], [/i][c][00ff00][ C ][-][/c][i]用于[c][ffff00]悬浮高度[-][/c]！ >[/i]",,,,,,
pda_a20e0SO,...,,,,,,,,,,...,,,,,,
pda_CUWuOmC,...,,,,,,,,,,...,,,,,,
pda_iSWmiIK,--,,,,,,,,,,--,,,,,,
pda_5miUGG0,"[i]< So, this is a place to [c][ffff00]get a Hover vessel [-][/c]...! >[/i]\n\n[i]< The Constructors are on... [/i]\n[i]But using the [c][ffffff]""Factory"" [-][/c]could be faster. >[/i]",,,,,,,,,,"[i]< 所以，这里是[c][ffff00]获取悬浮飞船[-][/c]的地方...！ >[/i]\n\n[i]< 建造机在上面... [/i]\n[i]但使用[c][ffffff]""工厂"" [-][/c]可能会更快。 >[/i]",,,,,,
pda_iimmCaq,"[i]< We are kind of... [c][ffffff]guests [-][/c]here. >[/i]\n\n[i]< Please do things with [c][ffff00]Hover Vessels[-][/c], [c][ffffff]only[-][/c].[/i]\n[i]- No Small Vessel, or Capitals ... >[/i]",,,,,,,,,,[i]< 我们算是... [c][ffffff]客人 [-][/c]这里的。 >[/i]\n\n[i]< 请使用[c][ffff00]悬浮飞船[-][/c]来做事情，[c][ffffff]仅限[-][/c]。[/i]\n[i]- 不允许小型飞船或主力舰... >[/i],,,,,,
pda_S4OaWSa,"[c][00ff00]Green[-][/c]: [i]Temporarily changed, or switched on,off[/i]",,,,,,,,,,[c][00ff00]绿色[-][/c]: [i]暂时更改，或已开启/关闭[/i],,,,,,
pda_0040OCa,--,,,,,,,,,,--,,,,,,
pda_84iK8OK,--,,,,,,,,,,--,,,,,,
pda_8KmqDSG,--,,,,,,,,,,--,,,,,,
pda_eCAWGOK,- Go to the Bridge\n [c][c0c0c0][sup](Follow the [/sup][-][/c][c][ffff00][sup]Marker[/sup][-][/c][c][c0c0c0][sup])[/sup][-][/c]\n- Talk to Captain,,,,,,,,,,- 前往舰桥\n [c][c0c0c0][sup](跟随[/sup][-][/c][c][ffff00][sup]标记[/sup][-][/c][c][c0c0c0][sup])[/sup][-][/c]\n- 与舰长交谈,,,,,,
pda_SCSC4Ka,--,,,,,,,,,,--,,,,,,
pda_qiucSSe,"[sup]Rotate:  [c][00ff00][HOME][-][/c] , [c][00ff00][END][-][/c]\n     Axis:  [c][00ff00][INS] [-][/c], [c][00ff00][DEL][-][/c]\nBlock styles[/sup] [sup][c][00ff00][RMB][-][/c][/sup]\n[sup]---\nDraw line: [c][00ff00]Hold [LMB]\n [-][/c]Draw plane: [c][00ff00]Hold [LMB] +[Shift][-][/c][/sup] [sup]\n(You need a [b]Core[/b] to pick up blocks.)[/sup]",,,,,,,,,,"[sup]旋转:  [c][00ff00][HOME][-][/c] , [c][00ff00][END][-][/c]\n     轴:  [c][00ff00][INS] [-][/c], [c][00ff00][DEL][-][/c]\n方块样式[/sup] [sup][c][00ff00][RMB][-][/c][/sup]\n[sup]---\n绘制线: [c][00ff00]按住 [LMB]\n [-][/c]绘制面: [c][00ff00]按住 [LMB] +[Shift][-][/c][/sup] [sup]\n(你需要一个[b]核心[/b]来拾取方块。)[/sup]",,,,,,
pda_ki4mW4u,--,,,,,,,,,,--,,,,,,
pda_SuECiuO,---,,,,,,,,,,---,,,,,,
pda_qO4wemC,--,,,,,,,,,,--,,,,,,
pda_iiW8iSW,- Check out markers?,,,,,,,,,,- 查看标记？,,,,,,
pda_KS3DGSW,--,,,,,,,,,,--,,,,,,
pda_8OuUCSm,WinOp - rw- [c][ffffff]OpenMap[-][/c]Rd [c][ff8000][i](RwBy: UseRad)   (OffBy:OrbitWarp) [/i]>C_Rw[-][/c],,,,,,,,,,WinOp - rw- [c][ffffff]OpenMap[-][/c]Rd [c][ff8000][i](RwBy: UseRad)   (OffBy:OrbitWarp) [/i]>C_Rw[-][/c],,,,,,
pda_ve8cKGi,Navigation,,,,,,,,,,导航,,,,,,
pda_KOS4C0W,(Close map window),,,,,,,,,,(关闭地图窗口),,,,,,
pda_eWaqSOG,--,,,,,,,,,,--,,,,,,
pda_0ci6400,"Drag map with [c][00ff00][LMB][-][/c]. \nZoom with [c][00ff00][MouseWheel][-][/c].\n--\n[c][00ff00][RMB][-][/c] : [c][ffffff]Markers [-][/c]and [c][ffffff]Waypoints[-][/c]\n\n[i](To [b]list [/b]all Markers, click the [b][/b][/i]\n[i][b]upper screen right button[/b] looking like a [/i]\n[i]place marker.)[/i]\n\n[i][c][c0c0c0]For more info, hover your mouse over icons)[-][/c][/i]\n\n\n--- \n( [b]Close map[/b] when you are done. )",,,,,,,,,,用 [c][00ff00][LMB][-][/c] 拖动地图。\n用 [c][00ff00][MouseWheel][-][/c] 缩放。\n--\n[c][00ff00][RMB][-][/c] ：[c][ffffff]标记[-][/c]与[c][ffffff]航点[-][/c]\n\n[i](要[b]列出[/b]所有标记，请点击[b][/b][/i]\n[i][b]屏幕右上角的按钮[/b]，它看起来像一个[/i]\n[i]放置标记的图标。[/i])\n\n[i][c][c0c0c0]更多信息，请将鼠标悬停在图标上)[-][/c][/i]\n\n\n--- \n( [b]完成后关闭地图[/b]。 ),,,,,,
pda_Cme8mCu,[c][ff80ff]needed? [-][/c]UnL -on- UnlockSniper [c][ff8000]>C_Off [-][/c],,,,,,,,,,[c][ff80ff]需要？ [-][/c]UnL -on- UnlockSniper [c][ff8000]>C_Off [-][/c],,,,,,
pda_WSaG0qC,...,,,,,,,,,,...,,,,,,
pda_OO8qGii,(Sniper unlocked),,,,,,,,,,(狙击枪已解锁),,,,,,
pda_aa042ii,--,,,,,,,,,,--,,,,,,
pda_GWSKS8K,_______________ [i]( Weapons & handling )[/i],,,,,,,,,,_______________ [i]( 武器与操控 )[/i],,,,,,
pda_GL44Yqq,--,,,,,,,,,,--,,,,,,
pda_uOaeG0e,--,,,,,,,,,,--,,,,,,
pda_eqiWeOK,--,,,,,,,,,,--,,,,,,
pda_OimO884,Detecting ...,,,,,,,,,,正在检测...,,,,,,
pda_GGea0WG,Open Map with [c][00ff00][M][-][/c],,,,,,,,,,按 [c][00ff00][M][-][/c] 打开地图,,,,,,
pda_iOuKO4G,---,,,,,,,,,,---,,,,,,
pda_qqSi4mu,...,,,,,,,,,,...,,,,,,
pda_88equWa,--,,,,,,,,,,--,,,,,,
pda_OKe8Rmm,"[i]< ... There could be interesting places nearby ...[/i]\n[i]- Detecting an [b]active power source[/b] ...? >[/i]\n\n[i]< [c][ffffff]Check your[-][/c][/i] [c][ffff00]Map[-][/c] [c][00ff00][M][-][/c] [i], to see it better. >[/i]",,,,,,,,,,[i]< ... 附近可能有有趣的地方...[/i]\n[i]- 检测到[b]活跃的能源[/b]...？ >[/i]\n\n[i]< [c][ffffff]查看你的[-][/c][/i] [c][ffff00]地图[-][/c] [c][00ff00][M][-][/c] [i]，以便更好地观察。 >[/i],,,,,,
pda_GaSauCG,[i](( Scanning... ))[/i],,,,,,,,,,[i](( 扫描中... ))[/i],,,,,,
pda_qCDauSq,...,,,,,,,,,,...,,,,,,
pda_WixeOei,--,,,,,,,,,,--,,,,,,
pda_mmeqOGu,[c][0080ff](nPOI) [-][/c]-off- [b][c][ff8080]Sel&Fork[-][/c][/b] - [c][ffffff]CheckIfDetector[-][/c] [c][ff8080][i](ToRwBy:T3PCCraft) ( RwBy:OpenMap)   [/i]>To[-][/c][c][ff80ff][c][ff8080]Rw & C_Off >C_Rw[-][/c][-][/c],,,,,,,,,,[c][0080ff](nPOI) [-][/c]-off- [b][c][ff8080]选择与岔路[-][/c][/b] - [c][ffffff]检测探测器[-][/c] [c][ff8080][i](ToRwBy:T3PCCraft) ( RwBy:OpenMap)   [/i]>To[-][/c][c][ff80ff][c][ff8080]Rw & C_Off >C_Rw[-][/c][-][/c],,,,,,
pda_804rime,...,,,,,,,,,,...,,,,,,
pda_CeKK8R4,...,,,,,,,,,,...,,,,,,
pda_um4WWqW,--,,,,,,,,,,--,,,,,,
pda_uimaqOi,[c][0080ff](nPOI) [-][/c]-off- [c][ff8080][b]Fork[/b] - [-][/c] [c][ffffff]NextGoal [-][/c][c][ff8000][i](ToRwBy:ChIfDetector) (RwBy:HRExit) [/i]>C_On >C_Off [c][ff8080]>Rw[-][/c][-][/c],,,,,,,,,,[c][0080ff](nPOI) [-][/c]-off- [c][ff8080][b]岔路[/b] - [-][/c] [c][ffffff]下一个目标 [-][/c][c][ff8000][i](ToRwBy:ChIfDetector) (RwBy:HRExit) [/i]>C_On >C_Off [c][ff8080]>Rw[-][/c][-][/c],,,,,,
pda_iGuGiTr,Directions,,,,,,,,,,方向,,,,,,
pda_mqC8eum,...,,,,,,,,,,...,,,,,,
pda_amSGSKq,---,,,,,,,,,,---,,,,,,
pda_iWa4uSu,[c][0080ff](nPOI)[-][/c] - rw_[c][ff8080]V[-][/c] - [c][ffffff]HRBackToBeach[-][/c] [c][ff8080][i](RwBy:HRExit) [/i][i](OffByT: GoToHeatRad) [/i]  >C_Off[-][/c],,,,,,,,,,[c][0080ff](nPOI)[-][/c] - rw_[c][ff8080]V[-][/c] - [c][ffffff]HRBackToBeach[-][/c] [c][ff8080][i](RwBy:HRExit) [/i][i](OffByT: GoToHeatRad) [/i]  >C_Off[-][/c],,,,,,
pda_ueamS00,Bountiful place,,,,,,,,,,富饶之地,,,,,,
pda_qOeMeiO,Bountiful place,,,,,,,,,,富饶之地,,,,,,
pda_OKk0jgW,"[c][ffff00]Go back to the beach[-][/c],\nto finish preparations",,,,,,,,,,[c][ffff00]回到海滩[-][/c]，\n完成准备工作,,,,,,
pda_qumiUa0,--,,,,,,,,,,--,,,,,,
pda_KSwauuC,"[c][ffff00]Go back to the beach[-][/c],\nto finish preparations",,,,,,,,,,[c][ffff00]回到海滩[-][/c]，\n完成准备工作,,,,,,
pda_884eeiO,--,,,,,,,,,,--,,,,,,
pda_aS008Sa,"[i]< I cannot discern the antenna's signal direction ... yet.[/i]\n[i]Wherever it is pointed to, it's likely [c][ffffff]too far away for walking[-][/c]. >[/i]\n\n[i]< Let's [c][ffff00]get back to that beach[-][/c] ... ? [/i]\n[i]The more we prepare, the easier it is later ... ? >[/i]",,,,,,,,,,[i]< 我还无法辨别天线的信号方向... 暂时不能。[/i]\n[i]无论它指向哪里，很可能[c][ffffff]步行过去太远了[-][/c]。 >[/i]\n\n[i]< 我们[c][ffff00]回那片海滩吧[-][/c]...？ [/i]\n[i]准备得越充分，后面就越轻松...？ >[/i],,,,,,
pda_0ECSSea,[b]P[/b]oint [b]O[/b]f [b]I[/b]nterest,,,,,,,,,,[b]兴[/b]趣 [b]点[/b] [b]POI[/b],,,,,,
pda_aZeOWw4,[i][sup](get closer to building)[/sup][/i],,,,,,,,,,[i][sup](靠近建筑)[/sup][/i],,,,,,
pda_C8euWKq,--,,,,,,,,,,--,,,,,,
pda_OmKKOWj,[u][c][ffffff]Admin Cores[-][/c][/u] \n([c][ff80ff]Pink [-][/c]or [c][0080ff]blue[-][/c] glow)\n\n[b]Special dungeons[/b] and story places.\n\n- Everything [b]damaged [/b]can be [b]destroyed[/b].\n- Everything '[c][ffffff]intact[-][/c]' is turned [c][ffffff]invulnerable.[-][/c]\n\n... Such POIs are displayed on the Map\n as a chevron.,,,,,,,,,,"[u][c][ffffff]管理员核心[-][/c][/u] \n([c][ff80ff]粉色[-][/c]或[c][0080ff]蓝色[-][/c]光晕)\n\n[b]特殊地牢[/b]与剧情地点。\n\n- 所有[b]损坏的[/b]物品都可以被[b]摧毁[/b]。\n- 所有""[c][ffffff]完好[-][/c]""的物品都会被设为[c][ffffff]不可破坏。[-][/c]\n\n... 此类POI会以V形图标显示在地图上。",,,,,,
pda_eGW28e0,"You just [u]found a [c][ffffff]""POI""[-][/c][/u]:\n\n""Point of interest""\n\n( ... Places like these offer [c][ffffff]adventure, challenges, loot[-][/c] ... )",,,,,,,,,,"你刚刚[u]发现了一个[c][ffffff]""POI""[-][/c][/u]:\n\n""兴趣点""\n\n( ... 像这样的地方通常提供[c][ffffff]冒险、挑战和战利品[-][/c]... )",,,,,,
pda_S0aSGOu,[b]P[/b]oint [b]O[/b]f [b]I[/b]nterest,,,,,,,,,,[b]兴[/b]趣 [b]点[/b] [b]POI[/b],,,,,,
pda_S8WCOku,[c][ffff00]Get inside of the cellar[-][/c],,,,,,,,,,[c][ffff00]进入地窖[-][/c],,,,,,
pda_mimSOm8,--,,,,,,,,,,--,,,,,,
pda_Oa8OSCm,...,,,,,,,,,,...,,,,,,
pda_4ub4OuK,--,,,,,,,,,,--,,,,,,
pda_CWW1GGe,[i]< I'm trying to [b]find out more[/b] about this... >[/i]\n[i][/i]\n[i]< Maybe I can get a better connection [c][ffff00]inside of the[-][/c] [c][ffff00]cellar[-][/c] ... >[/i],,,,,,,,,,[i]< 我正在尝试[b]了解更多[/b]关于这个... >[/i]\n[i][/i]\n[i]< 也许我能在地窖[c][ffff00]内部获得更好的连接[-][/c] [c][ffff00]地窖[-][/c] ... >[/i],,,,,,
pda_Saq88m8,...,,,,,,,,,,...,,,,,,
pda_W4CaiG8,--,,,,,,,,,,--,,,,,,
pda_KaCSk8K,"[i]< Cores are nice ...  But this one, is - hm. I don't know ... >[/i]",,,,,,,,,,[i]< 核心这东西是不错... 但这个，嗯... 我不太确定... >[/i],,,,,,
pda_8C0SxvK,"[i]< That Core was odd ... - - As if it was [b]scanning[/b] us ... >[/i]\n[i][/i]\n[i]< I think it uses the protection field, to [b]counter [/b]anything you do.[/i]\n[i]- At least it tries to ... ? >[/i]",,,,,,,,,,[i]< 那个核心很奇怪... - - 好像它在[b]扫描[/b]我们... >[/i]\n[i][/i]\n[i]< 我想它利用防护场来[b]反制[/b]你的一切行动。[/i]\n[i]- 至少它在尝试...？ >[/i],,,,,,
pda_CC0KRKC,"[i]< That Core was odd ... - - As if it was [b]scanning[/b] us ... >[/i]\n[i][/i]\n[i]< I think it uses the protection field, to [b]counter [/b]anything you do.[/i]\n[i]- At least it tries to ... ? >[/i]",,,,,,,,,,[i]< 那个核心很奇怪... - - 好像它在[b]扫描[/b]我们... >[/i]\n[i][/i]\n[i]< 我想它利用防护场来[b]反制[/b]你的一切行动。[/i]\n[i]- 至少它在尝试...？ >[/i],,,,,,
pda_uiW6WCW,BlDstr - rw-  [c][ffffff]ExtraSpawn[-][/c]pads[c][ff8000] [i](RwBy: ExploreNest (ToRwBy: ReachDBTask) [/i][-][/c][c][ff8000][i](OffBy:DrillAttack(HackCouner))[/i]  [-][/c][c][ff8000]>ToRw[-][/c],,,,,,,,,,BlDstr - rw-  [c][ffffff]ExtraSpawn[-][/c]pads[c][ff8000] [i](RwBy: ExploreNest (ToRwBy: ReachDBTask) [/i][-][/c][c][ff8000][i](OffBy:DrillAttack(HackCouner))[/i]  [-][/c][c][ff8000]>ToRw[-][/c],,,,,,
pda_Si0WWI5,Zirax Teleport Pads,,,,,,,,,,兹瑞克斯传送器平台,,,,,,
pda_380qSem,...,,,,,,,,,,...,,,,,,
pda_kWCsmEa,---,,,,,,,,,,---,,,,,,
pda_WGOe42K,WinOp_Div -rw- [c][ff8080]SecRew[-][/c] - [c][ffffff]NestCatchall[-][/c] [c][ff8000][i](RwBy:CongratsPad[/i][-][/c][c][ff8000][i]) (OffBy:ExploreNest)[/i][-][/c],,,,,,,,,,WinOp_Div -rw- [c][ff8080]SecRew[-][/c] - [c][ffffff]NestCatchall[-][/c] [c][ff8000][i](RwBy:CongratsPad[/i][-][/c][c][ff8000][i]) (OffBy:ExploreNest)[/i][-][/c],,,,,,
pda_S0OWaiK,...,,,,,,,,,,...,,,,,,
pda_8c4aomC,...,,,,,,,,,,...,,,,,,
pda_4SqaKFE,--,,,,,,,,,,--,,,,,,
pda_OqeuWue,...,,,,,,,,,,...,,,,,,
pda_GqOOCCm,--,,,,,,,,,,--,,,,,,
pda_aKuWSKq,"[i]< - Also, there's an [c][ffff00]Armor Locker[-][/c] with better [c][ffffff]boosters[-][/c] , and lots of [b]guns[/b]. >[/i]",,,,,,,,,,[i]< - 另外，那里有一个[c][ffff00]护甲柜[-][/c]，配有更好的[c][ffffff]增强器[-][/c]，还有大量[b]枪支[/b]。 >[/i],,,,,,
pda_O3S48Wa,...,,,,,,,,,,...,,,,,,
pda_uG4OaS8,--,,,,,,,,,,--,,,,,,
pda_mGGiG88,"[u][c][ffffff]Durability[-][/c]:[/u]\n\n[b][c][ffffff]Green bar[-][/c][/b] left to items:\nIf this gets down to zero, an [c][ff0000][b]item will break.[/b][-][/c]\nArmor will then [c][ffffff]lose all of its protection.[-][/c]\n[c][ffffff][-][/c]\n--- \n([c][ffffff]OK[-][/c]) for next message",,,,,,,,,,[u][c][ffffff]耐久度[-][/c]:[/u]\n\n[b][c][ffffff]绿色条[-][/c][/b] 表示物品剩余耐久：\n若降至零，[c][ff0000][b]物品将会损坏。[/b][-][/c]\n护甲随后会[c][ffffff]失去所有防护效果。[-][/c]\n[c][ffffff][-][/c]\n--- \n([c][ffffff]确定[-][/c]) 查看下一条信息,,,,,,
pda_8qG00Ci,_______________ [i]( PC craft: Hoverbike) (& stuff)[/i],,,,,,,,,,_______________ [i]( PC 载具: 悬浮摩托) (& 物资)[/i],,,,,,
pda_8w0S4uq,--,,,,,,,,,,--,,,,,,
pda_0iGm8cu,--,,,,,,,,,,--,,,,,,
pda_eGSimG8,--,,,,,,,,,,--,,,,,,
pda_WG4uuS0,...,,,,,,,,,,...,,,,,,
pda_W44KaOu,(Investigate the room),,,,,,,,,,(调查房间),,,,,,
pda_WXlaSOe,--,,,,,,,,,,--,,,,,,
pda_4e8ii0G,"[c][c0c0c0]( [c][c9a39c][b][i]Galleon[/i][/b] [-][/c]) [i]:[/i][-][/c][i]      ""The Farm. It is [c][ffff00]behind you[-][/c].""[/i]",,,,,,,,,,"[c][c0c0c0]( [c][c9a39c][b][i]加利昂[/i][/b] [-][/c]) [i]:[/i][-][/c][i]      ""农场。就在你[c][ffff00]身后[-][/c]。""[/i]",,,,,,
pda_aaer0GH,---\n[c][ffffff]Press[-][/c] [c][00ff00][N][-][/c] to open the [b]building helper menu[/b].,,,,,,,,,,---\n[c][ffffff]按下[-][/c] [c][00ff00][N][-][/c] 打开[b]建造辅助菜单[/b]。,,,,,,
pda_qOtiTaG,Mass and Volume,,,,,,,,,,质量与体积,,,,,,
pda_G8WO4KA,...,,,,,,,,,,...,,,,,,
pda_PuScKWC,--,,,,,,,,,,--,,,,,,
pda_uG0O2Ki,[u][c][ffffff]Mass and Volume[-][/c][/u]:\n\n- [b]Mass [/b]affects ship handling and movement.\n\n- Your carrying [b]volume [/b]can be extended with various systems.\n\n--- \n[i](You [c][ffffff]do [u]not[/u] need [-][/c]any of these items in this container.)[/i],,,,,,,,,,[u][c][ffffff]质量与体积[-][/c][/u]:\n\n- [b]质量[/b]影响飞船的操控与移动。\n\n- 你的携带[b]体积[/b]可通过多种系统扩展。\n\n--- \n[i](你[c][ffffff]无需[u][/u]在此容器中[-][/c]存放这些物品。[/i]),,,,,,
pda_408iW1u,"[i](( ... The 'drill' is a standard-issue [c][ffffff]Survival Tool[-][/c] ...? ))[/i]\n\n------\nTo use the tool, [c][ffff00]put it into your Toolbar[-][/c], below.",,,,,,,,,,[i](( ... '钻头'是标准配置的[c][ffffff]生存工具[-][/c] ...? ))[/i]\n\n------\n要使用该工具，[c][ffff00]将其放入下方的工具栏[-][/c]中。,,,,,,
pda_4KKS4i0,"[i](( ... The 'drill' is a standard-issue [c][ffffff]Survival Tool[-][/c] ...? ))[/i]\n\n------\nTo use the tool, [c][ffff00]put it into your Toolbar[-][/c], below.",,,,,,,,,,[i](( ... '钻头'是标准配置的[c][ffffff]生存工具[-][/c] ...? ))[/i]\n\n------\n要使用该工具，[c][ffff00]将其放入下方的工具栏[-][/c]中。,,,,,,
pda_GSWiS0u,"[c][ffffff][ Ship ] [-][/c]:[i]   ""Warning, [b]Gravity [/b]failure.""[/i]",,,,,,,,,,"[c][ffffff][ 飞船 ] [-][/c]:[i]   ""警告，[b]重力[/b]失效。""[/i]",,,,,,
pda_K48eOSq,Find armor locker,,,,,,,,,,找到护甲柜,,,,,,
pda_K0CGCOK,--,,,,,,,,,,--,,,,,,
pda_KWama0j,...,,,,,,,,,,...,,,,,,
pda_KS44qSu,"[i]< You know what [b]I[/b][/i] [i]find ""[/i]sooo frustrating""[i] ... ? >[/i]\n\n[i]< ... [b]To carry [/b]your loot, ... [b]into a bigger box[/b] !  >\n\n< It's just [b]busywork[/b]. - Breaking the flow.... ! >[/i]",,,,,,,,,,"[i]< 你知道吗，[b]我[/b][/i] [i]觉得""[/i]太让人沮丧了""[i] ... ？>[/i]\n\n[i]< ... [b]把你的战利品[/b]，... [b]搬到一个更大的箱子里[/b]！>\n\n< 这只是[b]零碎活[/b]。 - 打断了流程....！>[/i]",,,,,,
pda_4a008CG,...,,,,,,,,,,...,,,,,,
pda_uCiSmq4,--,,,,,,,,,,--,,,,,,
pda_eeuoaOi,[c][0080ff](nPOI) nPOI [-][/c]- off_[c][ff8080]V2[-][/c] - [c][ffffff]ReachSettle_Island[-][/c]Done [c][0080ff]Task[-][/c] [c][ff80ff][c][ff8080][i](RwBy: NextGoal) (ToRwBy:CheckIfTowEarly)[/i][-][/c][-][/c],,,,,,,,,,[c][0080ff](兴趣点) 兴趣点 [-][/c]- 关闭_[c][ff8080]V2[-][/c] - [c][ffffff]到达定居点_岛屿[-][/c]完成 [c][0080ff]任务[-][/c] [c][ff80ff][c][ff8080][i](奖励：下一个目标) (奖励：检查塔是否提前)[/i][-][/c][-][/c],,,,,,
pda_q4OOCgG,Civilisation,,,,,,,,,,文明,,,,,,
pda_9eOmumi,...,,,,,,,,,,...,,,,,,
pda_e0n4iq8,--,,,,,,,,,,--,,,,,,
pda_iq8aaq0,[c][0080ff](nPOI)[-][/c] - rw_[c][ff8080]N - Sel[-][/c] - [c][ffffff]WeatherToCopper[-][/c] [c][ff8080][i](RwBy: NextGoal) (OffBy:ChkIfTowEarly) >C_Off x2 & ToRw [/i][-][/c][c][ff8000]>C_Rwx2[i][/i][-][/c],,,,,,,,,,[c][0080ff](兴趣点)[-][/c] - 奖励_[c][ff8080]N - 选择器[-][/c] - [c][ffffff]天气到铜[-][/c] [c][ff8080][i](奖励：下一个目标) (关闭：检查塔是否提前) >关闭 x2 与奖励 [/i][-][/c][c][ff8000]>奖励 x2[i][/i][-][/c],,,,,,
pda_G4qqs44,[c][0080ff](nPOI) [-][/c]- rw- [c][ff8080]Fork[-][/c]- [c][ffffff]CheckIfTower[-][/c]Early [c][ff8080][i](RwBy: CuDrone)[/i] >ToRw & C_Off >C_Rw [-][/c][c][ff8000]>C_Off[-][/c],,,,,,,,,,[c][0080ff](兴趣点) [-][/c]- 奖励- [c][ff8080]分支[-][/c]- [c][ffffff]检查塔是否[-][/c]提前 [c][ff8080][i](奖励：铜无人机)[/i] >奖励与关闭 >奖励 [-][/c][c][ff8000]>关闭[-][/c],,,,,,
pda_KquumWC,[i]( ... scanning ... )[/i],,,,,,,,,,[i]( ... 扫描中 ... )[/i],,,,,,
pda_KmmOsqe,...,,,,,,,,,,...,,,,,,
pda_uQ8im44,--,,,,,,,,,,--,,,,,,
pda_eKKSAOS,[c][0080ff](nPOI)_nPOI[-][/c] - rw_[c][ff8080]V1[-][/c] - [c][ffffff]BackToBeach[-][/c]&HR [c][ff8080][i](RwBy: ChkIfTowEarly) (OffBy:WeatherToCop) [/i][-][/c][c][ff8000][i]>C_On[/i][i][/i][-][/c],,,,,,,,,,[c][0080ff](兴趣点)_兴趣点[-][/c] - 奖励_[c][ff8080]V1[-][/c] - [c][ffffff]返回海滩[-][/c]&HR [c][ff8080][i](奖励：检查塔是否提前) (关闭：天气到铜) [/i][-][/c][c][ff8000][i]>C_开启[/i][i][/i][-][/c],,,,,,
pda_rGmi8SS,Data connection,,,,,,,,,,数据连接,,,,,,
pda_8aKuuq0,[c][ffff00]Go back to Beach Marker[-][/c],,,,,,,,,,[c][ffff00]返回海滩标记[-][/c],,,,,,
pda_eK4ECa4,--,,,,,,,,,,--,,,,,,
pda_40K8ueC,Data connection,,,,,,,,,,数据连接,,,,,,
pda_WoaaSOS,[c][ffff00]Go back to Beach Marker[-][/c],,,,,,,,,,[c][ffff00]返回海滩标记[-][/c],,,,,,
pda_iaK0C8O,--,,,,,,,,,,--,,,,,,
pda_O888iKw,[i]< It has a data connection with an [c][ffff00]area close to the arrival beach[-][/c] ... >[/i]\n\n[i]< Maybe we should [c][ffffff]check that place again[-][/c] ... ? >[/i],,,,,,,,,,[i]< 它与靠近[c][ffff00]登陆海滩的区域[-][/c]有数据连接... >[/i]\n\n[i]< 也许我们应该[c][ffffff]再去检查那个地方[-][/c]...？>[/i],,,,,,
pda_auC8e4C,< [i]... I could decode the [b]antenna [/b]signal. >[/i]\n\n[i]< It is [b]civilian[/b] ... Mentioning a [c][ffffff]settlement to the[-][/c] [c][ffff00]North-East[-][/c]. >[/i],,,,,,,,,,< [i]... 我能解码[b]天线[/b]信号。>[/i]\n\n[i]< 它是[b]民用[/b] ... 提到了一个[c][ffffff]位于[-][/c] [c][ffff00]东北方[-][/c]的定居点。>[/i],,,,,,
pda_KKC00GG,[c][0080ff](nPOI) nPOI [-][/c]- off_[c][ff8080]N[-][/c] - [c][ffffff]ReachSettle_Tower[-][/c]Done [c][0080ff]Task [-][/c][c][ff8080][i](ToRwBy:BackToBeach) (RwBy: ChkIfTowEarly)[/i][-][/c],,,,,,,,,,[c][0080ff](兴趣点) 兴趣点 [-][/c]- 关闭_[c][ff8080]N[-][/c] - [c][ffffff]到达定居点_塔[-][/c]完成 [c][0080ff]任务 [-][/c][c][ff8080][i](奖励：返回海滩) (奖励：检查塔是否提前)[/i][-][/c],,,,,,
pda_Spmm8ah,Civilisation,,,,,,,,,,文明,,,,,,
pda_CWac4KS,...,,,,,,,,,,...,,,,,,
pda_GW8OqeY,--,,,,,,,,,,--,,,,,,
pda_KKi00CG,[i]< This old building... [/i]\n[i]I think it was a tsunami warning station... >[/i],,,,,,,,,,[i]< 这座旧建筑... [/i]\n[i]我想它是一座海啸预警站... >[/i],,,,,,
pda_8NiC88i,[i]< There is a [c][ffff00]settlement [-][/c]nearby. [/i][i]- They also dig for ore.[/i]\n[i][b]Marking [/b]it on your map ... >[/i]\n[i][/i]\n[i]< But you will need your [c][ffffff]Hoverbike [-][/c]to reach it. >[/i],,,,,,,,,,[i]< 附近有一个[c][ffff00]定居点[-][/c]。[/i][i]- 他们也在开采矿石。[/i]\n[i][b]在地图上标记[/b]它... >[/i]\n[i][/i]\n[i]< 但你需要你的[c][ffffff]悬浮摩托[-][/c]才能到达。>[/i],,,,,,
pda_TKsqaWC,"[i]< The antenna's signal points [b]beyond [/b]this ocean.[/i]\n[i][c][ffffff]Too far away,[-][/c] even for a long swim ... [/i]\n[i]And your Hoverbike is too weak to go over water. >[/i]",,,,,,,,,,[i]< 天线的信号指向[b]这片海洋之外[/b]。[/i]\n[i][c][ffffff]太远了，[-][/c]即使长距离游泳也难以到达... [/i]\n[i]而你的悬浮摩托太弱，无法在水上行驶。>[/i],,,,,,
pda_cauSKq0,Civilisation,,,,,,,,,,文明,,,,,,
pda_Oa0hau5,[c][ffff00]Reach Settlement[-][/c]\nwith Hoverbike\n[sup]\n([b]North-eastern[/b] island.[/sup]\n[sup]Daylight travel is faster)[/sup],,,,,,,,,,[c][ffff00]到达定居点[-][/c]\n使用悬浮摩托\n[sup]\n([b]东北[/b]岛屿。[/sup]\n[sup]白天行进更快)[/sup],,,,,,
pda_OW4Hm8e,--,,,,,,,,,,--,,,,,,
pda_aKaOWW8,"[sup][c][ff8080]Sel[-][/c] : If this chapter starts, a path is switched & selected (ToRw,By, OffBy)[/sup]",,,,,,,,,,[sup][c][ff8080]选择器 [-][/c]: 如果此章节开始，路径会被切换并选择 (奖励，开启，关闭)[/sup],,,,,,
pda_apGmKKa,--,,,,,,,,,,--,,,,,,
pda_KCqTCum,--,,,,,,,,,,--,,,,,,
pda_ow8i0Sq,"[sup][c][ff8080]Fork [-][/c]: Rewards two chapters, but follow-up chapter is determined by Selector[/sup]",,,,,,,,,,[sup][c][ff8080]分支 [-][/c]: 奖励两个章节，后续章节由选择器决定[/sup],,,,,,
pda_CuSSsm8,--,,,,,,,,,,--,,,,,,
pda_mmKa007,--,,,,,,,,,,--,,,,,,
pda_ugaauCd,>>[c][ff8080] LightRed:[-][/c] Variant paths and switches,,,,,,,,,,>>[c][ff8080] 浅红：[-][/c] 变体路径与开关,,,,,,
pda_oWC8eiG,"[sup](The variants are usually on by default, get turned off by solving chapters on the standard way)[/sup]",,,,,,,,,,[sup](变体通常默认开启，通过标准方式解决章节后关闭)[/sup],,,,,,
pda_uKCSCS8,--,,,,,,,,,,--,,,,,,
pda_Ga0C0C4,--,,,,,,,,,,--,,,,,,
pda_m8uW8au,"[sup]RwByT : [i]Got rewarded, inside the tasks or at end of tasks[/i][/sup]",,,,,,,,,,[sup]奖励 : [i]在任务中或任务结束时获得奖励[/i][/sup],,,,,,
pda_Kwq8eCC,--,,,,,,,,,,--,,,,,,
pda_0u8admG,--,,,,,,,,,,--,,,,,,
pda_yWGmmSm,"[sup]OnByT : [i]Activatable is set to 'Always', at inmidst of chapter or at end[/i][/sup]",,,,,,,,,,[sup]开启 : [i]章节中途或结束时，可激活状态设为'始终'[/i][/sup],,,,,,
pda_iuq4oKS,--,,,,,,,,,,--,,,,,,
pda_0mbCmdK,--,,,,,,,,,,--,,,,,,
pda_WamCSC8,[sup]OffByT : [/sup][i][sup]Chapter's Activatable is set to ''Never' inmidst of chapter or at end[/sup][/i],,,,,,,,,,[sup]关闭 : [/sup][i][sup]章节中途或结束时，可激活状态设为'从不'[/sup][/i],,,,,,
pda_DmSa4uu,--,,,,,,,,,,--,,,,,,
pda_8O4m3ai,--,,,,,,,,,,--,,,,,,
pda_s44u5av,"[c][ffff00][sup]TriggerType -ActivatableState- // Name & Tasks // [i](SwitchedOnOffBy)[/i], [/sup][sup]VariantInfo-[/sup][sup]>switches other[/sup][-][/c]",,,,,,,,,,"[c][ffff00][sup]触发类型 -可激活状态- // 名称与任务 // [i](开关)[/i], [/sup][sup]变体信息-[/sup][sup]>切换其他[/sup][-][/c]",,,,,,
pda_4mF4iGO,--,,,,,,,,,,--,,,,,,
pda_W0Wqa8u,--,,,,,,,,,,--,,,,,,
pda_i44OOeO,--,,,,,,,,,,--,,,,,,
pda_q8Luuu4,_____________ [b][c][ffff00]TUTORIAL[-][/c] [/b]________________________________________,,,,,,,,,,_____________ [b][c][ffff00]教程[-][/c] [/b]________________________________________,,,,,,
pda_ifei4mC,--,,,,,,,,,,--,,,,,,
pda_iqa42Wq,--,,,,,,,,,,--,,,,,,
pda_aSfK5WK,--,,,,,,,,,,--,,,,,,
pda_2SKamOm,test,,,,,,,,,,测试,,,,,,
pda_9glWW04,test,,,,,,,,,,测试,,,,,,
pda_qmGGimW,[sup]DvUse : [/sup][i][sup]Device Used[/sup][/i],,,,,,,,,,[sup]设备使用 : [/sup][i][sup]设备已使用[/sup][/i],,,,,,
pda_OOKcC0m,--,,,,,,,,,,--,,,,,,
pda_u404GOe,--,,,,,,,,,,--,,,,,,
pda_mqmGgGM,[sup]Dlg : [/sup][i][sup]Started by Dialog[/sup][/i],,,,,,,,,,[sup]对话 : [/sup][i][sup]由对话启动[/sup][/i],,,,,,
pda_emC4KKU,--,,,,,,,,,,--,,,,,,
pda_8CqGCai,--,,,,,,,,,,--,,,,,,
pda_q8mGOOG,"[c][0080ff]nPOI[-][/c] - on- Northern[c][ffffff]IslandSwim[-][/c] Wrn [c][ff8000][i](Offby: HVSpawn, SpawnHVStarter, Playtests HV&Nest)[/i][-][/c]",,,,,,,,,,[c][0080ff]兴趣点[-][/c] - 开启 - 北部[c][ffffff]岛屿游泳[-][/c]警告 [c][ff8000][i](关闭：悬浮飞行器生成，生成悬浮飞行器启动器，游戏测试悬浮飞行器与巢穴)[/i][-][/c],,,,,,
pda_CqCWWqO,Turn back!,,,,,,,,,,返回！,,,,,,
pda_iuOC8aC,...,,,,,,,,,,...,,,,,,
pda_K44SiKL,--,,,,,,,,,,--,,,,,,
pda_auCm48u,"[i]< The waters to the north... [/i]\n[i]I think I got signals from [c][ffffff]Minigun Drones[-][/c][b][/b] ...?! >[/i]\n[i][/i]\n[i]< You [b]don't have any cover here,[/b] [/i]\n[i]and the sea is too shallow to hide. >[/i]\n\n---\nPlease, [c][ffff00]Turn back now.[-][/c]",,,,,,,,,,[i]< 北方的水域... [/i]\n[i]我想我收到了来自[c][ffffff]机枪无人机[-][/c][b][/b]的信号...？！>[/i]\n[i][/i]\n[i]< 你在这里[b]没有任何掩护，[/b] [/i]\n[i]而且海水太浅，无法藏身。>[/i]\n\n---\n请，[c][ffff00]立即返回。[-][/c],,,,,,
pda_NKe5uGS,"[c][0080ff]Mrk[-][/c] - off_[c][ff8080]N[-][/c] - [c][ffffff]TooFarAway[-][/c]ForNow [c][ff8000][i](OnOffBy: DetectResTask) (OffBy: CopDiscover, EnterMine, CuDrone)[/i][-][/c]",,,,,,,,,,[c][0080ff]标记[-][/c] - 关闭_[c][ff8080]N[-][/c] - [c][ffffff]现在太远[-][/c] [c][ff8000][i](开关：探测任务) (关闭：警察发现，进入矿场，铜无人机)[/i][-][/c],,,,,,
pda_a4S0GGe,...,,,,,,,,,,...,,,,,,
pda_q8CaqSO,...,,,,,,,,,,...,,,,,,
pda_84CKKGa,--,,,,,,,,,,--,,,,,,
pda_aiCiG8W,...,,,,,,,,,,...,,,,,,
pda_qeWxSqu,--,,,,,,,,,,--,,,,,,
pda_WqWKcCK,[i]< - The deposit is [c][ffff00]inside of the mining tower[-][/c]. [/i]\n[i]Let's check it out ... ? >[/i],,,,,,,,,,[i]< - 矿藏就在[c][ffff00]采矿塔内部[-][/c]。[/i]\n[i]我们去看看吧...？>[/i],,,,,,
pda_Gm8e8iT,"[i]< - I think, I know [b]where [/b]we are...  >[/i]",,,,,,,,,,[i]< - 我想，我知道[b]我们[/b]在哪里... >[/i],,,,,,
pda_qGWioq4,[i]( ... scanning ... )[/i],,,,,,,,,,[i]( ... 扫描中 ... )[/i],,,,,,
pda_WK4O8q8,...,,,,,,,,,,...,,,,,,
pda_CGe4qOu,---,,,,,,,,,,---,,,,,,
pda_U8qiqeu,...,,,,,,,,,,...,,,,,,
pda_WKqiIiK,--,,,,,,,,,,--,,,,,,
pda_6CqO8wo,[i]< This [b]tower[/b]...! >[/i]\n[i][/i]\n[i]< ... >[/i],,,,,,,,,,[i]< 这座[b]塔[/b]...！>[/i]\n[i][/i]\n[i]< ... >[/i],,,,,,
pda_aCmSWWK,Directions,,,,,,,,,,方向,,,,,,
pda_C8CSiC2,...,,,,,,,,,,...,,,,,,
pda_e1Gwa0i,--,,,,,,,,,,--,,,,,,
pda_GYu08me,[i]< ... The antenna [c][ffffff]signal points towards[-][/c] [c][ffff00]North[-][/c]. >[/i],,,,,,,,,,[i]< ... 天线[c][ffffff]信号指向[-][/c] [c][ffff00]北方[-][/c]. >[/i],,,,,,
pda_i4GO040,[c][0080ff]Mrk[-][/c] -rw- [c][ffffff]HangarLeverPos[-][/c] [i][c][ff8000](RwBy: ReachedHangar) (OffBy:GenOffline & OpenDBHangars)[-][/c][/i],,,,,,,,,,[c][0080ff]标记[-][/c] -rw- [c][ffffff]机库杠杆位置[-][/c] [i][c][ff8000](RwBy: ReachedHangar) (OffBy:GenOffline & OpenDBHangars)[-][/c][/i],,,,,,
pda_S0GOiqu,...,,,,,,,,,,...,,,,,,
pda_qk4iqa8,...,,,,,,,,,,...,,,,,,
pda_48iC08C,--,,,,,,,,,,--,,,,,,
pda_eiqqeW0,Reached: Escape Vessel,,,,,,,,,,已到达: 逃生飞船,,,,,,
pda_Kuete0F,...,,,,,,,,,,...,,,,,,
pda_m6OitAW,--,,,,,,,,,,--,,,,,,
pda_kKCmGKO,...,,,,,,,,,,...,,,,,,
pda_QCevima,...,,,,,,,,,,...,,,,,,
pda_Ka0KaXC,--,,,,,,,,,,--,,,,,,
pda_4Seam0i,Sig - off- [c][ff8080]N[-][/c]- Open[c][ffffff]DBHangarLever[-][/c] [c][ff8000] [i](OnBy: CoreKill) [/i] >C_off >VisOff[-][/c],,,,,,,,,,信号-关闭- [c][ff8080]N[-][/c]- 开口[c][ffffff]DB机库拉杆[-][/c] [c][ff8000] [i](由：核心击杀) [/i] >C_关闭 >视觉关闭[-][/c],,,,,,
pda_EK0uOSq,...,,,,,,,,,,...,,,,,,
pda_K0KS88K,...,,,,,,,,,,...,,,,,,
pda_au8O8mU,--,,,,,,,,,,--,,,,,,
pda_SuO4q6C,[c][0080ff]Mrk[-][/c]_nUnit -rw- DoorToDBHangar [i][c][ff8000](RwBy: CoreKill) (OffBy: ReachedSVHangar)[-][/c][/i],,,,,,,,,,[c][0080ff]标记[-][/c]_nUnit -rw- DoorToDBHangar [i][c][ff8000](RwBy: CoreKill) (OffBy: ReachedSVHangar)[-][/c][/i],,,,,,
pda_qOqiu0O,...,,,,,,,,,,...,,,,,,
pda_C0GOSii,...,,,,,,,,,,...,,,,,,
pda_Kgu8O00,--,,,,,,,,,,--,,,,,,
pda_C8mCa0C,[c][ffff00]Enter Dronebase Hangar[-][/c],,,,,,,,,,[c][ffff00]进入无人机基地机库[-][/c],,,,,,
pda_O8uiiuG,--,,,,,,,,,,--,,,,,,
pda_YCu8uW4,Dronebase destroyed,,,,,,,,,,无人机基地已摧毁,,,,,,
pda_GmuWY8i,...,,,,,,,,,,...,,,,,,
pda_aOuKqIq,--,,,,,,,,,,--,,,,,,
pda_iW0sGWG,[i]< ... than#k you ... >[/i],,,,,,,,,,[i]< ... 谢#谢你 ... >[/i],,,,,,
pda_YGSeO84,InvCls - rw- [c][80ffff]CalSig[-][/c]- ClosedPalette Biofuel [c][ff8000](RwBy: BiofCamp)[-][/c],,,,,,,,,,InvCls - rw- [c][80ffff]CalSig[-][/c]- 封闭托盘 生物燃料 [c][ff8000](RwBy: BiofCamp)[-][/c],,,,,,
pda_W0OeaiO,[-],,,,,,,,,,[-],,,,,,
pda_A04ui8a,[-],,,,,,,,,,[-],,,,,,
pda_CeGueia,--,,,,,,,,,,--,,,,,,
pda_iWE04M4,[-],,,,,,,,,,[-],,,,,,
pda_q0eGOaO,[-],,,,,,,,,,[-],,,,,,
pda_qKGSGuC,--,,,,,,,,,,--,,,,,,
pda_qimSKue,[-],,,,,,,,,,[-],,,,,,
pda_0GKm8O0,[-],,,,,,,,,,[-],,,,,,
pda_WOKqu0S,--,,,,,,,,,,--,,,,,,
pda_8q8Ki0C,[i]< [c][ffff00]Cut trees for wood[-][/c]. [/i]\n[i]That we can craft into Biofuel.[/i]\n[i]- - The more the better. >[/i],,,,,,,,,,[i]< [c][ffff00]砍树获取木材[-][/c]. [/i]\n[i]我们可以用它来制作生物燃料。[/i]\n[i]- - 越多越好。 >[/i],,,,,,
pda_a480m2m,[c][c0c0c0][sup]Turn on debug chapters[/sup][-][/c],,,,,,,,,,[c][c0c0c0][sup]打开调试章节[/sup][-][/c],,,,,,
pda_MOmqKmK,...,,,,,,,,,,...,,,,,,
pda_eGO4iee,...,,,,,,,,,,...,,,,,,
pda_SOuieiq,--,,,,,,,,,,--,,,,,,
pda_u4GCOqe,Playtest - Planet: Farm Blockplacer Solar & CPU,,,,,,,,,,游戏测试 - 星球: 农业方块放置器 太阳能 & CPU,,,,,,
pda_84sWqmO,...,,,,,,,,,,...,,,,,,
pda_44aUm6q,...,,,,,,,,,,...,,,,,,
pda_uiawiKh,--,,,,,,,,,,--,,,,,,
pda_qWWuOKS,...,,,,,,,,,,...,,,,,,
pda_OxCKO8u,---,,,,,,,,,,---,,,,,,
pda_uCi008K,Kill - Killed 2 TotalHorrors,,,,,,,,,,击杀 - 击杀2个完全恐怖者,,,,,,
pda_TmI0uCO,...,,,,,,,,,,...,,,,,,
pda_KmOmquW,...,,,,,,,,,,...,,,,,,
pda_WGGYmCw,--,,,,,,,,,,--,,,,,,
pda_0ituKG0,[i]< ... What [b]are [/b]these ... ?! >[/i],,,,,,,,,,[i]< ... 这些[b]是[/b]什么...？！ >[/i],,,,,,
pda_O0W4WGa,[c][ff8080]B_Destr[-][/c] - [c][80ffff]CalSig8c[-][/c] - [c][ffffff]CoreKill[-][/c]Farm,,,,,,,,,,[c][ff8080]B_Destr[-][/c] - [c][80ffff]CalSig8c[-][/c] - [c][ffffff]核心击杀[-][/c]农业,,,,,,
pda_WaWWmar,[-],,,,,,,,,,[-],,,,,,
pda_SlCOqOW,[-],,,,,,,,,,[-],,,,,,
pda_80qque8,--,,,,,,,,,,--,,,,,,
pda_auKGW8m,...,,,,,,,,,,...,,,,,,
pda_mduiaO8,--,,,,,,,,,,--,,,,,,
pda_queiauK,"[i]< Don't worry, we'll take care of the other things, too. >[/i]\n[i][/i]\n[i]< ... Now [c][ffff00]place your own Core[-][/c]. >[/i]",,,,,,,,,,[i]< 别担心，我们也会处理其他事情。 >[/i]\n[i][/i]\n[i]< ... 现在[c][ffff00]放置你自己的核心[-][/c]. >[/i],,,,,,
pda_4PhCiSa,Debug: Gain AssaultRifleDebug,,,,,,,,,,调试: 获得突击步枪调试版,,,,,,
pda_SW44auS,...,,,,,,,,,,...,,,,,,
pda_Wu0ieo0,...,,,,,,,,,,...,,,,,,
pda_8iKWSWn,--,,,,,,,,,,--,,,,,,
pda_E0uGeHq,Kill - [c][ffffff]AlienBug01 [-][/c]warning [c][ff8000][i](OnBy: MarshNavigate) (OffBy: SettleConsole)[/i][-][/c],,,,,,,,,,击杀 - [c][ffffff]外星虫01 [-][/c]警告 [c][ff8000][i](OnBy: MarshNavigate) (OffBy: SettleConsole)[/i][-][/c],,,,,,
pda_G0W0Squ,...,,,,,,,,,,...,,,,,,
pda_Wa8KQQW,...,,,,,,,,,,...,,,,,,
pda_WmC0Oe8,--,,,,,,,,,,--,,,,,,
pda_SK88lmi,"[i]< Careful with these ... >[/i]\n[i][/i]\n[i]< They are peaceful, 'mostly', - - But highly [b]territorial[/b]. [/i]\n[i] ... [b]Sneaking[/b] up to you when you least expect it! >[/i]",,,,,,,,,,[i]< 小心这些... >[/i]\n[i][/i]\n[i]< 它们很和平，‘大部分时候’， - - 但有很强的[b]领地意识[/b]. [/i]\n[i] ... [b]偷偷靠近[/b]你，在你最意想不到的时候！ >[/i],,,,,,
pda_iGeaSSh,"[i]< Your key to the [b]stars. [/b]\nFormer private vessel, of one of the Corpo's leaders. >[/i]\n[i]\n< Now it is [c][ffffff]yours[-][/c].\nGuessing, it wants to [b]leave [/b]this place, too. >[/i]",,,,,,,,,,[i]< 你通往[b]恒星[/b]的钥匙。\n曾是某企业领袖的私人飞船。 >[/i]\n[i]\n< 现在它是[c][ffffff]你的[-][/c]了。\n猜它也想[b]离开[/b]这个地方。 >[/i],,,,,,
pda_8444u4O,(Access cargo palette),,,,,,,,,,(访问货物托盘),,,,,,
pda_W4KAimC,--,,,,,,,,,,--,,,,,,
pda_0MmGqk6,[i]< [c][ffff00]Prepare the vessel[-][/c] for liftoff. >[/i]\n\n[i]< Over there - - Check that [c][ffffff]cargo palette[-][/c] ...? [/i][i]>[/i],,,,,,,,,,[i]< [c][ffff00]准备好你的飞船[-][/c] 准备起飞。 >[/i]\n\n[i]< 在那边 - - 检查那个[c][ffffff]货物托盘[-][/c] ...？ [/i][i]>[/i],,,,,,
pda_Wu0GC8S,"[i]< Turn on [c][ffff00]Shields with[-][/c] [/i][c][00ff00][ X ][-][/c] ... [i]or use the [b]Control Panel[/b]. [/i]\n[i]They need a moment to activate, though. >[/i]\n\n[i]< Vessel main [c][ffffff]Power is [-][/c] [/i][c][00ff00][ Y ][-][/c][i] . [/i]\n[i]- - Ready when you are. >[/i]",,,,,,,,,,[i]< 用[c][ffff00][ X ][-][/c] [/i][c][00ff00]开启护盾[-][/c] ... [i]或使用[b]控制面板[/b]. [/i]\n[i]不过，它们需要一点时间启动。 >[/i]\n\n[i]< 飞船主[c][ffffff]电源[-][/c] 是[/i][c][00ff00][ Y ][-][/c][i] . [/i]\n[i]- - 你准备好就出发。 >[/i],,,,,,
pda_qaOSqai,Hoverbike handling,,,,,,,,,,悬浮摩托操控,,,,,,
pda_r08mOiG,[c][ffff00]Get to closer to the settlement.[-][/c]\n\n[c][c0c0c0]... Unlock camera:[-][/c][c][00ff00] [ Alt ][-][/c]\n[c][c0c0c0]Zoom in / out: [-][/c][c][00ff00][ MouseWheel ][-][/c],,,,,,,,,,[c][ffff00]靠近定居点。[-][/c]\n\n[c][c0c0c0]... 解锁相机:[-][/c][c][00ff00] [ Alt ][-][/c]\n[c][c0c0c0]放大 / 缩小: [-][/c][c][00ff00][ 鼠标滚轮 ][-][/c],,,,,,
pda_a0Ke0Su,--,,,,,,,,,,--,,,,,,
pda_CiamK0c,"[i]< There are places where the [c][ffffff]water is shallow[-][/c][/i].[i] - [/i]\n[i]Your [b]Hoverbike [/b]is weak on water, but maybe it could still travel there ...? >[/i]\n[i][/i]\n[i]< ... You can see it better with the [b]distance camera[/b]. >[/i]",,,,,,,,,,[i]< 有些地方[c][ffffff]水很浅[-][/c][/i].[i] - [/i]\n[i]你的[b]悬浮摩托[/b]在水上性能不佳，但也许它仍能到那里...？ >[/i]\n[i][/i]\n[i]< ... 你可以用[b]远距相机[/b]看得更清楚。 >[/i],,,,,,
pda_auYaOGA,...,,,,,,,,,,...,,,,,,
pda_JiuKC4e,--,,,,,,,,,,--,,,,,,
pda_SGO9u0K,[i]< Let's get out of here.[/i]\n[i]The ship is waiting in the hangar ... > [/i],,,,,,,,,,[i]< 我们离开这里吧。[/i]\n[i]飞船在机库里等着... > [/i],,,,,,
pda_GkaqS4Y,\n\n-------[sup][/sup][c][c0c0c0]\n[sup]Brakes on/off[/sup][-][/c][sup]:[c][00ff00] [ i ][-][/c][/sup] [sup][c][c0c0c0]\nAuto-orient:[-][/c] [c][00ff00] [ O ][-][/c]\n[c][c0c0c0]Pilot modes:[-][/c] [c][00ff00][Shift] + [ i ][-][/c][/sup],,,,,,,,,,\n\n-------[sup][/sup][c][c0c0c0]\n[sup]刹车开/关[/sup][-][/c][sup]:[c][00ff00] [ i ][-][/c][/sup] [sup][c][c0c0c0]\n自动定向:[-][/c] [c][00ff00] [ O ][-][/c]\n[c][c0c0c0]驾驶员模式:[-][/c] [c][00ff00][Shift] + [ i ][-][/c][/sup],,,,,,
pda_WCmW4GQ,---,,,,,,,,,,---,,,,,,
pda_B4KSqme,Playtest - StartSpace: Trigger Attack wave,,,,,,,,,,游戏测试 - 启动太空: 触发攻击波,,,,,,
pda_aKOui6u,...,,,,,,,,,,...,,,,,,
pda_M4S8uKS,...,,,,,,,,,,...,,,,,,
pda_aSq8aqC,--,,,,,,,,,,--,,,,,,
pda_aS480a4,TEST - Trigger space attack wave (Public),,,,,,,,,,测试 - 触发太空攻击波 (公共),,,,,,
pda_W8KQnq4,(( Captain )),,,,,,,,,,(( 舰长 )),,,,,,
pda_8SO0Si0,"[c][c0c0c0]([-][/c] [i][b][c][8080ff]Captain[-][/c][/b][/i] [c][c0c0c0]) :[-][/c]          ""... I [i]knew [/i]it! \n                              [b]- Drones incoming [/b]!!",,,,,,,,,,"[c][c0c0c0]([-][/c] [i][b][c][8080ff]舰长[-][/c][/b][/i] [c][c0c0c0]) :[-][/c]          ""... 我 [i]就知道[/i]！ \n                              [b]- 无人机来袭 [/b]!!",,,,,,
pda_Sa4Sumq,...,,,,,,,,,,...,,,,,,
pda_WKua0W4,--,,,,,,,,,,--,,,,,,
pda_GiWuuKG,TEST - Trigger space attack wave (Alien),,,,,,,,,,测试 - 触发太空攻击波次（外星）,,,,,,
pda_OetuWbq,(( Captain )),,,,,,,,,,(( 舰长 )),,,,,,
pda_maiGeGM,"[c][c0c0c0]([-][/c] [i][b][c][8080ff]Captain[-][/c][/b][/i] [c][c0c0c0]) :[-][/c]          ""... I [i]knew [/i]it! \n                              [b]- Drones incoming [/b]!!",,,,,,,,,,"[c][c0c0c0]([-][/c] [i][b][c][8080ff]舰长[-][/c][/b][/i] [c][c0c0c0]) :[-][/c]          ""... 我 [i]就知道[/i]！ \n                              [b]- 无人机来袭 [/b]!!",,,,,,
pda_Wqe4O0m,...,,,,,,,,,,...,,,,,,
pda_OC4igSD,--,,,,,,,,,,--,,,,,,
pda_8GmeWHi,TEST - Trigger space attack wave (Zirax),,,,,,,,,,测试 - 触发太空攻击波次（兹瑞克斯）,,,,,,
pda_qmeCGa8,(( Captain )),,,,,,,,,,(( 舰长 )),,,,,,
pda_SI8Wa4S,"[c][c0c0c0]([-][/c] [i][b][c][8080ff]Captain[-][/c][/b][/i] [c][c0c0c0]) :[-][/c]          ""... I [i]knew [/i]it! \n                              [b]- Drones incoming [/b]!!",,,,,,,,,,"[c][c0c0c0]([-][/c] [i][b][c][8080ff]舰长[-][/c][/b][/i] [c][c0c0c0]) :[-][/c]          ""... 我 [i]就知道[/i]！ \n                              [b]- 无人机来袭 [/b]!!",,,,,,
pda_3iKa00S,...,,,,,,,,,,...,,,,,,
pda_GeCeei8,--,,,,,,,,,,--,,,,,,
pda_88eeOxq,[i]< This area is[b] abandoned. >[/b][/i]\n\n[i]< Suggesting that you [/i][i][c][ffff00]Search [-][/c]and [c][ffff00]Collect resources[-][/c]. \nFor [c][ffffff]food[-][/c]... and to craft [b]better gear[/b] ? >[/i],,,,,,,,,,[i]< 这片区域已被[b]废弃。 >[/b][/i]\n\n[i]< 建议你 [/i][i][c][ffff00]搜索 [-][/c]并 [c][ffff00]收集资源[-][/c]。 \n为了 [c][ffffff]食物[-][/c]... 以及制作 [b]更好的装备[/b] ？ >[/i],,,,,,
pda_mCZCaG8,Playtest - Planet: Nest - open hangar door,,,,,,,,,,试玩 - 星球：巢穴 - 打开机库门,,,,,,
pda_4Gm45e0,...,,,,,,,,,,...,,,,,,
pda_a0FWqSe,...,,,,,,,,,,...,,,,,,
pda_KeEqOGW,--,,,,,,,,,,--,,,,,,
pda_8KiC8Oa,"[i]< These [c][ffffff]teleport pads[-][/c] ... [/i][i]Range is several [b]lightyears[/b][/i]. >\n[i][/i]\n[i]< With severe [b]risks[/b], but Zirax do not care much for their Clones. [/i]\n[i]- I cannot reprogram - - ... >[/i]",,,,,,,,,,[i]< 这些 [c][ffffff]传送平台[-][/c] ... [/i][i]射程可达数[b]光年[/b][/i]. >\n[i][/i]\n[i]< 尽管存在严重[b]风险[/b]，但兹瑞克斯并不在乎他们的克隆体。 [/i]\n[i]- 我无法重新编程 - - ... >[/i],,,,,,
pda_qmiS40S,[c][ff80ff]OFF-DO NOT USE ANYMORE[-][/c][c][ffffff] RPT_[-][/c]itm - [c][ffffff]cockpitSV[-][/c] ClrMrkHV [c][ff8000][i](OnBy:ReachDB) (OffBy:SVHangarSig & HackDrill)[/i][-][/c]  [c][ff8000]>C_Off x2[-][/c],,,,,,,,,,[c][ff80ff]关闭-不再使用[-][/c][c][ffffff] RPT_[-][/c]itm - [c][ffffff]飞船驾驶舱[-][/c] ClrMrkHV [c][ff8000][i](OnBy:ReachDB) (OffBy:SVHangarSig & HackDrill)[/i][-][/c]  [c][ff8000]>C_Off x2[-][/c],,,,,,
pda_mi8eleQ,...,,,,,,,,,,...,,,,,,
pda_Saf0W8m,[i]...[/i],,,,,,,,,,[i]...[/i],,,,,,
pda_qKu00W8,--,,,,,,,,,,--,,,,,,
pda_4aie8af,[c][0080ff](nPOI)[-][/c] -rw- [c][ffffff]DrillControl[-][/c] info [c][ff8000](RwBy: NestDrillHV)[-][/c],,,,,,,,,,[c][0080ff](nPOI)[-][/c] -rw- [c][ffffff]钻头控制[-][/c] 信息 [c][ff8000](RwBy: NestDrillHV)[-][/c],,,,,,
pda_eo00qeW,HV Drilling,,,,,,,,,,HV 钻井,,,,,,
pda_KOiUi4N,[c][00ff00][Shift + O][-][/c] : Drill mode,,,,,,,,,,[c][00ff00][Shift + O][-][/c] : 钻头模式,,,,,,
pda_ii8u0gO,--,,,,,,,,,,--,,,,,,
pda_Wei4Kuu,[c][ff80ff]Off[-][/c][c][ffffff] RPT[-][/c]_itm - CockpitTank ClrMrkHV[c][ff8000][i] ([/i][-][/c][c][00ff00][i]Off[/i][-][/c][c][ff8000][i]By:ReachDB)  (OffBy:HackDrill)   >[/i]C_Off x2[-][/c],,,,,,,,,,[c][ff80ff]关闭[-][/c][c][ffffff] RPT[-][/c]_itm - CockpitTank ClrMrkHV[c][ff8000][i] ([/i][-][/c][c][00ff00][i]关闭[/i][-][/c][c][ff8000][i]By:ReachDB) (OffBy:HackDrill)   >[/i]C_Off x2[-][/c],,,,,,
pda_nm2gqiC,...,,,,,,,,,,...,,,,,,
pda_uWnu8aa,...,,,,,,,,,,...,,,,,,
pda_CLG44iC,--,,,,,,,,,,--,,,,,,
pda_8SW0aqm,[i]< From this point on you could [c][ffffff]drill towards the Dronebase[-][/c]. >[/i]\n[i][/i]\n[i]< It will be out of the reach of all drones and turrets ... >[/i],,,,,,,,,,[i]< 从这一点开始，你可以[c][ffffff]朝无人机基地钻井[-][/c]. >[/i]\n[i][/i]\n[i]< 这将超出所有无人机和炮塔的射程... >[/i],,,,,,
pda_iaWgOKa,[i]< You seem committed to the Drilling ... ? >[/i]\n\n[i]< I feel [c][ffffff]honored[-][/c]. >[/i],,,,,,,,,,[i]< 你似乎对钻井很执着...？ >[/i]\n\n[i]< 我感到[c][ffffff]荣幸[-][/c]. >[/i],,,,,,
pda_woaaqC6,[u]HV [c][ffffff]drill modules[-][/c][/u]:\n\n[c][00ff00][Shift + O][-][/c] : [c][ffffff]Adjust drilling angle[-][/c] & lock into autodrill,,,,,,,,,,[u]HV [c][ffffff]钻头模块[-][/c][/u]:\n\n[c][00ff00][Shift + O][-][/c] : [c][ffffff]调整钻孔角度[-][/c]并锁定至自动钻孔,,,,,,
pda_Cii60K8,[c][ff80ff]Check rw again[-][/c] itmPck_stone x40 -rw- DrillMalformed1 [c][ff8000][i](RwBy:MiningNote1)[/i][-][/c],,,,,,,,,,[c][ff80ff]再次检查rw[-][/c] itmPck_stone x40 -rw- DrillMalformed1 [c][ff8000][i](RwBy:MiningNote1)[/i][-][/c],,,,,,
pda_qC8KCjW,...,,,,,,,,,,...,,,,,,
pda_OeOCm48,...,,,,,,,,,,...,,,,,,
pda_qCO8ueC,---,,,,,,,,,,---,,,,,,
pda_eKC4Smu,"[i]< I cannot stop to [b]wonder [/b]- [/i]\n[i]""Spider-Fan"", ""HoverVessel-Fan"", and now the Philosopher from the last Base - >[/i]\n[i][/i]\n[i]< Maybe I [/i][b]am[/b][i] malformed... - Like them. >[/i]",,,,,,,,,,[i]< 我忍不住[b]好奇[/b] - [/i]\n[i]“蜘蛛粉丝”，“悬浮飞船粉丝”，现在又是上一个基地来的哲学家 - >[/i]\n[i][/i]\n[i]< 也许我自己也[/i][b]是[/b][i]畸形的... - 就像他们一样。 >[/i],,,,,,
pda_a0KSUcO,[c][ff80ff]Check rw again[-][/c] [c][0080ff](nPOI)[-][/c] - DrillMalformed02 [c][ff8000][i](RwBy: Malformed01)[/i][-][/c],,,,,,,,,,[c][ff80ff]再次检查rw[-][/c] [c][0080ff](nPOI)[-][/c] - DrillMalformed02 [c][ff8000][i](RwBy: Malformed01)[/i][-][/c],,,,,,
pda_e4uSiqu,...,,,,,,,,,,...,,,,,,
pda_bmWmWiW,...,,,,,,,,,,...,,,,,,
pda_iGWmCWi,---,,,,,,,,,,---,,,,,,
pda_uCau0WI,"[i]< ""To hack a [b]Core[/b]"" - ... That ... sounds really good... [/i]\n[i]It could be the '[b]heart[/b]' of all matters... >[/i]\n[i][/i]\n[i]< But, for me, somehow it all just [b]pales [/b]in comparison to [b]Mining[/b] ...? >[/i]",,,,,,,,,,"[i]< ""要黑入[b]核心[/b]"" - ... 那...听起来确实很棒... [/i]\n[i]它可能是所有事件的关键[b]核心[/b]... >[/i]\n[i][/i]\n[i]< 但对我来说，不知为何，这一切与[b]采矿[/b]相比都[b]黯然失色[/b]...？ >[/i]",,,,,,
pda_Km4kS89,"[i]< But if I would do that, hack a Core - [/i]\n[i]Would I then [b]stay [/b]in it, like all the other AI did ...? >[/i]\n[i][/i]\n[i]< It seems, as if someone has made me wings, [/i][i]but never wanted me to fly. >[/i]",,,,,,,,,,[i]< 但如果我那样做了，入侵一个核心 - [/i]\n[i]那我是否会像其他AI一样，[b]留在[/b]其中……？ >[/i]\n[i][/i]\n[i]< 似乎有人给我做了翅膀，[/i][i]却从未想让我飞翔。 >[/i],,,,,,
pda_S00uGna,...,,,,,,,,,,...,,,,,,
pda_qaei9uO,...,,,,,,,,,,...,,,,,,
pda_JWOOSO3,..,,,,,,,,,,..,,,,,,
pda_uSS8urO,...,,,,,,,,,,...,,,,,,
pda_G48G8OG,...,,,,,,,,,,...,,,,,,
pda_04sS0SK,---,,,,,,,,,,---,,,,,,
pda_S8aaivW,"[i]< And, I am not sure if this 'Core repository' AI is so happy about all this, either ... ? >[/i]",,,,,,,,,,[i]< 而且，我也不确定这个'核心仓库'AI是否对这一切感到满意……？ >[/i],,,,,,
pda_4S40CeG,[u]HV [c][ffffff]drill modules[-][/c][/u]:\n\n[c][00ff00][Shift + O][-][/c] : [c][ffffff]Adjust drilling angle[-][/c] & lock into autodrill,,,,,,,,,,[u]悬浮飞船[c][ffffff]钻头模块[-][/c][/u]：\n\n[c][00ff00][Shift + O][-][/c] : [c][ffffff]调整钻探角度[-][/c]并锁定自动钻探,,,,,,
pda_0G0KeMC,...,,,,,,,,,,...,,,,,,
pda_umODMne,...,,,,,,,,,,...,,,,,,
pda_u8GagiA,--,,,,,,,,,,--,,,,,,
pda_S0WO4aC,Playtest - Planet Biofuel camp,,,,,,,,,,试玩 - 生物燃料营地星球,,,,,,
pda_CisWi4C,...,,,,,,,,,,...,,,,,,
pda_ECiuCGa,...,,,,,,,,,,...,,,,,,
pda_eWWK0KK,--,,,,,,,,,,--,,,,,,
pda_OOOa4uK,Place the [c][ffffff]Wood into several Constructors[-][/c].\n[c][ffff00]Craft 15 Biofuel in parallel[-][/c] to save time,,,,,,,,,,将 [c][ffffff]木材放入多个建造机[-][/c]。\n[c][ffff00]并行制作15个生物燃料[-][/c]以节省时间,,,,,,
pda_EKimKuG,--,,,,,,,,,,--,,,,,,
pda_NWu0Mm4,...,,,,,,,,,,...,,,,,,
pda_dOta44S,[c][ffff00]Head back to the farm[-][/c]\nto fill in fuel,,,,,,,,,,[c][ffff00]返回农场[-][/c]\n以添加燃料,,,,,,
pda_SKcu8U4,--,,,,,,,,,,--,,,,,,
pda_DSaqW4O,[c][ff8080][c][ff0000]DeepRed:[-][/c][-][/c][c][ff0000][-][/c][i]Exceptional chapters / Signals to explode cores (Loot placement)[/i],,,,,,,,,,[c][ff8080][c][ff0000]深红色：[-][/c][-][/c][c][ff0000][-][/c][i]特殊章节 / 引爆核心的信号（战利品放置）[/i],,,,,,
pda_CqmWuwk,--,,,,,,,,,,--,,,,,,
pda_WCSiqmW,--,,,,,,,,,,--,,,,,,
pda_Pi4aqMW,--,,,,,,,,,,--,,,,,,
pda_ACC4kKK,>> [c][00ffff]LightBlue:[-][/c] [i]Chapter relies on a signal from a POI[/i],,,,,,,,,,>> [c][00ffff]浅蓝色：[-][/c] [i]章节依赖于来自POI的信号[/i],,,,,,
pda_0iGqum0,"[sup][c][00ffff]CAL[-][/c]:[i] This queries the signal latch in the POI, and waits for a response[/i][/sup]",,,,,,,,,,[sup][c][00ffff]CAL[-][/c]：[i] 这会查询POI中的信号锁存器，并等待响应[/i][/sup],,,,,,
pda_mC8KSe4,--,,,,,,,,,,--,,,,,,
pda_ee0KCHp,--,,,,,,,,,,--,,,,,,
pda_Gui4K8S,[sup][c][00ffff]CalSig[-][/c]: [i]Autostart chapter that acts like an extended action check. Transfering data into a POI signal latch. [/i][/sup],,,,,,,,,,[sup][c][00ffff]CalSig[-][/c]： [i]自动启动章节，起到扩展动作检查的作用。将数据传输到POI信号锁存器中。 [/i][/sup],,,,,,
pda_e0GebWe,--,,,,,,,,,,--,,,,,,
pda_iGm88W6,--,,,,,,,,,,--,,,,,,
pda_gKiCamm,Hover Vessel Building\n[sup][c][c0c0c0](Optional)[-][/c][/sup],,,,,,,,,,悬浮飞船建造\n[sup][c][c0c0c0]（可选）[-][/c][/sup],,,,,,
pda_ei8D4uG,- Check out markers?,,,,,,,,,,- 查看标记？,,,,,,
pda_G8aO8uA,--,,,,,,,,,,--,,,,,,
pda_mSt8qce,- Find a Starter Block?,,,,,,,,,,- 找到一个初始方块？,,,,,,
pda_uWeWqCS,--,,,,,,,,,,--,,,,,,
pda_CseeCiC,- Use [c][00ff00][N] [-][/c]building menu?\n---,,,,,,,,,,- 使用 [c][00ff00][N] [-][/c]建造菜单？\n---,,,,,,
pda_4wCmWsq,--,,,,,,,,,,--,,,,,,
pda_SWiiYue,"[sup]Rotate:  [c][00ff00][HOME][-][/c] , [c][00ff00][END][-][/c]\n     Axis:  [c][00ff00][INS] [-][/c], [c][00ff00][DEL][-][/c]\nBlock styles[/sup] [sup][c][00ff00][RMB][-][/c][/sup]\n[sup]---\nDraw line: [c][00ff00]Hold [LMB]\n [-][/c]Draw plane: [c][00ff00]Hold [LMB] +[Shift][-][/c][/sup] [sup]\n(You need a [b]Core[/b] to pick up blocks.)[/sup]",,,,,,,,,,"[sup]旋转：  [c][00ff00][HOME][-][/c] , [c][00ff00][END][-][/c]\n     轴：  [c][00ff00][INS] [-][/c], [c][00ff00][DEL][-][/c]\n方块样式[/sup] [sup][c][00ff00][RMB][-][/c][/sup]\n[sup]---\n绘制线条： [c][00ff00]按住 [LMB]\n [-][/c]绘制平面： [c][00ff00]按住 [LMB] +[Shift][-][/c][/sup] [sup]\n（你需要一个[b]核心[/b]才能拾取方块。）[/sup]",,,,,,
pda_iqSSSQC,--,,,,,,,,,,--,,,,,,
pda_WmiWOWS,---,,,,,,,,,,---,,,,,,
pda_5u4Si4O,--,,,,,,,,,,--,,,,,,
pda_4Sqa4S4,"[c][ffffff][c][ffff00][u]Continue Tutorial[/u][-][/c] [-][/c]/ Skip:\nOpen PDA [c][00ff00][ F1 ][-][/c] , select mission 'Done with Building'",,,,,,,,,,[c][ffffff][c][ffff00][u]继续教程[/u][-][/c] [-][/c]/ 跳过：\n打开PDA [c][00ff00][ F1 ][-][/c] ，选择任务“完成建造”,,,,,,
pda_068SSCW,--,,,,,,,,,,--,,,,,,
pda_eauaKGW,[c][ffffff]White[-][/c]: [i]Triggered by unusual checks or is a repeat chapter[/i],,,,,,,,,,[c][ffffff]白色[-][/c]： [i]由异常检查触发或为重复章节[/i],,,,,,
pda_GGeSqK8,--,,,,,,,,,,--,,,,,,
pda_O08bq4K,--,,,,,,,,,,--,,,,,,
pda_eCkS8CS,--,,,,,,,,,,--,,,,,,
pda_WKmSmiO,...,,,,,,,,,,...,,,,,,
pda_MG4iSea,--,,,,,,,,,,--,,,,,,
pda_Gem8qeC,Playtest - Planet LostGarden,,,,,,,,,,试玩 - 失落花园星球,,,,,,
pda_4iOeqO8,...,,,,,,,,,,...,,,,,,
pda_8b0GsGa,...,,,,,,,,,,...,,,,,,
pda_VM8MeG4,--,,,,,,,,,,--,,,,,,
pda_KCseOtC,[c][0080ff]Mrk[-][/c] - rw- Bunk [c][ffffff]Fridge[-][/c] [c][ff8000][i](RwBy: CaptChap) (OffBy:CaptChap & QuickTransf &Eat)[/i][-][/c],,,,,,,,,,[c][0080ff]标记[-][/c] - rw- 床铺 [c][ffffff]冰箱[-][/c] [c][ff8000][i]（触发条件：CaptChap）（关闭条件：CaptChap & 快速转移 & 进食）[/i][-][/c],,,,,,
pda_gqG9iGm,...,,,,,,,,,,...,,,,,,
pda_iSO4aOq,...,,,,,,,,,,...,,,,,,
pda_aeQum0i,--,,,,,,,,,,--,,,,,,
pda_OqiKO0u,ItmCns -on- [c][80ffff]CalSig1b[-][/c] - Use Bandage[c][ff8000] >C_Rw[-][/c],,,,,,,,,,ItmCns -on- [c][80ffff]CalSig1b[-][/c] - 使用绷带[c][ff8000] >C_Rw[-][/c],,,,,,
pda_q0qaKK0,[-],,,,,,,,,,[-],,,,,,
pda_muiC828,[-],,,,,,,,,,[-],,,,,,
pda_eiKqWg0,--,,,,,,,,,,--,,,,,,
pda_KSSWK48,[c][0080ff](nPOI)[-][/c] -rw- [c][ffffff]CloseWindow[-][/c]Tip [c][ff8000][i](RwBy: UseBandage & Eating)[/i][-][/c],,,,,,,,,,[c][0080ff]（nPOI）[-][/c] -rw- [c][ffffff]关闭窗口[-][/c]提示 [c][ff8000][i]（触发条件：使用绷带与进食）[/i][-][/c],,,,,,
pda_KFSeeWC,[-],,,,,,,,,,[-],,,,,,
pda_qKO0mKS,[-],,,,,,,,,,[-],,,,,,
pda_G8iSqvW,--,,,,,,,,,,--,,,,,,
pda_40vu8Ou,itmCns -on- [c][80ffff]CalSig1c[-][/c] - Eating [c][ff8000]>C_Rw[-][/c],,,,,,,,,,itmCns -on- [c][80ffff]CalSig1c[-][/c] - 进食 [c][ff8000]>C_写入[-][/c],,,,,,
pda_Oiu4CSm,[-],,,,,,,,,,[-],,,,,,
pda_va0CqRZ,[-],,,,,,,,,,[-],,,,,,
pda_COeOCaW,--,,,,,,,,,,--,,,,,,
pda_uc8Kk00,You can [c][ffff00]close[-][/c][c][ffff00] any window[-][/c] with the [c][00ff00][ESC] [-][/c]key.,,,,,,,,,,你可以用 [c][ffff00]关闭[-][/c][c][ffff00]任何窗口[-][/c]，按 [c][00ff00][ESC] [-][/c]键。,,,,,,
pda_mi8mumC,...,,,,,,,,,,...,,,,,,
pda_iS8OeO8,---,,,,,,,,,,---,,,,,,
pda_uOWaY7W,[b]Open your Inventory :[/b]\nPress [c][00ff00][Tab] [-][/c]key,,,,,,,,,,[b]打开你的物品栏：[/b]\n按 [c][00ff00][Tab] [-][/c]键,,,,,,
pda_eCKiqiW,--,,,,,,,,,,--,,,,,,
pda_4KO8GKq,"[u][c][ffffff]Faction Reputation[-][/c][/u]: \n\n[c][ffffff][i]The Tutorial is protected - - But in the main[/i][i]game you will lose standing by stealing. [/i][-][/c]\n\n""[b]Unfriendly[/b]"" factions will already shoot at you.\n[b]Neutrals [/b]might not want your Vessels or Bases nearby.\n\nYou can see the [c][ffffff]effects of your actions[-][/c] by the change\nof[c][ffffff] ""Reputation Points"" (RP)[-][/c], at upper left screen edge.",,,,,,,,,,"[u][c][ffffff]阵营声望[-][/c][/u]： \n\n[c][ffffff][i]教程中受到保护 - - 但在主游戏中[/i][i]你会因盗窃而降低声望。 [/i][-][/c]\n\n""[b]不友好[/b]""的阵营会直接向你开火。\n[b]中立阵营[/b]可能不希望你的飞船或基地在附近。\n\n你可以通过屏幕左上角的\n[c][ffffff]“声望点”（RP）[-][/c]的变化\n看到你行为的[c][ffffff]效果。[-][/c]",,,,,,
pda_8eOeam4,...,,,,,,,,,,...,,,,,,
pda_Ck8ii8K,--,,,,,,,,,,--,,,,,,
pda_SEGaau8,...,,,,,,,,,,...,,,,,,
pda_iGSWS04,---,,,,,,,,,,---,,,,,,
pda_WiQGi0a,To heal:\n[c][ffff80] Open your Inventory[-][/c] [c][00ff00][Tab] [-][/c]...,,,,,,,,,,治疗：\n[c][ffff80]打开你的物品栏[-][/c] [c][00ff00][Tab] [-][/c]...,,,,,,
pda_aSq0CC0,Debug: Farm Trigger Hack and trigger explosives,,,,,,,,,,调试：农场触发黑客并触发爆炸物,,,,,,
pda_a8qGu4K,...,,,,,,,,,,...,,,,,,
pda_Kmeu2j0,...,,,,,,,,,,...,,,,,,
pda_OeiiiQW,--,,,,,,,,,,--,,,,,,
pda_SGiKm0W,Trigger hack & explosives,,,,,,,,,,触发黑客与爆炸物,,,,,,
pda_OnKKCGe,[-],,,,,,,,,,[-],,,,,,
pda_CtuOOGo,[-],,,,,,,,,,[-],,,,,,
pda_iGeCOOa,--,,,,,,,,,,--,,,,,,
pda_auuueiM,"( [i][b][c][8080ff]Captain[-][/c][/b], over Comms[/i] ) :\n\n[i]„ ...Did that unarmed, useless Human just try to steal from MY ship?\n\n - Nah, let‘s ignore it.  - Once.“[/i]",,,,,,,,,,（ [i][b][c][8080ff]船长[-][/c][/b]，通过通讯器[/i]）：\n\n[i]„……那个手无寸铁、无用的人类，刚才竟想偷我的飞船？\n\n - 算了，这次就无视它。 - 仅此一次。“[/i],,,,,,
pda_uW8e4hW,nPOI - Change[c][ffffff]ZiraxHostile[-][/c] [c][ff8040][i](OffBy: DoneBuild)  [/i]>C_On >COff[-][/c][c][ffff00][i] RepChange[/i][-][/c],,,,,,,,,,nPOI - 更改[c][ffffff]ZiraxHostile[-][/c] [c][ff8040][i]（关闭条件：完成建造） [/i]>C_On >COff[-][/c][c][ffff00][i] RepChange[/i][-][/c],,,,,,
pda_4GWua8C,...,,,,,,,,,,...,,,,,,
pda_W0uSGeK,...,,,,,,,,,,...,,,,,,
pda_eW88GGu,--,,,,,,,,,,--,,,,,,
pda_GS4VajC,[i]-- (Vis chapter below has tags:[/i] [c][ff8000]>C_on x2 >C_off x1[-][/c][c][ffff00]0 Dlg_TurnZiraxHostile[-][/c],,,,,,,,,,[i]--（下方章节标签：[/i] [c][ff8000]>C_on x2 >C_off x1[-][/c][c][ffff00]0 Dlg_TurnZiraxHostile[-][/c],,,,,,
pda_tq8im08,...,,,,,,,,,,...,,,,,,
pda_KqGep88,...,,,,,,,,,,...,,,,,,
pda_QuWd0Cm,--,,,,,,,,,,--,,,,,,
pda_mC4SKOG,Building:  Grid sizes,,,,,,,,,,建造：网格尺寸,,,,,,
pda_SSiYC5W,-,,,,,,,,,,-,,,,,,
pda_8eSCaKi,"[i][b][c][c0c0c0]Note: For trying out building, the game's 'Creative Mode' is highly useful.[-][/c][/b]\n[c][c0c0c0]Select it in the Main Menu -> Start new game -> Creative mode.[-][/c][/i]\n\n- The game uses a Large grid and a Small grid.\n- Blocks of [b][c][ffffff]different grid sizes cannot mix.[-][/c][/b]\n- Each block fills a whole 'cube volume'.[i] (Compare to e.g. Minecraft)[/i]\n\n- Certain devices can only be placed on the right structure type \n[i](E.g. a Hover Vessel or a Base. - - [/i]\n[i]Check the block's description by hovering over it with your mouse in the inventory.)[/i]",,,,,,,,,,[i][b][c][c0c0c0]注意：若要尝试建造，游戏的“创造模式”非常有用。[-][/c][/b]\n[c][c0c0c0]在主菜单 -> 开始新游戏 -> 创造模式中选择它。[-][/c][/i]\n\n- 游戏使用大网格和小网格。\n- [b][c][ffffff]不同网格尺寸的方块不能混合使用。[-][/c][/b]\n- 每个方块占据整个“立方体体积”。[i]（对比例如《我的世界》）[/i]\n\n- 某些设备只能放置在正确的结构类型上 \n[i]（例如悬浮飞船或基地。 - - [/i]\n[i]通过鼠标悬停在物品栏中的方块上查看其描述。）[/i],,,,,,
pda_Ki0e0eO,Block pickup vs. Salvage,,,,,,,,,,方块拾取与回收,,,,,,
pda_WKWuGu0,"[i][c][c0c0c0][-][/c][/i]\n[i][c][c0c0c0]Note: Block handling is much easier in the game's [b]Creative Mode![/b][-][/c][/i]\n\nDuring a Survival game: \nIf a structure already has a [c][ffffff][b]Core[/b][-][/c], that one might protect it from modifying blocks.\nDestroy enemy / NPC Cores, if needed.\n\n[b][c][ffffff]To pick up intact blocks:  [-][/c][/b]\n- Have your [b]own Core [/b]placed on the target structure\n- Use a [b]Multitool in the ""Retrieve Blocks""[/b] mode [i]( [c][00ff00][RMB] [-][/c]to select. )[/i]\n\n[i]Note: Logistics [c][00ff00][ F4 ] [-][/c]will help you handle large blocks, as long as you are close to a structure with containers.[/i]",,,,,,,,,,[i][c][c0c0c0][-][/c][/i]\n[i][c][c0c0c0]注意：在游戏的 [b]创造模式[/b][-][/c][/i] 中，方块处理要容易得多！\n\n在生存游戏中：\n如果建筑已有[c][ffffff][b]核心[/b][-][/c]，它可能会保护建筑不被修改方块。\n如有需要，摧毁敌方/非玩家角色的核心。\n\n[b][c][ffffff]要拾起完整的方块：  [-][/c][/b]\n- 在目标结构上放置你自己的[b]核心 [/b]\n- 使用 [b]多功能工具 的“回收方块”[/b] 模式 [i]( [c][00ff00][RMB] [-][/c] 选择。 )[/i]\n\n[i]注意：物流 [c][00ff00][ F4 ] [-][/c] 将帮助你处理大型方块，只要你靠近有容器的结构。[/i],,,,,,
pda_0i8iGm0,Playtest - Planet: Promethium deposit,,,,,,,,,,试玩 - 星球：钷矿床,,,,,,
pda_Y4O4OGG,..,,,,,,,,,,..,,,,,,
pda_aW0i6G4,...,,,,,,,,,,...,,,,,,
pda_KjiiqW8,--,,,,,,,,,,--,,,,,,
pda_q5u4i0G,Playtest - Planet: Promethium deposit drilling,,,,,,,,,,试玩 - 星球：钷矿床钻探,,,,,,
pda_emeGai8,...,,,,,,,,,,...,,,,,,
pda_K8w8K0i,...,,,,,,,,,,...,,,,,,
pda_iK8KG8a,--,,,,,,,,,,--,,,,,,
pda_GSquaau,--- \n(Back to the Hover Vessels),,,,,,,,,,--- \n(返回悬浮飞船),,,,,,
pda_eaKiaqS,Playtest - Planet: Builder's workshop checklist,,,,,,,,,,试玩 - 星球：建造者工作坊清单,,,,,,
pda_04emaiS,...,,,,,,,,,,...,,,,,,
pda_uSa4m0j,...,,,,,,,,,,...,,,,,,
pda_qOO0e6a,--,,,,,,,,,,--,,,,,,
pda_Q0aKwea,Debug chapters activated.,,,,,,,,,,调试章节已激活。,,,,,,
pda_KOuWu1G,Playtest - Planet: Beach: Crafted Portable Constructor,,,,,,,,,,试玩 - 星球：海滩：制作便携建造机,,,,,,
pda_w88q4n8,...,,,,,,,,,,...,,,,,,
pda_OmqSuOa,...,,,,,,,,,,...,,,,,,
pda_joEW5s8,--,,,,,,,,,,--,,,,,,
pda_iuu40O4,[c][ffffff]InvC[-][/c]_SurvC - [c][80ffff]CalSig4b[-][/c] - on- [c][ffffff]PlasticMat[-][/c] in SurvC   [c][ff8000]>ToRw[-][/c],,,,,,,,,,[c][ffffff]InvC[-][/c]_SurvC - [c][80ffff]CalSig4b[-][/c] - on- [c][ffffff]塑料材料[-][/c] 在 SurvC   [c][ff8000]>ToRw[-][/c],,,,,,
pda_40eiOmm,_______________ [b]Portable Constructor Craft:s[/b],,,,,,,,,,_______________ [b]便携建造机工艺：[/b],,,,,,
pda_4u4OmFS,--,,,,,,,,,,--,,,,,,
pda_8eWOCu0,--,,,,,,,,,,--,,,,,,
pda_WqWO88Y,--,,,,,,,,,,--,,,,,,
pda_uGQim8O,Portable Constructor,,,,,,,,,,便携建造机,,,,,,
pda_aq0uSmm,Put[c][ffff00] 5x Carbon Substrate into 'INPUT' field[-][/c]\n[sup][i][c][c0c0c0](Center top crafting inventory)[-][/c][/i][/sup],,,,,,,,,,将[c][ffff00] 5x 碳基板放入'输入'栏[-][/c]\n[sup][i][c][c0c0c0](顶部中央制作物品栏)[-][/c][/i][/sup],,,,,,
pda_WiKaSee,--,,,,,,,,,,--,,,,,,
pda_OWmmWWq,[u]Portable Constructor:[/u]\n\nHas its [c][ffffff]own inventory[-][/c].\n('INPUT' field)\n\n- Needs to be stocked \nwith crafting materials.\n\n---\n[ [c][ffffff]OK [-][/c]] for next page (1/3),,,,,,,,,,[u]便携建造机：[/u]\n\n拥有自己的[c][ffffff]物品栏[-][/c]。\n（'输入'栏）\n\n- 需要填充制作材料。\n\n---\n[ [c][ffffff]确定 [-][/c]] 下一页 (1/3),,,,,,
pda_Waaaeie,"[c][0080ff](nPOI)[-][/c] off - [c][80ffff][b]CAL4c [/b][-][/c]- [c][0080ff]Tasks3[-][/c] [c][ffffff]PCCrafts[-][/c] [c][ff8000][i](OnBy: HoverbikeCraft)[/i][i] (ToRwBy: BikeCrafted, BikeFound) [/i][-][/c][c][ff8080][i](RwBy: Tasks1, HoverbikeCraft, 1Bridge3)[/i][-][/c]      [c][ff8080] >RwTx2 [-][/c][c][ff8080]>COnT&CoffT >ToRw[-][/c]",,,,,,,,,,"[c][0080ff](nPOI)[-][/c] off - [c][80ffff][b]CAL4c [/b][-][/c]- [c][0080ff]任务3[-][/c] [c][ffffff]便携建造机工艺[-][/c] [c][ff8000][i](OnBy: 悬浮自行车制作)[/i][i] (ToRwBy: 自行车制作完成, 自行车找到) [/i][-][/c][c][ff8080][i](RwBy: 任务1, 悬浮自行车制作, 1桥3)[/i][-][/c]      [c][ff8080] >RwTx2 [-][/c][c][ff8080]>COnT&CoffT >ToRw[-][/c]",,,,,,
pda_8GeJa2K,"[c][ffff00]Get Survival Gear[-][/c]\n[sup][i][c][c0c0c0](Craft in [b]Portable Constructor[/b],[-][/c][/i][/sup]\n[sup][i][c][c0c0c0]- or find these)[-][/c][/i][/sup]",,,,,,,,,,[c][ffff00]获取生存装备[-][/c]\n[sup][i][c][c0c0c0](在 [b]便携建造机[/b] 中制作，[-][/c][/i][/sup]\n[sup][i][c][c0c0c0]- 或找到这些)[-][/c][/i][/sup],,,,,,
pda_aum8GWS,"Hold a Weapon\n[sup][c][c0c0c0][i]([b]Needs:[/b] Iron/Steel, Copper)[/i][-][/c][/sup]",,,,,,,,,,"持有武器\n[sup][c][c0c0c0][i]([b]需要：[/b]铁/钢, 铜)[/i][-][/c][/sup]",,,,,,
pda_0hiiaWK,--,,,,,,,,,,--,,,,,,
pda_8SiW4uC,"... have its ammo\n[sup][c][c0c0c0][i](Copper, Wood)[/i][-][/c][/sup]",,,,,,,,,,"... 有其弹药\n[sup][c][c0c0c0][i](铜, 木材)[/i][-][/c][/sup]",,,,,,
pda_8e0eWGS,--,,,,,,,,,,--,,,,,,
pda_qGKIaWm,Hold a Detector\n[c][c0c0c0][i][sup](Carbon)[/sup][/i][-][/c],,,,,,,,,,持有探测器\n[c][c0c0c0][i][sup](碳)[/sup][/i][-][/c],,,,,,
pda_K8q4SS4,--,,,,,,,,,,--,,,,,,
pda_hGem04O,Craft a Hoverbike\n[sup][c][c0c0c0]([i]Carbon)[/i][-][/c][/sup],,,,,,,,,,制作一辆悬浮自行车\n[sup][c][c0c0c0]([i]碳)[/i][-][/c][/sup],,,,,,
pda_KiOGSK8,--,,,,,,,,,,--,,,,,,
pda_a7CC06u,Better prepared,,,,,,,,,,更好的准备,,,,,,
pda_SmqSeeu,...,,,,,,,,,,...,,,,,,
pda_K8i4WeG,--,,,,,,,,,,--,,,,,,
pda_m70WW84,"[i]< With this gear, you should be prepared for the worst. >[/i]",,,,,,,,,,[i]< 有了这些装备，你应该为最坏的情况做好了准备。 >[/i],,,,,,
pda_uG0GiOu,Better prepared,,,,,,,,,,更好的准备,,,,,,
pda_C8KmC4u,...,,,,,,,,,,...,,,,,,
pda_aOKePCC,--,,,,,,,,,,--,,,,,,
pda_SK44OWu,"[i]< ... If you move on, [/i]\n[i]- Don't forget to [c][ffff00]pick up your [b]constructor[/b].[-][/c] >[/i]",,,,,,,,,,[i]< ... 如果你继续前进，[/i]\n[i]- 别忘了[c][ffff00]拾起你的[b]建造机[/b]。[-][/c] >[/i],,,,,,
pda_eGqWj4q,...,,,,,,,,,,...,,,,,,
pda_qOiSQ8q,...,,,,,,,,,,...,,,,,,
pda_Waii48S,---,,,,,,,,,,---,,,,,,
pda_EmC0SGm,[i]< This opens up a lot of possibilities... ![/i]\n[i] ... You'll need [c][ffffff]better gear.  [-][/c]>[/i]\n[i][/i]\n[i]< [c][ffff00]Marking[-][/c] a few places with [c][ffffff]resources [-][/c]... >[/i],,,,,,,,,,[i]< 这开启了很多可能性...！[/i]\n[i] ... 你需要[c][ffffff]更好的装备。  [-][/c]>[/i]\n[i][/i]\n[i]< [c][ffff00]标记[-][/c]一些有[c][ffffff]资源[-][/c]的地方... >[/i],,,,,,
pda_iqSWaeG,...,,,,,,,,,,...,,,,,,
pda_4oueiae,...,,,,,,,,,,...,,,,,,
pda_GiuGCmS,--,,,,,,,,,,--,,,,,,
pda_mqqmeTi,...,,,,,,,,,,...,,,,,,
pda_CWCuqKe,--,,,,,,,,,,--,,,,,,
pda_qqGOu0G,Access Portable Constructor,,,,,,,,,,访问便携建造机,,,,,,
pda_eOGSK2K,--,,,,,,,,,,--,,,,,,
pda_KOSOOjW,Craft Hoverbike in\nPortable Constructor,,,,,,,,,,在便携建造机中制作\n悬浮自行车,,,,,,
pda_qKS80OC,"1- Select ""[c][ffff00]Devices"" Category[-][/c] symbol [sup][i][c][c0c0c0](Looks like pathways of a chip)[-][/c][/i][/sup]\n2- [c][ffff00]Click on Hoverbike[-][/c] template to craft\n[c][c0c0c0][i][sup](Needs 5 Carbon Substrate, ""Show all Templates'""filter)[/sup][/i][-][/c]",,,,,,,,,,"1- 选择""[c][ffff00]设备""类别[-][/c] 符号 [sup][i][c][c0c0c0]（看起来像芯片的路径）[-][/c][/i][/sup]\n2- [c][ffff00]点击悬浮自行车[-][/c] 模板进行制作\n[c][c0c0c0][i][sup]（需要5个碳基板，""显示所有模板'""过滤器）[/sup][/i][-][/c]",,,,,,
pda_8CiuiIW,---,,,,,,,,,,---,,,,,,
pda_u0eMtiq,"Upper right [c][ffffff]symbol row.[-][/c] >>\n\n1- Select the ""[c][ffff00]Devices"" symbol[-][/c] (Looks like pathways of a microchip)\n\n2- [c][ffff00]Click on Hoverbike[-][/c] template to craft",,,,,,,,,,"右上角 [c][ffffff]符号行。[-][/c] >>\n\n1- 选择""[c][ffff00]设备""符号[-][/c]（看起来像微芯片的路径）\n\n2- [c][ffff00]点击悬浮自行车[-][/c] 模板进行制作",,,,,,
pda_WCOgSq6,[i]< [c][ffffff][b]5[/b] Carbon Substrate[-][/c] will give you a Hoverbike ... >[/i],,,,,,,,,,[i]< [c][ffffff][b]5[/b] 碳基板[-][/c] 将给你一辆悬浮自行车... >[/i],,,,,,
pda_4maCC8G,"[i]< This constructor has [c][ffffff]much more templates[-][/c].[/i]\n[i]The list at the right side - That's just a [b]part [/b]... >[/i]\n\n[i]< To see more templates, [/i]\n[i][c][ffffff]switch the display filters[-][/c]. >[/i]\n\n[i]---[/i]\n[ [c][ffffff]OK[-][/c] ] for next page (2/3)[i][/i]",,,,,,,,,,[i]< 这台建造机有 [c][ffffff]更多模板[-][/c]。[/i]\n[i]右侧的列表 - 那只是[b]一部分[/b] ... >[/i]\n\n[i]< 要查看更多模板，[/i]\n[i][c][ffffff]切换显示过滤器[-][/c]。 >[/i]\n\n[i]---[/i]\n[ [c][ffffff]确定[-][/c] ] 下一页 (2/3)[i][/i],,,,,,
pda_KCqiaCC,"[i]< To use, [c][ffff00]place into your Toolbar.[-][/c][/i] >",,,,,,,,,,[i]< 要使用，[c][ffff00]放入你的工具栏。[-][/c][/i] >,,,,,,
pda_JoOKWKK,...,,,,,,,,,,...,,,,,,
pda_aSOmk4C,--,,,,,,,,,,--,,,,,,
pda_afm8e8q,"[i]To start [b]crafting a Hoverbike[/b]:[/i]\n[i][/i]\n[i]Put [c][ffff00]Carbon Substrate [-][/c][c][ffffff]from your inventory into the [-][/c][c][ffff00]Constructor's 'INPUT' field[-][/c].[/i]\n[i](Middle screen, top)[/i]",,,,,,,,,,[i]开始 [b]制作悬浮自行车[/b]：[/i]\n[i][/i]\n[i]将 [c][ffff00]碳基板 [-][/c][c][ffffff]从你的物品栏放入 [-][/c][c][ffff00]建造机的'输入'栏[-][/c]。[/i]\n[i]（中间屏幕，顶部）[/i],,,,,,
pda_Cu8ACm0,InvOp_PC [c][80ffff]CalSig4c[-][/c]- off - [c][ffffff]BikeRemind[-][/c]er[c][ff8040][i] (OnBy:BikeCrafted) (OffBy:BikeFound & BikePlaced) >C_off[/i][-][/c],,,,,,,,,,InvOp_PC [c][80ffff]CalSig4c[-][/c]- off - [c][ffffff]自行车提醒[-][/c]器[c][ff8040][i] (OnBy: 自行车制作) (OffBy: 自行车找到 & 自行车放置) >C_off[/i][-][/c],,,,,,
pda_GOfuaSi,...,,,,,,,,,,...,,,,,,
pda_80g8KlR,...,,,,,,,,,,...,,,,,,
pda_4q8nOuC,---,,,,,,,,,,---,,,,,,
pda_OiQFaiS,"[i]< To use, [c][ffff00]take the Hoverbike[-][/c][c][ffffff],[-][/c] and place it in your [c][ffffff]Toolbar[-][/c]. >[/i]",,,,,,,,,,"[i]< 要使用，[c][ffff00]取出悬浮自行车[-][/c][c][ffffff],[-][/c] 并将其放入你的 [c][ffffff]工具栏[-][/c]。 >[/i]",,,,,,
pda_eeibipm,[sup]-on- /-rw-/-off- : [/sup][i][sup]Activatable state of the chapter before PDADataOps[/sup][/i],,,,,,,,,,[sup]-on- /-rw-/-off- : [/sup][i][sup]PDADataOps 之前章节的可激活状态[/sup][/i],,,,,,
pda_Kiqe0Ca,--,,,,,,,,,,--,,,,,,
pda_0Cq4CSm,--,,,,,,,,,,--,,,,,,
pda_ma2GuW4,>> Grey : [i]PDADataOps Activatable state[/i],,,,,,,,,,>> 格雷：[i]PDA数据操作可激活状态[/i],,,,,,
pda_WCG10uq,"[sup][c][ffff00][b][u]Layout:[/u][/b] ""Header"" // ""CenterInfo"" // [i]""EnderInfo""[/i][-][/c][/sup]",,,,,,,,,,[sup][c][ffff00][b][u]布局：[/u][/b] “标题” // “中心信息” // [i]“结束信息”[/i][-][/c][/sup],,,,,,
pda_e8m0CmC,--,,,,,,,,,,--,,,,,,
pda_Ge0Ke8q,--,,,,,,,,,,--,,,,,,
pda_qh4CS0n,--,,,,,,,,,,--,,,,,,
pda_CauiC9W,[sup]- but 'already waiting' autostarts in the stack will interrupt - - Use this with care[/sup],,,,,,,,,,[sup]- 但已在堆栈中启动的'已在等待'会中断 - - 请谨慎使用[/sup],,,,,,
pda_qKImmuK,--,,,,,,,,,,--,,,,,,
pda_i8sWSO0,"[i]< If my data is still correct, - - there will be [b]hostile fauna [/b]beyond this point ...  >[/i]\n\n[i]<  Suggesting to [c][ffffff][c][ffff00]prepare yourself[-][/c] a bit better[-][/c]. >[/i]",,,,,,,,,,[i]< 如果我的数据仍然正确，- - 过了这点之后会有[b]敌对生物[/b]... >[/i]\n\n[i]< 建议你[c][ffffff][c][ffff00]准备得[-][/c]更充分一些[-][/c]。 >[/i],,,,,,
pda_KO4eauu,[c][0080ff]Mrk[-][/c] -rw- [c][ffffff]Wreck [-][/c]salvage [c][ff8000][i](OnBy:PCCrafts) (RwBy:SteelDestr) (OffBy:SteelSalvage & FastSalvage)[/i][-][/c],,,,,,,,,,[c][0080ff]标记[-][/c] -rw- [c][ffffff]残骸 [-][/c]打捞 [c][ff8000][i](OnBy: 便携建造机工艺) (RwBy: 钢铁破坏) (OffBy: 钢铁打捞 & 快速打捞)[/i][-][/c],,,,,,
pda_4KuOKmK,...,,,,,,,,,,...,,,,,,
pda_LqiK4Wa,...,,,,,,,,,,...,,,,,,
pda_qWm4AWq,--,,,,,,,,,,--,,,,,,
pda_qmGCe0O,[i]< That [c][ffffff]power source[-][/c] over there- - I think it has an [c][ffff00]antenna[-][/c]. >[/i]\n[i][/i]\n[i]< It could [b]help us [/b]to find out where we are...? >[/i],,,,,,,,,,[i]< 那边的那个[c][ffffff]能源[-][/c] - - 我觉得它有[c][ffff00]天线[-][/c]。 >[/i]\n[i][/i]\n[i]< 它或许能[b]帮我们 [/b]找出我们在哪里...？ >[/i],,,,,,
pda_4ramGp4,Repeat TEST - window overlayHelmet,,,,,,,,,,重复测试 - 窗口覆盖头盔,,,,,,
pda_iMCeG04,New Task,,,,,,,,,,新任务,,,,,,
pda_Ga0aqeW,New Action,,,,,,,,,,新行动,,,,,,
pda_O6O8SvC,--,,,,,,,,,,--,,,,,,
pda_MSHKeGe,< Helmet Overlay triggered >,,,,,,,,,,< 头盔覆盖层触发 >,,,,,,
pda_Oiie8HC,WinOp &lvl2 -off- [c][ffffff]TT ammo remind[-][/c] [c][ff8000][i](OnBy: Techtree & DirectUnlock)[/i][-][/c] [c][ff8000][i] (OffBy: NewShoresReady)[/i][-][/c],,,,,,,,,,WinOp &lvl2 -off- [c][ffffff]TT弹药提醒[-][/c] [c][ff8000][i](OnBy: 科技树与直接解锁)[/i][-][/c] [c][ff8000][i] (OffBy: 新海岸就绪)[/i][-][/c],,,,,,
pda_0m0FKwa,...,,,,,,,,,,...,,,,,,
pda_WqGmmim,...,,,,,,,,,,...,,,,,,
pda_GW0Jahe,--,,,,,,,,,,--,,,,,,
pda_iG8icqK,"[c][ffffff][u]Found weapons[/u][-][/c] or tools:\n\n[b]Unlock them here[/b], too - \n... to be able to craft the \nammo for them.",,,,,,,,,,[c][ffffff][u]找到的武器[/u][-][/c] 或工具：\n\n[b]也可以在这里解锁它们[/b]， - \n... 以便能够制作它们的弹药。,,,,,,
pda_uuW88ie,Better prepared,,,,,,,,,,更好的准备,,,,,,
pda_YSXqeCO,...,,,,,,,,,,...,,,,,,
pda_oGGuiiO,--,,,,,,,,,,--,,,,,,
pda_iKKGi4C,[i](( Found Salvage! ))[/i],,,,,,,,,,[i](( 发现残骸！ ))[/i],,,,,,
pda_qO88GSa,...,,,,,,,,,,...,,,,,,
pda_iumae1i,---,,,,,,,,,,---,,,,,,
pda_GeaSGWu,TbC -rw- [c][80ffff]CalSig2[-][/c] [c][ffffff]EquipDrill [i][c][ff8000](RwBy: HangarLeave) [-][/c][/i][-][/c][c][80ffff][i]>Sig to start next chapter[/i][-][/c],,,,,,,,,,TbC -rw- [c][80ffff]CalSig2[-][/c] [c][ffffff]装备钻头 [i][c][ff8000](RwBy: 机库离开) [-][/c][/i][-][/c][c][80ffff][i]>发送信号以开始下一章[/i][-][/c],,,,,,
pda_0uiSK44,(( Cursed Drill )),,,,,,,,,,（（ 被诅咒的钻头 ））,,,,,,
pda_0KOKSSC,...,,,,,,,,,,...,,,,,,
pda_GsGG2iS,--,,,,,,,,,,--,,,,,,
pda_KGaWWqm,[i]< Brzzt. bt ! >[/i]\n\n[i]< bzzt - [b]bzzt [/b]? >  [/i],,,,,,,,,,[i]< 滋滋。嘟！ >[/i]\n\n[i]< 滋滋 - [b]滋滋 [/b]? >  [/i],,,,,,
pda_mieaWiu,Playtest: Leaving [c][ffffff]Weat[-][/c]her Station,,,,,,,,,,试玩：离开[c][ffffff]天气[-][/c]站,,,,,,
pda_mSmuWq0,...,,,,,,,,,,...,,,,,,
pda_0OiiOu8,...,,,,,,,,,,...,,,,,,
pda_CG4aUa4,--,,,,,,,,,,--,,,,,,
pda_8eSCuWS,Locate the leak,,,,,,,,,,定位泄漏点,,,,,,
pda_tYKWauS,[c][ffff00]Follow trail[-][/c] of\n[b]black[/b] O2 markers,,,,,,,,,,[c][ffff00]跟随轨迹[-][/c] \n[b]黑色[/b] O2标记,,,,,,
pda_qSiSWhK,--,,,,,,,,,,--,,,,,,
pda_uaSWqSW,"- Once done, press [c][00ff00][N][-][/c]\nto close Debug Menu",,,,,,,,,,- 完成后，按 [c][00ff00][N][-][/c]\n关闭调试菜单,,,,,,
pda_Oi0F8G4,--,,,,,,,,,,--,,,,,,
pda_m9u0WEu,([c][ffff00] Follow the trail[-][/c] of the black O2 markers to locate the leak.),,,,,,,,,,([c][ffff00] 跟随黑色O2标记的轨迹[-][/c] 以定位泄漏点。),,,,,,
pda_8848euS,"[c][c0c0c0][i][sup](If no markers are there:[/sup][/i][-][/c]\n[c][c0c0c0][i][sup][N], select 'Show Oxygen')[/sup][/i][-][/c]",,,,,,,,,,"[c][c0c0c0][i][sup](如果没有标记：[/sup][/i][-][/c]\n[c][c0c0c0][i][sup][N], 选择 '显示氧气')[/sup][/i][-][/c]",,,,,,
pda_eem8ime,---,,,,,,,,,,---,,,,,,
pda_Kme8GU0,itm- [c][ffffff]Tank ExtView [-][/c]reminder [c][ff8000][i]([/i][-][/c][c][ff8000][i]OnBy: DBDifficulty)[/i][-][/c],,,,,,,,,,itm- [c][ffffff]坦克外部视角 [-][/c]提醒 [c][ff8000][i]([/i][-][/c][c][ff8000][i]OnBy: 数据库难度)[/i][-][/c],,,,,,
pda_GiOeeqC,...,,,,,,,,,,...,,,,,,
pda_PuC40Sq,...,,,,,,,,,,...,,,,,,
pda_PCmeia8,--,,,,,,,,,,--,,,,,,
pda_RuwOOMa,"[c][ffffff][u]Useful controls[/u][-][/c] for the tank: [c][ffffff][-][/c]\n\n- [b]Exterior view[/b] [c][00ff00][V][-][/c], then [c][00ff00][alt][-][/c]\n- [b]Manually access turrets[/b] with the control panel [c][00ff00][P], [-][/c][[Devices]] tab",,,,,,,,,,"[c][ffffff][u]坦克的有用控制：[/u][-][/c] [c][ffffff][-][/c]\n\n- [b]外部视角[/b] [c][00ff00][V][-][/c], 然后 [c][00ff00][alt][-][/c]\n- [b]通过控制面板手动操作炮塔[/b] [c][00ff00][P], [-][/c][[Devices]] 标签页",,,,,,
pda_qKO0mSC,[c][0080ff](nPOI)[-][/c] - Dvil[c][ffffff]HackMsg_1[-][/c][c][ff8000][i] (OnBy: HackCounter)[/i][-][/c],,,,,,,,,,[c][0080ff](nPOI)[-][/c] - Dvil[c][ffffff]黑客消息_1[-][/c][c][ff8000][i] (OnBy: 黑客计数器)[/i][-][/c],,,,,,
pda_u4ue4iS,...,,,,,,,,,,...,,,,,,
pda_CvG2ymu,...,,,,,,,,,,...,,,,,,
pda_SWuG4PC,--,,,,,,,,,,--,,,,,,
pda_O4mOCui,"[i]< No, you [b]WON'T[/b]. >[/i]",,,,,,,,,,[i]< 不，你[b]不会[/b]。 >[/i],,,,,,
pda_m0Ka4Wu,[c][0080ff](nPOI)[-][/c] -  Dril[c][ffffff]HackMsg_2[-][/c] [c][ff8000][i](RwBy: DrHackMsg_1)  [/i]>C_On x2 >C_rw >ToRwBy[-][/c],,,,,,,,,,[c][0080ff](nPOI)[-][/c] - 钻头[c][ffffff]黑客消息_2[-][/c] [c][ff8000][i](RwBy: DrHackMsg_1)  [/i]>C_On x2 >C_rw >ToRwBy[-][/c],,,,,,
pda_WaqW4C0,...,,,,,,,,,,...,,,,,,
pda_oWSmKKi,...,,,,,,,,,,...,,,,,,
pda_maOaa8g,---,,,,,,,,,,---,,,,,,
pda_C8qqOQG,"[i]< Better [c][ffff00][b]take off [/b]the EVA booster[-][/c] for now. >[/i]\n\n[i]< It protects against cold, but makes you [/i]\n[i]really [c][ffffff]vulnerable [-][/c]against bullets ... >[/i]",,,,,,,,,,[i]< 更好 [c][ffff00][b]先取下 [/b]EVA助推器[-][/c] 暂时。 >[/i]\n\n[i]< 它能防寒，但会使你[/i]\n[i]非常 [c][ffffff]脆弱 [-][/c]对抗子弹... >[/i],,,,,,
pda_OiWrGO0,How to Swim,,,,,,,,,,如何游泳,,,,,,
pda_WCGK8eH,...,,,,,,,,,,...,,,,,,
pda_qaau0qm,--,,,,,,,,,,--,,,,,,
pda_mmOKa0m,Sig - off- Nest[c][ffffff]Catchall activate DB[-][/c] task [i][c][ff8000](OnBy: FightBoost) (OffBy: HackMsg2)[-][/c][/i],,,,,,,,,,Sig - off- Nest[c][ffffff]Catchall 激活数据库[-][/c] 任务 [i][c][ff8000](OnBy: 战斗强化) (OffBy: 黑客消息2)[-][/c][/i],,,,,,
pda_SmiagSS,...,,,,,,,,,,...,,,,,,
pda_uSQmaWk,...,,,,,,,,,,...,,,,,,
pda_uaOm8qK,--,,,,,,,,,,--,,,,,,
pda_K0O0KgW,(Debug) - [c][8080ff]Autostarting with POI [-][/c]- Explode the starterCV when using test-teleporter,,,,,,,,,,（调试）- [c][8080ff]与POI自动启动 [-][/c]- 使用测试传送器时引爆起始CV,,,,,,
pda_eKmAusW,(Exploding the ship...),,,,,,,,,,（引爆飞船...）,,,,,,
pda_OumEwKO,... activating the teleporter,,,,,,,,,,... 正在激活传送器,,,,,,
pda_808SmKS,--,,,,,,,,,,--,,,,,,
pda_OC8KJqW,[c][0080ff](nPOI) [-][/c]-rw- [c][ffffff]Bike controls[-][/c] [i][c][ff8000](RwBy: Hoverbike place)[-][/c][/i],,,,,,,,,,[c][0080ff](nPOI) [-][/c]-rw- [c][ffffff]自行车控制[-][/c] [i][c][ff8000](RwBy: 悬浮自行车放置点)[-][/c][/i],,,,,,
pda_m4KeuGq,...,,,,,,,,,,...,,,,,,
pda_4KqGCEG,...,,,,,,,,,,...,,,,,,
pda_eamGWOu,--,,,,,,,,,,--,,,,,,
pda_me8KKGa,"[u][c][ffffff]Hover controls:[-][/c][/u][c][ffffff][-][/c]\n\n[c][00ff00][Space][-][/c] to gain height, [c][00ff00][C[-][/c][c][00ff00]][-][/c] to lower it to the ground.\n\n[i][c][c0c0c0][sub](Land travel only. - Pick up after use)[/sub][-][/c][/i]",,,,,,,,,,[u][c][ffffff]悬浮飞船控制：[-][/c][/u][c][ffffff][-][/c]\n\n[c][00ff00][Space][-][/c] 提升高度，[c][00ff00][C[-][/c][c][00ff00]][-][/c] 降低至地面。\n\n[i][c][c0c0c0][sub]（仅限陆地行驶。- 使用后请拾起）[/sub][-][/c][/i],,,,,,
pda_4a8Me4C,Hoverbike,,,,,,,,,,悬浮摩托,,,,,,
pda_WkOkOCn,...,,,,,,,,,,...,,,,,,
pda_0uGWei0,--,,,,,,,,,,--,,,,,,
pda_Ak0CK4C,(Debug) -Planet: Turn on swim message detectors,,,,,,,,,,(调试) -星球: 开启游泳消息探测器,,,,,,
pda_i0SSsM8,activating water message,,,,,,,,,,激活水消息,,,,,,
pda_aSuiii4,...,,,,,,,,,,...,,,,,,
pda_WmqOSG4,--,,,,,,,,,,--,,,,,,
pda_Wm2WaqK,...,,,,,,,,,,...,,,,,,
pda_K0CiqmG,--,,,,,,,,,,--,,,,,,
pda_GSqSOWb,[i]< Sorry- - This is far beyond my hacking reach... [/i]\n[i]You have to [c][ffff00]be closer to the Farm[-][/c] for it to work...! >[/i],,,,,,,,,,[i]< 抱歉- - 这超出了我的入侵范围... [/i]\n[i]你得[c][ffff00]离农业区更近一些[-][/c]才能工作...! >[/i],,,,,,
pda_KSe8e0q,[i]< ... Easy. >[/i],,,,,,,,,,[i]< ... 简单。 >[/i],,,,,,
pda_Ge4qSKq,[i][c][c0c0c0]( Be close to the Farm... )[-][/c][/i],,,,,,,,,,[i][c][c0c0c0]( 靠近农业区... )[-][/c][/i],,,,,,
pda_CeuA0Sm,\n[c][ffff00]Please click again [-][/c]on the title: [c][ffffff]'This is a mission chapter'[-][/c],,,,,,,,,,\n[c][ffff00]请再次点击[-][/c]标题: [c][ffffff]'这是一个任务章节'[-][/c],,,,,,
pda_u8SaGiA,...,,,,,,,,,,...,,,,,,
pda_e4C8uCu,--,,,,,,,,,,--,,,,,,
pda_Aml88O0,[i]< Sorry- - This is far beyond my priming reach... [/i]\n[i]You have to [c][ffff00]be closer to the Farm[-][/c] for it to work...! >[/i],,,,,,,,,,[i]< 抱歉- - 这超出了我的引爆范围... [/i]\n[i]你得[c][ffff00]离农业区更近一些[-][/c]才能工作...! >[/i],,,,,,
pda_KSWeSW4,[i]< Fire in the hole ... ! >[/i],,,,,,,,,,[i]< 小心炮弹... ! >[/i],,,,,,
pda_ouuYKNK,[c][ff8080]B_Dstr[-][/c] - [c][00ffff]CalSig15[-][/c] - Arty[c][ffffff]CoreKill[-][/c] (OnBy:,,,,,,,,,,[c][ff8080]方块摧毁[-][/c] - [c][00ffff]CalSig15[-][/c] - 火炮[c][ffffff]核心击杀[-][/c] (OnBy:,,,,,,
pda_a0QaWO4,...,,,,,,,,,,...,,,,,,
pda_am0nK04,...,,,,,,,,,,...,,,,,,
pda_eeI8weG,--,,,,,,,,,,--,,,,,,
pda_0GW6aG4,[c][ff8080]B_Dstr[-][/c] - [c][ff8080]N[-][/c] -off-  [c][00ffff]CalSig14[-][/c] - Arty SentryKill Norm [c][ff8080][i](OnByT: CloneHome)[/i][-][/c],,,,,,,,,,[c][ff8080]方块摧毁[-][/c] - [c][ff8080]N[-][/c] -关闭-  [c][00ffff]CalSig14[-][/c] - 火炮哨兵击杀标准 [c][ff8080][i](OnByT: CloneHome)[/i][-][/c],,,,,,
pda_KeeaqSO,...,,,,,,,,,,...,,,,,,
pda_Gna49mG,...,,,,,,,,,,...,,,,,,
pda_OC00WwM,--,,,,,,,,,,--,,,,,,
pda_44AaeOq,[c][ff8080]BlcPlc[-][/c] - [c][00ffff]CalSig15[-][/c] - Arty [c][ffffff]core place[-][/c] (OnBy:,,,,,,,,,,[c][ff8080]方块放置[-][/c] - [c][00ffff]CalSig15[-][/c] - 火炮 [c][ffffff]核心放置[-][/c] (OnBy:,,,,,,
pda_K4SOamq,...,,,,,,,,,,...,,,,,,
pda_WmSWkiq,...,,,,,,,,,,...,,,,,,
pda_KuiCkGq,--,,,,,,,,,,--,,,,,,
pda_WWKuKCm,"[i]< Vulnerable to any weapon... [/i]\n[i]Although, [b]rocket launchers[/b] are best. >[/i]",,,,,,,,,,[i]< 任何武器都能伤害它... [/i]\n[i]不过，[b]火箭发射器[/b]是最好的。 >[/i],,,,,,
pda_CS0uuS0,Playtest - Planet: Foothold BA in reach,,,,,,,,,,试玩 - 星球: 立足点BA在范围内,,,,,,
pda_gm44uuO,...,,,,,,,,,,...,,,,,,
pda_mO4SOGK,...,,,,,,,,,,...,,,,,,
pda_j8mu8ia,--,,,,,,,,,,--,,,,,,
pda_SWSKG4u,Claim Artillery Base,,,,,,,,,,占领火炮基地,,,,,,
pda_geBaS4w,...,,,,,,,,,,...,,,,,,
pda_OWeuieK,--,,,,,,,,,,--,,,,,,
pda_0e8mSOC,"[i]< You know it already... - [/i][i][c][ffff00]Claim this Base[-][/c]. >[/i]\n[i][/i]\n[i]< ... ""Find, and [c][ffffff]destroy the other Core[-][/c]. - Then [c][ffffff]place your own[-][/c].[/i]\n[i]That allows you to reach the Control Panel"" >[/i]",,,,,,,,,,"[i]< 你早已知道... - [/i][i][c][ffff00]认领此基地[-][/c]. >[/i]\n[i][/i]\n[i]< ... ""找到并[c][ffffff]驱逐舰摧毁其他核心[-][/c]. - 然后[c][ffffff]放置你的核心[-][/c].[/i]\n[i]这样你就能到达控制面板"" >[/i]",,,,,,
pda_CO4eSqm,"[i]< Okay, really good ! [/i]\n[i]All this Base now belongs to you. >[/i]",,,,,,,,,,[i]< 好的，非常棒！ [/i]\n[i]现在这个基地都属于你了。 >[/i],,,,,,
pda_meiqG0W,"[i]< If you lack a [b]Core [/b]- [/i]\n[i]... There seems to be one left, in a [c][ffffff]Repository[-][/c] Container of this Base. >[/i]",,,,,,,,,,[i]< 如果你缺少[b]核心 [/b]- [/i]\n[i]... 这个基地的某个[c][ffffff]仓库[-][/c]容器里似乎还剩下一个。 >[/i],,,,,,
pda_KSaOWaK,- [b]Access[/b] it with [c][00ff00][F][-][/c],,,,,,,,,,- 使用[c][00ff00][F][-][/c][b]访问[/b]它,,,,,,
pda_0MEiGiJ,--,,,,,,,,,,--,,,,,,
pda_0GKe4EG,_________ [i](Foothold)[/i],,,,,,,,,,_________ [i](立足点)[/i],,,,,,
pda_K0giiWi,--,,,,,,,,,,--,,,,,,
pda_eO4Cqae,--,,,,,,,,,,--,,,,,,
pda_KWGOqiG,--,,,,,,,,,,--,,,,,,
pda_SmiGmKS,[i]< [c][ffffff]Starters [-][/c]are the only blocks that you can [c][ffff00]place directly on ground[-][/c]. >[/i],,,,,,,,,,[i]< [c][ffffff]初始方块[-][/c]是唯一可以[c][ffff00]直接放在地面上的方块[-][/c]。 >[/i],,,,,,
pda_eUuFigq,BlcPlc - off- Catchall: CloneCh on Junk [c][ff8000][i](OnBy: ZiraxHostile & )[/i][-][/c],,,,,,,,,,BlcPlc - 关闭- 通用：在垃圾上克隆[c][ff8000][i](OnBy: ZiraxHostile & )[/i][-][/c],,,,,,
pda_5GLeO4q,"[i]A ""junk"" Base ...?[/i]",,,,,,,,,,"[i]一个""垃圾""基地...?[/i]",,,,,,
pda_8044KGO,...,,,,,,,,,,...,,,,,,
pda_0OSeG48,--,,,,,,,,,,--,,,,,,
pda_ireK4KS,"[i]< Huh? - - Um, yes... [/i][b]That[/b][b][/b][i] is also possible! >[/i]\n[i][/i]\n[i]< ... Any [b]junk you see here could be an own Base[/b]...! >[/i]\n[i][/i]\n[i]< Starter blocks just allow to build something fron scratch ...[/i] >",,,,,,,,,,[i]< 嗯？ - - 嗯，是的... [/i][b]那[/b][b][/b][i]也是可能的！ >[/i]\n[i][/i]\n[i]< ... 你在这里看到的任何[b]垃圾都可以是自己的基地[/b]...! >[/i]\n[i][/i]\n[i]初始方块只是允许从头开始建造...[/i],,,,,,
pda_qiq8CSa,[i]Needs a Core ...![/i],,,,,,,,,,[i]需要一个核心...![/i],,,,,,
pda_s4G4CCi,...,,,,,,,,,,...,,,,,,
pda_ESK4SWa,--,,,,,,,,,,--,,,,,,
pda_meCq0EG,"[i]< But to turn this box into a 'real' Base, it then [c][ffff00]needs a Core[-][/c] ! >[/i]\n[i][/i]\n[i]< Otherwise you cannot reach the Control Panel ... >[/i]",,,,,,,,,,[i]< 但是要把这个箱子变成一个'真正的'基地，它还需要一个[c][ffff00]核心[-][/c]！ >[/i]\n[i][/i]\n[i]< 否则你无法到达控制面板... >[/i],,,,,,
pda_a844i0W,[c][ff80ff]OFF[-][/c] ItmPck - OtherFood [c][ff8000][i](offBy: PlantProt)[/i][-][/c],,,,,,,,,,[c][ff80ff]关闭[-][/c] 物品包 - 其他食物 [c][ff8000][i](offBy: PlantProt)[/i][-][/c],,,,,,
pda_G4OiuCK,...,,,,,,,,,,...,,,,,,
pda_m4SGCiW,...,,,,,,,,,,...,,,,,,
pda_OAiqKKu,--,,,,,,,,,,--,,,,,,
pda_uWmqCWi,[i]<  This - I cannot recognize it ... [/i]\n[i]- Could you maybe search further ...? [/i][i]>[/i],,,,,,,,,,[i]< 这个 - 我认不出来... [/i]\n[i]- 你也许可以再找找...? [/i][i]>[/i],,,,,,
pda_Gm6e800,...,,,,,,,,,,...,,,,,,
pda_80AuNga,--,,,,,,,,,,--,,,,,,
pda_ua00a7m,[i]< Good stuff ! >[/i]\n[i][/i]\n[i]< ... But still [c][ffff00]needs a bit more[-][/c] Carbon ... >[/i],,,,,,,,,,[i]< 好东西！ >[/i]\n[i][/i]\n[i]< ... 但还是[c][ffff00]需要更多一点[-][/c]碳... >[/i],,,,,,
pda_0muGSqi,...,,,,,,,,,,...,,,,,,
pda_00OeuYG,--,,,,,,,,,,--,,,,,,
pda_S8isuum,"[i]< But, I have seen people getting [b]sick [/b]from eating this raw  ... >[/i]\n\n[i]< [/i][i]It also [c][ffffff]spoils [-][/c]fast. >[/i]",,,,,,,,,,[i]< 但是，我见过有人吃了这生的东西后[b]生病 [/b]... >[/i]\n\n[i]< [/i][i]它也会很快[c][ffffff]变质 [-][/c]。 >[/i],,,,,,
pda_aGaCu48,[i]< Your [b]suit[/b] helmet has an integrated [/i][c][ffffff]light. [-][/c]\n... [c][ffff00]Turn it on[-][/c] with [c][00ff00][L][-][/c].[i] >[/i],,,,,,,,,,[i]< 你的[b]防护服[/b]头盔内置了[/i][c][ffffff]灯。[-][/c]\n... [c][ffff00]使用[c][00ff00][L][-][/c]将其打开[-][/c]。[i] >[/i],,,,,,
pda_q2K0iOO,[i]< Your [b]suit[/b] helmet has an integrated [/i][c][ffffff]light. [-][/c]\n... [c][ffff00]Turn it on[-][/c] with [c][00ff00][L][-][/c].[i] >[/i],,,,,,,,,,[i]< 你的[b]防护服[/b]头盔内置了[/i][c][ffffff]灯。[-][/c]\n... [c][ffff00]使用[c][00ff00][L][-][/c]将其打开[-][/c]。[i] >[/i],,,,,,
pda_u4OU8m8,[c][0080ff](nPOI_2)[-][/c] - rw -[c][ff8080]V[-][/c]- [c][ffffff]1BridgeHoverbike[-][/c] [c][ff8000][i](RwBy:1BridgToTask3) (OffBy: BikeFound & BikeCrafted) [/i]>C_On[-][/c],,,,,,,,,,[c][0080ff](nPOI_2)[-][/c] - rw -[c][ff8080]V[-][/c]- [c][ffffff]1座桥悬浮摩托[-][/c] [c][ff8000][i](RwBy:1BridgToTask3) (OffBy: BikeFound & BikeCrafted) [/i]>C_On[-][/c],,,,,,
pda_CO4u0OG,Back to Crafting,,,,,,,,,,返回制造,,,,,,
pda_CGOCuqi,...,,,,,,,,,,...,,,,,,
pda_u0eeaSE,--,,,,,,,,,,--,,,,,,
pda_ueWiSqe,"[i]< - Now, there's all the time to prepare some [b]better gear.[/b] [/i][i]>[/i]\n[i][/i]\n[i]< Please [c][ffff00]access the Portable Constructor[-][/c] again - >[/i]",,,,,,,,,,[i]< - 现在，有时间准备一些[b]更好的装备了。[/b] [/i][i]>[/i]\n[i][/i]\n[i]< 请再次[c][ffff00]访问便携式建造机[-][/c] - >[/i],,,,,,
pda_40G4GeG,Access Portable Constructor,,,,,,,,,,访问便携式建造机,,,,,,
pda_KGiMai0,--,,,,,,,,,,--,,,,,,
pda_oSWWOOh,Sig -rw- [c][ffffff]HRLoot Remider[-][/c] [c][ff8000][i](Rwby: HeatRadEarly & GoToHeatRad)  (OffBy: BoomHeal)[/i][-][/c],,,,,,,,,,Sig -rw- [c][ffffff]HRLoot提醒[-][/c] [c][ff8000][i](Rwby: HeatRadEarly & GoToHeatRad)  (OffBy: BoomHeal)[/i][-][/c],,,,,,
pda_qCWimau,[i](Missing loot?)[/i],,,,,,,,,,[i](缺少战利品？)[/i],,,,,,
pda_q4ae4G4,...,,,,,,,,,,...,,,,,,
pda_KCoSJC8,--,,,,,,,,,,--,,,,,,
pda_a6eeWCm,[i]< ... [/i][i]I think ... the [c][ffff00]Cargo Palette in this cellar[-][/c] has good loot...[/i]\n[i]- Putting a marker on it ! >[/i],,,,,,,,,,[i]< ... [/i][i]我想 ... 这个地窖里的[c][ffff00]货物托盘[-][/c]有好东西...[/i]\n[i]- 给它做个标记！ >[/i],,,,,,
pda_m8WCOKo,[c][0080ff]Mrk[-][/c] - rw- Reminder[c][ffffff]HRCargo [-][/c][c][ff8000][i](RwBy: HRLootRemind) (OffBy: HR BoomHeal)[/i][-][/c],,,,,,,,,,[c][0080ff]标记[-][/c] - rw- 提醒[c][ffffff]HRCargo [-][/c][c][ff8000][i](RwBy: HRLootRemind) (OffBy: HR BoomHeal)[/i][-][/c],,,,,,
pda_imKauSU,...,,,,,,,,,,...,,,,,,
pda_uq8qi8K,...,,,,,,,,,,...,,,,,,
pda_ei80iuO,--,,,,,,,,,,--,,,,,,
pda_qW84l8K,"______________ [i]( WeatherStation, Other )[/i]",,,,,,,,,,"______________ [i]( 气象站, 其他 )[/i]",,,,,,
pda_4AeSWC4,--,,,,,,,,,,--,,,,,,
pda_u4GeKSe,--,,,,,,,,,,--,,,,,,
pda_mOZ0m8O,--,,,,,,,,,,--,,,,,,
pda_OeauOea,...,,,,,,,,,,...,,,,,,
pda_OOa8AKq,--,,,,,,,,,,--,,,,,,
pda_0OchCe8,...,,,,,,,,,,...,,,,,,
pda_04i4S0G,--,,,,,,,,,,--,,,,,,
pda_40qKuWO,Playtest: Entering weather station (Standard path),,,,,,,,,,试玩：进入气象站（标准路径）,,,,,,
pda_qaKA4YC,...,,,,,,,,,,...,,,,,,
pda_YmWx60F,...,,,,,,,,,,...,,,,,,
pda_eXSCoe8,--,,,,,,,,,,--,,,,,,
pda_wOMm4G2,Debug - Farm door mission primer,,,,,,,,,,调试 - 农业区门户任务入门,,,,,,
pda_m8eGSO0,...,,,,,,,,,,...,,,,,,
pda_0OiWeiK,...,,,,,,,,,,...,,,,,,
pda_0XoKSmn,--,,,,,,,,,,--,,,,,,
pda_W8i1u4m,[c][ff80ff]Test -OFF[-][/c] - rw - [c][00ffff]CAL [-][/c]Opened Mission PDA,,,,,,,,,,[c][ff80ff]测试 -关闭[-][/c] - rw - [c][00ffff]CAL [-][/c]打开的任务PDA,,,,,,
pda_qKGaRqe,Select a mission,,,,,,,,,,选择一个任务,,,,,,
pda_Gn4qamS,[c][c0c0c0][i]- PDA [/i][ F1 ] [i]: Have [/i][-][/c][c][00ff00][b][[Tutorial]] [/b][-][/c][c][c0c0c0][i][b]tab[/b] [/i][-][/c][c][c0c0c0][i][b]selected[/b].)\n--[/i][-][/c]\n- Click on a mission from left PDA list,,,,,,,,,,[c][c0c0c0][i]- 个人数字助理（PDA）[/i][ F1 ] [i]： 已选择[/i][-][/c][c][00ff00][b][[Tutorial]] [/b][-][/c][c][c0c0c0][i][b]标签页[/b] [/i][-][/c][c][c0c0c0][i][b]选择[/b]。)\n--[/i][-][/c]\n- 从左侧个人数字助理（PDA）列表中选择一个任务,,,,,,
pda_YlKI0qe,--,,,,,,,,,,--,,,,,,
pda_KWmGCYH,[i]< ... Let's check [c][ffffff]inside[-][/c]... >[/i],,,,,,,,,,[i]< ... 让我们检查一下[c][ffffff]内部[-][/c]... >[/i],,,,,,
pda_OOequOW,Entering the Farm,,,,,,,,,,进入农业区域,,,,,,
pda_uWCqqqi,"Open PDA [c][00ff00][ F1 ] [-][/c], [[Tutorial]] tab, choose a mission",,,,,,,,,,打开个人数字助理（PDA）[c][00ff00][ F1 ] [-][/c]，[[Tutorial]] 标签页，选择一个任务,,,,,,
pda_0CWK0OK,--,,,,,,,,,,--,,,,,,
pda_Csa84ad,"[i]< Your [c][ffffff]choice[-][/c]. >[/i]\n\n[i]< Please, [c][ffff00]select a mission[-][/c] in the PDA [c][00ff00][ F1 ] [-][/c]. [/i]\n[i]Tell me how to proceed. >[/i]",,,,,,,,,,[i]< 你的 [c][ffffff]选择[-][/c]。 >[/i]\n\n[i]< 请 [c][ffff00]在个人数字助理（PDA）中选择一个任务[-][/c] [c][00ff00][ F1 ] [-][/c]。 [/i]\n[i]告诉我该如何继续。 >[/i],,,,,,
pda_C4CuEWC,"\n[u][c][ffffff]PDA mission[-][/c][/u]:\n[sub][i][c][c0c0c0]([c][ffff00]Tutorial [-][/c]tab)[-][/c][/i][/sub]\n\n[c][ffff00]Select one[-][/c] from the left list, \nthen press  [c][00ff00][[Activate]][-][/c] button below.",,,,,,,,,,\n[u][c][ffffff]PDA任务[-][/c][/u]：\n[sub][i][c][c0c0c0]([c][ffff00]教程[-][/c]标签页)[-][/c][/i][/sub]\n\n[c][ffff00]从左侧列表中选择一个[-][/c]，\n然后按下  [c][00ff00][[Activate]][-][/c] 按钮。,,,,,,
pda_SW8uq0u,[i]< This thing is full to the brim with [c][ffffff]survival templates .[-][/c].. >[/i]\n\n[i]< Maybe some better [b]transportation[/b] ...? [/i]\n[i]- Let's see ... [/i][i]- Just one sec ... >[/i],,,,,,,,,,[i]< 这东西装满了[c][ffffff]生存模板[-][/c]... >[/i]\n\n[i]< 也许有更好的[b]交通工具[/b]...？[/i]\n[i]- 让我看看... [/i][i]- 稍等一下... >[/i],,,,,,
pda_8GCeWha,[-],,,,,,,,,,[-],,,,,,
pda_K0ea4WC,[i](Pilot the ship ...)[/i],,,,,,,,,,[i](驾驶飞船...)[/i],,,,,,
pda_KKoOWWf,--,,,,,,,,,,--,,,,,,
pda_iKG8qGG,"[c][0080ff]nPOI[-][/c] - off-[c][ff8080]V[-][/c]- [c][ffffff]TurnBackToCopper[-][/c][c][ff8000] [i](OnBy: Sprin&ResNote) (OffBy: WeatherToCopper, [/i][i]EnterMine, Cu Drone )[/i][-][/c]",,,,,,,,,,"[c][0080ff]nPOI[-][/c] - off-[c][ff8080]V[-][/c]- [c][ffffff]返回铜矿[-][/c][c][ff8000] [i](OnBy: Sprin&ResNote) (OffBy: WeatherToCopper, [/i][i]EnterMine, Cu Drone )[/i][-][/c]",,,,,,
pda_OuCCa44,...,,,,,,,,,,...,,,,,,
pda_e0aCre0,...,,,,,,,,,,...,,,,,,
pda_OaieqSK,--,,,,,,,,,,--,,,,,,
pda_KK44WuQ,"[c][0080ff]Mrk[-][/c] - Copper[c][ffffff]TowerReminder[-][/c] [i][c][ff8000](OnBy:TurnBackCop)  (OffBy: EnterMine, CuDrone, UsedConsole)[-][/c][/i]",,,,,,,,,,"[c][0080ff]标记[-][/c] - 铜[c][ffffff]塔提醒[-][/c] [i][c][ff8000](OnBy:TurnBackCop)  (OffBy: EnterMine, CuDrone, UsedConsole)[-][/c][/i]",,,,,,
pda_4e4eeaY,...,,,,,,,,,,...,,,,,,
pda_uWESm4S,...,,,,,,,,,,...,,,,,,
pda_S400Gek,--,,,,,,,,,,--,,,,,,
pda_eW4iiSO,"[i]< [/i][i][c][ffffff]Behind you... ![-][/c] - [/i]\n[i]-[/i][i]There seems to be a [c][ffff00]very large building[-][/c], on the island you just left. [/i]\n[i]It could offer us some clues, where we are ...? >[/i]\n\n[i]< ... Putting a [c][ffff00]Marker [-][/c]on it!  >[/i]",,,,,,,,,,[i]< [/i][i][c][ffffff]你身后...！[-][/c] - [/i]\n[i]-[/i][i]在你刚离开的那座岛上，似乎有一座[c][ffff00]非常庞大的建筑[-][/c]。[/i]\n[i]它或许能为我们提供一些线索，告诉我们身处何方...？>[/i]\n\n[i]< ... 在上面放一个[c][ffff00]标记[-][/c]！>[/i],,,,,,
pda_QG0aqW8,"[c][0080ff]nPOI[-][/c] - off- [c][ff8080]V[-][/c]- [c][ffffff]Offtrack Farm[-][/c]Cluster Hint[c][ff8000] [i](OnBy: Sprint&Res) (Offby: EnterMine, CuDrone)[/i][-][/c]",,,,,,,,,,"[c][0080ff]nPOI[-][/c] - off- [c][ff8080]V[-][/c]- [c][ffffff]Offtrack 农场[-][/c]集群提示[c][ff8000] [i](OnBy: Sprint&Res) (Offby: EnterMine, CuDrone)[/i][-][/c]",,,,,,
pda_4mOOi74,[i](Off the beaten Track)[/i],,,,,,,,,,[i](偏离常规路径)[/i],,,,,,
pda_82O8WS4,...,,,,,,,,,,...,,,,,,
pda_0Wi0c8e,--,,,,,,,,,,--,,,,,,
pda_qeOXee8,"[i]< I cannot stop to wonder, if we [b][c][ff8000]somehow missed some important things [-][/c][/b]back where we came from.... >[/i]\n\n[c][ffffff]--------[-][/c]\n[c][ffffff]([b]Tutorial[/b]: Skipped info on Tool Drone, Healing of afflictions...? )[-][/c]",,,,,,,,,,[i]< 我不禁思考，我们是否[b][c][ff8000]在来时的路上错过了什么重要的东西[-][/c][/b].... >[/i]\n\n[c][ffffff]--------[-][/c]\n[c][ffffff]([b]教程[/b]：跳过了工具无人机的信息、疾病治疗...？ )[-][/c],,,,,,
pda_8CW40u4,_____________[b] [i]Player[c][ffff00] SKIP [-][/c]WARNINGS[/i] [/b] ______________,,,,,,,,,,_____________[b] [i]玩家[c][ffff00] 跳过 [-][/c]警告[/i] [/b] ______________,,,,,,
pda_KOeemGe,--,,,,,,,,,,--,,,,,,
pda_WqMKUCa,--,,,,,,,,,,--,,,,,,
pda_0OOOCea,--,,,,,,,,,,--,,,,,,
pda_KOwKiSC,_________ [i](Checking to progress to Settlement)[/i],,,,,,,,,,_________ [i](检查进度以进入定居点)[/i],,,,,,
pda_OeeKqYa,--,,,,,,,,,,--,,,,,,
pda_G8OQmea,--,,,,,,,,,,--,,,,,,
pda_seGKC89,--,,,,,,,,,,--,,,,,,
pda_uGSmKW4,Sig -rw- Player at [c][ffffff]MineBottom[-][/c] [i][c][ff8000](RwBy: EnterSignal) [-][/c][c][ff8000](OffBy: CuDrone)[-][/c][/i],,,,,,,,,,信号 -rw- 玩家位于[c][ffffff]矿洞底部[-][/c] [i][c][ff8000](RwBy: EnterSignal) [-][/c][c][ff8000](OffBy: CuDrone)[-][/c][/i],,,,,,
pda_uiWusRW,...,,,,,,,,,,...,,,,,,
pda_4qmSGi8,...,,,,,,,,,,...,,,,,,
pda_iacuWHq,--,,,,,,,,,,--,,,,,,
pda_4iOj8su,"[i]< Well, nevermind... >[/i]",,,,,,,,,,[i]< 好吧，算了... >[/i],,,,,,
pda_CuUW8GK,[c][ff8080]ResD[-][/c] -on- [c][80ffff]CalSig5[-][/c] - [c][ffffff]CopperDiscover[-][/c] [c][ff8000][i](OffBy: NewShores) >C_On[/i][-][/c],,,,,,,,,,[c][ff8080]ResD[-][/c] -开启- [c][80ffff]CalSig5[-][/c] - [c][ffffff]CopperDiscover[-][/c] [c][ff8000][i](OffBy: NewShores) >C_On[/i][-][/c],,,,,,
pda_0O0OAKm,[i](Discovered: Copper)[/i],,,,,,,,,,[i](发现：铜)[/i],,,,,,
pda_44WiKi4,...,,,,,,,,,,...,,,,,,
pda_4O0SGaa,--,,,,,,,,,,--,,,,,,
pda_i48eSG8,Sig - On-[c][80ffff] CalSig6 [-][/c]-[c][ffffff]EnterSignal[-][/c] Mine >C_Rw,,,,,,,,,,信号 - 开启-[c][80ffff] CalSig6 [-][/c]-[c][ffffff]输入信号[-][/c] 矿场 >C_Rw,,,,,,
pda_quaWGOi,...,,,,,,,,,,...,,,,,,
pda_0aSWeGW,...,,,,,,,,,,...,,,,,,
pda_KmSWaKW,--,,,,,,,,,,--,,,,,,
pda_WmKmOWX,[c][ffff00]Get inside[-][/c] of the mining tower,,,,,,,,,,[c][ffff00]进入[-][/c]采矿塔内部,,,,,,
pda_aG4OejS,--,,,,,,,,,,--,,,,,,
pda_OuYOqOO,[c][ffff00]Get inside[-][/c] of the mining tower,,,,,,,,,,[c][ffff00]进入[-][/c]采矿塔内部,,,,,,
pda_Wi4uiim,--,,,,,,,,,,--,,,,,,
pda_CquWSeW,[i]< A [b]Copper [/b][c][ffffff]Deposit[-][/c]! >[/i],,,,,,,,,,[i]< 一个[b]铜[/b][c][ffffff]矿藏[-][/c]！ >[/i],,,,,,
pda_M0OaKde,...,,,,,,,,,,...,,,,,,
pda_CwSEC44,--,,,,,,,,,,--,,,,,,
pda_CKuu4q0,"[i]< This tower seems too [b]old [/b]... >[/i]\n\n[i]< But the [c][ffffff]Copper [-][/c]could be still [b]useful[/b]. [/i]\n[i]- [/i][i]On this planet, Copper is rare[b]. [/b]>[/i]",,,,,,,,,,[i]< 这座塔似乎太[b]古老[/b]了... >[/i]\n\n[i]< 但那些[c][ffffff]铜[-][/c]或许仍[b]有用[/b]。 [/i]\n[i]- [/i][i]在这个星球上，铜很稀有[b]。 [/b]>[/i],,,,,,
pda_4eKGCGi,...,,,,,,,,,,...,,,,,,
pda_WGK7aqS,--,,,,,,,,,,--,,,,,,
pda_0GG0aC8,"[i]< Your suit seems equipped with a[/i][i][c][ffff00] Tool Drone[-][/c][c][00ff00] [ F5 ][-][/c] ! >[/i]\n\n[i] < - [b]Tunnelling[/b] is [b]fun[/b], [/i]\n[i]-  ...But this could be much [b]more [/b][c][ffffff]comfortable[-][/c]. >[/i]",,,,,,,,,,[i]< 你的防护服似乎配备了[/i][i][c][ffff00]工具无人机[-][/c][c][00ff00] [ F5 ][-][/c]！ >[/i]\n\n[i] < - [b]挖隧道[/b]是件[b]有趣[/b]的事，[/i]\n[i]-  ...但这可能会[b]更[/b][c][ffffff]舒适[-][/c]。 >[/i],,,,,,
pda_GuiWiGa,[c][ffffff]1 - [b]Move the Armor[/b][-][/c]\ninto the 'Armor' slot[i]\n[c][c0c0c0](Right of Character)[-][/c][/i],,,,,,,,,,[c][ffffff]1 - [b]将护甲[/b][-][/c]\n放入‘护甲’槽位[i]\n[c][c0c0c0](角色右侧)[-][/c][/i],,,,,,
pda_C8uCsOm,--,,,,,,,,,,--,,,,,,
pda_4840Oq0,-  Put the [c][ffff00]EVA booster into the slot to the left[-][/c] of your character.,,,,,,,,,,-  将[c][ffff00]EVA推进器放入角色左侧的槽位中[-][/c]。,,,,,,
pda_e0eG80K,[c][ffffff]2 - [b]Add EVA Booster[/b][-][/c] to\nthe 'Boosters' slots\n[i][c][c0c0c0](Left of Character)[-][/c][/i],,,,,,,,,,[c][ffffff]2 - [b]将EVA推进器[/b][-][/c]添加到\n‘推进器’槽位\n[i][c][c0c0c0](角色左侧)[-][/c][/i],,,,,,
pda_mSuGBKG,--,,,,,,,,,,--,,,,,,
pda_u8iSaO0,[c][0080ff]Mrk[-][/c] -rw- Teleporter Location New [i][c][ff8000](RwBy: Tele&Core)[-][/c] (OffBy: Same)[/i],,,,,,,,,,[c][0080ff]标记[-][/c] -rw- 新传送器位置 [i][c][ff8000](RwBy: Tele&Core)[-][/c] (OffBy: Same)[/i],,,,,,
pda_4mamueC,...,,,,,,,,,,...,,,,,,
pda_C00mGU4,...,,,,,,,,,,...,,,,,,
pda_S08muOm,--,,,,,,,,,,--,,,,,,
pda_Jm4S0qi,...,,,,,,,,,,...,,,,,,
pda_aW4e58q,--,,,,,,,,,,--,,,,,,
pda_84qi8WK,[i]< Please [c][ffffff]hurry ![-][/c][c][ffffff][-][/c][/i]\n[i] Trying to ... [/i]> [c][c0c0c0]Chirp[-][/c][i] < convince these drones of the[/i][b][i] joys of mining[/i][/b][i] ... >[/i],,,,,,,,,,[i]< 请[c][ffffff]快点！[-][/c][c][ffffff][-][/c][/i]\n[i] 尝试... >[/i] [c][c0c0c0]啁啾声[-][/c][i] < 说服这些无人机去享受[/i][b][i]采矿的乐趣[/i][/b][i]... >[/i],,,,,,
pda_uc8GWqg,"[c][c0c0c0][i](To turn off Oxygen markers:[/i][-][/c]\n[i][c][00ff00][N][-][/c] [/i][c][c0c0c0][i], deselect checkbox)[/i][-][/c]",,,,,,,,,,[c][c0c0c0][i](要关闭氧气标记：[/i][-][/c]\n[i][c][00ff00][N][-][/c] [/i][c][c0c0c0][i]，取消勾选复选框)[/i][-][/c],,,,,,
pda_UKwm8qS,--,,,,,,,,,,--,,,,,,
pda_0usPW8q,[c][c0c0c0][sup](Close locker)[/sup][-][/c],,,,,,,,,,[c][c0c0c0][sup](关闭护甲柜)[/sup][-][/c],,,,,,
pda_0KRGq00,--,,,,,,,,,,--,,,,,,
pda_Gm0eQ04,[i]( Close the window with[/i][i][/i][c][00ff00][ F][-][/c] [i]or [/i][ESC][i][/i][i])[/i],,,,,,,,,,[i]( 用[/i][i][/i][c][00ff00][ F][-][/c] 或 [i][/i][ESC][i][/i][i]关闭窗口 )[/i],,,,,,
pda_G8eS4Wm,[-],,,,,,,,,,[-],,,,,,
pda_CaCgOq8,Farm is behind you,,,,,,,,,,农场在你身后,,,,,,
pda_Cw44KKO,New Action,,,,,,,,,,新行动,,,,,,
pda_4q8e2qm,--,,,,,,,,,,--,,,,,,
pda_ZCWmWKe,[-],,,,,,,,,,[-],,,,,,
pda_iSi4S4a,--,,,,,,,,,,--,,,,,,
pda_8qaauaa,[-],,,,,,,,,,[-],,,,,,
pda_0OKK4We,--,,,,,,,,,,--,,,,,,
pda_6aa4auI,...,,,,,,,,,,...,,,,,,
pda_4eSZGCe,--,,,,,,,,,,--,,,,,,
pda_uaWKWOu,[c][ff8080]Kill[-][/c] - [c][80ffff]CalSig8a[-][/c] - [c][ffffff]RoboShot[-][/c],,,,,,,,,,[c][ff8080]击杀[-][/c] - [c][80ffff]CalSig8a[-][/c] - [c][ffffff]RoboShot[-][/c],,,,,,
pda_igG4iiW,[i](Robot destroyed)[/i],,,,,,,,,,[i](机器人已摧毁)[/i],,,,,,
pda_m0m4MGm,...,,,,,,,,,,...,,,,,,
pda_KOKGKWC,--,,,,,,,,,,--,,,,,,
pda_SCOGS0s,[c][ff8080]B_Destr[-][/c] - [c][80ffff]Calsig8b[-][/c] - [c][ffffff]PadShot[-][/c][i][c][ff8040] >C_Off[-][/c][/i],,,,,,,,,,[c][ff8080]B_Destr[-][/c] - [c][80ffff]Calsig8b[-][/c] - [c][ffffff]PadShot[-][/c][i][c][ff8040] >C_Off[-][/c][/i],,,,,,
pda_O0eoOu0,[i](Teleport pad destroyed)[/i],,,,,,,,,,[i](传送平台已摧毁)[/i],,,,,,
pda_OKOOKKu,...,,,,,,,,,,...,,,,,,
pda_mmmTaOK,--,,,,,,,,,,--,,,,,,
pda_aeOeSKu,Sig- [c][ffffff]PadWarn[-][/c] ([c][80ffff]TrigBy: [-][/c]CalSig8a&b),,,,,,,,,,信号 - [c][ffffff]PadWarn[-][/c] ([c][80ffff]TrigBy: [-][/c]CalSig8a&b),,,,,,
pda_3aWCqq8,Destroy Pad,,,,,,,,,,摧毁平台,,,,,,
pda_0amcm4S,...,,,,,,,,,,...,,,,,,
pda_SWmWu44,--,,,,,,,,,,--,,,,,,
pda_qae8Oae,[c][0080ff]Mrk (nUnit) [-][/c]- Destroy[c][ffffff]Arty Core[-][/c] [i][c][ff8000](OnOffBy: ArtilleryBase)[-][/c][/i],,,,,,,,,,[c][0080ff]标记 (nUnit) [-][/c]- 摧毁[c][ffffff]火炮核心[-][/c] [i][c][ff8000](OnOffBy: ArtilleryBase)[-][/c][/i],,,,,,
pda_t6M8044,...,,,,,,,,,,...,,,,,,
pda_Wi4e0vC,...,,,,,,,,,,...,,,,,,
pda_Giqu880,--,,,,,,,,,,--,,,,,,
pda_auiqiiK,[c][0080ff]Mrk(nUnit)[-][/c] - Arty [c][ffffff]Toolbox[-][/c] [i][c][ff8000](OnOffBy: ArtilleryBase)[-][/c][/i],,,,,,,,,,[c][0080ff]标记(nUnit)[-][/c] - 火炮 [c][ffffff]工具箱[-][/c] [i][c][ff8000](OnOffBy: ArtilleryBase)[-][/c][/i],,,,,,
pda_GOD8q0K,...,,,,,,,,,,...,,,,,,
pda_OimGKei,...,,,,,,,,,,...,,,,,,
pda_qOOae8q,--,,,,,,,,,,--,,,,,,
pda_STiYKsG,"[c][0080ff]Mrk [-][/c]- rw- [c][ffffff]PadMark[-][/c] ([c][ff8000]RwBy: RoboShot, OffBy: PadShot[-][/c], Shoot&Core, changeZiraxHostile)",,,,,,,,,,"[c][0080ff]标记[-][/c] -rw- [c][ffffff]PadMark[-][/c] ([c][ff8000]RwBy: RoboShot, OffBy: PadShot[-][/c], Shoot&Core, changeZiraxHostile)",,,,,,
pda_mGWemmJ,...,,,,,,,,,,...,,,,,,
pda_C8i004Y,...,,,,,,,,,,...,,,,,,
pda_ma404aO,--,,,,,,,,,,--,,,,,,
pda_X8G04Ca,...,,,,,,,,,,...,,,,,,
pda_iKWOe0q,--,,,,,,,,,,--,,,,,,
pda_0KkWuKZ,"[i]< Before you go to the Dronebase - >\n\n< This is still [b]dangerous[/b]...\nBetter you have a 'foothold', a [c][ffff00]safe place[-][/c] on this island, first? >[/i]",,,,,,,,,,[i]< 在你去无人机基地之前 - >\n\n< 这里仍然[b]危险[/b]...\n你最好先在这个岛上有一个‘立足点’，一个[c][ffff00]安全的地方[-][/c]，是吧？ >[/i],,,,,,
pda_aWWO8OX,< Good. >,,,,,,,,,,< 好的。 >,,,,,,
pda_44qSyOW,"[i]< On the floor - That's a [c][ffffff]Zirax teleport pad[-][/c]. >[/i]\n\n[i]< You have to [c][ffff00]destroy it[-][/c], too. [/i]\n[i]- Or there will be [b]reinforcements [/b]shortly. >[/i]",,,,,,,,,,[i]< 在地板上 - 那是兹瑞克斯传送平台[c][ffffff][-][/c]。 >[/i]\n\n[i]< 你必须[c][ffff00]摧毁它[-][/c]，也要这样做。[/i]\n[i]- 否则很快会有[b]增援[/b]。 >[/i],,,,,,
pda_GQ4a0mS,Hostiles detected...,,,,,,,,,,检测到敌对目标...,,,,,,
pda_WC0amWa,Destroy Hostile Robot,,,,,,,,,,摧毁敌对机器人,,,,,,
pda_8C04uCO,---,,,,,,,,,,---,,,,,,
pda_0O8eSAG,Destroy Teleport Pad[i]\n[sup][c][c0c0c0](Enemy respawn point)[-][/c][/sup][/i],,,,,,,,,,摧毁传送平台[i]\n[sup][c][c0c0c0](敌方重生点)[-][/c][/sup][/i],,,,,,
pda_eGamWSO,---,,,,,,,,,,---,,,,,,
pda_OSCq0KI,[i]( Danger )[/i],,,,,,,,,,[i]( 危险 )[/i],,,,,,
pda_eoomeOC,...,,,,,,,,,,...,,,,,,
pda_bOiWeme,--,,,,,,,,,,--,,,,,,
pda_VKG0CuC,"\n\n\n[c][c0c0c0][sup][i](T[b]utorial Note:[/b] Pad is vulnerable, block below it might be too hard)[/i][/sup][-][/c]",,,,,,,,,,\n\n\n[c][c0c0c0][sup][i](教[b]程提示：[/b]平台较脆弱，其下方方块可能过于坚硬)[/i][/sup][-][/c],,,,,,
pda_SCu8Om8,---,,,,,,,,,,---,,,,,,
pda_SqeeWiW,[c][0080ff](nPOI2)[-][/c] -rw- [c][ffffff]CntrlHV[-][/c] Steering  [c][ff8000][i](RwBy: HVrider)[/i][-][/c],,,,,,,,,,[c][0080ff](nPOI2)[-][/c] -rw- [c][ffffff]CntrlHV[-][/c] 转向 [c][ff8000][i](RwBy: HVrider)[/i][-][/c],,,,,,
pda_iGOemui,[c][ffff00]Travel to northern Island[-][/c],,,,,,,,,,[c][ffff00]前往北部岛屿[-][/c],,,,,,
pda_WaOSem4,[u]Hover Controls[/u]:\n\n[b]Upright[/b]: [c][00ff00][Shift][-][/c]\n[b]Horizont align[/b]:  [c][00ff00][O][-][/c]\n\n---------------------\n[sup]Hover height:\n[c][00ff00][Space][-][/c] / [c][00ff00][ C ][-][/c][/sup]\n[sup]Main Power: [c][00ff00][Z] [-][/c](Y)[/sup],,,,,,,,,,[u]悬浮飞船控制[/u]：\n\n[b]垂直校正[/b]：[c][00ff00][Shift][-][/c]\n[b]水平对齐[/b]：[c][00ff00][O][-][/c]\n\n---------------------\n[sup]悬浮高度：\n[c][00ff00][Space][-][/c] / [c][00ff00][ C ][-][/c][/sup]\n[sup]主电源：[c][00ff00][Z] [-][/c](Y)[/sup],,,,,,
pda_8K8QOW0,--,,,,,,,,,,--,,,,,,
pda_aCGmK8W,"[u][c][ffffff]Thrust contols[-][/c][/u]:\n\n [c][00ff00]Move + [Cntrl] [-][/c] : Lock movement speed\n---\n( [b]Outside view[/b] : [b][V][/b] , then unlock camera : [b] [Alt][/b] )",,,,,,,,,,[u][c][ffffff]推进控制[-][/c][/u]：\n\n [c][00ff00]移动 + [Cntrl] [-][/c]：锁定移动速度\n---\n( [b]外部视角[/b] ：[b][V][/b] ，然后解锁相机：[b] [Alt][/b] ),,,,,,
pda_Amiq8a4,[u][c][ffffff]Helper controls[-][/c][/u]:[c][00ff00][-][/c]\n[c][00ff00][-][/c]\n[c][00ff00][O] [-][/c]: [c][ffffff]Auto-orient[-][/c] vessel to horizon\n[c][00ff00][-][/c]\n[c][00ff00][Shift][-][/c] : [c][ffffff]Upright[-][/c] Hover when fallen,,,,,,,,,,[u][c][ffffff]辅助控制[-][/c][/u]：[c][00ff00][-][/c]\n[c][00ff00][-][/c]\n[c][00ff00][O] [-][/c]：[c][ffffff]自动定向[-][/c]飞船至水平线\n[c][00ff00][-][/c]\n[c][00ff00][Shift][-][/c] ：[c][ffffff]垂直悬停[-][/c] 坠落时,,,,,,
pda_KGqO8mG,[c][ffff00]Travel to northern Island[-][/c],,,,,,,,,,[c][ffff00]前往北部岛屿[-][/c],,,,,,
pda_IcuO8i8,[u]Hover Controls[/u]:\n\n[b]Cruise lock[/b]:[c][00ff00] [Cntrl] + Move[-][/c]\n[b]Pilot modes:[/b]: [c][00ff00][Shift] + [ i ][-][/c]\n\n---------------------\n[sup]Upright: [c][00ff00][Shift][-][/c]\nHorizont align:  [c][00ff00][O][-][/c][/sup]\n[sup]Hover height:\n[c][00ff00][Space][-][/c] / [c][00ff00][ C ][-][/c][/sup]\n[sup]Main Power: [c][00ff00][Z] [-][/c](Y)[/sup],,,,,,,,,,[u]悬浮飞船控制[/u]：\n\n[b]巡航锁定[/b]：[c][00ff00] [Cntrl] + 移动[-][/c]\n[b]驾驶模式[/b]：[c][00ff00][Shift] + [ i ][-][/c]\n\n---------------------\n[sup]垂直校正：[c][00ff00][Shift][-][/c]\n水平对齐：[c][00ff00][O][-][/c][/sup]\n[sup]悬浮高度：\n[c][00ff00][Space][-][/c] / [c][00ff00][ C ][-][/c][/sup]\n[sup]主电源：[c][00ff00][Z] [-][/c](Y)[/sup],,,,,,
pda_qFqGSmu,--,,,,,,,,,,--,,,,,,
pda_fmSaWGw,[i]< There is a lot of [b]comm chatter[/b] over there... all of it encrypted. >[/i],,,,,,,,,,[i]< 那边有大量的[b]通讯信息[/b]... 全部都是加密的。 >[/i],,,,,,
pda_q0GCWOG,[c][ffff00]Travel to northern Island[-][/c],,,,,,,,,,[c][ffff00]前往北方岛屿[-][/c],,,,,,
pda_0uG4i50,[u]Hover Controls[/u]:\n\n[b]Cruise lock[/b]:[c][00ff00] [Cntrl] + Move[-][/c]\n[b]Pilot modes:[/b]: [c][00ff00][Shift] + [ i ][-][/c]\n\n---------------------\n[sup]Upright: [c][00ff00][Shift][-][/c]\nHorizont align:  [c][00ff00][O][-][/c][/sup]\n[sup]Hover height:\n[c][00ff00][Space][-][/c] / [c][00ff00][ C ][-][/c][/sup]\n[sup]Main Power: [c][00ff00][Z] [-][/c](Y)[/sup],,,,,,,,,,[u]悬浮控制[/u]:\n\n[b]巡航锁定[/b]:[c][00ff00] [Cntrl] + 移动[-][/c]\n[b]驾驶模式:[/b]: [c][00ff00][Shift] + [ i ][-][/c]\n\n---------------------\n[sup]垂直复位: [c][00ff00][Shift][-][/c]\n水平对齐:  [c][00ff00][O][-][/c][/sup]\n[sup]悬浮高度:\n[c][00ff00][Space][-][/c] / [c][00ff00][ C ][-][/c][/sup]\n[sup]主电源: [c][00ff00][Z] [-][/c](Y)[/sup],,,,,,
pda_iaKGOCV,--,,,,,,,,,,--,,,,,,
pda_oiGCmma,TB_sel (Block_L) Select L styles (Full)[c][ffffff][c][ff80ff]  OnBy  [-][/c][-][/c][c][ff8000][i](OffBy: CtftBlocksL)[/i][-][/c],,,,,,,,,,工具栏选择 (方块_L) 选择 L 样式 (完整)[c][ffffff][c][ff80ff]  开启条件  [-][/c][-][/c][c][ff8000][i](关闭条件: 建造大型方块)[/i][-][/c],,,,,,
pda_KmqauaC,...,,,,,,,,,,...,,,,,,
pda_SeGNq0q,...,,,,,,,,,,...,,,,,,
pda_8SuCaaS,---,,,,,,,,,,---,,,,,,
pda_GKSKmme,[i]< Place on a [c][ffffff]Large Grid[-][/c] only. >[/i]\n\n[i]< ... [/i][c][00ff00][RMB][-][/c] [i]to select [b]styles[/b]. >[/i],,,,,,,,,,[i]< 只能放置在[c][ffffff]大型网格[-][/c]上。 >[/i]\n\n[i]< ... [/i][c][00ff00][RMB][-][/c] [i]选择[b]样式[/b]。 >[/i],,,,,,
pda_S8q8qmo,"- Use ""[c][ffff00]Retrieve Blocks[-][/c]"" mode of Multitool\n[i][sup]( [/sup][/i][c][00ff00][sup][RMB][/sup][-][/c][i][sup] to select modes.[c][c0c0c0])[-][/c][/sup][/i]",,,,,,,,,,"- 使用多功能工具的""[c][ffff00]回收方块[-][/c]""模式\n[i][sup]( [/sup][/i][c][00ff00][sup][RMB][/sup][-][/c][i][sup] 选择模式。[c][c0c0c0])[-][/c][/sup][/i]",,,,,,
pda_kcCW4ee,---,,,,,,,,,,---,,,,,,
pda_eWqKiWK,"[i]< For [b]precious [/b]blocks like these... M[/i][i]ake sure that you have corect mode. [/i]- [i][c][ffffff]""[-][/c][/i][i][c][ffffff]Retrieve"" will lower a block's hitpoints[-][/c] very similar to ""Salvage"". >[/i]\n--\n[i]< Now, [c][ffff00]retrieve [-][/c][/i][i][c][ffff00]the Artillery[-][/c], [/i][i]with the Multitool. >[/i]",,,,,,,,,,"[i]< 对于像这样的[b]珍贵[/b]方块... M[/i][i]请确保你使用了正确的模式。 [/i]- [i][c][ffffff]""[-][/c][/i][i][c][ffffff]回收"" 会降低方块的生命值[-][/c]，与""回收模式""非常相似。 >[/i]\n--\n[i]< 现在，[c][ffff00]用多功能工具[-][/c][/i][i][c][ffff00]回收火炮[-][/c]。 >[/i]",,,,,,
pda_qWm4G8e,...,,,,,,,,,,...,,,,,,
pda_YmOeEaQ,--,,,,,,,,,,--,,,,,,
pda_iuSSAiK,...,,,,,,,,,,...,,,,,,
pda_aGWeq6u,---,,,,,,,,,,---,,,,,,
pda_m0euWCa,nearpoi zirax DB,,,,,,,,,,附近点位 兹瑞克斯 DB,,,,,,
pda_4am4e0W,--,,,,,,,,,,--,,,,,,
pda_WO0qG2K,... ((Destroy Arty Core)),,,,,,,,,,... ((摧毁火炮核心)),,,,,,
pda_KCiSe4i,--,,,,,,,,,,--,,,,,,
pda_uiuWUeP,Claim Artillery Base,,,,,,,,,,占领火炮基地,,,,,,
pda_Kaq8KSi,- Place own Core,,,,,,,,,,- 放置自己的核心,,,,,,
pda_S4OO84O,--,,,,,,,,,,--,,,,,,
pda_WqKYq0k,[i]( Base Captured ! )[/i],,,,,,,,,,[i]( 基地已占领！ )[/i],,,,,,
pda_o8uC8Gi,- Open Control Panel [c][00ff00][P][-][/c]\n- Switch to[c][00ff00] [[ Devices ]][-][/c] tab,,,,,,,,,,- 打开控制面板 [c][00ff00][P][-][/c]\n- 切换到[c][00ff00] [[ 设备 ]][-][/c] 标签,,,,,,
pda_q4KKCm8,--,,,,,,,,,,--,,,,,,
pda_q4O4SKW,"[i]< [c][ffff00]Click on the Artillery[-][/c] in the list to the left.[/i]\n\n[i]Then, to the upper right, there will be a button[/i] [c][ffff00][[ Access ]][-][/c][i]. >[/i]\n[i][/i]< [i][b]Press that[/b] to manually control the turret. >[/i]",,,,,,,,,,[i]< [c][ffff00]点击左侧列表中的火炮[-][/c]。[/i]\n\n[i]然后，在右上方会有一个按钮[/i] [c][ffff00][[ 访问 ]][-][/c][i]。 >[/i]\n[i][/i]< [i][b]按下它[/b]来手动控制炮塔。 >[/i],,,,,,
pda_eXqiWuq,...,,,,,,,,,,...,,,,,,
pda_GaGGeuK,--,,,,,,,,,,--,,,,,,
pda_q4WiGWm,[i]< [c][ffff00]Let's use it[-][/c]...? [/i]\n[i]You can do all of this from here ! >[/i]\n[i][/i]\n[i]< Open the Control Panel [c][00ff00][P][-][/c]  ... >[/i],,,,,,,,,,[i]< [c][ffff00]让我们使用它[-][/c]...？ [/i]\n[i]从这里你可以做所有这些！ >[/i]\n[i][/i]\n[i]< 打开控制面板 [c][00ff00][P][-][/c]  ... >[/i],,,,,,
pda_KiHOumO,...,,,,,,,,,,...,,,,,,
pda_SmuW0gq,--,,,,,,,,,,--,,,,,,
pda_4qWmIKq,[i]< Please switch to the [/i][c][ffff00][[ Devices ]][-][/c][i] tab... >[/i],,,,,,,,,,[i]< 请切换到 [/i][c][ffff00][[ 设备 ]][-][/c][i] 标签... >[/i],,,,,,
pda_0G80GS0,--,,,,,,,,,,--,,,,,,
pda_8KG80e8,[c][0080ff]Mrk[-][/c] - Zirax[c][ffffff]Dronebase[-][/c] [i][c][ff8000](OnOffBy: ArtilleryBase)[-][/c][/i],,,,,,,,,,[c][0080ff]标记[-][/c] - 兹瑞克斯[c][ffffff]无人机基地[-][/c] [i][c][ff8000](开关条件: 火炮基地)[-][/c][/i],,,,,,
pda_GiSOW0V,...,,,,,,,,,,...,,,,,,
pda_4GmnG2W,...,,,,,,,,,,...,,,,,,
pda_Oml0vmK,---,,,,,,,,,,---,,,,,,
pda_44i8iq0,Take a Generator,,,,,,,,,,拿取发电机,,,,,,
pda_8KWaGae,--,,,,,,,,,,--,,,,,,
pda_44eeK8C,Take a Fuel Tank,,,,,,,,,,拿取燃料罐,,,,,,
pda_RCC4Kqq,--,,,,,,,,,,--,,,,,,
pda_WSSm0uB,Pick up devices\n[i][sub][c][c0c0c0][RMB] on items to split stacks[-][/c][/sub][/i],,,,,,,,,,拾取设备\n[i][sub][c][c0c0c0][RMB]点击物品以拆分堆叠[-][/c][/sub][/i],,,,,,
pda_SKq88UC,...,,,,,,,,,,...,,,,,,
pda_8OeasKS,--,,,,,,,,,,--,,,,,,
pda_mcimGKA,"[i]< Please [b]switch to the[/b] [c][ffff00][[ Main ]] [-][/c]tab, above ... >[/i]",,,,,,,,,,[i]< 请[b]切换到[/b] [c][ffff00][[ 主要 ]] [-][/c]标签页，位于上方... >[/i],,,,,,
pda_mGWUWa8,[sub][i](Then close Cargo Array window)[/i][/sub],,,,,,,,,,[sub][i](然后关闭货舱阵列窗口)[/i][/sub],,,,,,
pda_WO0mGGO,--,,,,,,,,,,--,,,,,,
pda_mKtq1uO,Queue - [c][80ffff]CalSig4b[-][/c] - on - Queued Bike (Early),,,,,,,,,,队列 - [c][80ffff]校准信号4b[-][/c] - 开启 - 排队建造摩托 (早期),,,,,,
pda_meqSGam,...,,,,,,,,,,...,,,,,,
pda_u8GeiSC,...,,,,,,,,,,...,,,,,,
pda_e0aW8qC,--,,,,,,,,,,--,,,,,,
pda_COe4aWD,"[sup]Right side of PC crafting screen, upper small symbol row, left row:[/sup]\n1- Select ""[c][ffff00]Devices"" Category[-][/c] symbol [sup][i][c][c0c0c0](Looks like pathways of a chip)[-][/c][/i][/sup]\n2- [c][ffff00]Click on Hoverbike[-][/c] template to craft\n[c][c0c0c0][i][sup](Needs 5 Carbon Substrate, ""Show all Templates'""filter)[/sup][/i][-][/c]",,,,,,,,,,"[sup]电脑制造界面右侧，上方小符号行，左侧一行：[/sup]\n1- 选择""[c][ffff00]设备""[-][/c]类别 [sup][i][c][c0c0c0](看起来像芯片的电路)[-][/c][/i][/sup]\n2- [c][ffff00]点击悬浮摩托[-][/c]模板进行建造\n[c][c0c0c0][i][sup](需要 5 个碳基底，启用""显示所有模板""过滤器)[/sup][/i][-][/c]",,,,,,
pda_4KuCCWW,---,,,,,,,,,,---,,,,,,
pda_4iuq4uG,[b]_______________ [i](Hoverbike handling)[/i][/b],,,,,,,,,,[b]_______________ [i](悬浮摩托操控)[/i][/b],,,,,,
pda_40SaqiO,--,,,,,,,,,,--,,,,,,
pda_GP48SG6,--,,,,,,,,,,--,,,,,,
pda_apWCOWS,--,,,,,,,,,,--,,,,,,
pda_iKSu888,"[sup][c][c0c0c0]Right side of PC crafting screen, upper small symbol row, left row:[-][/c][/sup]",,,,,,,,,,[sup][c][c0c0c0]电脑制造界面右侧，上方小符号行，左侧一行：[-][/c][/sup],,,,,,
pda_i44u0Kq,--,,,,,,,,,,--,,,,,,
pda_0miTOmK,"[c][ff8080]BDestr[-][/c] - [c][ff8080]V1 [-][/c]- on- [c][ffffff]SteelDestr[-][/c] [c][ff8000][i](OffBy: NextGoal, SteelSalvage, RightJunk) [/i]>C_On >C_Off[-][/c]",,,,,,,,,,"[c][ff8080]方块破坏[-][/c] - [c][ff8080]V1 [-][/c]- 开启 - [c][ffffff]钢破坏[-][/c] [c][ff8000][i](关闭条件: 下一个目标, 钢回收, 正确的垃圾) [/i]>C_开启 >C_关闭[-][/c]",,,,,,
pda_00O4Ymm,[i](Destroyed a block)[/i],,,,,,,,,,[i](破坏了一个方块)[/i],,,,,,
pda_a0eWqCi,...,,,,,,,,,,...,,,,,,
pda_a8eKaia,--,,,,,,,,,,--,,,,,,
pda_04mGGK0,[c][80ffff]Sig[-][/c] - [c][80ffff]CALTent[-][/c] - Get[c][ffffff]TentNow[-][/c]Plz,,,,,,,,,,[c][80ffff]信号[-][/c] - [c][80ffff]校准帐篷[-][/c] - 获取[c][ffffff]帐篷现在[-][/c]请,,,,,,
pda_SS0Oea0,Portable Shelter,,,,,,,,,,便携式庇护所,,,,,,
pda_Ke4iKeu,[c][ffff00]Take the tent[-][/c] from the palette,,,,,,,,,,[c][ffff00]从面板中取出帐篷[-][/c],,,,,,
pda_ea8K6KC,--,,,,,,,,,,--,,,,,,
pda_eWOSmk8,Portable Shelter,,,,,,,,,,便携式庇护所,,,,,,
pda_SMaaCmK,[sup][c][c0c0c0](Close tool Drone with [c][00ff00][ F5 ][-][/c] )[-][/c][/sup]\nFind Cargo Palette next to Destroyed Mining Towers\n[c][c0c0c0][sup](outside)[/sup][-][/c],,,,,,,,,,[sup][c][c0c0c0](用[c][00ff00][ F5 ][-][/c]关闭工具无人机)[-][/c][/sup]\n在损毁的采矿塔旁边的货物面板中寻找\n[c][c0c0c0][sup](在外面)[/sup][-][/c],,,,,,
pda_4aOVCSC,--,,,,,,,,,,--,,,,,,
pda_mUemSSG,Open it,,,,,,,,,,打开它,,,,,,
pda_0qCCSqS,[i]< ... See?  [/i]\n[i]- - Loot! >[/i],,,,,,,,,,[i]< ... 看到了吗？  [/i]\n[i]- - 战利品！ >[/i],,,,,,
pda_eqWaCG4,--,,,,,,,,,,--,,,,,,
pda_iiSm0G8,...,,,,,,,,,,...,,,,,,
pda_pWiqK04,--,,,,,,,,,,--,,,,,,
pda_WqKucQS,[i]< Such [b]run-down buildings[/b] ... They don't make for a good place to rest.[/i]\n[i][/i]\n[i]< Detecting something that could be [b]useful [/b]nearby - [/i]\n[i]... Check out that [c][ffff00]marker.[-][/c] >[/i],,,,,,,,,,[i]< 这些[b]破败的建筑[/b]……它们可不是个休息的好地方。[/i]\n[i][/i]\n[i]< 检测到附近有[b]可用的东西[/b]——[/i]\n[i]……看看那个[c][ffff00]标记。[-][/c] >[/i],,,,,,
pda_Ww2O8q8,[i]( ... scanning ... )[/i],,,,,,,,,,[i]( ... 扫描中 ... )[/i],,,,,,
pda_iKjCWOK,[i]...[/i],,,,,,,,,,[i]...[/i],,,,,,
pda_GOeGaaM,--,,,,,,,,,,--,,,,,,
pda_qeKmuWC,Playtest - Planet: BA turret activation,,,,,,,,,,游戏测试 - 星球: 基地炮塔激活,,,,,,
pda_GC3umGE,...,,,,,,,,,,...,,,,,,
pda_ieGGaC0,...,,,,,,,,,,...,,,,,,
pda_SC0uqap,--,,,,,,,,,,--,,,,,,
pda_OueGi88,"[c][0080ff]nPOI [-][/c]- Rw-  Det_TooFar [c][80ffff]CalSig_c1[-][/c] [i][c][ff8080](RwByT: WeatherToCopper) (OffBy:EnterMine) [-][/c][/i][c][ff8000]>C_On x2, >C_Off[-][/c]",,,,,,,,,,"[c][0080ff]nPOI [-][/c]- 重写 - 探测器太远 [c][80ffff]校准信号_c1[-][/c] [i][c][ff8080](按时间重写: 天气至铜) (关闭条件: 进入矿洞) [-][/c][/i][c][ff8000]>C_开启 x2, >C_关闭[-][/c]",,,,,,
pda_80qauia,[c][80ffff]Sig_c1[-][/c] - [c][80ffff]CalSig_c2[-][/c] Det_SomethingCloser,,,,,,,,,,[c][80ffff]信号_c1[-][/c] - [c][80ffff]校准信号_c2[-][/c] 探测器检测到更近的物体,,,,,,
pda_iGQ84uc,[c][80ffff]Sig_c2[-][/c] - [c][80ffff]CAL5[-][/c] - [c][0080ff]Task [-][/c]- Det_Discov deposit,,,,,,,,,,[c][80ffff]信号_c2[-][/c] - [c][80ffff]校准5[-][/c] - [c][0080ff]任务 [-][/c]- 探测器发现矿藏,,,,,,
pda_WqWGaC4,Discover nearby Deposit\n[sup](See [c][ffff00]new Marker[-][/c] position)[/sup],,,,,,,,,,发现附近的矿藏\n[sup](查看[c][ffff00]新标记[-][/c]的位置)[/sup],,,,,,
pda_umqW0ir,Get closer to building ...,,,,,,,,,,靠近建筑 ...,,,,,,
pda_C40KSeu,--,,,,,,,,,,--,,,,,,
pda_OGeiKKO,"[b]... Discover the Deposit[/b]\n[i](while riding on Hoverbike[/i]\n[i]or fire Detector nearby)[/i][c][c0c0c0][i]\n\n(See new [/i][-][/c][c][ffffff][i]Marker[/i][-][/c][c][c0c0c0],[-][/c][i][c][c0c0c0] Map[-][/c] [/i][c][00ff00][M][-][/c] [i][c][c0c0c0]for location)[-][/c][/i]",,,,,,,,,,[b]... 发现矿藏[/b]\n[i](骑乘悬浮摩托时[/i]\n[i]或在附近发射探测器)[/i][c][c0c0c0][i]\n\n(查看新的[/i][-][/c][c][ffffff][i]标记[/i][-][/c][c][c0c0c0]，[-][/c][i][c][c0c0c0]地图[-][/c] [/i][c][00ff00][M][-][/c] [i][c][c0c0c0]获取位置)[-][/c][/i],,,,,,
pda_KCS84OC,--,,,,,,,,,,--,,,,,,
pda_qWfCGq4,...,,,,,,,,,,...,,,,,,
pda_m8eqiC4,--,,,,,,,,,,--,,,,,,
pda_8KmmRqO,"[i]< Only a rough location, too ... [/i]\n[i]For it to be shown on your Map, you need to [c][ffffff]discover [-][/c]it. >[/i]\n\n[i]< Either fire your [b]Detector [/b]nearby, or [c][ffff00]get close with a vessel[-][/c], a [/i][i]drill [/i][i]...>[/i]",,,,,,,,,,[i]< 也只是一个大致位置... [/i]\n[i]要想显示在你的地图上，你需要[c][ffffff]发现 [-][/c]它。 >[/i]\n\n[i]< 要么在附近发射你的[b]探测器 [/b]，或者[c][ffff00]用飞船靠近[-][/c]，携带[/i][i]钻头 [/i][i]...>[/i],,,,,,
pda_OaeGO4K,[i](Marker is too far away)[/i],,,,,,,,,,[i](标记太远了)[/i],,,,,,
pda_c8Ca00K,...,,,,,,,,,,...,,,,,,
pda_imAWGq8,--,,,,,,,,,,--,,,,,,
pda_G8qqUWM,Discover nearby Deposit,,,,,,,,,,发现附近的矿藏,,,,,,
pda_4qKqKGi,Get closer to building ...,,,,,,,,,,靠近建筑 ...,,,,,,
pda_aSGQuem,--,,,,,,,,,,--,,,,,,
pda_HqSGui0,"[i]< But there seems to be a [/i][c][ffffff][i]structure[/i][-][/c][i] with a [c][ffff00]ground deposit [-][/c]nearby. [/i]\n[i]That could mean, [b]people[/b] ...? >[/i]\n\n[i]< [/i][i]Check out at your side - [/i]\n[i]I[/i][i]'m [c][ffffff][b]moving [/b]the Marker[-][/c]  ... [/i][i]>[/i]",,,,,,,,,,[i]< 但附近似乎有一个带有[/i][c][ffffff][i]建筑结构[/i][-][/c][i]的[c][ffff00]地面矿藏 [-][/c]。 [/i]\n[i]这可能意味着，[b]有人[/b] ...？ >[/i]\n\n[i]< [/i][i]在你那边查探一下 - [/i]\n[i]我[/i][i]'m [c][ffffff][b]正在移动[/b]那个标记[-][/c]  ... [/i][i]>[/i],,,,,,
pda_eueXOSW,___________________ [i](Discovering & Entering)[/i],,,,,,,,,,___________________ [i](发现与进入)[/i],,,,,,
pda_sa2iS4G,--,,,,,,,,,,--,,,,,,
pda_uS4GbWS,--,,,,,,,,,,--,,,,,,
pda_8W4eq08,--,,,,,,,,,,--,,,,,,
pda_OeGu4qu,__________________ [i](Player Drone & Mining)[/i],,,,,,,,,,__________________ [i](玩家无人机与采矿)[/i],,,,,,
pda_445Sm0W,--,,,,,,,,,,--,,,,,,
pda_MqSmCog,--,,,,,,,,,,--,,,,,,
pda_0iemNSS,--,,,,,,,,,,--,,,,,,
pda_0aaOaAu,__________________ [i](Variant paths & Redirects)[/i],,,,,,,,,,__________________ [i](变体路径与重定向)[/i],,,,,,
pda_0i4SL4K,--,,,,,,,,,,--,,,,,,
pda_O4qmm0G,--,,,,,,,,,,--,,,,,,
pda_aSCiOCW,--,,,,,,,,,,--,,,,,,
pda_qWKOCSq,"[i]< Wait - Before you [b]jump down [/b]in that [b]hole , [/b]- - one thing ... >[/i]",,,,,,,,,,[i]< 等等 - 在你[b]跳下去[/b]进入那个[b]洞[/b]之前，- - 有件事 ... >[/i],,,,,,
pda_4qCu8Cq,Queue - on - CrftBlocksL [c][ff8000][i](OffBy: SelectLStyleFull) [/i]>C_Off >C_On[-][/c],,,,,,,,,,队列 - 开启 - 建造大型方块 [c][ff8000][i](关闭条件：选择完整L样式) [/i]>C_关闭 >C_开启[-][/c],,,,,,
pda_Cq4mO0a,Large Blocks,,,,,,,,,,大型方块,,,,,,
pda_KWKSeK8,..,,,,,,,,,,..,,,,,,
pda_mC4W00S,--,,,,,,,,,,--,,,,,,
pda_8em0uw0,"[i]< [c][ffffff]Large Blocks[-][/c] ...  - For a large grid structure, like [c][ffffff]Bases [-][/c](BA) or [c][ffffff]Capital Vessels[-][/c] (CV) ... >[/i]",,,,,,,,,,[i]< [c][ffffff]大型方块[-][/c] ... - 适用于大型网格建筑结构，如[c][ffffff]基地[-][/c]（BA）或[c][ffffff]主力舰[-][/c]（CV）... >[/i],,,,,,
pda_KXAe0Wj,ItmPck - Gained Large Block [c][ff8040]>C_On[-][/c],,,,,,,,,,物品拾取 - 获得大型方块 [c][ff8040]>C_开启[-][/c],,,,,,
pda_SuoSQuW,(Gained a Large Block),,,,,,,,,,(获得一个大型方块),,,,,,
pda_mSeaKuC,...,,,,,,,,,,...,,,,,,
pda_88Oq4OC,--,,,,,,,,,,--,,,,,,
pda_aa044O8,"BlkPlc - Placed L Block, Info 'needs MT & Core' [i][c][ff8040](OnBy: GainedLargeBlock)[-][/c][/i]",,,,,,,,,,方块放置 - 放置 L 方块，信息 '需要多功能工具和核心' [i][c][ff8040](开启条件：获得大型方块)[-][/c][/i],,,,,,
pda_SeWKi0k,[i](Placed Large Block)[/i],,,,,,,,,,[i](放置大型方块)[/i],,,,,,
pda_xW84WeN,...,,,,,,,,,,...,,,,,,
pda_4SSeKuq,--,,,,,,,,,,--,,,,,,
pda_wOaa7Sa,"[i]< Just as a reminder: [/i]\n[i]To be able to [c][ffffff]pick up any block [-][/c]safely, you need to[b] own the structure with your [/b][c][ffffff][b]Core[/b][-][/c] ... >[/i]\n\n[i]< Your [b]Multitool [/b]simply needs that extra computing power... >[/i]",,,,,,,,,,[i]< 提醒一下：[/i]\n[i]要能够[c][ffffff]安全拾取任何方块[-][/c]，你需要[b] 通过你的[/b][c][ffffff][b]核心[/b][-][/c]拥有该建筑结构... >[/i]\n\n[i]< 你的[b]多功能工具[/b]只是需要额外的计算能力... >[/i],,,,,,
pda_u8GWS04,Queue  - Craft no S Block w/o Starter,,,,,,,,,,队列 - 没有启动器无法建造 S 方块,,,,,,
pda_aK0cmuS,New Task,,,,,,,,,,新任务,,,,,,
pda_GeOSiGq,...,,,,,,,,,,...,,,,,,
pda_aIseKGK,--,,,,,,,,,,--,,,,,,
pda_e8qqCi4,_________ [i](Foothold BA building)[/i],,,,,,,,,,_________ [i](根据地基地建造)[/i],,,,,,
pda_W4aR45G,--,,,,,,,,,,--,,,,,,
pda_0mZCaCG,--,,,,,,,,,,--,,,,,,
pda_qaKOC6i,--,,,,,,,,,,--,,,,,,
pda_iixe8KO,_________ [i](Crafting flow messages)[/i],,,,,,,,,,_________ [i](建造流程信息)[/i],,,,,,
pda_C0uueqo,--,,,,,,,,,,--,,,,,,
pda_W8kAmqi,--,,,,,,,,,,--,,,,,,
pda_vqjuaGm,--,,,,,,,,,,--,,,,,,
pda_80KkGdq,(Debug) Turn Zirax hostile,,,,,,,,,,(调试) 将兹瑞克斯设为敌对,,,,,,
pda_GeG4K4U,...,,,,,,,,,,...,,,,,,
pda_m84s8eQ,...,,,,,,,,,,...,,,,,,
pda_G0umSSo,--,,,,,,,,,,--,,,,,,
pda_a0G1Alm,[b]Zirax faciton set to hostile [/b]\n(As if getting close to island),,,,,,,,,,[b]兹瑞克斯势力已设定为敌对 [/b]\n(就像靠近岛屿一样),,,,,,
pda_OuG4uii,TB_sel (Block L) -[c][ff8080]V[-][/c]-  Select L Styles (redux) [c][ff8000][i](OnBy: CraftBlockL)[/i][-][/c],,,,,,,,,,工具栏选择 (方块 L) -[c][ff8080]V[-][/c]- 选择 L 样式 (重做) [c][ff8000][i](开启条件：CraftBlockL)[/i][-][/c],,,,,,
pda_qqauGWF,...,,,,,,,,,,...,,,,,,
pda_mWiWuGW,...,,,,,,,,,,...,,,,,,
pda_OGneeqC,--,,,,,,,,,,--,,,,,,
pda_000GD8K,[i]< ... [/i][c][00ff00][RMB][-][/c] [i]to select [b]styles[/b]. >[/i],,,,,,,,,,[i]< ... [/i][c][00ff00][RMB][-][/c] [i]选择[b]样式[/b]。 >[/i],,,,,,
pda_4OuWiKG,Gained debug rifle. \n[i]( With great power comes ... )[/i],,,,,,,,,,获得调试步枪。\n[i]( 能力越大，责任越大 ... )[/i],,,,,,
pda_4iRmAOq,Prepare to Claim,,,,,,,,,,准备占领,,,,,,
pda_KhK8C8G,...,,,,,,,,,,...,,,,,,
pda_GSGuuuu,---,,,,,,,,,,---,,,,,,
pda_Ce8CSqq,"Take Core from Palette, put into Toolbar",,,,,,,,,,从面板中取出核心，放入工具栏,,,,,,
pda_iWkKKuq,--,,,,,,,,,,--,,,,,,
pda_CWmeiWm,...,,,,,,,,,,...,,,,,,
pda_O4O8WWE,--,,,,,,,,,,--,,,,,,
pda_mAeu0eu,[c][80ffff]Sig(CalSig11)[-][/c] - [c][ffffff]Timeout DroneShoot[-][/c] [c][ff8000](OffBy: POI)[-][/c],,,,,,,,,,[c][80ffff]信号(校准信号11)[-][/c] - [c][ffffff]超时无人机射击[-][/c] [c][ff8000](由：POI 关闭)[-][/c],,,,,,
pda_uKeSGOW,[i](Timeout warning)[/i],,,,,,,,,,[i](超时警告)[/i],,,,,,
pda_maS8GHa,...,,,,,,,,,,...,,,,,,
pda_qWMCemq,--,,,,,,,,,,--,,,,,,
pda_e8OuuEq,Note: \n[b]Tutorial will continue[/b] in about [c][ffffff]1 minute.[-][/c],,,,,,,,,,注意：\n[b]教程将在约[c][ffffff]1分钟[-][/c]后继续。[/b],,,,,,
pda_aCGKq0K,"[c][ff80ff](SecCopy, non-CAL, keep for now) [-][/c][c][0080ff]nPOI[-][/c] &Trig- [c][ffffff]UseOreScan[-][/c] Promethium [c][ff8000][i](OnByT: OreProcess)  [/i]C_OnTx2 >C_Off[-][/c]",,,,,,,,,,[c][ff80ff](备用副本，非标准认证，暂时保留) [-][/c][c][0080ff]nPOI[-][/c] &触发 - [c][ffffff]使用矿扫[-][/c]钷[c][ff8000][i](按需开启：矿石处理)  [/i]C_OnTx2 >C_Off[-][/c],,,,,,
pda_iOeCgKq,Mine Promethium nodes,,,,,,,,,,开采钷矿脉,,,,,,
pda_WiiemiC,"[i]Keep [c][ffffff]Ore Scanner[-][/c] in inventory, \n[c][ffff00]Hold better Drill.[-][/c][/i]\n\nThen:[c][ffff00] Search for blue outlines[-][/c]\nin the ground, and [c][ffff00]drill [-][/c]them\n\n[i](Better visible with Tool Drone [/i][c][00ff00][ F5 ][-][/c][i], while moving)[/i]",,,,,,,,,,[i]将[c][ffffff]矿石扫描器[-][/c]放在物品栏中，\n[c][ffff00]并携带更好的钻头。[-][/c][/i]\n\n然后：[c][ffff00]寻找地面上的蓝色轮廓[-][/c]\n，并用[c][ffff00]钻头[-][/c]挖掘它们\n\n[i](使用工具无人机时更容易看到[/i][c][00ff00][ F5 ][-][/c][i]，移动时)[/i],,,,,,
pda_mqK8eie,---,,,,,,,,,,---,,,,,,
pda_Sui2OKu,"[i]< Yes ! That's it !![/i]\n\n[i]- For [b]fuel[/b], [b]Multitool [/b]clips, better drills ... >[/i]",,,,,,,,,,[i]< 没错！就是那个！！[/i]\n\n[i]- 为了[b]燃料[/b]、[b]多功能工具[/b]的卡夹、更好的钻头 ... >[/i],,,,,,
pda_OaaKS5q,[i]( Strange noise? )[/i],,,,,,,,,,[i]( 奇怪的声音？ )[/i],,,,,,
pda_C0WWOUS,...,,,,,,,,,,...,,,,,,
pda_0KqmOK4,---,,,,,,,,,,---,,,,,,
pda_48CGi0u,[i]( Getting closer? )[/i],,,,,,,,,,[i]( 在靠近吗？ )[/i],,,,,,
pda_WKiY4Wc,...,,,,,,,,,,...,,,,,,
pda_aI8S00G,--,,,,,,,,,,--,,,,,,
pda_mCOmWCi,[i]< - -  Something[b] isn't right here ... [/b][/i][i]!? >[/i],,,,,,,,,,[i]< - - 这里[b]有点不对劲 ... [/b][/i][i]!? >[/i],,,,,,
pda_0CSO0aa,Ambush,,,,,,,,,,伏击,,,,,,
pda_0aSBSe4,...,,,,,,,,,,...,,,,,,
pda_uaG4Cqs,--,,,,,,,,,,--,,,,,,
pda_C84amGG,\n[i]< [c][ffffff]Incoming![-][/c] >[/i],,,,,,,,,,\n[i]< [c][ffffff]有敌人来袭！[-][/c] >[/i],,,,,,
pda_fCmKeum,Enemy drone[c][ffffff][-][/c],,,,,,,,,,敌方无人机[c][ffffff][-][/c],,,,,,
pda_Wu0aSWG,[c][ffffff][c][ffff00]Destroy [c][ffffff]attacking drone\n(Red dot[-][/c][-][/c][-][/c] on radar)\n\n[i](Shoot eye for max damage)[/i],,,,,,,,,,[c][ffffff][c][ffff00]摧毁 [c][ffffff]攻击无人机\n(雷达上的红点[-][/c][-][/c][-][/c])\n\n[i](射击眼睛以造成最大伤害)[/i],,,,,,
pda_qOCu04a,---,,,,,,,,,,---,,,,,,
pda_SqC8aqe,[i]< Over there! A [c][ffffff]Zirax [b]drone[/b][-][/c] ! >[/i]\n\n[i]< - [c][ffff00]Shoot it in the 'eye[-][/c]' ! >[/i],,,,,,,,,,[i]< 在那里！一架[c][ffffff]兹瑞克斯[b]无人机[/b][-][/c]！>[/i]\n\n[i]< - [c][ffff00]射击它的‘眼睛[-][/c]’！>[/i],,,,,,
pda_OK4iWaK,Loot the Drone,,,,,,,,,,拾取无人机战利品,,,,,,
pda_40q0q4G,Access enemy drone with [c][00ff00][F][-][/c],,,,,,,,,,用[c][00ff00][F][-][/c]访问敌方无人机,,,,,,
pda_Ja40aK4,---,,,,,,,,,,---,,,,,,
pda_a8CWSOK,[i]< A [c][ffffff]Zirax drone[-][/c]... >[/i]\n[i]< ... >[/i]\n[i][/i]\n[i]< ... They must be really close. >[/i],,,,,,,,,,[i]< 一架[c][ffffff]兹瑞克斯无人机[-][/c]... >[/i]\n[i]< ... >[/i]\n[i][/i]\n[i]< ... 他们肯定就在附近。 >[/i],,,,,,
pda_Kie4uqG,...,,,,,,,,,,...,,,,,,
pda_OW48tiu,--,,,,,,,,,,--,,,,,,
pda_W40q0IG,"[i]< Lucky us. That was just a [b]wildlife monitor.  [/b]>[/i]\n\n[i]< Usually, these have [c][ffffff]guns[-][/c]... [/i][i]>[/i]\n[i][/i]\n[i]< - Please, [c][ffff00]loot it.[-][/c] [/i][i]>[/i]",,,,,,,,,,[i]< 我们真走运。那只是一个[b]野生动物监测器。[/b]>[/i]\n\n[i]< 通常，这些都带有[c][ffffff]武器[-][/c]... [/i][i]>[/i]\n[i][/i]\n[i]< - 请，[c][ffff00]拾取它的战利品。[-][/c] [/i][i]>[/i],,,,,,
pda_S8SCaWV,...,,,,,,,,,,...,,,,,,
pda_KS84OqS,--,,,,,,,,,,--,,,,,,
pda_SiWWv4a,[i]( ... Extrapolating Flight Path... )[/i],,,,,,,,,,[i]( ... 推算飞行轨迹... )[/i],,,,,,
pda_U8xW6mC,...,,,,,,,,,,...,,,,,,
pda_k4GCmGW,--,,,,,,,,,,--,,,,,,
pda_CGOOiWq,"[i]< Running a [c][ffffff]Drone patrol[-][/c] Op... that requires [b]a lot[/b] of buildings. >[/i]\n[i]< - Production, Defenses, Radars, Fuel stores ... >[/i]\n[i][/i]\n[i]< ... But ... this island does [b]not have[/b] these...? >[/i]",,,,,,,,,,[i]< 运行一个[c][ffffff]无人机巡逻[-][/c]任务... 那需要[b]大量[/b]的建筑物。>[/i]\n[i]< - 生产线、防御设施、雷达、燃料库... >[/i]\n[i][/i]\n[i]< ... 但是... 这座岛屿上[b]并没有[/b]这些...？>[/i],,,,,,
pda_Oq40WK4,[i]< They teleported it here ... >[/i],,,,,,,,,,[i]< 他们把传送器运到这里了 ... >[/i],,,,,,
pda_C4GeaS2,[i]( Zirax base location ? )[/i],,,,,,,,,,[i]( 兹瑞克斯基地位置？ )[/i],,,,,,
pda_C8aWume,...,,,,,,,,,,...,,,,,,
pda_mw806iO,--,,,,,,,,,,--,,,,,,
pda_uO88WK4,[i]< They must be over the ocean. [/i]\n[i]- On the [c][ffffff]northern isle[-][/c]. >[/i]\n\n[i]<  ... but still no good [b]way to get there[/b] ... >[/i],,,,,,,,,,[i]< 它们一定在海洋上空。[/i]\n[i]- 在[c][ffffff]北边的岛屿[-][/c]上。>[/i]\n\n[i]< ... 但仍然没有好的[b]方法到达那里[/b] ... >[/i],,,,,,
pda_i4kGbKO,...,,,,,,,,,,...,,,,,,
pda_GGC0iqC,--,,,,,,,,,,--,,,,,,
pda_WGK0GOo,[c][80ffff]Sig(CalSig11)[-][/c] - [c][ffffff]Timeout DroneLoot[-][/c] [c][ff8000](OffBy: POI)[-][/c],,,,,,,,,,[c][80ffff]信号(CalSig11)[-][/c] - [c][ffffff]无人机战利品超时[-][/c] [c][ff8000](关闭条件：兴趣点)[-][/c],,,,,,
pda_1umKiO0,[i](Timeout warning)[/i],,,,,,,,,,[i](超时警告)[/i],,,,,,
pda_iVuqaiW,...,,,,,,,,,,...,,,,,,
pda_O8amiea,--,,,,,,,,,,--,,,,,,
pda_iKWiiSm,Note: \n[b]Tutorial will continue[/b] in about [c][ffffff]1 minute.[-][/c],,,,,,,,,,注意：\n[b]教程将继续[/b]，大约在[c][ffffff]1分钟后。[-][/c],,,,,,
pda_GSOiECC,...,,,,,,,,,,...,,,,,,
pda_GKBsK0W,--,,,,,,,,,,--,,,,,,
pda_SGeqi0i,[i]< Over there! A [c][ffffff]Zirax [b]drone[/b][-][/c] ! >[/i]\n\n[i]< - [c][ffff00]Shoot it in the 'eye[-][/c]' ! >[/i],,,,,,,,,,[i]< 在那里！一架[c][ffffff]兹瑞克斯[b]无人机[/b][-][/c]！>[/i]\n\n[i]< - [c][ffff00]射击它的‘眼睛[-][/c]’！>[/i],,,,,,
pda_8mCGKi4,[c][ff8080]Kill [-][/c]-rw- [c][80ffff]CalSig11a[-][/c] - Prom[c][ffffff]DroneShot[-][/c] [c][ff8040][i](RwBy: UseOreScan)[/i][-][/c],,,,,,,,,,[c][ff8080]击杀 [-][/c]-rw- [c][80ffff]信号CalSig11a[-][/c] - 钷[c][ffffff]无人机射击[-][/c] [c][ff8040][i](奖励条件：使用矿石扫描)[/i][-][/c],,,,,,
pda_IOKcAmq,[i](Drone Destroyed)[/i],,,,,,,,,,[i](无人机已摧毁)[/i],,,,,,
pda_WWWaWmW,...,,,,,,,,,,...,,,,,,
pda_eeiG4E4,--,,,,,,,,,,--,,,,,,
pda_OauqEim,[i]< Good shot ! >[/i],,,,,,,,,,[i]< 好枪法！ >[/i],,,,,,
pda_MWW4PUe,InvOp (StunDrone)- [c][80ffff]CalSig11b [-][/c]-[c][ffffff]LootPromDrone[-][/c],,,,,,,,,,入侵行动 (眩晕无人机) - [c][80ffff]信号CalSig11b [-][/c]-[c][ffffff]掠夺钷无人机[-][/c],,,,,,
pda_uSc8aOC,Drone Loot,,,,,,,,,,无人机战利品,,,,,,
pda_4GCGWG0,[i]< A [c][ffffff]Zirax drone[-][/c]... >[/i]\n[i]< ... >[/i]\n[i][/i]\n[i]< ... They must be really close. >[/i],,,,,,,,,,[i]< 一架[c][ffffff]兹瑞克斯无人机[-][/c]... >[/i]\n[i]< ... >[/i]\n[i][/i]\n[i]< ... 他们肯定就在附近。 >[/i],,,,,,
pda_mewSi8W,\n\n\n\n\n[c][c0c0c0][sup][i](Note: Timeout for task is ca. 5 minutes)[/i][/sup][-][/c]\n\n\n\n\n[c][400040].[-][/c],,,,,,,,,,\n\n\n\n\n[c][c0c0c0][sup][i](注意：任务超时约为5分钟)[/i][/sup][-][/c]\n\n\n\n\n[c][400040].[-][/c],,,,,,
pda_iOuC0ii,--,,,,,,,,,,--,,,,,,
pda_aeqOmie,"[i]< Vessel trimming... [/i]\n[i]You can adjust how much a vessel reacts to your steering.[/i]\n[i]Do this in the Control Panel [P], [[Statistics]] tab. >[/i]",,,,,,,,,,[i]< 飞船微调... [/i]\n[i]你可以调整飞船对你操控的反应程度。[/i]\n[i]在控制面板中进行调整[P]，[[Statistics]] 标签页。>[/i],,,,,,
pda_aOiOOGx,[c][80ffff]Sig(CalSig12)[-][/c] - Timeout BAattack Warn (OffBy: POI),,,,,,,,,,[c][80ffff]信号(CalSig12)[-][/c] - 基地攻击警告超时 (关闭条件：兴趣点),,,,,,
pda_aKeKWej,[i][c][c0c0c0](Cannot find attackers?)[-][/c][/i],,,,,,,,,,[i][c][c0c0c0](找不到攻击者？)[-][/c][/i],,,,,,
pda_GCa4iSW,...,,,,,,,,,,...,,,,,,
pda_u4mmemQ,--,,,,,,,,,,--,,,,,,
pda_GCOPSK4,[i]< Hmm... Part of these attackers seem to be still very [b]unorganized[/b] ... >[/i]\n\n----\nNote: \n[b]Tutorial will continue[/b] in about [c][ffffff]1 minute.[-][/c],,,,,,,,,,[i]< 嗯...这些攻击者中有一部分似乎仍然非常[b]无组织[/b]... >[/i]\n\n----\n注意：\n[b]教程将继续[/b]，大约在[c][ffffff]1分钟后。[-][/c],,,,,,
pda_WZOCOea,"[c][ff80ff](Seccopy, keep for now)[-][/c][c][0080ff] (nPOI)[-][/c] - [c][ffffff]BAattack[-][/c] Troop transport [i][c][ff8000](OnBy: EndBuild) [-][/c][/i][c][ff8000]>C_OnT x2[-][/c]",,,,,,,,,,[c][ff80ff](Seccopy，暂时保留)[-][/c][c][0080ff] (兴趣点)[-][/c] - [c][ffffff]基地攻击[-][/c] 部队运输 [i][c][ff8000](启用条件：结束建造) [-][/c][/i][c][ff8000]>C_OnT x2[-][/c],,,,,,
pda_iGmeKma,[i]( Noises... )[/i],,,,,,,,,,[i](噪音... )[/i],,,,,,
pda_0WIeKmS,...,,,,,,,,,,...,,,,,,
pda_0OuSCqq,--,,,,,,,,,,--,,,,,,
pda_8K4GiGm,"[i](( [c][ffffff]System message[-][/c] from ""Farm"" : [/i]\n[i][/i]\n[i]Your [c][ffffff][c][ff8000]Base is under attack[-][/c][-][/c]! ))[/i]",,,,,,,,,,[i](( [c][ffffff]系统消息[-][/c] 来自“农业设施”：[/i]\n[i][/i]\n[i]你的[c][ffffff][c][ff8000]基地正在受到攻击[-][/c][-][/c]！ ))[/i],,,,,,
pda_mSW4qui,Your Base is under attack !,,,,,,,,,,你的基地正在受到攻击！,,,,,,
pda_80quGWi,Destroy Minigun Drone,,,,,,,,,,摧毁迷你机枪无人机,,,,,,
pda_4a0OY04,--,,,,,,,,,,--,,,,,,
pda_OZiSKii,Kill Ripper Dogs,,,,,,,,,,击杀撕裂犬,,,,,,
pda_qK8CeOq,--,,,,,,,,,,--,,,,,,
pda_K4oGGqe,Base Attacks,,,,,,,,,,基地攻击,,,,,,
pda_iuieCiS,...,,,,,,,,,,...,,,,,,
pda_800maKm,--,,,,,,,,,,--,,,,,,
pda_WOKGKuq,"[i]< Seems, this was some kind an [b]automated [/b]response. >[/i]\n[i][/i]\n[i]< ... The[c][ffffff] real troops[-][/c] have [b]not [/b]arrived yet ... >[/i]",,,,,,,,,,[i]< 看来，这只是某种[b]自动[/b]反应。>[/i]\n[i][/i]\n[i]< ... 真正的部队[c][ffffff]还未[-][/c]到达 ... >[/i],,,,,,
pda_8KaKMuE,Base Attacks,,,,,,,,,,基地攻击,,,,,,
pda_KiqWCam,"Get close to Farm, open Control Panel [c][00ff00][ P ][-][/c]",,,,,,,,,,靠近农业设施，打开控制面板 [c][00ff00][ P ][-][/c],,,,,,
pda_8Wu0mw0,"[i]< [c][ffff00]Switch to the[-][/c] [c][ffff00][[ Statistics ]][-][/c] tab ... [/i]\n\n[i]< ... In galactic warfare, enemy [/i]\n[i]Factions [b]call out their targets[/b]. [/i]\n[i]At least, the more [b]civilized [/b]ones do - >[/i]",,,,,,,,,,[i]< [c][ffff00]切换到[-][/c] [c][ffff00][[ 统计 ]][-][/c] 标签页 ... [/i]\n\n[i]< ... 在星际战争中，敌人[/i]\n[i]派系 [b]会叫嚣他们的目标[/b]。[/i]\n[i]至少，那些更[b]文明的[/b]派系会这么做 - >[/i],,,,,,
pda_em4KjkC,--,,,,,,,,,,--,,,,,,
pda_ZSmiWum,Switch to [[Statistics]] tab,,,,,,,,,,切换到[[Statistics]] 标签页,,,,,,
pda_uCO08CX,"[i]< Right side of screen, second row: [/i]\n[i]""[c][ffffff]Base Attack""[-][/c][/i]\n[i]Your Farm has been [b]marked[/b]. >\n\n< ... For Zirax, this is considered as 'polite'.>[/i]\n\n[i]---[/i]\n( [b]Close [/b]Control Panel when done)[i][/i]",,,,,,,,,,"[i]< 屏幕右侧，第二行：[/i]\n[i]""[c][ffffff]基地攻击""[-][/c][/i]\n[i]你的农业设施已被[b]标记[/b]。>\n\n< ... 对兹瑞克斯来说，这被视为‘礼貌’。>[/i]\n\n[i]---[/i]\n( [b]完成后关闭[/b]控制面板)[i][/i]",,,,,,
pda_4oiGtGi,--,,,,,,,,,,--,,,,,,
pda_8SCn80o,...,,,,,,,,,,...,,,,,,
pda_W4i0auK,--,,,,,,,,,,--,,,,,,
pda_Oe8E84i,"[i]< It seems, they already built a [c][ff8000]Drone Base[-][/c][/i] [i]...?[/i] >\n\n[i]< ...  [b]Those attacks will never stop[/b]. [/i][i]And each wave will be [b]worse [/b]than before. >[/i]\n\n[i]< - [/i][i]... Once they claim a planet, Zirax 'negotiate' just with their [b]guns[/b]. >[/i]",,,,,,,,,,[i]< 看来，他们已经在建造一个[c][ff8000]无人机基地[-][/c][/i] [i]...？[/i] >\n\n[i]< ... [b]那些攻击永远不会停止[/b]。[/i][i]而且每一波攻击都会比之前[b]更糟[/b]。>[/i]\n\n[i]< - [/i][i]... 一旦他们占领了一颗星球，兹瑞克斯只会用他们的[b]枪炮[/b]来“谈判”。>[/i],,,,,,
pda_qi0vie4,...,,,,,,,,,,...,,,,,,
pda_Gw8qSEm,--,,,,,,,,,,--,,,,,,
pda_queCGGv,"[i]< Please, could you [c][ffff00]open the Control Panel[-][/c] of your [c][ffff00]Farm[-][/c]? >[/i]\n[i][/i]\n[i]< Let me check something ... >[/i]",,,,,,,,,,[i]< 请你，能[c][ffff00]打开你的[-][/c]农业[c][ffff00]控制面板[-][/c]吗？ >[/i]\n[i][/i]\n[i]< 让我检查一下... >[/i],,,,,,
pda_BuESaYO,Base Defense,,,,,,,,,,基地防御,,,,,,
pda_SGaA44u,...,,,,,,,,,,...,,,,,,
pda_aqW4ASQ,--,,,,,,,,,,--,,,,,,
pda_qUG2uxW,"[i]< We [b]cannot [/b]sit here and wait. - - And we [b]cannot leave [/b]the planet either.[/i]\n[i][c][ffff00][-][/c][/i]\n[i]< [c][ffff00]Secure your Base[-][/c], [/i]\n[i]and have an [c][ffff00]HV [-][/c]ready. >[/i]",,,,,,,,,,"[i]< 我们[b]不能[/b]坐在这里等待。- - 我们[b]也不能离开[/b]这个星球。[/i]\n[i][c][ffff00][-][/c][/i]\n[i]< [c][ffff00]确保你的基地安全[-][/c], [/i]\n[i]并准备一辆[c][ffff00]悬浮载具（HV）[-][/c]。 >[/i]",,,,,,
pda_a40uuMq,...,,,,,,,,,,...,,,,,,
pda_0Wu8aC8,--,,,,,,,,,,--,,,,,,
pda_Iai2CG0,[i]< - Because -  - That [c][ff8000]spaceship [-][/c]I told you about... [/i]\n[i]It is on the [c][ffffff]same island[-][/c] as their Drone Base ... ! >[/i],,,,,,,,,,[i]< - 因为 -  - 我告诉你的那艘[c][ff8000]飞船[-][/c]... [/i]\n[i]它就在他们无人机基地的[c][ffffff]同一个岛上[-][/c]...! >[/i],,,,,,
pda_uW0iOuG,[i]< ... ? >[/i],,,,,,,,,,[i]< ...？ >[/i],,,,,,
pda_suGC0OG,\n\n\n\n\n[c][c0c0c0][sup][i](Note: Timeout for task is ca. 5 minutes)[/i][/sup][-][/c]\n\n\n\n\n[c][400040].[-][/c],,,,,,,,,,\n\n\n\n\n[c][c0c0c0][sup][i](注意：任务超时约5分钟)[/i][/sup][-][/c]\n\n\n\n\n[c][400040].[-][/c],,,,,,
pda_8ISOmKJ,--,,,,,,,,,,--,,,,,,
pda_j8qSmiK,[c][ff8080]Kill[-][/c] -rw- [c][80ffff]CalSig12b[-][/c] - KilledRipperDogs [c][ff8040][i](RwBy: BAattack)[/i][-][/c],,,,,,,,,,[c][ff8080]击杀[-][/c] -重写- [c][80ffff]CalSig12b[-][/c] - 击杀撕裂犬 [c][ff8040][i](重写条件: BAattack)[/i][-][/c],,,,,,
pda_GCquqma,[i][c][c0c0c0](All Ripperdogs killed)[-][/c][/i],,,,,,,,,,[i][c][c0c0c0](所有撕裂犬已被击杀)[-][/c][/i],,,,,,
pda_GCaesaC,...,,,,,,,,,,...,,,,,,
pda_WWa1Km9,--,,,,,,,,,,--,,,,,,
pda_COWYemC,[c][ff8080]Kill[-][/c] -rw- [c][80ffff]CalSig12a[-][/c] - AttDroneShot [i][c][ff8040](RwBy & OnBy:BaAttack) OffBy: ChangeZiraxHostile)[-][/c][/i],,,,,,,,,,[c][ff8080]击杀[-][/c] -重写- [c][80ffff]CalSig12a[-][/c] - 攻击无人机射击 [i][c][ff8040](重写并开启条件:BaAttack) 关闭条件: ChangeZiraxHostile)[-][/c][/i],,,,,,
pda_X0W4aeW,[i][c][c0c0c0](Drone Destroyed)[-][/c][/i],,,,,,,,,,[i][c][c0c0c0](无人机已摧毁)[-][/c][/i],,,,,,
pda_exqq4ee,...,,,,,,,,,,...,,,,,,
pda_a48uqmS,---,,,,,,,,,,---,,,,,,
pda_CO8iiee,"[c][0080ff](nPOIv)[-][/c] -rw- [c][ff8080]V1&2[-][/c] - [c][ffffff]FastSalvage[-][/c] [i][c][ff8000](rwBy:SteelDestr, RightJunk) (OffBy:SteelSalvage)[-][/c] [/i][c][ff8000]>COffToRw[-][/c]",,,,,,,,,,"[c][0080ff](nPOIv)[-][/c] -重写- [c][ff8080]V1&2[-][/c] - [c][ffffff]快速打捞[-][/c] [i][c][ff8000](重写条件:SteelDestr, RightJunk) (关闭条件:SteelSalvage)[-][/c] [/i][c][ff8000]>COffToRw[-][/c]",,,,,,
pda_4a4WOeq,[i](Wreck nearby)[/i],,,,,,,,,,[i](附近有残骸)[/i],,,,,,
pda_iqeCG8C,...,,,,,,,,,,...,,,,,,
pda_0GeKCCe,--,,,,,,,,,,--,,,,,,
pda_0eCKGxq,Faster Salvage,,,,,,,,,,更快打捞,,,,,,
pda_iMuCWWe,...,,,,,,,,,,...,,,,,,
pda_6K0aKeL,--,,,,,,,,,,--,,,,,,
pda_OK4K4qS,"[i]< [c][ffffff]Block Salvage... [-][/c][/i]\n[i]There could be something interesting to make it [b]faster[/b]? [/i]\n[i]Let me check, maybe there is [b]something nearby[/b] to try it out... >[/i]",,,,,,,,,,[i]< [c][ffffff]方块打捞... [-][/c][/i]\n[i]也许有什么有趣的方法可以让它[b]更快[/b]？ [/i]\n[i]让我看看，也许附近有[b]什么东西[/b]可以试试... >[/i],,,,,,
pda_C8uPkSO,"[i]< Hey, really smart! Yes, that is a thing ...! [/i]\n... [i][c][ffffff]Block Salvage[-][/c]. >[/i]",,,,,,,,,,[i]< 嘿，真聪明！是的，那是个东西...! [/i]\n... [i][c][ffffff]方块打捞[-][/c]. >[/i],,,,,,
pda_SKSqiWa,Collect 10 steel plates from wreck,,,,,,,,,,从残骸中收集10块钢板,,,,,,
pda_4aSSqKS,"[u]Smart cutting:[/u] (Planetside only)\n\nYou can [c][ffffff]salvage much faster[-][/c], if you [c][ffff00]remove the support[-][/c] of blocks, and [c][ffff00]pick up the debris by hand[-][/c] [c][00ff00][ F ] [-][/c].",,,,,,,,,,[u]智能切割：[/u] (仅限星球表面)\n\n如果你[c][ffffff]移除方块支撑[-][/c]，然后[c][ffff00]用手拾起碎片[-][/c]，就能[c][ffff00]更快地打捞[-][/c] [c][00ff00][ F ] [-][/c]。,,,,,,
pda_CeKGa2m,(Use [c][ffffff][b]Salvage mode[/b][-][/c] [RMB] of Survival tool)\n- [c][ffff00]Cut trough a section[-][/c] so that the upper part will fall down.\n- [c][ffff00]Pick it up[-][/c] by hand with [c][00ff00][ F ][-][/c],,,,,,,,,,（使用 [c][ffffff][b]回收模式[/b][-][/c] [RMB] 生存工具）\n- [c][ffff00]切穿一个区段[-][/c]，使上部掉落。\n- [c][ffff00]用 [ F ] [-][/c] 亲手[c][00ff00]拾取它[-][/c],,,,,,
pda_SCASuuC,--,,,,,,,,,,--,,,,,,
pda_qaCqi0O,...,,,,,,,,,,...,,,,,,
pda_uuCqjM8,...,,,,,,,,,,...,,,,,,
pda_Kiommiu,--,,,,,,,,,,--,,,,,,
pda_OaS6OKq,"[i]< ... You will [c][ffffff]lose [-][/c][b]some [/b]of the materials, though ... >[/i]\n[i][/i]\n[i]< Just do it [b]for basic [/b]things. >[/i]",,,,,,,,,,[i]< ...不过你会[c][ffffff]损失[-][/c][b]一些[/b]材料... >[/i]\n[i][/i]\n[i]< 就当做[b]基础[/b]练习吧。 >[/i],,,,,,
pda_WeSOea0,...,,,,,,,,,,...,,,,,,
pda_mOKmCmX,...,,,,,,,,,,...,,,,,,
pda_SeaQKC0,--,,,,,,,,,,--,,,,,,
pda_SWGHeiR,[i](Wreck nearby)[/i],,,,,,,,,,[i](附近有残骸)[/i],,,,,,
pda_uWGqWWO,...,,,,,,,,,,...,,,,,,
pda_mS0qMO0,---,,,,,,,,,,---,,,,,,
pda_COeACiq,[i]< This [c][ffff00]wreck[-][/c] here is a good [b]test case[/b] for [c][ffffff]speed salvage [-][/c]... [/i]\n[i]Want to give it a try ...? >[/i],,,,,,,,,,[i]< 这里的这艘[c][ffff00]残骸[-][/c]是[b]测试案例[/b]的好素材，用于[c][ffffff]快速打捞[-][/c]... [/i]\n[i]想试试吗...？ >[/i],,,,,,
pda_uae4iqO,"[c][ff8080]BDestr[-][/c] -on- [c][ff8080]V2[-][/c]- At[c][ffffff]RightJunk[-][/c] [c][ff8000][i](OffBy: SteelSalvg, SteelDestr)[/i] >C_Off[-][/c]",,,,,,,,,,"[c][ff8080]BDestr[-][/c] -开启- [c][ff8080]V2[-][/c]- 在[c][ffffff]右侧垃圾[-][/c] [c][ff8000][i](关闭条件: SteelSalvg, SteelDestr)[/i] >C_Off[-][/c]",,,,,,
pda_4GomSmC,...,,,,,,,,,,...,,,,,,
pda_Wqa824S,...,,,,,,,,,,...,,,,,,
pda_0quOOK8,--,,,,,,,,,,--,,,,,,
pda_Cm4eqme,"[i]< Hey, really smart! Yes, that is a thing ...! [/i]\n... [i][c][ffffff]Block Salvage[-][/c]. >[/i]",,,,,,,,,,[i]< 嘿，真聪明！是的，那是个东西...! [/i]\n... [i][c][ffffff]方块打捞[-][/c]. >[/i],,,,,,
pda_OieG80u,"HP0 -off- Primer [c][ffffff]Death2[-][/c] chapter [c][ff8000][i](RwBy: RespawnNote)[/i][-][/c] [c][ff8000][i](ToRwBy: EvilHack-Breach,Worry1&2,Fan,dead1)[/i][-][/c] [c][ff8000]>ChRw[-][/c]",,,,,,,,,,"HP0 -关闭- 初始 [c][ffffff]死亡2[-][/c] 章节 [c][ff8000][i](重写条件: RespawnNote)[/i][-][/c] [c][ff8000][i](重写条件: EvilHack-Breach,Worry1&2,Fan,dead1)[/i][-][/c] [c][ff8000]>章节重写[-][/c]",,,,,,
pda_KS0qiuQ,Death,,,,,,,,,,死亡,,,,,,
pda_eqKKhSG,...,,,,,,,,,,...,,,,,,
pda_WGKOGKS,--,,,,,,,,,,--,,,,,,
pda_a0KCS6e,[i]< No...! [/i][i]>[/i],,,,,,,,,,[i]< 不...! [/i][i]>[/i],,,,,,
pda_KOuaqma,HP250 -rw-Death2 counter  [c][ff8000][i](RwBy: PrimDeath2) [/i]>C_Rw x3[-][/c],,,,,,,,,,HP250 -重写-死亡2计数  [c][ff8000][i](重写条件: PrimDeath2) [/i]>C_Rw x3[-][/c],,,,,,
pda_8WmOmCx,[i](Respawning)[/i],,,,,,,,,,[i](重生中)[/i],,,,,,
pda_GGO8K24,...,,,,,,,,,,...,,,,,,
pda_S44ieie,--,,,,,,,,,,--,,,,,,
pda_00mw8BW,HP0 -rw- Primer [c][ffffff]Death3[-][/c] chapter [c][ff8000][i](RwBy: Death2Count)[/i] >ChRw[-][/c],,,,,,,,,,HP0 -重写- 初始 [c][ffffff]死亡3[-][/c] 章节 [c][ff8000][i](重写条件: Death2Count)[/i] >章节重写[-][/c],,,,,,
pda_0ubq1S0,Death,,,,,,,,,,死亡,,,,,,
pda_uBOOWWe,...,,,,,,,,,,...,,,,,,
pda_SisCSW0,--,,,,,,,,,,--,,,,,,
pda_mas0Cs0,[i]< Please-... you have to get up ! >[/i],,,,,,,,,,[i]< 拜托...你得站起来！>[/i],,,,,,
pda_Wa08qGS,HP250 -rw-Death[c][ffffff]3 counter[-][/c] [c][ff8000][i] (RwBy: PrimDeath3) [/i]>C_Rw x2[-][/c],,,,,,,,,,HP250 -重写-死亡[c][ffffff]3计数[-][/c] [c][ff8000][i] (重写条件: PrimDeath3) [/i]>C_Rw x2[-][/c],,,,,,
pda_Yu4Au0G,[i](Respawning)[/i],,,,,,,,,,[i](重生中)[/i],,,,,,
pda_0Cu3SWi,...,,,,,,,,,,...,,,,,,
pda_a4i4D0a,--,,,,,,,,,,--,,,,,,
pda_20Geiqq,HP0- rw- Primer Death4 chapter [i][c][ff8000](RwBy: Death3Count) [-][/c][c][ff8000]>ChRw[-][/c][/i],,,,,,,,,,HP0- 重写- 初始死亡4章节 [i][c][ff8000](重写条件: Death3Count) [-][/c][c][ff8000]>章节重写[-][/c][/i],,,,,,
pda_b0mKFCO,Death,,,,,,,,,,死亡,,,,,,
pda_m4COeuq,...,,,,,,,,,,...,,,,,,
pda_8S44KOm,--,,,,,,,,,,--,,,,,,
pda_qaWmXe8,[i]< ... >[/i],,,,,,,,,,[i]< ... >[/i],,,,,,
pda_GD00CWC,[i]Choice. - 'Let Drill [c][ffffff]hack the Hangar doors[-][/c]'[/i],,,,,,,,,,[i]选择. - '让钻头[c][ffffff]黑掉机库门[-][/c]'[/i],,,,,,
pda_8i00ear,...,,,,,,,,,,...,,,,,,
pda_CGiWVGq,..,,,,,,,,,,..,,,,,,
pda_eKuWOif,--,,,,,,,,,,--,,,,,,
pda_GSqE4eK,[i]< This... isn't [b]right[/b]. ... - - I can do this... I can Do this ... [/i]\n[i]I can... - Will - [c][ffffff]hack the hangar door[-][/c] ![/i]\n[i]Then you can safely reach the space vessel ... ! >[/i]\n\n---\n[c][ffffff][u]Note[/u]: [-][/c][c][ff8000][b]This will bypass the battle[/b][-][/c] [c][ffffff]inside of the Dronebase.[-][/c]\n\nProceed?,,,,,,,,,,[i]< 这...不 [b]对[/b]。... - - 我能做到...我能做到... [/i]\n[i]我能... - 会 - [c][ffffff]黑客入侵机库门[-][/c]！[/i]\n[i]然后你就能安全抵达太空飞船...！ >[/i]\n\n---\n[c][ffffff][u]注意[/u]：[-][/c][c][ff8000][b]这将绕过无人机基地内部的战斗[/b][-][/c] [c][ffffff]。[-][/c]\n\n继续？,,,,,,
pda_omOiKOO,[i][b][c][ff8080]<<[-][/c][c][ff8080][-][/c][/b][c][c0c0c0] Rogue AI has[-][/c][b][c][ffffff] diverted system power[-][/c][/b][c][ffffff] to hacking module.[-][/c][/i]\n[i][c][c0c0c0]Preparing to [b]access the exposed[/b] memory nodes...[-][/c][b][c][ff8080] >>[-][/c][/b][/i],,,,,,,,,,[i][b][c][ff8080]<<[-][/c][c][ff8080][-][/c][/b][c][c0c0c0]  rogue AI已[-][/c][b][c][ffffff]将系统电力转移[-][/c][/b][c][ffffff]至黑客模块。[-][/c][/i]\n[i][c][c0c0c0]准备[b]访问暴露的内存节点...[/b][-][/c][b][c][ff8080] >>[-][/c][/b][/i],,,,,,
pda_umSqmiW,[i]< Haaaangggaar ddooorrss uunnllooockkddd... ## >[/i],,,,,,,,,,[i]< 机库门已解锁... ## >[/i],,,,,,
pda_OCi00ea,[i]< Okay ... >[/i],,,,,,,,,,[i]< 好的... >[/i],,,,,,
pda_K0YqFul,[i](Hangar doors unlocked)[/i],,,,,,,,,,[i](机库门已解锁)[/i],,,,,,
pda_e4mo6QO,...,,,,,,,,,,...,,,,,,
pda_Qequ4q0,--,,,,,,,,,,--,,,,,,
pda_Wk4ie8u,"[c][ffffff][u]Note[/u]: [-][/c]You can now reach the Space Vessel by[c][ffffff] the large topside hangar[-][/c] doors. \nPlease [c][ffff00]check the Marker.[-][/c]\n\n- [c][ffffff]When near,[-][/c] [c][ffff00]open the doors with[-][/c] [c][00ff00][ F ][-][/c]",,,,,,,,,,[c][ffffff][u]注意[/u]: [-][/c]你现在可以通过[c][ffffff]大型顶部机库[-][/c]门抵达太空飞船。\n请[c][ffff00]检查标记。[-][/c]\n\n- [c][ffffff]靠近时，[-][/c] [c][ffff00]用[-][/c] [c][00ff00][ F ][-][/c]打开门,,,,,,
pda_CkimeKu,HP250 -rw-Death4 counter [c][ff8000][i] (RwBy: PrimDeath4) [/i]>C_Rw[-][/c],,,,,,,,,,HP250 -重写-死亡4计数 [c][ff8000][i] (重写条件: PrimDeath4) [/i]>C_Rw[-][/c],,,,,,
pda_S4akGeK,[i](Respawning)[/i],,,,,,,,,,[i](重生中)[/i],,,,,,
pda_qWmGCWW,...,,,,,,,,,,...,,,,,,
pda_qCe8C4i,--,,,,,,,,,,--,,,,,,
pda_0K0G0mr,...,,,,,,,,,,...,,,,,,
pda_CqgiGqa,...,,,,,,,,,,...,,,,,,
pda_SuOeG0w,--,,,,,,,,,,--,,,,,,
pda_4S4S0GS,"[i]< All that pain - - [/i]\n[i]I can ... [b][c][ff8000]help[-][/c] ...[/b][/i] >\n[i][/i]\n[i]< If you want to, [/i][c][ffffff]please open the PDA[-][/c] [c][00ff00][ F1 ][-][/c][i] >[/i]",,,,,,,,,,[i]< 所有的痛苦 - - [/i]\n[i]我可以... [b][c][ff8000]帮忙[-][/c] ...[/b][/i] >\n[i][/i]\n[i]< 如果你想的话，[/i][c][ffffff]请打开个人数字助理（PDA）[-][/c] [c][00ff00][ F1 ][-][/c][i] >[/i],,,,,,
pda_imiO8aC,[i]< I'm so [b]sorry[/b]...[/i]\n[i]I wish I could help ... ...  - - >[/i],,,,,,,,,,[i]< 我很[b]抱歉[/b]...[/i]\n[i]我希望我能帮忙... ... - - >[/i],,,,,,
pda_W4UaW0O,[c][0080ff](nPOI3_DBCal)[-][/c] rw - [c][ffffff]Armor Warn[-][/c] [c][ff8000][i](RwBy: (DeathCounter3)[/i][-][/c][c][ffff00] +Dialog[-][/c],,,,,,,,,,[c][0080ff](nPOI3_DBCal)[-][/c] 重写 - [c][ffffff]护甲警告[-][/c] [c][ff8000][i](重写条件: (DeathCounter3)[/i][-][/c][c][ffff00] +对话[-][/c],,,,,,
pda_a14GOiG,[i](Need repairs?)[/i],,,,,,,,,,[i](需要修理吗？)[/i],,,,,,
pda_G04deSI,...,,,,,,,,,,...,,,,,,
pda_SWC7uSC,--,,,,,,,,,,--,,,,,,
pda_O4WKw0O,[c][0080ff](nPOI3_DBCal)[-][/c] -rw- [c][ffffff]Ammo hint[-][/c][c][ff8000][i] (RwBy: DeathCount02) (OffBy: OpenDBWeap) [/i]>C_On[-][/c],,,,,,,,,,[c][0080ff](nPOI3_DBCal)[-][/c] -重写- [c][ffffff]弹药提示[-][/c][c][ff8000][i] (重写条件: DeathCount02) (关闭条件: OpenDBWeap) [/i]>C_On[-][/c],,,,,,
pda_OaKqKc4,(Weapons),,,,,,,,,,(武器),,,,,,
pda_GO0viSG,...,,,,,,,,,,...,,,,,,
pda_4a8qK0G,--,,,,,,,,,,--,,,,,,
pda_Kmovku0,"_________ [i](DroneBase, Evil Hack vs Drill)[/i]",,,,,,,,,,_________ [i](无人机基地，邪恶黑客vs钻头)[/i],,,,,,
pda_eCaqCmS,--,,,,,,,,,,--,,,,,,
pda_i80C4mi,--,,,,,,,,,,--,,,,,,
pda_WSsaSp8,--,,,,,,,,,,--,,,,,,
pda_iOmSC04,InvOp-on- Open [c][ffffff]DBWeapBox[-][/c] [c][ff8000]>C_Off x2[-][/c],,,,,,,,,,库存开启- 开启- 打开 [c][ffffff]DB武器箱[-][/c] [c][ff8000]>C_Off x2[-][/c],,,,,,
pda_iC404Ci,...,,,,,,,,,,...,,,,,,
pda_aG8ij8u,...,,,,,,,,,,...,,,,,,
pda_iCOw8CG,--,,,,,,,,,,--,,,,,,
pda_mWgmiMi,[i]< A [b]Plasma Cannon[/b] ... ?! ... >[/i],,,,,,,,,,[i]< 一门[b]等离子加农炮[/b] ...？！... >[/i],,,,,,
pda_iaiu88q,[i]< There ... could be a [b]repair station [/b]somewhere ...[/i][i] >[/i],,,,,,,,,,[i]< 那里...可能有个[b]维修站[/b]在某个地方...[/i][i] >[/i],,,,,,
pda_e8u4SWe,[i](Armor state reminder)[/i],,,,,,,,,,[i](护甲状态提醒)[/i],,,,,,
pda_0GOq4iS,...,,,,,,,,,,...,,,,,,
pda_8GKGO4C,--,,,,,,,,,,--,,,,,,
pda_uSKSiKu,[c][ff80ff]needed? - [-][/c][c][ffffff]DlgEnd[-][/c]- rw- RepairStation hint [c][ff8000][i](RwBy: ArmorWarn)[/i] >C_On[-][/c],,,,,,,,,,[c][ff80ff]需要吗？ - [-][/c][c][ffffff]对话结束[-][/c]- 重写- 维修站提示 [c][ff8000][i](重写条件: ArmorWarn)[/i] >C_On[-][/c],,,,,,
pda_40EOaWu,[c][00ff00]rdy [-][/c]- [c][0080ff]Mrk[-][/c] - off- DBRepairStat Loc [i][c][ff8000](OnBy: HintLoc)[-][/c][/i],,,,,,,,,,[c][00ff00]准备 [-][/c]- [c][0080ff]标记[-][/c] - 关闭- DB维修站位置 [i][c][ff8000](开启条件: HintLoc)[-][/c][/i],,,,,,
pda_mmuCWui,...,,,,,,,,,,...,,,,,,
pda_0CKOi4C,...,,,,,,,,,,...,,,,,,
pda_44iOvKm,--,,,,,,,,,,--,,,,,,
pda_au0CmeS,[c][0080ff]Mrk[-][/c] - off- Cool[c][ffffff]Weapons loc[-][/c]ation POI [c][ff8000][i](OnBy: AmmoHint) (OffBy: OpenDBWeap)[/i][-][/c],,,,,,,,,,[c][0080ff]标记[-][/c] - 关闭- 酷炫[c][ffffff]武器位置[-][/c]兴趣点 [c][ff8000][i](开启条件: AmmoHint) (关闭条件: OpenDBWeap)[/i][-][/c],,,,,,
pda_SaOuC4u,...,,,,,,,,,,...,,,,,,
pda_qGO06ue,...,,,,,,,,,,...,,,,,,
pda_mmi2muO,--,,,,,,,,,,--,,,,,,
pda_GqGmEWi,...,,,,,,,,,,...,,,,,,
pda_kg4mC8i,...,,,,,,,,,,...,,,,,,
pda_S0q08OC,--,,,,,,,,,,--,,,,,,
pda_GKaGmC8,...,,,,,,,,,,...,,,,,,
pda_GKgK0Cm,...,,,,,,,,,,...,,,,,,
pda_KSaS0Ou,--,,,,,,,,,,--,,,,,,
pda_quG04ia,[c][0080ff]Mrk[-][/c] - off- DBHangarLocation [c][ff8000][i](OnBy: ((HackHangar)) ) (OffBy: ReachSVHangar)[/i][-][/c],,,,,,,,,,[c][0080ff]标记[-][/c] - 关闭- DB机库位置 [c][ff8000][i](开启条件: ((HackHangar)) ) (关闭条件: ReachSVHangar)[/i][-][/c],,,,,,
pda_a0W4Ytm,...,,,,,,,,,,...,,,,,,
pda_SCeaCi8,...,,,,,,,,,,...,,,,,,
pda_4equLe4,--,,,,,,,,,,--,,,,,,
pda_mSSeqCK,"Sig - off- Hint Drone spawn & [c][ffffff]grids [-][/c][c][ff8000][i](ToRwBy: DBFanFict) (RwBy: Death2,3,4Count) (OffBy: DbGrid) [/i]>C_Off[-][/c]",,,,,,,,,,"信号 - 关闭- 提示 无人机生成 & [c][ffffff]网格 [-][/c][c][ff8000][i](ToRwBy: DBFanFict) (RwBy: Death2,3,4Count) (OffBy: DbGrid) [/i]>C_Off[-][/c]",,,,,,
pda_kiKKq8K,...,,,,,,,,,,...,,,,,,
pda_qesKOq4,...,,,,,,,,,,...,,,,,,
pda_8q6uW84,--,,,,,,,,,,--,,,,,,
pda_G0eeiuK,"[c][ff8080]BlkDestr[-][/c] - off- [c][ffffff]DBGrid[-][/c][c][ff8000][i] (OnBy: EvilHack-breach, worry1+2)[/i][-][/c] [c][ff8000] >C_off[-][/c]",,,,,,,,,,"[c][ff8080]方块破坏[-][/c] - 关闭- [c][ffffff]数据库网格[-][/c][c][ff8000][i] (由: 邪恶黑客-入侵, 担忧1+2开启)[/i][-][/c] [c][ff8000] >C_off[-][/c]",,,,,,
pda_OeC8ka7,[i](Hidden Passages)[/i],,,,,,,,,,[i](隐藏通道)[/i],,,,,,
pda_OSqGW8e,...,,,,,,,,,,...,,,,,,
pda_qQ8GIKa,--,,,,,,,,,,--,,,,,,
pda_S4mwmKq,"[i]< Yes, [b]this is better.[/b] - - [/i][i]No reason to barge directly into open areas ... >[/i]",,,,,,,,,,[i]< 是的，[b]这样更好。[/b] - - [/i][i]没必要直接冲进开阔地带 ... >[/i],,,,,,
pda_8q0qYuT,"[i]< You ... could use your [c][ffffff]drone [-][/c][/i][c][00ff00][F5][-][/c] [i][c][ffffff]to scout[-][/c] more ... >[/i]\n[i][/i]\n[i]< And that [c][ffffff][b]grid over there[/b], it seems brittle[-][/c]... >[/i]",,,,,,,,,,"[i]< 你 ... 可以用你的[c][ffffff]无人机[-][/c][/i][c][00ff00][F5][-][/c] [i][c][ffffff]来侦察[-][/c]更多 ... >[/i]\n[i][/i]\n[i]< 还有那边那个[c][ffffff][b]网格[/b], 看起来很脆弱[-][/c]... >[/i]",,,,,,
pda_qOTCmue,[i]< Detecting ... some [b]powerful weapons[/b] here... - - Check the [c][ffff00]marker [-][/c]! >[/i],,,,,,,,,,[i]< 检测到 ... 这里有[b]强大的武器[/b]... - - 检查那个[c][ffff00]标记[-][/c]！ >[/i],,,,,,
pda_WquS40i,sig -off- Tank[c][ffffff]CoreNote[-][/c] [c][ff8000][i](OnBy: ReachDBTsk) (OffBy: TankCoreBox)[/i][-][/c],,,,,,,,,,信号 -关闭- 坦克[c][ffffff]核心笔记[-][/c] [c][ff8000][i](由: 到达数据库任务开启) (由: 坦克核心盒关闭)[/i][-][/c],,,,,,
pda_aCSmeWu,(Needs a Core),,,,,,,,,,(需要核心),,,,,,
pda_G0uEeee,...,,,,,,,,,,...,,,,,,
pda_qKuKOGi,--,,,,,,,,,,--,,,,,,
pda_aa8KGCK,[i]< This Tank [b]needs a[/b] [c][ffff00]Core[-][/c]. [/i]\n[i]- But there could be a spare one in the [c][ffffff]orange box[-][/c] at the front ... >[/i],,,,,,,,,,[i]< 这个坦克[b]需要[/b] [c][ffff00]核心[-][/c]。[/i]\n[i]- 但前面那个[c][ffffff]橙色箱子[-][/c]里可能有一个备用的 ... >[/i],,,,,,
pda_OCJu0G8,[b]BlkPlc[/b] - off- [c][ffffff]PlaceCoreTank[-][/c][c][ff8000][i] (OnBy: ExploreNest)[/i][-][/c],,,,,,,,,,[b]方块放置[/b] - 关闭- [c][ffffff]放置坦克核心[-][/c][c][ff8000][i] (由: 探索巢穴开启)[/i][-][/c],,,,,,
pda_0au8eCS,[i](Core Placed)[/i],,,,,,,,,,[i](核心已放置)[/i],,,,,,
pda_40Ic2m4,...,,,,,,,,,,...,,,,,,
pda_gWaQqja,--,,,,,,,,,,--,,,,,,
pda_OOWq0qK,InvOp - on- [c][ffffff]tankCoreBox[-][/c] [c][ff8000]>C_off x2[-][/c],,,,,,,,,,物品操作 - 开启- [c][ffffff]坦克核心盒[-][/c] [c][ff8000]>C_off x2[-][/c],,,,,,
pda_GuiuC0K,...,,,,,,,,,,...,,,,,,
pda_O8qau06,...,,,,,,,,,,...,,,,,,
pda_mR8S0Gm,--,,,,,,,,,,--,,,,,,
pda_KO8UHCo,Mrk(nUnit) -rw- [c][ffffff]TankCoreMrk[-][/c] [c][ff8000][i](OnBy: TankCoreNote)[/i][-][/c],,,,,,,,,,标记(单位) -奖励- [c][ffffff]坦克核心标记[-][/c] [c][ff8000][i](由: 坦克核心笔记开启)[/i][-][/c],,,,,,
pda_aaKm4CQ,...,,,,,,,,,,...,,,,,,
pda_04eC8WE,...,,,,,,,,,,...,,,,,,
pda_G8qqeWa,--,,,,,,,,,,--,,,,,,
pda_Smm0aei,[c][0080ff](nPOI)[-][/c] -rw- Explore[c][ffffff]NestBridge[-][/c]Trg [c][ff8000][i](RwBy: ExploreNest)  [/i]>C_rw x3 >C_on x2 [-][/c][c][ffff80]Unlock & TurnOFF[-][/c],,,,,,,,,,[c][0080ff](兴趣点)[-][/c] -奖励- 探索[c][ffffff]巢穴桥梁[-][/c]触发 [c][ff8000][i](奖励: 探索巢穴)  [/i]>C_rw x3 >C_on x2 [-][/c][c][ffff80]解锁并关闭[-][/c],,,,,,
pda_mSC00m8,...,,,,,,,,,,...,,,,,,
pda_SiCseK4,...,,,,,,,,,,...,,,,,,
pda_SSKmuWC,--,,,,,,,,,,--,,,,,,
pda_oGa6aiC,[c][80ffff]Sig[-][/c](ziraxSpawn)- on - [c][80ffff]CAL16[-][/c] - [c][ffffff]NestBattle[-][/c][i] [c][ff8000](OnBySig)[-][/c] [/i][c][ff8000]>C_Rw[-][/c],,,,,,,,,,[c][80ffff]信号[-][/c](兹瑞克斯生成) - 开启 - [c][80ffff]校准16[-][/c] - [c][ffffff]巢穴战斗[-][/c][i] [c][ff8000](由信号开启)[-][/c] [/i][c][ff8000]>C_Rw[-][/c],,,,,,
pda_0iWCGKS,[i]Defend yourself[/i],,,,,,,,,,[i]自卫[/i],,,,,,
pda_Kai4SmC,Shoot Attacker,,,,,,,,,,射击攻击者,,,,,,
pda_KGOaaSG,--,,,,,,,,,,--,,,,,,
pda_WKEpCWx,Sig ([b][c][ffffff]&Multi[-][/c][/b]_HldItm_InvOp)[b][/b]- rw- Warn [c][ffffff]DBDifficulty[-][/c] [c][ff8000][i](rwBy: HackMsg2) [/i]((C_OffOnx4))[-][/c],,,,,,,,,,信号 ([b][c][ffffff]&多[-][/c][/b]_开启物品_物品操作)[b][/b]- 奖励 - 警告 [c][ffffff]数据库难度[-][/c] [c][ff8000][i](奖励: 黑客消息2) [/i]((C_OffOnx4))[-][/c],,,,,,
pda_SiKCuiW,[c][ffff00]Reach Dronebase Hangar[-][/c],,,,,,,,,,[c][ffff00]到达无人机基地机库[-][/c],,,,,,
pda_EsOGmc4,...,,,,,,,,,,...,,,,,,
pda_0eqi4CC,--,,,,,,,,,,--,,,,,,
pda_u4C7WGs,Destroy Pad,,,,,,,,,,摧毁平台,,,,,,
pda_O8vG0Ki,--,,,,,,,,,,--,,,,,,
pda_qKaeC0K,[i]< Good. >[/i],,,,,,,,,,[i]< 很好。 >[/i],,,,,,
pda_Oa4K0aW,[c][80ffff]Sig[-][/c] - on - CongratsPad [c][ff8000]>C_Off [-][/c] [c][ff8000]>C_Rw x2[-][/c],,,,,,,,,,[c][80ffff]信号[-][/c] - 开启 - 恭喜平台 [c][ff8000]>C_Off [-][/c] [c][ff8000]>C_Rw x2[-][/c],,,,,,
pda_ac4qaGO,...,,,,,,,,,,...,,,,,,
pda_uuKGm8i,...,,,,,,,,,,...,,,,,,
pda_OO8ibe8,--,,,,,,,,,,--,,,,,,
pda_u8aaE8e,"[i]< [c][ffffff][b]Nicely done [/b]![-][/c][/i]\n[i]... N[/i][i]o teleporter, no reinforcements ! >[/i]",,,,,,,,,,[i]< [c][ffffff][b]干得好[/b]！[-][/c][/i]\n[i]... 没[/i][i]有传送器，就没有增援！ >[/i],,,,,,
pda_aui08ve,[c][ff8080]B_Dstr[-][/c] - [c][80ffff]CalSig16a [-][/c]- [c][ffffff]DestroySpawn[-][/c]Pad [c][ff8000][i](RwBy: NestOpen)[/i][-][/c],,,,,,,,,,[c][ff8080]B_Dstr[-][/c] - [c][80ffff]校准信号16a [-][/c]- [c][ffffff]摧毁生成[-][/c]平台 [c][ff8000][i](奖励: 巢穴开启)[/i][-][/c],,,,,,
pda_uiK3CK0,[i][c][c0c0c0]( Spawner destroyed )[-][/c][/i],,,,,,,,,,[i][c][c0c0c0]( 生成器被摧毁 )[-][/c][/i],,,,,,
pda_K4eSmOm,...,,,,,,,,,,...,,,,,,
pda_KGqVSWS,--,,,,,,,,,,--,,,,,,
pda_Sm8Kr4q,[c][ff8080]Kill [-][/c]- rw- [c][80ffff]CalSig16b[-][/c] - [c][ffffff]ZiraxDown[-][/c] [c][ff8000][i](RwBy: NestOpen) (Offby: CongratsPad[/i][i] & [/i][i]ExploreNest)[/i][-][/c],,,,,,,,,,[c][ff8080]击杀[-][/c]- 奖励 - [c][80ffff]校准信号16b[-][/c] - [c][ffffff]兹瑞克斯倒下[-][/c] [c][ff8000][i](奖励: 巢穴开启) (关闭: 恭喜平台[/i][i] & [/i][i]探索巢穴)[/i][-][/c],,,,,,
pda_4uqKqW4,[i][c][c0c0c0]( Zirax down )[-][/c][/i],,,,,,,,,,[i][c][c0c0c0]( 兹瑞克斯倒下 )[-][/c][/i],,,,,,
pda_iWWq4q8,...,,,,,,,,,,...,,,,,,
pda_eMGWGqo,--,,,,,,,,,,--,,,,,,
pda_0eOiGei,[c][80ffff]Sig[-][/c] - Nest[c][ffffff]PadWarn[-][/c] [c][ff8000][i]>C_Rw[/i][-][/c],,,,,,,,,,[c][80ffff]信号[-][/c] - 巢穴[c][ffffff]平台警告[-][/c] [c][ff8000][i]>C_Rw[/i][-][/c],,,,,,
pda_QOeEmo0,...,,,,,,,,,,...,,,,,,
pda_imO3e7u,...,,,,,,,,,,...,,,,,,
pda_qqGW480,--,,,,,,,,,,--,,,,,,
pda_Owh4euG,[i]< A [c][ff8000][c][ffffff]Zirax[-][/c] [-][/c]! >[/i]\n[i][/i]\n[i]< The [c][ffff00]teleporter pad - Destroy it! [-][/c]>[/i],,,,,,,,,,[i]< 一个[c][ff8000][c][ffffff]兹瑞克斯[-][/c] [-][/c]！>[/i]\n[i][/i]\n[i]< 那个[c][ffff00]传送平台 - 摧毁它！[-][/c]>[/i],,,,,,
pda_uSmqGiK,[c][80ffff](CAL17) Sig[-][/c] - on - [c][ffffff]ZiraxCloning [-][/c][i][c][ff8000](OffBy: HackCounter)[-][/c][/i],,,,,,,,,,[c][80ffff](CAL17) 信号[-][/c] - 开启 - [c][ffffff]兹瑞克斯克隆[-][/c][i][c][ff8000](由: 黑客计数器关闭)[-][/c][/i],,,,,,
pda_aCqKGKW,Zirax Soldier,,,,,,,,,,兹瑞克斯士兵,,,,,,
pda_WaK4meK,...,,,,,,,,,,...,,,,,,
pda_WiuGGKi,--,,,,,,,,,,--,,,,,,
pda_maYiS8u,[i]< Combine mass [b]Self-Cloning Technology[/b]... [/i]\n[i]...  with a [b]hyper-miltaristic[/b] society ... >[/i]\n\n[i]< - Poor bastard. - - All this [b]respawning [/b]... A copy of a copy ... >[/i],,,,,,,,,,[i]< 结合大规模[b]自我克隆技术[/b]... [/i]\n[i]... 再加上一个[b]极端军国主义[/b]的社会 ... >[/i]\n\n[i]< - 可怜的家伙。 - - 所有这些[b]重生[/b]... 一个副本的副本 ... >[/i],,,,,,
pda_iuu0Su0,Zirax Soldier,,,,,,,,,,兹瑞克斯士兵,,,,,,
pda_CeuCimC,...,,,,,,,,,,...,,,,,,
pda_W8WGq8S,--,,,,,,,,,,--,,,,,,
pda_q4Cm4Ce,[c][ffff00]Reach Dronebase Hangar[-][/c],,,,,,,,,,[c][ffff00]到达无人机基地机库[-][/c],,,,,,
pda_iq8K48S,...,,,,,,,,,,...,,,,,,
pda_m848akq,--,,,,,,,,,,--,,,,,,
pda_4O0e8a4,...,,,,,,,,,,...,,,,,,
pda_SduWui4,...,,,,,,,,,,...,,,,,,
pda_44D480W,--,,,,,,,,,,--,,,,,,
pda_4KK0uq8,"[i]< If [c][ffffff]something truly life-threatening happens,[-][/c] I will try to do my best distract the attackers. >[/i]\n[i]< You know, ...[/i]\n[i]sometimes it is good to [b][c][ffffff]have a choice[-][/c].[/b] - To just ... [b]crawl away[/b] ...? >[/i]",,,,,,,,,,[i]< 如果[c][ffffff]真的有危及生命的事情发生，[-][/c]我会尽力分散攻击者的注意力。>[/i]\n[i]< 你知道，...[/i]\n[i]有时候，能够[b][c][ffffff]有所选择[-][/c]是件好事。[/b] - 仅仅...[b]悄悄溜走[/b]...？>[/i],,,,,,
pda_gGmWaUC,"[i]< In case of death, you will be able to [b]respawn [/b]here, now. >[/i]",,,,,,,,,,[i]< 万一死亡，你现在可以在这里[b]重生[/b]了。 >[/i],,,,,,
pda_M4Oamue,"[i]<  But, about those ... clone bays ... ... >[/i]",,,,,,,,,,[i]< 但是，关于那些 ... 克隆舱 ... ... >[/i],,,,,,
pda_0CWuKAO,"[i]< So, uh ...  ... >[/i]",,,,,,,,,,[i]< 所以，呃 ...  ... >[/i],,,,,,
pda_ieSqC4u,[c][ffff00]Reach Dronebase Hangar[-][/c],,,,,,,,,,[c][ffff00]到达无人机基地机库[-][/c],,,,,,
pda_WSuOaa4,...,,,,,,,,,,...,,,,,,
pda_KGKYmwC,--,,,,,,,,,,--,,,,,,
pda_kSKKS8K,[i]< - The [b][c][ffffff]escape vessel[-][/c][/b] is in the [/i][c][ffff00]Dronebase Hangar. [-][/c]\n[i]... We ... need to [b]get to it[/b] somehow ... >[/i],,,,,,,,,,[i]< - 那艘[b][c][ffffff]逃生飞船[-][/c][/b] 在[/i][c][ffff00]无人机基地机库里。 [-][/c]\n[i]... 我们...需要以某种方式[b]到达那里[/b] ... >[/i],,,,,,
pda_aSe4dmK,[c][ffff00]Reach Dronebase Hangar[-][/c],,,,,,,,,,[c][ffff00]到达无人机基地机库[-][/c],,,,,,
pda_1eSKaSm,...,,,,,,,,,,...,,,,,,
pda_OCiOiuq,--,,,,,,,,,,--,,,,,,
pda_iWueeqa,[i]< But that will [b][u]not[/u] [/b]be easy. >[/i]\n[i][c][ffffff][-][/c][/i]\n[i]< ... [c][ffffff]Prepare for a difficult fight[-][/c] ... ! >[/i],,,,,,,,,,[i]< 但那将[b][u]不会[/u] [/b]容易。>[/i]\n[i][c][ffffff][-][/c][/i]\n[i]< ... [c][ffffff]准备迎接一场艰难的战斗[-][/c] ... ! >[/i],,,,,,
pda_44ia8oS,...,,,,,,,,,,...,,,,,,
pda_4qiWK0K,...,,,,,,,,,,...,,,,,,
pda_mCu00PC,--,,,,,,,,,,--,,,,,,
pda_EuG7C4S,[i]< ... That was another[c][ff8000] Zirax Trooper[-][/c] [c][ffffff]teleporter pad[-][/c] ... [/i]\n[i]Why are - - >[/i],,,,,,,,,,[i]< ... 那是另一个[c][ff8000]兹瑞克斯士兵[-][/c] [c][ffffff]传送平台[-][/c] ... [/i]\n[i]为什么 - - >[/i],,,,,,
pda_mqi88OG,[c][ffffff]Creating a new Vessel or Base[-][/c],,,,,,,,,,[c][ffffff]创建新的飞船或基地[-][/c],,,,,,
pda_q48OqmC,Three ways to create structures in the game:,,,,,,,,,,在游戏中有三种方式创建结构：,,,,,,
pda_FaKmaWS,"\n[c][ffffff]A- [-][/c][b][c][ffffff]Place a 'Starter Block' on the ground. [-][/c][/b]\nThen build on that with your blocks.\n[i](The Starter will already include a Core, setting your Ownership of the structure.)[/i]\n\n[b][c][ffffff]B- Spawn a pre-made structures with the 'Factory' [-][/c][c][00ff00][ F2 ][-][/c][/b]\n[i](E.g. by designing a structure in Creative Mode, and then spawning it in Survival.[/i]\n[i]You can also subscribe to [b]Steam Workshop[/b] builds, and place them this way.)[/i]\n\n[b][c][ffffff]C- Take over an existing structure. [-][/c][/b]\n[i](You might need to find and destroy its Core first)[/i]",,,,,,,,,,\n[c][ffffff]A- [-][/c][b][c][ffffff]在地面上放置一个“起始方块”。[-][/c][/b]\n然后用你的方块在上面建造。\n[i]（起始方块将包含一个核心，设置你对结构的所有权。）[/i]\n\n[b][c][ffffff]B- 使用“工厂”生成预先制作的结构[-][/c][c][00ff00][ F2 ][-][/c][/b]\n[i]（例如，在创造模式中设计一个结构，然后在生存模式中生成它。[/i]\n[i]你也可以订阅[b]Steam Workshop[/b]的建筑，并以这种方式放置。）[/i]\n\n[b][c][ffffff]C- 接管现有结构。[-][/c][/b]\n[i]（你可能需要先找到并摧毁它的核心）[/i],,,,,,
pda_mSueqCW,Building:  Block pickup vs. Salvage,,,,,,,,,,建造：方块拾取与拆解,,,,,,
pda_8iKdK0u,Faction standing,,,,,,,,,,派系立场,,,,,,
pda_aKGaaG0,-,,,,,,,,,,-,,,,,,
pda_iC8WKWu,"[c][ffffff]Things you do might affect how other factions (NPC) will react to you.[-][/c]\n\nYou will get an indication at top left screen size, that displays if they approve or disprove of an action.\n[i]E.g. entering their territory with a vessel, drilling ore deposits... or shooting at them.[/i]\n\n[c][ffffff]'Unfriendly' and 'hostile' factions will attack you. [-][/c]\n[i][b]Stealing [/b]from containers is _very much_ hated in the whole of the galaxy, so be careful![/i]",,,,,,,,,,[c][ffffff]你的行为可能会影响其他派系（NPC）对你的态度。[-][/c]\n\n屏幕左上角会显示提示，表明他们对你的行为是赞同还是反对。\n[i]例如，驾驶飞船进入他们的领地、钻探矿石矿藏...或向他们开火。[/i]\n\n[c][ffffff]'冷淡'和'敌对'的派系会攻击你。[-][/c]\n[i][b]从容器中偷取[/b]在全星系都是非常遭人憎恨的行为，所以请小心！[/i],,,,,,
pda_WmiGKum,Space travel,,,,,,,,,,太空旅行,,,,,,
pda_08W4i8O,Space travel,,,,,,,,,,太空旅行,,,,,,
pda_uq88uuW,"\n- [c][ffffff]Small Vessels [-][/c](SV) can warp inside of a star system.\n- [c][ffffff]Capital Vessels[-][/c] (CV) can warp between stars.\n\nYou will need a 'Warpdrive' block and a 'Pentaxid tank' filled with fuel.\nSelect the target in the map (system or galaxy view). \nThen accelerate towards it, and press[c][00ff00] [K] [-][/c]to jump.\n\n---\n\n[i][c][c0c0c0]For training purposes, this [b]tutorial uses an exception[/b]- - Allowing you to warp to a different star, once, with a special SV.[-][/c][/i]",,,,,,,,,,\n- [c][ffffff]小型飞船[-][/c](SV) 可以在恒星系内进行翘曲跳跃。\n- [c][ffffff]主力舰[-][/c] (CV) 可以在恒星之间进行翘曲跳跃。\n\n你需要一个“翘曲驱动器”方块和一个填充了燃料的“翘曲水晶罐”。\n在地图（星系或银河视图）中选择目标。\n然后加速朝向目标，并按下[c][00ff00] [K] [-][/c]进行跳跃。\n\n---\n\n[i][c][c0c0c0]为了训练目的，本[b]教程使用了一个例外[/b]- - 允许你使用特殊的小型飞船进行一次到不同恒星的翘曲跳跃。[-][/c][/i],,,,,,
pda_8Sie0m4,...,,,,,,,,,,...,,,,,,
pda_448qqfa,...,,,,,,,,,,...,,,,,,
pda_m04m2qL,--,,,,,,,,,,--,,,,,,
pda_uOmufmW,...,,,,,,,,,,...,,,,,,
pda_8mG0CaC,...,,,,,,,,,,...,,,,,,
pda_M8qui4K,--,,,,,,,,,,--,,,,,,
pda_CqaKaCu,Survey,,,,,,,,,,调查,,,,,,
pda_qam44cq,Activated,,,,,,,,,,已激活,,,,,,
pda_qOOGC2a,- -,,,,,,,,,,- -,,,,,,
pda_4CuSWC4,"[c][ffffff]Thank you in advance for taking the time to send us your feedback![-][/c]\n\n[c][9db6c3]In the following dialogue, you can select the topic for which you would like to provide feedback.[-][/c]\n\n[c][fb00ff]Please click on 'activate mission' or 'activate tutorial' to start.[-][/c]\n[c][fb00ff][-][/c]\n[i][c][9db6c3][u]Note:[/u]\nAs long as you are in the feedback dialogue, you are protected by a temporary god mode (including deactivated AI).\n\nClose the form with the X at the top right of the web window and then click on an answer option to close the feedback dialogue.[-][/c][/i]",,,,,,,,,,[c][ffffff]提前感谢您抽出时间向我们发送反馈！[-][/c]\n\n[c][9db6c3]在接下来的对话中，您可以选择您想要提供反馈的主题。[-][/c]\n\n[c][fb00ff]请点击“激活任务”或“激活教程”开始。[-][/c]\n[c][fb00ff][-][/c]\n[i][c][9db6c3][u]注意：[/u]\n只要您在反馈对话中，您将受到临时上帝模式（包括禁用AI）的保护。\n\n请通过网页窗口右上角的X关闭表单，然后点击一个回答选项来关闭反馈对话。[-][/c][/i],,,,,,
pda_SWeW8GC,[c][fb00ff]SEND US YOUR FEEDBACK![-][/c],,,,,,,,,,[c][fb00ff]发送您的反馈！[-][/c],,,,,,
pda_Gumi44G,<b><color=#ffffff>Congratulations!</color></b>\nYou have completed the Tutorial.\n\nSee you in the Maingame for your <color=#ffff00>Galactic Adventure</color> !\n<i>Thank you for playing!</i>,,,,,,,,,,<b><color=#ffffff>恭喜！</color></b>\n你已完成教程。\n\n在主游戏中，期待你的<color=#ffff00>银河冒险</color>！\n<i>感谢游玩！</i>,,,,,,
