KEY,English,Deutsch,Français,Italiano,Spanish,Portuguese (Euro),Portuguese (Brazil),Polish,Russian,Japanese,Chinese (simplified),Chinese (traditional),Korean,Turkish,Greek,Dutch,Vietnamese
chptitleBasicTraining,Getting Started,,,,,,,,,,开始入门,,,,,,
chpdescBasicTraining,Learn the basics of survival in the most hostile environments.,,,,,,,,,,学习在最恶劣的环境中生存的基础知识。,,,,,,
tasktitleBasicTraining,Begin Basic Training,,,,,,,,,,开始基础训练,,,,,,
acttitleBasicTraining,wait,,,,,,,,,,等待,,,,,,
actdescBasicTraining,wait,,,,,,,,,,等待,,,,,,
chptitleBasicTrainingA,Personal Defense,,,,,,,,,,个人防御,,,,,,
chpdescBasicTrainingA,Learn to defend yourself in order to survive in hostile environments.,,,,,,,,,,学会在敌对环境中自卫以生存。,,,,,,
tasktitleBasicTrainingA,Kill a Creature,,,,,,,,,,击杀生物,,,,,,
acttitleBasicTrainingA,Kill a Creature,,,,,,,,,,击杀生物,,,,,,
actdescBasicTrainingA,Equip your Survival Tool and Kill a Creature.,,,,,,,,,,装备你的生存工具并击杀一个生物。,,,,,,
chptitleBasicTrainingB,First Aid,,,,,,,,,,急救,,,,,,
chpdescBasicTrainingB,Learn how to craft basic medical supplies.,,,,,,,,,,学会如何制作基本医疗用品。,,,,,,
tasktitleBasicTrainingB,First Aid,,,,,,,,,,急救,,,,,,
acttitleBasicTrainingBa,Bandages,,,,,,,,,,绷带,,,,,,
actdescBasicTrainingBa,Craft 3 Bandages,,,,,,,,,,制作3个绷带,,,,,,
acttitleBasicTrainingBb,Antibiotic Ointment,,,,,,,,,,抗生素药膏,,,,,,
actdescBasicTrainingBb,Craft 1 Antibiotic Ointment,,,,,,,,,,制作1个抗生素药膏,,,,,,
chptitleBasicTrainingC,Food and Hunger,,,,,,,,,,食物与饥饿,,,,,,
chpdescBasicTrainingC,Learn how to craft food for survival.,,,,,,,,,,学会如何制作生存所需食物。,,,,,,
tasktitleBasicTrainingC,Basic Food Production,,,,,,,,,,基础食物生产,,,,,,
acttitleBasicTrainingC,Energy Bars,,,,,,,,,,能量棒,,,,,,
actdescBasicTrainingC,Craft 3 Energy Bars,,,,,,,,,,制作3个能量棒,,,,,,
chptitleBasicTrainingD,Claiming Salvage,,,,,,,,,,回收残骸,,,,,,
chpdescBasicTrainingD,Learn how to claim salvage.,,,,,,,,,,学会如何回收残骸。,,,,,,
tasktitleBasicTrainingD,Basic Engineering,,,,,,,,,,基础工程,,,,,,
chptitleBasicTrainingArid,Getting Started,,,,,,,,,,开始入门,,,,,,
chpdescBasicTrainingArid,Learn the basics of survival in the most hostile environments.,,,,,,,,,,学习在最恶劣的环境中生存的基础知识。,,,,,,
tasktitleBasicTrainingArid,Begin Basic Training,,,,,,,,,,开始基础训练,,,,,,
acttitleBasicTrainingArid,wait,,,,,,,,,,等待,,,,,,
actdescBasicTrainingArid,wait,,,,,,,,,,等待,,,,,,
chptitleBasicTrainingAridA,Personal Defense,,,,,,,,,,个人防御,,,,,,
chpdescBasicTrainingAridA,Learn to defend yourself in order to survive in hostile environments.,,,,,,,,,,学会在敌对环境中自卫以生存。,,,,,,
tasktitleBasicTrainingAridA,Kill a Creature,,,,,,,,,,击杀生物,,,,,,
acttitleBasicTrainingAridA,Kill a Creature,,,,,,,,,,击杀生物,,,,,,
actdescBasicTrainingAridA,Equip your Survival Tool and Kill a Creature.,,,,,,,,,,装备你的生存工具并击杀一个生物。,,,,,,
chptitleBasicTrainingAridB,First Aid,,,,,,,,,,急救,,,,,,
chpdescBasicTrainingAridB,Learn how to craft basic medical supplies.,,,,,,,,,,学会如何制作基本医疗用品。,,,,,,
tasktitleBasicTrainingAridB,First Aid,,,,,,,,,,急救,,,,,,
acttitleBasicTrainingAridBa,Bandages,,,,,,,,,,绷带,,,,,,
actdescBasicTrainingAridBa,Craft 3 Bandages,,,,,,,,,,制作3个绷带,,,,,,
acttitleBasicTrainingAridBb,Antibiotic Ointment,,,,,,,,,,抗生素药膏,,,,,,
actdescBasicTrainingAridBb,Craft 1 Antibiotic Ointment,,,,,,,,,,制作1个抗生素药膏,,,,,,
chptitleBasicTrainingAridC,Food and Hunger,,,,,,,,,,食物与饥饿,,,,,,
chpdescBasicTrainingAridC,Learn how to craft food for survival.,,,,,,,,,,学会如何制作生存所需食物。,,,,,,
tasktitleBasicTrainingAridC,Basic Food Production,,,,,,,,,,基础食物生产,,,,,,
acttitleBasicTrainingAridC,Energy Bars,,,,,,,,,,能量棒,,,,,,
actdescBasicTrainingAridC,Craft 3 Energy Bars,,,,,,,,,,制作3个能量棒,,,,,,
chptitleBasicTrainingAridD,Claiming Salvage,,,,,,,,,,回收残骸,,,,,,
chpdescBasicTrainingAridD,Learn how to claim salvage.,,,,,,,,,,学会如何回收残骸。,,,,,,
tasktitleBasicTrainingAridD,Basic Engineering,,,,,,,,,,基础工程,,,,,,
acttitleBasicTrainingAridD,Place a Core,,,,,,,,,,放置核心,,,,,,
actdescBasicTrainingAridD,Craft and Place a Core on a structure or other slavage.,,,,,,,,,,在一个建筑或其他残骸上制作并放置一个核心。,,,,,,
chptitleEngineering1,Rank 1,,,,,,,,,,等级1,,,,,,
tasktitleEngineering1a,Basic Bases,,,,,,,,,,基础基地,,,,,,
acttitleEngineering1a,Power Generation,,,,,,,,,,发电,,,,,,
actdescEngineering1a,Place a Generator or a Solar Capacitor,,,,,,,,,,放置发电机或太阳能电容器,,,,,,
acttitleEngineering1b,Fuel Sources,,,,,,,,,,燃料来源,,,,,,
actdescEngineering1b,Place a Fuel Tank or a Solar Panel,,,,,,,,,,放置燃料罐或太阳能板,,,,,,
acttitleEngineering1c,Constructor,,,,,,,,,,构造机,,,,,,
actdescEngineering1c,Place a Small Constructor,,,,,,,,,,放置一个小型构造机,,,,,,
tasktitleEngineering1b,A Better Constructor,,,,,,,,,,更好的构造机,,,,,,
acttitleEngineering1d,Craft a Large Constructor,,,,,,,,,,制作一个大型构造机,,,,,,
actdescEngineering1d,Craft a Large Constructor,,,,,,,,,,制作一个大型构造机,,,,,,
chptitleEngineering2,Rank 2,,,,,,,,,,等级2,,,,,,
chpdescEngineering2,Build or Salvage a Hover Vessel in order to advance to Engineering Rank 2.,,,,,,,,,,建造或回收一艘悬浮飞船以晋升至工程等级2。,,,,,,
tasktitleEngineering2a,Equip your Hover Vessel,,,,,,,,,,装备你的悬浮飞船,,,,,,
acttitleEngineering2b,Hover Engines,,,,,,,,,,悬浮引擎,,,,,,
actdescEngineering2b,Place four Hover Engines on your HV,,,,,,,,,,在你的HV上放置四个悬浮引擎,,,,,,
acttitleEngineering2c,Thrusters,,,,,,,,,,推进器,,,,,,
actdescEngineering2c,Place four Small Thrusters on your HV,,,,,,,,,,在你的HV上放置四个小型推进器,,,,,,
tasktitleEngineering2b,Power on your HV,,,,,,,,,,为你的HV供电,,,,,,
acttitleEngineering2d,Turn on your HV,,,,,,,,,,启动你的HV,,,,,,
actdescEngineering2d,Turn on your HV,,,,,,,,,,启动你的HV,,,,,,
chptitleEngineering3,Rank 3,,,,,,,,,,等级3,,,,,,
chpdescEngineering3,Build or Salvage a Small Vessel in order to advance to Engineering Rank 3.,,,,,,,,,,建造或回收一艘小型飞船以晋升至工程等级3。,,,,,,
tasktitleEngineering3a,Equip your Small Vessel,,,,,,,,,,装备你的小型飞船,,,,,,
acttitleEngineering3b,Small Thrusters,,,,,,,,,,小型推进器,,,,,,
actdescEngineering3b,Place four Small Thrusters on your SV,,,,,,,,,,在你的SV上放置四个小型推进器,,,,,,
acttitleEngineering3c,Medium Thrusters,,,,,,,,,,中型推进器,,,,,,
actdescEngineering3c,Place two Medium Thrusters on your SV,,,,,,,,,,在你的SV上放置两个中型推进器,,,,,,
tasktitleEngineering3b,Power on your SV,,,,,,,,,,为你的SV供电,,,,,,
acttitleEngineering3d,Turn on your SV,,,,,,,,,,启动你的SV,,,,,,
actdescEngineering3d,Turn on your SV,,,,,,,,,,启动你的SV,,,,,,
chptitleEngineering4,Rank 4,,,,,,,,,,等级4,,,,,,
chpdescEngineering4,Build or Salvage a Capital Vessel in order to advance to Engineering Rank 4.,,,,,,,,,,建造或回收一艘主力舰以晋升至工程等级4。,,,,,,
tasktitleEngineering4a,Equip your Capital Vessel,,,,,,,,,,装备你的主力舰,,,,,,
acttitleEngineering4b,Small Thrusters,,,,,,,,,,小型推进器,,,,,,
actdescEngineering4b,Place four Small Thrusters on your CV,,,,,,,,,,在你的CV上放置四个小型推进器,,,,,,
acttitleEngineering4c,Medium Thrusters,,,,,,,,,,中型推进器,,,,,,
actdescEngineering4c,Place two Medium Thrusters on your CV,,,,,,,,,,在你的CV上放置两个中型推进器,,,,,,
tasktitleEngineering4b,Power on your CV,,,,,,,,,,为你的CV供电,,,,,,
acttitleEngineering4d,Turn on your CV,,,,,,,,,,启动你的CV,,,,,,
actdescEngineering4d,Turn on your CV,,,,,,,,,,启动你的CV,,,,,,
chptitleEngineering5,Rank 5 - Derelict Orbital Station,,,,,,,,,,等级5 - 废弃轨道空间站,,,,,,
chpdescEngineering5,Find and Repair a Derelict Orbital Station to advance to Rank 5,,,,,,,,,,寻找并修复一个废弃轨道空间站以晋升至等级5,,,,,,
tasktitleEngineering5b,Staking Your Claim,,,,,,,,,,宣称主权,,,,,,
tasktitleEngineering5c,Power Generation Required,,,,,,,,,,需要发电,,,,,,
acttitleEngineering5c1,Place a Generator or Solar Capacitor,,,,,,,,,,放置发电机或太阳能电容器,,,,,,
actdescEngineering5c1,Add either a Generator or a Solar Capacitor to the base.,,,,,,,,,,在基地添加发电机或太阳能电容器。,,,,,,
acttitleEngineering5c2,Place a Fuel Tank or Solar Pannels,,,,,,,,,,放置燃料罐或太阳能板,,,,,,
actdescEngineering5c2,Add a Fuel Tank or Solar Pannels to the base.,,,,,,,,,,在基地上添加一个燃料罐或太阳能板。,,,,,,
tasktitleEngineering5e,Artificial Gravity,,,,,,,,,,人工重力,,,,,,
acttitleEngineering5e,Place a Gravity Generator,,,,,,,,,,放置重力发生器,,,,,,
actdescEngineering5e,Add a Gravity Generator to the Orbital Station,,,,,,,,,,在轨道站上添加一个重力发生器,,,,,,
tasktitleEngineering5f,Construction Systems,,,,,,,,,,建造系统,,,,,,
acttitleEngineering5f,Place a Constructor,,,,,,,,,,放置建造机,,,,,,
actdescEngineering5f,Place a Large or Advanced Constructor,,,,,,,,,,放置一个大型或高级建造机,,,,,,
tasktitleEngineering5g,Oxygen Systems,,,,,,,,,,氧气系统,,,,,,
acttitleEngineering5g1,Place an Oxygen Tank,,,,,,,,,,放置氧气罐,,,,,,
actdescEngineering5g1,Add a Large or Small O2 Tank,,,,,,,,,,添加一个大或小型氧气罐,,,,,,
acttitleEngineering5g2,Place a Ventilator,,,,,,,,,,放置通风机,,,,,,
actdescEngineering5g2,Add a Ventilator to the Orbital Station.,,,,,,,,,,在轨道站上添加一个通风机。,,,,,,
tasktitleEngineering5h,Mess Hall,,,,,,,,,,餐厅,,,,,,
acttitleEngineering5h1,Place a Food Processor,,,,,,,,,,放置食物处理器,,,,,,
actdescEngineering5h1,Add a Food Processor to the Orbital Station,,,,,,,,,,在轨道站上添加一个食物处理器,,,,,,
acttitleEngineering5h2,Place a Fridge,,,,,,,,,,放置冰箱,,,,,,
actdescEngineering5h2,Add a Fridge on the Orbital Station,,,,,,,,,,在轨道站上添加一个冰箱,,,,,,
tasktitleEngineering5i,Computer Issues,,,,,,,,,,计算机问题,,,,,,
acttitleEngineering5i1,Place two T3 CPU Extenders on the Orbital Station,,,,,,,,,,在轨道站上放置两个T3计算单元扩展器,,,,,,
actdescEngineering5i1,The orbital station requires a large amount of CPU to function properly. Add two T3 CPU Extenders to increase the CPU Efficiency to %100.,,,,,,,,,,轨道站需要大量计算单元才能正常运行。添加两个T3计算单元扩展器以将计算单元效率提升至100%。,,,,,,
chptitleZiraxCodes,Strange Transmission: Zirax Codes.,,,,,,,,,,神秘传输：兹瑞克斯密码。,,,,,,
chpdescZiraxCodes,Zirax Codes:\n0223402252023230\n0245403242033250\n0352203545042320\n0425504532052340\n0524205342054350,,,,,,,,,,兹瑞克斯密码：\n0223402252023230\n0245403242033250\n0352203545042320\n0425504532052340\n0524205342054350,,,,,,
tasktitleZiraxCodes,Strange Transmission: Zirax Codes,,,,,,,,,,神秘传输：兹瑞克斯密码,,,,,,
acttitleZiraxCodes,Open your PDA.,,,,,,,,,,打开你的个人数字助理。,,,,,,
actdescZiraxCodes,Zirax Codes:\n0223402252023230\n0245403242033250\n0352203545042320\n0425504532052340\n0524205342054350,,,,,,,,,,兹瑞克斯密码：\n0223402252023230\n0245403242033250\n0352203545042320\n0425504532052340\n0524205342054350,,,,,,
chptitleEngineering6,Rank 6,,,,,,,,,,等级6,,,,,,
chpdescEngineering6,Place five Auto-Miners to advanced to Rank 6,,,,,,,,,,放置五个自动采矿机以晋升到等级6,,,,,,
chptitleEngineering7,Rank 7,,,,,,,,,,等级7,,,,,,
chpdescEngineering7,Place a Teleporter to advance to Rank 7,,,,,,,,,,放置一个传送器以晋升到等级7,,,,,,
tasktitleEngineering7,Teleportation,,,,,,,,,,传送,,,,,,
acttitleEngineering7,Place a Teleporter,,,,,,,,,,放置传送器,,,,,,
actdescEngineering7,Add a Teleporter to your Base or Capital Vessel,,,,,,,,,,在你的基地或主力舰上添加一个传送器,,,,,,
chptitleTacticalCombat1,Rank 1,,,,,,,,,,等级1,,,,,,
chpdescTacticalCombat1,Practice your combat skills by killing some more spiders.,,,,,,,,,,通过击杀更多蜘蛛来练习你的战斗技能。,,,,,,
tasktitleTacticalCombat1,Hostile Environment,,,,,,,,,,敌对环境,,,,,,
acttitleTacticalCombat1,Spiders,,,,,,,,,,蜘蛛,,,,,,
actdescTacticalCombat1,Kill 10 Spiders,,,,,,,,,,击杀10只蜘蛛,,,,,,
chptitleTacticalCombat2,Rank 2,,,,,,,,,,等级2,,,,,,
chpdescTacticalCombat2,Eliminating additional enemy forces will help you learn more about their combat tactics.,,,,,,,,,,消灭更多敌军将帮助你了解他们的战斗战术。,,,,,,
tasktitleTacticalCombat2,Enemy Combatants,,,,,,,,,,敌方战斗人员,,,,,,
acttitleTacticalCombat2,Zirax Forces,,,,,,,,,,兹瑞克斯部队,,,,,,
actdescTacticalCombat2,Kill 25 Zirax Soldiers or Ripper Dogs,,,,,,,,,,击杀25名兹瑞克斯士兵或撕裂犬,,,,,,
chptitleTacticalCombat3,Rank 3,,,,,,,,,,等级3,,,,,,
chpdescTacticalCombat3,"Eleminate Enemy Drones ",,,,,,,,,,消灭敌方无人机,,,,,,
tasktitleTacticalCombat3,Enemy Assault Drones,,,,,,,,,,敌方突击无人机,,,,,,
acttitleTacticalCombat3,Zirax Drones,,,,,,,,,,兹瑞克斯无人机,,,,,,
chptitleTacticalCombat4,Rank 4,,,,,,,,,,等级4,,,,,,
chpdescTacticalCombat4,Reduce Zirax Territory by taking out the core of their structures.,,,,,,,,,,通过摧毁兹瑞克斯建筑的核心来减少其领土。,,,,,,
tasktitleTacticalCombat4,Zirax Defense Towers,,,,,,,,,,兹瑞克斯防御塔,,,,,,
acttitleTacticalCombat4,Defense Towers,,,,,,,,,,防御塔,,,,,,
actdescTacticalCombat4,Destroy the Core of 5 Zirax Defensive Towers,,,,,,,,,,摧毁5座兹瑞克斯防御塔的核心,,,,,,
chptitleTacticalCombat5,Rank 5 - Rados Drone Base,,,,,,,,,,等级5 - 拉多斯无人机基地,,,,,,
chpdescTacticalCombat5,"In order to drive the Zirax off the planet, you must take out their Drone Base!!!",,,,,,,,,,为了将兹瑞克斯驱逐出星球，你必须摧毁他们的无人机基地！！！,,,,,,
tasktitleTacticalCombat5a,Rados Drone Base: Assault,,,,,,,,,,拉多斯无人机基地：突击,,,,,,
acttitleTacticalCombat5a,Attack and Infiltrate the Rados Drone Base.,,,,,,,,,,攻击并渗透拉多斯无人机基地。,,,,,,
actdescTacticalCombat5a,"Locate the Rados Drone Base, plan your assault, and enact your plan. Don't forget, you must take down the base's shields before you can take out the core. Deal enough damage and the shields will come down.\n\nHint: If you are allied with a scout, they may have found the base already.\nHint: An Engineer may be able to help you get past difficult door codes.",,,,,,,,,,定位拉多斯无人机基地，策划你的进攻，并执行计划。别忘了，你需要先摧毁基地的护盾才能摧毁核心。造成足够伤害后，护盾会关闭。\n\n提示：如果你与侦察兵结盟，他们可能已经发现了基地。\n提示：工程师可能帮你破解困难的门禁密码。,,,,,,
tasktitleTacticalCombat5b,Rados Drone Base: Core Access,,,,,,,,,,拉多斯无人机基地：核心通道,,,,,,
acttitleTacticalCombat5b,Access the Core Room,,,,,,,,,,进入核心室,,,,,,
actdescTacticalCombat5b,Gain Access to the Core Room of the Rados Drone Base.,,,,,,,,,,进入拉多斯无人机基地的核心室。,,,,,,
tasktitleTacticalCombat5c,Rados Drone Base: Core Room,,,,,,,,,,拉多斯无人机基地：核心室,,,,,,
acttitleTacticalCombat5c,Destroy the Core.,,,,,,,,,,摧毁核心。,,,,,,
actdescTacticalCombat5c,Destroy the Core of the Rados Drone Base.,,,,,,,,,,摧毁拉多斯无人机基地的核心。,,,,,,
chptitleTacticalCombat6,Rank 6,,,,,,,,,,等级6,,,,,,
chpdescTacticalCombat6,Destroy 50 Zirax Space Drones,,,,,,,,,,摧毁50架兹瑞克斯太空无人机,,,,,,
tasktitleTacticalCombat6,Space Wars,,,,,,,,,,太空战争,,,,,,
acttitleTacticalCombat6,Destroy Space Drones,,,,,,,,,,摧毁太空无人机,,,,,,
actdescTacticalCombat6,Destroy 100 Space Drones to keep the Zirax on the defensive.,,,,,,,,,,摧毁100架太空无人机，让兹瑞克斯处于防守态势。,,,,,,
chptitleTacticalCombat7,Rank 7,,,,,,,,,,等级7,,,,,,
chpdescTacticalCombat7,Defeat a Zirax Patrol Vessel,,,,,,,,,,击败一艘兹瑞克斯巡逻飞船,,,,,,
chptitleMedical1,Rank 1,,,,,,,,,,等级1,,,,,,
chpdescMedical1,Craft enough medical supplies to support you and your allies.,,,,,,,,,,制作足够的医疗用品以支撑你和你的盟友。,,,,,,
tasktitleMedical1,Medical Supplies,,,,,,,,,,医疗用品,,,,,,
acttitleMedical1a,Bandages,,,,,,,,,,绷带,,,,,,
actdescMedical1a,Craft 10 Bandages,,,,,,,,,,制作10个绷带,,,,,,
acttitleMedical1b,Antibiotic Ointment,,,,,,,,,,抗生素软膏,,,,,,
actdescMedical1b,Craft 4 Antibiotic Ointment,,,,,,,,,,制作4支抗生素软膏,,,,,,
acttitleMedical1c,Antitoxic Ointment,,,,,,,,,,抗毒软膏,,,,,,
actdescMedical1c,Craft 4 Antitoxic Ointment,,,,,,,,,,制作4支抗毒软膏,,,,,,
acttitleMedical1d,Antiradiation Ointment,,,,,,,,,,抗辐射软膏,,,,,,
actdescMedical1d,Craft 4 Antiradiation Ointment,,,,,,,,,,制作4支抗辐射软膏,,,,,,
chptitleMedical2,Rank 2,,,,,,,,,,等级2,,,,,,
chpdescMedical2,Craft Medical Pills for your group.,,,,,,,,,,为你的团队制作医疗药片。,,,,,,
tasktitleMedical2,Improved Medical Supplies,,,,,,,,,,改进的医疗用品,,,,,,
acttitleMedical2a,Small Health Packs,,,,,,,,,,小型医疗包,,,,,,
actdescMedical2a,Craft 10 Small Health Packs,,,,,,,,,,制作10个小型医疗包,,,,,,
acttitleMedical2b,Antibiotic Pills,,,,,,,,,,抗生素药片,,,,,,
actdescMedical2b,Craft 4 Antibiotic Pills,,,,,,,,,,制作4粒抗生素药片,,,,,,
acttitleMedical2c,Antitoxic Pills,,,,,,,,,,抗毒药片,,,,,,
actdescMedical2c,Craft 4 Antitoxic Pills,,,,,,,,,,制作4粒抗毒药片,,,,,,
acttitleMedical2d,Anti Radiation Pills,,,,,,,,,,抗辐射药片,,,,,,
actdescMedical2d,Craft 4 Anti Radiaton Pills,,,,,,,,,,制作4粒抗辐射药片,,,,,,
acttitleMedical2e,Antiparasite Pills,,,,,,,,,,抗寄生虫药片,,,,,,
actdescMedical2e,Craft 4 Antiparasite Pills,,,,,,,,,,制作4粒抗寄生虫药片,,,,,,
chptitleMedical3,Rank 3,,,,,,,,,,等级3,,,,,,
chpdescMedical3,Craft Medical Injections for your group,,,,,,,,,,为你的团队制作医疗注射剂,,,,,,
tasktitleMedical3,Improved Medical Supplies,,,,,,,,,,改进的医疗用品,,,,,,
acttitleMedical3a,Antibiotic Injection,,,,,,,,,,抗生素注射剂,,,,,,
actdescMedical3a,Craft 4 Antibiotic Injections,,,,,,,,,,制作4支抗生素注射剂,,,,,,
acttitleMedical3b,Antitoxic Injection,,,,,,,,,,抗毒注射剂,,,,,,
actdescMedical3b,Craft 4 Antitoxic Injections,,,,,,,,,,制作4支抗毒注射剂,,,,,,
acttitleMedical3c,Anti Parasite Injection,,,,,,,,,,抗寄生虫注射液,,,,,,
actdescMedical3c,Craft 4 Anti Parasite Injections,,,,,,,,,,制作 4 支抗寄生虫注射液,,,,,,
chptitleMedical4,Rank 4,,,,,,,,,,等级 4,,,,,,
chpdescMedical4,Set up and stock your Sickbay,,,,,,,,,,设置并储备你的医务室,,,,,,
tasktitleMedical4A,Set up your Sickbay,,,,,,,,,,设置你的医务室,,,,,,
acttitleMedical4Aa,Medic Station,,,,,,,,,,医疗站,,,,,,
actdescMedical4Aa,Place a Medic Station,,,,,,,,,,放置一个医疗站,,,,,,
acttitleMedical4Ab,Medical Station 1,,,,,,,,,,医疗站 1,,,,,,
actdescMedical4Ab,Place a Medical Station 1,,,,,,,,,,放置一个医疗站 1,,,,,,
acttitleMedical4Ac,Medical Station 2,,,,,,,,,,医疗站 2,,,,,,
actdescMedical4Ac,Place a Medical Station 2,,,,,,,,,,放置一个医疗站 2,,,,,,
acttitleMedical4Ad,Medical Station 3,,,,,,,,,,医疗站 3,,,,,,
actdescMedical4Ad,Place a Medical Station 3,,,,,,,,,,放置一个医疗站 3,,,,,,
acttitleMedical4Ae,Medical Station 4,,,,,,,,,,医疗站 4,,,,,,
actdescMedical4Ae,Place a Medical Station 4,,,,,,,,,,放置一个医疗站 4,,,,,,
acttitleMedical4Af,Food Processor,,,,,,,,,,食物加工机,,,,,,
actdescMedical4Af,Place a Food Processor,,,,,,,,,,放置一个食物加工机,,,,,,
acttitleMedical4Ag,Fridge,,,,,,,,,,冰箱,,,,,,
actdescMedical4Ag,Place a Fridge,,,,,,,,,,放置一个冰箱,,,,,,
tasktitleMedical4B,Stock your Sickbay,,,,,,,,,,储备你的医务室,,,,,,
acttitleMedical4Ba,Bandages,,,,,,,,,,绷带,,,,,,
actdescMedical4Ba,Craft 50 Bandages,,,,,,,,,,制作 50 个绷带,,,,,,
acttitleMedical4Bb,Antibiotic Ointment,,,,,,,,,,抗生素药膏,,,,,,
actdescMedical4Bb,Craft 10 Antibiotic Ointments,,,,,,,,,,制作 10 支抗生素药膏,,,,,,
acttitleMedical4Bc,Antitoxic Ointment,,,,,,,,,,抗毒药膏,,,,,,
actdescMedical4Bc,Craft 10 Antitoxic Ointments,,,,,,,,,,制作 10 支抗毒药膏,,,,,,
acttitleMedical4Bd,Antiradiation Ointment,,,,,,,,,,抗辐射药膏,,,,,,
actdescMedical4Bd,Craft 10 Antiradiaiont Ointments,,,,,,,,,,制作 10 支抗辐射药膏,,,,,,
acttitleMedical4Be,Antibiotic Pills,,,,,,,,,,抗生素药片,,,,,,
actdescMedical4Be,Craft 6 Antibiotic Pills,,,,,,,,,,制作 6 粒抗生素药片,,,,,,
acttitleMedical4Bf,Antitoxic Pills,,,,,,,,,,抗毒药片,,,,,,
actdescMedical4Bf,Craft 6 Antitoxic Pills,,,,,,,,,,制作 6 粒抗毒药片,,,,,,
acttitleMedical4Bg,Anti Radiation Pills,,,,,,,,,,抗辐射药片,,,,,,
actdescMedical4Bg,Craft 6 Anti Radiation Pills,,,,,,,,,,制作 6 粒抗辐射药片,,,,,,
acttitleMedical4Bh,Antiparasite Pills,,,,,,,,,,抗寄生虫药片,,,,,,
actdescMedical4Bh,Craft 6 Antiparasite Pills,,,,,,,,,,制作 6 粒抗寄生虫药片,,,,,,
acttitleMedical4Bi,Antibiotic Injection,,,,,,,,,,抗生素注射液,,,,,,
actdescMedical4Bi,Craft 4 Antibiotic Injections,,,,,,,,,,制作 4 支抗生素注射液,,,,,,
acttitleMedical4Bj,Antitoxic Injection,,,,,,,,,,抗毒注射液,,,,,,
actdescMedical4Bj,Craft 4 Antitoxic Injections,,,,,,,,,,制作 4 支抗毒注射液,,,,,,
acttitleMedical4Bk,Antiradiation Injection,,,,,,,,,,抗辐射注射液,,,,,,
actdescMedical4Bk,Craft 4 Antiradiation Injections,,,,,,,,,,制作 4 支抗辐射注射液,,,,,,
acttitleMedical4Bl,Antiparasite Injection,,,,,,,,,,抗寄生虫注射液,,,,,,
actdescMedical4Bl,Craft 4 Antiparasite Injections,,,,,,,,,,制作 4 支抗寄生虫注射液,,,,,,
chptitleMedical5,Rank 5 - Broken Quarantine,,,,,,,,,,等级 5 - 破碎隔离,,,,,,
chpdescMedical5,We've received an urgent message from the Polaris Medial Authority requesting assistance at Vextar Orntell which has been placed under Quarantine. Head there and see if you can help out.,,,,,,,,,,我们收到了来自极星医疗管理局的紧急消息，请求在已被隔离的韦克斯塔·奥恩特尔提供援助。前往那里看看能否帮忙。,,,,,,
tasktitleMedical5a,Broken Quarantine: Vextar Orntell,,,,,,,,,,破碎隔离：韦克斯塔·奥恩特尔,,,,,,
tasktitleMedical5b,Broken Quarantine: Quarantine Station - Administrator Vrelk,,,,,,,,,,破碎隔离：隔离站 - 管理弗雷克,,,,,,
acttitleMedical5b,Talk to the Administrator Vrelk,,,,,,,,,,与管理弗雷克交谈,,,,,,
actdescMedical5b,Talk to Administrator Vrelk on the Quarantine Station,,,,,,,,,,在隔离站与管理弗雷克交谈,,,,,,
tasktitleMedical5c,Broken Quarantine: Planetary Entry,,,,,,,,,,破碎隔离：行星进入,,,,,,
acttitleMedical5c,Teleport to Quarantine Base Alpha.,,,,,,,,,,传送到隔离基地阿尔法。,,,,,,
actdescMedical5c,Use the teleporter on the Quarantine Station to teleport to the Quarantine Base on Vextar Orntell.\nThe Teleporter Access Code is: 8521.,,,,,,,,,,使用隔离站上的传送器传送到韦克斯塔·奥恩特尔上的隔离基地。\n传送器访问代码是：8521。,,,,,,
tasktitleMedical5e,Broken Quarantine: Quarantine Base Alpha - Security Office,,,,,,,,,,破碎隔离：隔离基地阿尔法 - 安全办公室,,,,,,
acttitleMedical5e,Talk to the Security Chief,,,,,,,,,,与安全酋长交谈,,,,,,
actdescMedical5e,Talk to the Security Chief in the Security Office,,,,,,,,,,在安全办公室与安全酋长交谈,,,,,,
tasktitleMedical5f,Broken Quarantine: Mysterious Structure,,,,,,,,,,破碎隔离：神秘结构,,,,,,
acttitleMedical5f,Investigate the Mysterious Structure,,,,,,,,,,调查神秘结构,,,,,,
actdescMedical5f,Go to the provided coordinates and investigate the Mysterious Structure to try and find the missing researchers.,,,,,,,,,,前往提供的坐标，调查神秘结构，尝试找到失踪的研究人员。,,,,,,
tasktitleMedical5g,Broken Quarantine: Research Team,,,,,,,,,,破碎隔离：研究团队,,,,,,
acttitleMedical5g,Locate the Research Team,,,,,,,,,,找到研究团队,,,,,,
actdescMedical5g,The Medical Research team should be somewhere inside the Mysterious Structure.,,,,,,,,,,医疗研究团队应该在神秘结构内的某个地方。,,,,,,
tasktitleMedical5h,Broken Quarantine: Missing Biochemist,,,,,,,,,,破碎隔离：失踪的生物化学家,,,,,,
acttitleMedical5h,Locate the missing Biochemist.,,,,,,,,,,找到失踪的生物化学家。,,,,,,
actdescMedical5h,The Chief Biochemist has the code to the Research Locker. Find a trace of him and get the code.,,,,,,,,,,首席生物化学家有研究储物柜的密码。找到他的踪迹并获取密码。,,,,,,
tasktitleMedical5i,Broken Quarantine: Research Locker,,,,,,,,,,破碎隔离：研究储物柜,,,,,,
acttitleMedical5i,Locate the Research Locker,,,,,,,,,,找到研究储物柜,,,,,,
actdescMedical5i,The Research Locker on the lower level has the Research you need to take back to the Quarantine Base.,,,,,,,,,,下层的研究储物柜里有你需要带回隔离基地的研究数据。,,,,,,
tasktitleMedical5j,Broken Quarantine: Medical Research,,,,,,,,,,破碎隔离：医疗研究,,,,,,
acttitleMedical5j,Retrieve the Medical Research from the Locker. (Code 3429),,,,,,,,,,从储物柜中取回医疗研究数据。（密码 3429）,,,,,,
actdescMedical5j,Take the Science Equipment from the Research Locker. (Don't forget the code: 3429),,,,,,,,,,从研究储物柜中取出科学设备。（别忘了密码：3429）,,,,,,
tasktitleMedical5k,Broken Quarantine: Research Team (Pt 2),,,,,,,,,,破碎隔离：研究团队（第二部分）,,,,,,
acttitleMedical5k,Return to the Research Lead,,,,,,,,,,返回研究负责人,,,,,,
actdescMedical5k,Return to the Research Lead to let her know you got the research.,,,,,,,,,,返回研究负责人，让她知道你获得了研究数据。,,,,,,
tasktitleMedical5l,Broken Quarantine: A Way Out,,,,,,,,,,破碎隔离：出路,,,,,,
acttitleMedical5l,Find a way out and return to Quarantine Base Alpha,,,,,,,,,,找到出路并返回隔离基地阿尔法,,,,,,
actdescMedical5l,Find your way out of the mysterious structure and return to Quarantine Base Alpha with the Medical Research.,,,,,,,,,,找到离开神秘结构的路，带着医疗研究返回隔离基地阿尔法。,,,,,,
tasktitleMedical5m,Broken Quarantine: Conclusion,,,,,,,,,,破碎隔离：结局,,,,,,
acttitleMedical5m,Report to the Security Chief,,,,,,,,,,向安全酋长报告,,,,,,
actdescMedical5m,Give the Medical Research to the Security Chief of Quarantine Base Alpha,,,,,,,,,,将医疗研究交给隔离基地阿尔法的安全酋长,,,,,,
chptitleMedical6,Rank 6,,,,,,,,,,等级 6,,,,,,
chpdescMedical6,Set up a medical garden to grow plants to help you with crafting basic medicines.,,,,,,,,,,设置一个医疗花园来种植植物，帮助你制作基本药物。,,,,,,
tasktitleMedical6,Setting up a Garden,,,,,,,,,,设置一个花园,,,,,,
acttitleMedical6c,Place Growing Plots,,,,,,,,,,放置种植槽,,,,,,
actdescMedical6c,Place Grow Plots to plant Medical Plants in.,,,,,,,,,,放置种植槽来种植医疗植物。,,,,,,
acttitleMedical6d,Place Grow Lights,,,,,,,,,,放置生长灯,,,,,,
actdescMedical6d,Place Grow Lights to help your plants grow.,,,,,,,,,,放置生长灯以帮助植物生长。,,,,,,
tasktitleMedical6b,Growing Medical Plants,,,,,,,,,,种植医疗植物,,,,,,
acttitleMedical6e,Place Aloe Vera Sprout,,,,,,,,,,放置芦荟芽,,,,,,
actdescMedical6e,"Herbal Plants, like Aloe Very, can be used to make a variety of medicines.",,,,,,,,,,草药植物（如芦荟）可用于制作多种药物。,,,,,,
acttitleMedical6f,Place Fiber Plant Sprout,,,,,,,,,,放置纤维植物芽,,,,,,
actdescMedical6f,"Plant Fibers can be used to make Bandages, the most basic medical item.",,,,,,,,,,植物纤维可用于制作绷带，这是最基本的医疗物品。,,,,,,
acttitleMedical6g,Place Ahax Plant Sprout,,,,,,,,,,放置阿哈克斯植物芽,,,,,,
actdescMedical6g,"Plant Protein, like Ahex, can be used in numerous medicinal products.",,,,,,,,,,植物蛋白（如阿赫克斯）可用于众多医药产品。,,,,,,
acttitleMedical6h,Place Mushroom Sprout,,,,,,,,,,放置蘑菇芽,,,,,,
actdescMedical6h,Mushrooms are used in most anti-radiation products.,,,,,,,,,,蘑菇用于大多数抗辐射产品。,,,,,,
acttitleMedical6i,Place Spice Sprout,,,,,,,,,,放置香料芽,,,,,,
actdescMedical6i,Spice is a key ingrediant in Stomach Pills,,,,,,,,,,香料是胃药的关键成分。,,,,,,
acttitleMedical6j,Place Kavae or Coffee Sprout,,,,,,,,,,放置卡瓦或咖啡芽,,,,,,
actdescMedical6j,Natural Stimulnats are key ingredients for stamina and immunity-boosting medicines.,,,,,,,,,,天然刺激素是制作耐力和免疫增强药的关键成分。,,,,,,
chptitleMedical7,Rank 7,,,,,,,,,,等级7,,,,,,
chpdescMedical7,Craft a bunch of Medikits,,,,,,,,,,制作一堆医疗包,,,,,,
tasktitleMedical7,Medikits for Days (and Days and Days),,,,,,,,,,医疗包多到用不完（日复一日）,,,,,,
acttitleMedical7a,First Aid Kits,,,,,,,,,,急救包,,,,,,
actdescMedical7a,Craft 25 First Aid Kits,,,,,,,,,,制作25个急救包,,,,,,
acttitleMedical7b,Detox Kits,,,,,,,,,,解毒医疗包,,,,,,
actdescMedical7b,Craft 25 Detox Kits,,,,,,,,,,制作25个解毒医疗包,,,,,,
acttitleMedical7c,Decontamination Kits,,,,,,,,,,净化套件,,,,,,
actdescMedical7c,Craft 25 Decontamination Kits,,,,,,,,,,制作25个净化套件,,,,,,
acttitleMedical7d,Large Health Packs,,,,,,,,,,大型医疗包,,,,,,
actdescMedical7d,Craft 100 Large Health Packs,,,,,,,,,,制作100个大型医疗包,,,,,,
chptitleExploration1,Rank 1,,,,,,,,,,等级1,,,,,,
chpdescExploration1,Craft a Motorbike and find an interesting POI.,,,,,,,,,,制作一辆摩托并找到一个有趣的兴趣点。,,,,,,
tasktitleExploration1a,Craft a Hover bike,,,,,,,,,,制作一辆悬浮摩托,,,,,,
acttitleExploration1a,Craft a Hover bike,,,,,,,,,,制作一辆悬浮摩托,,,,,,
actdescExploration1a,Craft a Hover bike to use to explore nearby locations.,,,,,,,,,,制作一辆悬浮摩托用于探索附近地点。,,,,,,
acttitleExploration1b,Locate an Interesting POI On this planet.,,,,,,,,,,在这个星球上找到一个有趣的兴趣点。,,,,,,
actdescExploration1b,Use your Hover bike to locate an Interesting POI. NOTE: POIs that are part of a mission are often represented by a Chevron instead of the typical POI indicator on the map. You will need to be close to it (<50m),,,,,,,,,,使用你的悬浮摩托找到一个有趣的兴趣点。注意：作为任务一部分的兴趣点通常在地图上显示为V形图标，而不是典型的兴趣点指示器。你需要靠近它（<50米）,,,,,,
chptitleExploration2,Rank 2,,,,,,,,,,等级2,,,,,,
chpdescExploration2,Construct a Scout Vessel using a Graviton Thrust Drive.,,,,,,,,,,使用引力子推进驱动器建造一艘侦察飞船。,,,,,,
chptitleExploration3,Rank 3,,,,,,,,,,等级3,,,,,,
chpdescExploration3,Locate the Rados Drone Base.,,,,,,,,,,找到拉多斯无人机基地。,,,,,,
tasktitleExploration3b,Rados Drone Base,,,,,,,,,,拉多斯无人机基地,,,,,,
acttitleExploration3b,Locate the Zirax Drone Base on this planet.,,,,,,,,,,在这个星球上找到兹瑞克斯无人机基地。,,,,,,
actdescExploration3b,Use your Small Vessel to find the House Rados Drone Base in order to take it out later. (Fly as close as you dare!),,,,,,,,,,使用你的小型飞船找到拉多斯无人机基地，以便稍后将其摧毁。（尽可能靠近飞行！）,,,,,,
chptitleExploration4,Rank 4,,,,,,,,,,等级4,,,,,,
chpdescExploration4,Locate a Derelict Orbital Station.,,,,,,,,,,找一个废弃的空间站。,,,,,,
tasktitleExploration4,Derelict Orbital Station,,,,,,,,,,废弃空间站,,,,,,
acttitleExploration4,Locate a Derelict Orbital Station,,,,,,,,,,找到一个废弃的空间站,,,,,,
actdescExploration4,Find a Derelict Orbital Station to turn into a base.,,,,,,,,,,找一个废弃的空间站改造成基地。,,,,,,
chptitleExploration5,Rank 6,,,,,,,,,,等级6,,,,,,
chpdescExploration5,"Scan the three Alien Obelisks on the planets Krin, Zasha, and Exana.",,,,,,,,,,扫描克林、扎莎和埃克萨纳星球上的三座外星方尖碑。,,,,,,
tasktitleExploration5a,Mysterious Signals (Part 1),,,,,,,,,,神秘信号（第一部分）,,,,,,
acttitleExploration5a1,Scan Krin Orntell Obelisk,,,,,,,,,,扫描克林·奥恩特尔方尖碑,,,,,,
actdescExploration5a1,Locate the Obelisk on Krin Orntell,,,,,,,,,,在克林·奥恩特尔上找到方尖碑,,,,,,
acttitleExploration5a2,Scan Zasha Orntell Obelisk,,,,,,,,,,扫描扎莎·奥恩特尔方尖碑,,,,,,
actdescExploration5a2,Locate the Obelisk on Zasha Orntell,,,,,,,,,,在扎莎·奥恩特尔上找到方尖碑,,,,,,
acttitleExploration5a3,Scan Exana Orntell Obelisk,,,,,,,,,,扫描埃克萨纳·奥恩特尔方尖碑,,,,,,
actdescExploration5a3,Locate the Obelisk on the Temperate Moon of Exana Orntell,,,,,,,,,,在埃克萨纳·奥恩特尔温带卫星上找到方尖碑,,,,,,
tasktitleExploration5b,Mysterious Signals (Part 2),,,,,,,,,,神秘信号（第二部分）,,,,,,
acttitleExploration5b,Vextar Orntell,,,,,,,,,,维克斯塔·奥恩特尔,,,,,,
actdescExploration5b,Enter Obit of Vextar Orntell,,,,,,,,,,进入维克斯塔·奥恩特尔轨道,,,,,,
chptitleExploration6,Rank 5 - Rados Com Center,,,,,,,,,,等级5 - 拉多斯通讯中心,,,,,,
chptitleExploration7,Rank 7,,,,,,,,,,等级7,,,,,,
tasktitleExploration7,Mysterious Ziggurat,,,,,,,,,,神秘金字塔,,,,,,
acttitleExploration7,Alien Ziggurat,,,,,,,,,,外星金字塔,,,,,,
actdescExploration7,Locate the Alien Ziggurat on the Cursed Planet.,,,,,,,,,,在被诅咒的星球上找到外星金字塔。,,,,,,
pda_me4q8,You completed the [c][04ff00]Personal Defense[-][/c] portion of Basic Training and received a [c][04ff00]Personal Weapon [-][/c]and some [c][04ff00]Ammunition[-][/c].,,,,,,,,,,你完成了基础训练中的[c][04ff00]个人防御[-][/c]部分，并收到了一把[c][04ff00]个人武器[-][/c]和一些[c][04ff00]弹药[-][/c]。,,,,,,
pda_WCSqG,"Nicely done. While anybody can craft [c][006eff]Bandages[-][/c], [c][006eff]Antibiotic Ointment[-][/c], and [c][006eff]AntiToxic Ointments[-][/c], only those who take the [c][006eff]Medical [-][/c]specialty can craft higher quality [c][006eff]medicines [-][/c]and [c][006eff]medical devices.[-][/c]",,,,,,,,,,做得不错。虽然任何人都可以制作[c][006eff]绷带[-][/c]、[c][006eff]抗生素药膏[-][/c]和[c][006eff]抗毒药膏[-][/c]，但只有选择[c][006eff]医疗[-][/c]专精的人才能制作更高级的[c][006eff]药物[-][/c]和[c][006eff]医疗设备。[-][/c],,,,,,
pda_i8oiu,You completed the [c][006eff]First Aid[-][/c] portion of Basic Training and received some [c][006eff]Health Packs[-][/c].,,,,,,,,,,你完成了基础训练中的[c][006eff]急救[-][/c]部分，并收到了一些[c][006eff]医疗包[-][/c]。,,,,,,
pda_eWKmq,"[c][ff6f00]Energy Bars[-][/c] aren't the only source of [c][ff6f00]food[-][/c]. Eventually you will want to [c][ff6f00]grow [-][/c]a [c][ff6f00]garden [-][/c]and start cooking even more delicious [c][ff6f00]foods[-][/c]. [c][ff6f00]Emergency Rations[-][/c] will also be a very useful source of [c][ff6f00]food[-][/c], as they never spoil. You have been provided with a sample.",,,,,,,,,,[c][ff6f00]能量棒[-][/c]并不是[c][ff6f00]食物[-][/c]的唯一来源。最终你会想要[c][ff6f00]种植[-][/c]一个[c][ff6f00]花园[-][/c]，并开始烹饪更美味的[c][ff6f00]食物[-][/c]。[c][ff6f00]应急口粮[-][/c]也是一个非常有用的[c][ff6f00]食物[-][/c]来源，因为它们永远不会变质。你已获得一份样品。,,,,,,
pda_uiC0e,You have learned how to craft [c][ff6f00]food [-][/c]and received a sample of [c][ff6f00]Emergency Rations[-][/c].,,,,,,,,,,你已经学会了如何制作[c][ff6f00]食物[-][/c]，并收到了一份[c][ff6f00]应急口粮[-][/c]样品。,,,,,,
pda_qiqSC,Begin your [c][ffc800]engineering [-][/c]career by adding [c][ffc800]power generation[-][/c] and [c][ffc800]construction [-][/c]capabilities to a Base or Capital Vessel.,,,,,,,,,,通过为基地或主力舰添加[c][ffc800]发电[-][/c]和[c][ffc800]建造[-][/c]能力，开始你的[c][ffc800]工程[-][/c]生涯。,,,,,,
pda_SI8iW,"Now that you have your base ready to craft, begin [c][ffc800]gathering resources[-][/c] to craft your [c][ffc800]Large Constructor[-][/c].",,,,,,,,,,既然你的基地已经准备好进行制作，开始[c][ffc800]收集资源[-][/c]以制作你的[c][ffc800]大型构造器[-][/c]。,,,,,,
pda_GeGyq,Achieved Rank 2 of [c][ffc800]Engineering[-][/c].,,,,,,,,,,已达成[c][ffc800]工程[-][/c]等级2。,,,,,,
pda_WWWai,Achieved Rank 3 of [c][ffc800]Engineering[-][/c].,,,,,,,,,,已达成[c][ffc800]工程[-][/c]等级3。,,,,,,
pda_WiW04,Achieved Rank 4 of [c][ffc800]Engineering[-][/c].,,,,,,,,,,已达成[c][ffc800]工程[-][/c]等级4。,,,,,,
pda_kKQa0,Equip your Survival Tool,,,,,,,,,,装备你的生存工具,,,,,,
pda_ueu8u,Equip Survival Tool,,,,,,,,,,装备生存工具,,,,,,
pda_GC0mq,Place your Survival Tool on your Toolbar.,,,,,,,,,,将你的生存工具放在工具栏上。,,,,,,
pda_kuSCu,You're getting the hang of this. Keep it up and you'll be ready to take on the [c][ff0000]Zirax [-][/c]forces that guard the other junkyards.\n\nCongratulations! You've achieved Rank 1 of [c][04ff00]Combat[-][/c]!,,,,,,,,,,你已经掌握了诀窍。继续努力，你就能准备好对抗守护其他垃圾场的[c][ff0000]兹瑞克斯[-][/c]部队。\n\n恭喜！你已达成[c][04ff00]战斗[-][/c]等级1！,,,,,,
pda_OKWe8,Achieved Rank 1 of [c][04ff00]Combat[-][/c].,,,,,,,,,,已达成[c][04ff00]战斗[-][/c]等级1。,,,,,,
pda_iK8WW,Achieved Rank 2 of [c][04ff00]Combat[-][/c].,,,,,,,,,,已达成[c][04ff00]战斗[-][/c]等级2。,,,,,,
pda_uGCiu,Achieved Rank 3 of [c][04ff00]Combat[-][/c].,,,,,,,,,,已达成[c][04ff00]战斗[-][/c]等级3。,,,,,,
tasktitleExploration1b,Interesting Discoveries,,,,,,,,,,有趣的发现,,,,,,
pda_KbmqW,Specialty: Medical (Temperate),,,,,,,,,,专精：医疗（温带）,,,,,,
pda_KWu0e,Graviton Thrust Drive,,,,,,,,,,引力子推进驱动器,,,,,,
pda_aW8vm,Place a Graviton Thrust Drive,,,,,,,,,,放置一个引力子推进驱动器,,,,,,
pda_X70Du,Achieved Rank 1 of [c][006eff]Medical[-][/c].,,,,,,,,,,已达成[c][006eff]医疗[-][/c]等级1。,,,,,,
pda_mqeuW,Achieved Rank 2 of [c][006eff]Medical[-][/c].,,,,,,,,,,已达成[c][006eff]医疗[-][/c]等级2。,,,,,,
pda_OWGaP,Achieved Rank 3 of [c][006eff]Medical[-][/c].,,,,,,,,,,已达成[c][006eff]医疗[-][/c]等级3。,,,,,,
pda_aC204,Achieved Rank 4 of [c][006eff]Medical[-][/c].,,,,,,,,,,已达成[c][006eff]医疗[-][/c]等级4。,,,,,,
pda_0K4m0,Congratulations! You've achieved Rank 1 of [c][006eff]Medical[-][/c]!,,,,,,,,,,恭喜！你已达成[c][006eff]医疗[-][/c]等级1！,,,,,,
pda_Gquaq,Congratulations! You've achieved Rank 2 of [c][006eff]Medical[-][/c]!,,,,,,,,,,恭喜！你已达成[c][006eff]医疗[-][/c]等级2！,,,,,,
pda_iq0Wa,"Congratulations! You've achieved Rank 3 of [c][006eff]Medical[-][/c]!\n\nYou can now take the Advance Training missions in order to unlock another Specialization, or to gain an additional 500 UP!!!",,,,,,,,,,恭喜！你已达成[c][006eff]医疗[-][/c]等级3！\n\n你现在可以接受进阶训练任务以解锁另一个专精，或获得额外500UP！！！,,,,,,
pda_eGmKO,Congratulations! You've achieved Rank 4 of [c][006eff]Medical[-][/c]!,,,,,,,,,,恭喜！你已达成[c][006eff]医疗[-][/c]等级4！,,,,,,
pda_8Ouw8,Anti Radiation Injection,,,,,,,,,,抗辐射注射剂,,,,,,
pda_SmC4O,Craft 4 Anti Radiation Injections,,,,,,,,,,制作4支抗辐射注射剂,,,,,,
pda_i4GOK,Medium Health Packs,,,,,,,,,,中型医疗包,,,,,,
pda_4WOSW,Craft 25 Medium Health Packs,,,,,,,,,,制作25个中型医疗包,,,,,,
pda_cGm48,Specialty: Exploration (Temperate),,,,,,,,,,专精：探索（温带）,,,,,,
pda_aqGOS,Infiltrate a Zirax Com Station to gain access to their communications array. (You will need to be under 150 Metes from its core),,,,,,,,,,渗透一个兹瑞克斯通讯站以访问其通讯阵列。（你需要距离其核心150米以内）,,,,,,
pda_SOaqa,Congratulations! You've achieved Rank 1 of [c][ff00f7]Exploration[-][/c]!,,,,,,,,,,恭喜！你已达成[c][ff00f7]探索[-][/c]等级1！,,,,,,
pda_qSm0m,Locate the Rados Com Center,,,,,,,,,,找到拉多斯通讯中心,,,,,,
pda_0G0eS,Com Center,,,,,,,,,,通讯中心,,,,,,
pda_mwK8S,Locate the Rados Com Center,,,,,,,,,,找到拉多斯通讯中心,,,,,,
pda_SeC8S,Congratulations! You've achieved Rank 6 of [c][ff00f7]Exploration[-][/c]!,,,,,,,,,,恭喜！你已达成[c][ff00f7]探索[-][/c]等级6！,,,,,,
pda_euK40,Achieved Rank 1 of [c][ff00f7]Exploration[-][/c].,,,,,,,,,,已达成[c][ff00f7]探索[-][/c]等级1。,,,,,,
pda_0KeK1,Access the Com Center's Communications Array,,,,,,,,,,访问通讯中心的通讯阵列,,,,,,
pda_8aKm0,Access the Console,,,,,,,,,,访问控制台,,,,,,
pda_0mCAm,Access the Com Array Console in the Rados Com Center,,,,,,,,,,访问拉多斯通讯中心的控制台阵列,,,,,,
pda_SamE0,Approach the Com Array Console,,,,,,,,,,靠近控制台阵列,,,,,,
pda_mOWSS,Locate the facility's Com Array Console,,,,,,,,,,找到设施的控制台阵列,,,,,,
pda_Cq4Oa,Improved Combat Tactics,,,,,,,,,,提升战斗战术,,,,,,
pda_iK4F2,Advanced Training,,,,,,,,,,高级训练,,,,,,
pda_aimmS,Defeat Enemy Forces,,,,,,,,,,击败敌军,,,,,,
pda_m8mGS,Zirax Forces,,,,,,,,,,兹瑞克斯部队,,,,,,
pda_YmEOv,Take out a few Zirax Forces,,,,,,,,,,消灭部分兹瑞克斯部队,,,,,,
pda_m8GIu,Advanced Training Options - Combat,,,,,,,,,,高级训练选项 - 战斗,,,,,,
pda_u00aa,Advanced Food,,,,,,,,,,高级食物,,,,,,
pda_uS04a,Medical Gardening,,,,,,,,,,医用园艺,,,,,,
pda_mGKaW,"Complete Advanced Training in order to gain more Unlock Points in order to either specialize in an additional specialty, or to unlock a large amount of devices and items.",,,,,,,,,,完成高级训练以获得更多解锁点，从而专精额外专长或解锁大量设备和物品。,,,,,,
pda_GumG8,Begin your Advanced Training,,,,,,,,,,开始高级训练,,,,,,
pda_Oue4e,Open your PDA to begin.,,,,,,,,,,打开你的PDA以开始。,,,,,,
pda_qHSaO,Open PDA.,,,,,,,,,,打开PDA,,,,,,
pda_G8q4W,Plant medical crops in order to aid in gathering medical ingredients.,,,,,,,,,,种植药用作物以帮助收集药材。,,,,,,
pda_GSmOC,Plant Medical Plants,,,,,,,,,,种植药用植物,,,,,,
pda_GOaS0,Craft Emergency Rations,,,,,,,,,,制作应急口粮,,,,,,
pda_eiW8O,Craft Emergency Rations,,,,,,,,,,制作应急口粮,,,,,,
pda_Keia8,Emergency Ration.,,,,,,,,,,应急口粮,,,,,,
pda_eOuWe,Plant a Herbal Leaves Sprout,,,,,,,,,,种植草药叶片芽苗,,,,,,
pda_Wa0qW,Herbal Leaves,,,,,,,,,,草药叶片,,,,,,
pda_qeaOO,Plant Fiber Sprout,,,,,,,,,,种植纤维芽苗,,,,,,
pda_44eq0,Fiber,,,,,,,,,,纤维,,,,,,
pda_OOaGa,Plant Plant Protein or Vegetable Sprout,,,,,,,,,,种植植物蛋白或蔬菜芽苗,,,,,,
pda_a4KSO,Plant Protein or Vegetables,,,,,,,,,,植物蛋白或蔬菜,,,,,,
pda_Sq44m,Craft a Lot of Medical Supplies,,,,,,,,,,制作大量医疗用品,,,,,,
pda_SeCem,Craft 30 Bandages,,,,,,,,,,制作30个绷带,,,,,,
pda_0OOCe,Craft 10 Antibiotic Ointment,,,,,,,,,,制作10份抗生素药膏,,,,,,
pda_qiiWG,Craft 10 Anti Toxic Ointment,,,,,,,,,,制作10份抗毒药膏,,,,,,
pda_eNaaO,Craft Bandages,,,,,,,,,,制作绷带,,,,,,
pda_8w2SC,Craft Antibiotic Ointment,,,,,,,,,,制作抗生素药膏,,,,,,
pda_i0WSi,Craft Anti Toxic Ointment,,,,,,,,,,制作抗毒药膏,,,,,,
pda_SemOG,You completed the [c][04ff00]Improved Combat Tactics[-][/c] portion of the Advanced Training Options and received a [c][04ff00]Junk Rifle (T2) [-][/c]and some [c][04ff00]Ammunition[-][/c].,,,,,,,,,,你完成了[c][04ff00]改进战斗战术[-][/c]部分的高级训练选项，并获得了[c][04ff00]垃圾步枪（T2） [-][/c]和一些[c][04ff00]弹药[-][/c]。,,,,,,
pda_MeKO0,"Congratulations! You've completed the [c][04ff00]Improved Combat Tactics[-][/c] portion of the Advanced Training Options! As a reward, you have been given a better [c][04ff00]Junk Weapon [-][/c]and additional [c][04ff00]Ammunition[-][/c]!",,,,,,,,,,恭喜！你完成了[c][04ff00]改进战斗战术[-][/c]部分的高级训练选项！作为奖励，你获得了一把更好的[c][04ff00]垃圾武器 [-][/c]以及额外的[c][04ff00]弹药[-][/c]！,,,,,,
pda_S0seG,"Congratulations! You've completed the [c][006eff]Medical [-][/c][c][ff6f00]Gardening[-][/c] portion of the Advanced Training Options. As a reward, you have been given [c][006eff]advanced medicines[-][/c] to help you!",,,,,,,,,,恭喜！你完成了[c][006eff]医疗 [-][/c][c][ff6f00]园艺[-][/c]部分的高级训练选项！作为奖励，你获得了[c][006eff]高级药物[-][/c]来帮助你！,,,,,,
pda_q0iuG,You completed the [c][006eff]Medical [-][/c][c][ff6f00]Gardening[-][/c] portion of the Advanced Training Options and were rewarded with [c][006eff]advanced medicines[-][/c].,,,,,,,,,,你完成了[c][006eff]医疗 [-][/c][c][ff6f00]园艺[-][/c]部分的高级训练选项，并获得了[c][006eff]高级药物[-][/c]作为奖励。,,,,,,
pda_uKKeC,Congratulations! You've completed the [c][ff6f00]Advanced Food[-][/c] portion of the Advanced Training Options! You have been rewarded with several [c][ff6f00]sprouts [-][/c]to [c][ff6f00]grow [-][/c]ingredients to make more [c][ff6f00]Emergency Rations[-][/c]!,,,,,,,,,,恭喜！你已完成高级训练选项中的[c][ff6f00]高级食物[-][/c]部分！你获得了几个[c][ff6f00]芽苗[-][/c]来[c][ff6f00]种植[-][/c]原料，以制作更多的[c][ff6f00]应急口粮[-][/c]！,,,,,,
pda_4CqOi,"You completed the [c][ff6f00]Advanced Food[-][/c] portion of the Advanced Training Options, and received additional [c][ff6f00]sprouts[-][/c]!",,,,,,,,,,你完成了[c][ff6f00]高级食物[-][/c]部分的高级训练选项，并获得了额外的[c][ff6f00]芽苗[-][/c]！,,,,,,
pda_qJKCi,Take out the core of a Zirax Orbital Patrol Vessel,,,,,,,,,,摧毁一艘兹瑞克斯轨道巡逻飞船的核心,,,,,,
pda_4mWCi,Defeat a Zirax Orbital Patrol Vessel,,,,,,,,,,击败一艘兹瑞克斯轨道巡逻飞船,,,,,,
pda_maC8i,Orbital Patrol Vessels,,,,,,,,,,轨道巡逻飞船,,,,,,
pda_wGuC8,Well Done!!!! You [c][04ff00]took out[-][/c] more [c][ff0000]Space Drones[-][/c] than I thought you could! You've become a [c][04ff00]Drone Demolitions Demon[-][/c]!!!!!\n\nCongratulations! You've achieved Rank 6 of [c][04ff00]Combat[-][/c]!,,,,,,,,,,干得好！！你[c][04ff00]干掉了[-][/c]比我预想中更多的[c][ff0000]太空无人机[-][/c]！你简直成了[c][04ff00]无人机爆破狂魔[-][/c]！！\n\n恭喜！你已达到[c][04ff00]战斗[-][/c]等级6！,,,,,,
pda_XKi0u,Achieved Rank 6 of [c][04ff00]Combat[-][/c].,,,,,,,,,,达到[c][04ff00]战斗[-][/c]等级6。,,,,,,
pda_8Ccqe,Congratulations! You've achieved Rank 7 of [c][04ff00]Combat[-][/c]!,,,,,,,,,,恭喜！你已达到[c][04ff00]战斗[-][/c]等级7！,,,,,,
pda_gOeS8,Achieved Rank 7 of [c][04ff00]Combat[-][/c].,,,,,,,,,,达到[c][04ff00]战斗[-][/c]等级7。,,,,,,
pda_i0eiw,Find a Derelict Orbital Station,,,,,,,,,,寻找废弃轨道站,,,,,,
pda_MauKm,Locate an appropriate Derelict Orbital Station.,,,,,,,,,,找到一座合适的废弃轨道站。,,,,,,
pda_GGC4G,Locate a Derelict Orbital Station,,,,,,,,,,定位一座废弃轨道站,,,,,,
pda_ikaMC,Resource Auto-Mining,,,,,,,,,,资源自动采矿,,,,,,
pda_OSWuW,Place an Auto-Miner,,,,,,,,,,放置自动采矿机,,,,,,
pda_WCmmt,Place an Auto-Miner,,,,,,,,,,放置自动采矿机,,,,,,
pda_O4QmK,Achieved Rank 6 of [c][ffc800]Engineering[-][/c].,,,,,,,,,,达到[c][ffc800]工程[-][/c]等级6。,,,,,,
pda_iO0c4,Achieved Rank 7 of [c][ffc800]Engineering[-][/c].,,,,,,,,,,达到[c][ffc800]工程[-][/c]等级7。,,,,,,
pda_8aaTC,"With these [c][ffc800]Auto-Miners[-][/c], you should begin [c][ffc800]gathering resources[-][/c] a lot quicker.\n\nCongratulations! You've achieved Rank 6 of [c][ffc800]Engineering[-][/c]!",,,,,,,,,,有了这些[c][ffc800]自动采矿机[-][/c]，你应该能更快地开始[c][ffc800]采集资源[-][/c]。\n\n恭喜！你已达到[c][ffc800]工程[-][/c]等级6！,,,,,,
pda_C084a,[c][ffc800]TELEPORTATION SYSTEMS[-][/c] ONLINE!!!! Now we're talking!\n\nCongratulations! You've achieved Rank 7 of [c][ffc800]Engineering[-][/c]!,,,,,,,,,,[c][ffc800]传送系统[-][/c]上线了！！这才像话！\n\n恭喜！你已达到[c][ffc800]工程[-][/c]等级7！,,,,,,
pda_WSe89,Quarantine Quandary,,,,,,,,,,检疫困境,,,,,,
pda_iOaaW,Mysterious Source,,,,,,,,,,神秘来源,,,,,,
pda_e9qmi,Mysterious Alien Alter,,,,,,,,,,神秘的外星祭坛,,,,,,
pda_esmei,"Follow the clues from the Alien Alter to try and find the ""Cursed Planet""\nS.A.S.H.A. has theorized that the Mysterious Signals may have orrigniated from around a Black Hole called ""Vertron"" at Galactic Coordinates [150, 10, 110].",,,,,,,,,,"跟随外星祭坛的线索，尝试找到“诅咒之星”。\nS.A.S.H.A.推测，神秘信号可能源自一个名为“沃特隆”的黑洞附近，银河坐标[150, 10, 110]。",,,,,,
pda_Be8Cu,"Among the Various Science Equipment and Medikits, you find a Datapad with what appears to be valuable research into the strange mutated creatures.",,,,,,,,,,在各种科学设备和医疗包中，你发现了一个数据板，上面似乎记录着对奇怪突变生物的有价值研究。,,,,,,
pda_uGwG4,Access the Quarantine Locker,,,,,,,,,,访问检疫储物柜,,,,,,
pda_u4mqO,Get Your Reward,,,,,,,,,,获取奖励,,,,,,
pda_SmSWS,Open the Quarantine Locker to get your reward.,,,,,,,,,,打开检疫储物柜领取奖励。,,,,,,
pda_0eOai,Scientific Investigation: Quarantine Station,,,,,,,,,,科学调查：检疫站,,,,,,
pda_8mK8E,Aproach the Quarantine Station,,,,,,,,,,接近检疫站,,,,,,
pda_iGSG0,Make your way to the Quarantine Station in orbit around Vextar Orntell.,,,,,,,,,,前往维克斯塔·奥恩特尔轨道上的检疫站。,,,,,,
pda_hWSe8,Congratulations! You've achieved Rank 6 of [c][006eff]Medical[-][/c]!,,,,,,,,,,恭喜！你已达到[c][006eff]医疗[-][/c]等级6！,,,,,,
pda_Ki0CO,Achieved Rank 7 of [c][006eff]Medical[-][/c].,,,,,,,,,,达到[c][006eff]医疗[-][/c]等级7。,,,,,,
pda_iaCq4,Congratulations! You've achieved Rank 7 of [c][006eff]Medical[-][/c]!,,,,,,,,,,恭喜！你已达到[c][006eff]医疗[-][/c]等级7！,,,,,,
pda_eGeuW,Achieved Rank 6 of [c][006eff]Medical[-][/c].,,,,,,,,,,达到[c][006eff]医疗[-][/c]等级6。,,,,,,
pda_GiaXE,Staking Your Claim,,,,,,,,,,宣示主权,,,,,,
pda_mOKkO,Destroy Core,,,,,,,,,,摧毁核心,,,,,,
pda_0eqCM,Destroy the Core of the Derelict Orbital Station,,,,,,,,,,摧毁废弃轨道站的核心,,,,,,
pda_0WWge,Claim the Station,,,,,,,,,,占领空间站,,,,,,
pda_CeW2G,Place a Core to Claim the Station,,,,,,,,,,放置核心以占领空间站,,,,,,
pda_Saa66,"Now that the old Core has been destroyed, place your own core to claim the station.",,,,,,,,,,既然旧核心已被摧毁，放置你自己的核心来占领该空间站。,,,,,,
pda_4S8GK,Craft Auto-Miners,,,,,,,,,,制作自动采矿机,,,,,,
pda_a8KKW,Craft Five (5) Auto-Miners,,,,,,,,,,制作五台自动采矿机,,,,,,
pda_em488,Resource Auto-Mining,,,,,,,,,,资源自动采矿,,,,,,
pda_CqCC0,"Now that you have plenty of [c][ffc800]Auto-Miners[-][/c], place them on [c][ffc800]resource deposits[-][/c] to start [c][ffc800]gathering resources[-][/c].",,,,,,,,,,既然你有了足够的[c][ffc800]自动采矿机[-][/c]，就把它们放置在[c][ffc800]资源矿藏[-][/c]上，开始[c][ffc800]采集资源[-][/c]。,,,,,,
pda_qGaiKWi,"Well Done! While the [c][ffc800]Survival Tool [-][/c]is a decent defense against most hostile creatures, better [c][04ff00]weapons [-][/c]are required to take on enemy forces. You now have a [c][04ff00]Personal Weapon [-][/c]and some [c][04ff00]Ammunition [-][/c]to aid in this.",,,,,,,,,,干得好！虽然[c][ffc800]生存工具 [-][/c]是抵御大多数敌对生物的有效手段，但面对敌方势力时需要更强大的[c][04ff00]武器 [-][/c]。你现在拥有了一把[c][04ff00]个人武器 [-][/c]和一些[c][04ff00]弹药 [-][/c]来协助作战。,,,,,,
pda_pOuWCiK,Congratulations! You've made your first kill and proven yourself a capable warrior.,,,,,,,,,,恭喜！你完成了首次击杀，证明了自己是一名合格的战士。,,,,,,
pda_GoSKaKm,Open PDA,,,,,,,,,,打开PDA,,,,,,
pda_qqCGmii,Open PDA,,,,,,,,,,打开PDA,,,,,,
pda_KS0WCGO,Get to a safe location and open your PDA,,,,,,,,,,前往安全地点并打开你的PDA。,,,,,,
pda_qFdaKFW,Open PDA,,,,,,,,,,打开PDA,,,,,,
pda_GqOWVGW,Open PDA,,,,,,,,,,打开PDA,,,,,,
pda_OqUaiYM,Open PDA,,,,,,,,,,打开PDA,,,,,,
pda_KCqaOSi,Get to a safe location and open your PDA,,,,,,,,,,前往安全地点并打开你的PDA。,,,,,,
pda_GcuS8q8,Open PDA to Continue,,,,,,,,,,打开PDA以继续,,,,,,
pda_miiK4mq,Open PDA,,,,,,,,,,打开PDA,,,,,,
pda_GOK8u4a,Open PDA,,,,,,,,,,打开PDA,,,,,,
pda_SqOiSiK,Get to a safe location and open your PDA.,,,,,,,,,,前往安全地点并打开你的PDA。,,,,,,
pda_O8Y00qC,Open PDA,,,,,,,,,,打开PDA,,,,,,
pda_JCm8YG8,Open PDA,,,,,,,,,,打开PDA,,,,,,
pda_uOSK0OG,Open PDA,,,,,,,,,,打开PDA,,,,,,
pda_mGSOh8q,Get to a safe location and open your PDA.,,,,,,,,,,前往安全地点并打开你的PDA。,,,,,,
pda_KGaauWV,Specialty: Combat,,,,,,,,,,专精：战斗,,,,,,
pda_KCq4mG0,Specialize in Combat to gain Ranks in this specialization.,,,,,,,,,,专精战斗以提升该专精的等级。,,,,,,
pda_uWuuiCa,Unlock Check,,,,,,,,,,解锁检查,,,,,,
pda_2eKiGie,This is a Check to see if the Combat Specialization has been unlocked.,,,,,,,,,,这是用于检查战斗专精是否已解锁的检测。,,,,,,
pda_0uOCOWK,Specialty: Engineering,,,,,,,,,,专精：工程,,,,,,
pda_CmqKi8M,Unlock Check,,,,,,,,,,解锁检查,,,,,,
pda_uSG0wS0,This is a Check to see if the Engineering Specialization has been unlocked.,,,,,,,,,,这是用于检查工程专精是否已解锁的检测。,,,,,,
pda_ummie4O,Specialize in Engineering to gain Ranks in this specialization.,,,,,,,,,,专精工程以提升该专精的等级。,,,,,,
pda_Gb0quOa,Specialty: Exploration,,,,,,,,,,专精：探索,,,,,,
pda_DYmWmqq,Specialize in Exploration to gain Ranks in this specialization.,,,,,,,,,,专精探索以提升该专精的等级。,,,,,,
pda_eQGOWG8,Unlock Check,,,,,,,,,,解锁检查,,,,,,
pda_4u2Seei,This is a Check to see if the Exploration Specialization has been unlocked.,,,,,,,,,,这是用于检查探索专精是否已解锁的检测。,,,,,,
pda_Oi8KoWK,Specialty: Medical,,,,,,,,,,专业：医疗,,,,,,
pda_mbaeA40,Unlock Check,,,,,,,,,,解锁检测,,,,,,
pda_ASuWSWC,This is a Check to see if the Medical Specialization has been unlocked.,,,,,,,,,,这是一个检查医疗专业是否已解锁的检测。,,,,,,
pda_GS4mSWm,Specialize in Medical to gain Ranks in this specialization.,,,,,,,,,,专精医疗以获得该专业等级。,,,,,,
pda_iMm4SSC,Basic Training (Arid),,,,,,,,,,基础训练（干旱）,,,,,,
pda_0K8KqmS,Oxygen,,,,,,,,,,氧气,,,,,,
pda_OWKCaqW,Learn how to create [c][0062ff]Oxygen[-][/c],,,,,,,,,,学习如何制造[c][0062ff]氧气[-][/c],,,,,,
pda_CKiOesi,You completed the [c][0062ff]Oxygen [-][/c]portion of Basic Training and received five [c][0062ff]Small Oxygen Bottles[-][/c] as a reward.,,,,,,,,,,你完成了基础训练的[c][0062ff]氧气[-][/c]部分，并获得五个[c][0062ff]小型氧气瓶[-][/c]作为奖励。,,,,,,
pda_0i8OGac,Oxygen Creation,,,,,,,,,,氧气制造,,,,,,
pda_i8e440m,Place Water/O2 Condenser,,,,,,,,,,放置水/氧冷凝器,,,,,,
pda_4WacqOG,Place a Water/O2 Condenser,,,,,,,,,,放置水/氧冷凝器,,,,,,
pda_k84uqG4,Emergency Oxygen,,,,,,,,,,紧急氧气,,,,,,
pda_8odOKWe,Craft Emergency Oxygen,,,,,,,,,,制作紧急氧气,,,,,,
pda_isGCWGY,Craft 1 Emergency O2,,,,,,,,,,制作 1 个紧急氧气,,,,,,
pda_upj4C8u,Fuel Your Condenser,,,,,,,,,,为冷凝器加燃料,,,,,,
pda_KCe0iuS,Place Fuel in the Water/O2 Condenser.,,,,,,,,,,将燃料放入水/氧冷凝器中。,,,,,,
pda_qOiOiOq,Basic Training,,,,,,,,,,基础训练,,,,,,
chptitleExplorationArid1,Rank 1,,,,,,,,,,等级 1,,,,,,
chpdescExplorationArid1,Craft a Motorbike and find an interesting POI.,,,,,,,,,,制作一辆摩托车并找到一个有趣的兴趣点。,,,,,,
tasktitleExplorationArid1a,Craft a Hover bike,,,,,,,,,,制作一辆悬浮摩托,,,,,,
acttitleExplorationArid1a,Craft a Hover bike,,,,,,,,,,制作一辆悬浮摩托,,,,,,
actdescExplorationArid1a,Craft a Hover bike to use to explore nearby locations.,,,,,,,,,,制作一辆悬浮摩托用于探索附近地点。,,,,,,
acttitleExplorationArid1b,Locate an Interesting POI on this planet,,,,,,,,,,在星球上定位一个有趣的兴趣点,,,,,,
actdescExplorationArid1b,Use your Hover bike to locate an Interesting POI. NOTE: POIs that are part of a mission are often represented by a Chevron instead of the typical POI indicator on the map. You will need to be close to it (<50m),,,,,,,,,,使用悬浮摩托定位一个有趣的兴趣点。注意：作为任务一部分的兴趣点在地图上通常以 V 形标记显示，而不是典型的兴趣点指示器。你需要靠近它（<50米）。,,,,,,
chptitleExplorationArid2,Rank 2,,,,,,,,,,等级 2,,,,,,
chpdescExplorationArid2,Construct a Scout Vessel using a Graviton Thrust Drive.,,,,,,,,,,使用引力子推进器建造一艘侦察飞船。,,,,,,
chptitleExplorationArid3,Rank 3,,,,,,,,,,等级 3,,,,,,
chpdescExplorationArid3,Locate the Rados Drone Base.,,,,,,,,,,定位 Rados 无人机基地。,,,,,,
tasktitleExplorationArid3b,Rados Drone Base,,,,,,,,,,Rados 无人机基地,,,,,,
acttitleExplorationArid3b,Locate the Zirax Drone Base on this planet.,,,,,,,,,,在星球上定位兹瑞克斯无人机基地。,,,,,,
actdescExplorationArid3b,Use your Small Vessel to find the House Rados Drone Base in order to take it out later. (Fly as close as you dare!),,,,,,,,,,使用你的小型飞船找到 House Rados 无人机基地，以便稍后将其摧毁。（尽量飞近！）,,,,,,
chptitleExplorationArid4,Rank 4,,,,,,,,,,等级 4,,,,,,
chpdescExplorationArid4,Locate a Derelict Orbital Station.,,,,,,,,,,定位一个废弃轨道空间站。,,,,,,
tasktitleExplorationArid4,Derelict Orbital Station,,,,,,,,,,废弃轨道空间站,,,,,,
acttitleExplorationArid4,Locate a Derelict Orbital Station,,,,,,,,,,定位一个废弃轨道空间站,,,,,,
actdescExplorationArid4,Find a Derelict Orbital Station to turn into a base.,,,,,,,,,,找到一个废弃轨道空间站并将其改造成基地。,,,,,,
chptitleExplorationArid5,Rank 6,,,,,,,,,,等级 6,,,,,,
tasktitleExplorationArid5a,Mysterious Signals (Part 1),,,,,,,,,,神秘信号（第 1 部分）,,,,,,
acttitleExplorationArid5a1,Scan Uropea Obelisk,,,,,,,,,,扫描 Uropea 方尖碑,,,,,,
actdescExplorationArid5a1,Locate the Obelisk on the planet Uropea,,,,,,,,,,在 Uropea 星球上定位方尖碑,,,,,,
acttitleExplorationArid5a2,Scan Or Madra Obelisk,,,,,,,,,,扫描 Or Madra 方尖碑,,,,,,
actdescExplorationArid5a2,Locate the Obelisk on  the planet Or Madra!,,,,,,,,,,在 Or Madra 星球上定位方尖碑！,,,,,,
acttitleExplorationArid5a3,Scan Nomspera Obelisk,,,,,,,,,,扫描 Nomspera 方尖碑,,,,,,
actdescExplorationArid5a3,Locate the Obelisk on the planet Nomspera.,,,,,,,,,,在 Nomspera 星球上定位方尖碑。,,,,,,
tasktitleExplorationArid5b,Mysterious Signals (Part 2),,,,,,,,,,神秘信号（第 2 部分）,,,,,,
acttitleExplorationArid5b,Resona,,,,,,,,,,Resona,,,,,,
actdescExplorationArid5b,Enter Obit of Resona,,,,,,,,,,进入 Resona 轨道,,,,,,
chptitleExplorationArid6,Rank 5 - Rados Com Center,,,,,,,,,,等级 5 - Rados 通信中心,,,,,,
chptitleExplorationArid7,Rank 7,,,,,,,,,,等级 7,,,,,,
tasktitleExplorationArid7,An Eerie Energy,,,,,,,,,,一股诡异能量,,,,,,
acttitleExplorationArid7,Eerie Energy Source,,,,,,,,,,诡异能量源,,,,,,
actdescExplorationArid7,Locate the source of the Eerie Energy emanating from the Cursed Planet.,,,,,,,,,,定位从诅咒星球发出的诡异能量的来源。,,,,,,
pda_AridExplorer,Specialty: Exploration (Arid),,,,,,,,,,专业：探索（干旱）,,,,,,
tasktitleExplorationArid1b,Interesting Discoveries,,,,,,,,,,有趣的发现,,,,,,
chptitleMedicalArid1,Rank 1,,,,,,,,,,等级 1,,,,,,
chpdescMedicalArid1,Craft enough medical supplies to support you and your allies.,,,,,,,,,,制作足够的医疗补给来支持你和你的盟友。,,,,,,
tasktitleMedicalArid1,Medical Supplies,,,,,,,,,,医疗补给,,,,,,
acttitleMedicalArid1a,Bandages,,,,,,,,,,绷带,,,,,,
actdescMedicalArid1a,Craft 10 Bandages,,,,,,,,,,制作 10 个绷带,,,,,,
acttitleMedicalArid1b,Antibiotic Ointment,,,,,,,,,,抗生素药膏,,,,,,
actdescMedicalArid1b,Craft 4 Antibiotic Ointment,,,,,,,,,,制作 4 支抗生素药膏,,,,,,
acttitleMedicalArid1c,Antitoxic Ointment,,,,,,,,,,抗毒素药膏,,,,,,
actdescMedicalArid1c,Craft 4 Antitoxic Ointment,,,,,,,,,,制作 4 支抗毒素药膏,,,,,,
acttitleMedicalArid1d,Antiradiation Ointment,,,,,,,,,,抗辐射药膏,,,,,,
actdescMedicalArid1d,Craft 4 Antiradiation Ointment,,,,,,,,,,制作 4 支抗辐射药膏,,,,,,
chptitleMedicalArid2,Rank 2,,,,,,,,,,等级 2,,,,,,
chpdescMedicalArid2,Craft Medical Pills for your group.,,,,,,,,,,为你的团队制作医疗药片。,,,,,,
tasktitleMedicalArid2,Improved Medical Supplies,,,,,,,,,,改进的医疗补给,,,,,,
acttitleMedicalArid2a,Small Health Packs,,,,,,,,,,小型健康包,,,,,,
actdescMedicalArid2a,Craft 10 Small Health Packs,,,,,,,,,,制作 10 个小型健康包,,,,,,
acttitleMedicalArid2b,Antibiotic Pills,,,,,,,,,,抗生素药片,,,,,,
actdescMedicalArid2b,Craft 4 Antibiotic Pills,,,,,,,,,,制作 4 粒抗生素药片,,,,,,
acttitleMedicalArid2c,Antitoxic Pills,,,,,,,,,,抗毒素药片,,,,,,
actdescMedicalArid2c,Craft 4 Antitoxic Pills,,,,,,,,,,制作 4 粒抗毒素药片,,,,,,
acttitleMedicalArid2d,Anti Radiation Pills,,,,,,,,,,抗辐射药片,,,,,,
actdescMedicalArid2d,Craft 4 Anti Radiaton Pills,,,,,,,,,,制作 4 粒抗辐射药片,,,,,,
acttitleMedicalArid2e,Antiparasite Pills,,,,,,,,,,抗寄生虫药片,,,,,,
actdescMedicalArid2e,Craft 4 Antiparasite Pills,,,,,,,,,,制作 4 粒抗寄生虫药片,,,,,,
chptitleMedicalArid3,Rank 3,,,,,,,,,,等级 3,,,,,,
chpdescMedicalArid3,Craft Medical Injections for your group,,,,,,,,,,为你的团队制作医疗注射液,,,,,,
tasktitleMedicalArid3,Improved Medical Supplies,,,,,,,,,,改进的医疗补给,,,,,,
acttitleMedicalArid3a,Antibiotic Injection,,,,,,,,,,抗生素注射液,,,,,,
actdescMedicalArid3a,Craft 4 Antibiotic Injections,,,,,,,,,,制作 4 支抗生素注射液,,,,,,
acttitleMedicalArid3b,Antitoxic Injection,,,,,,,,,,抗毒素注射液,,,,,,
actdescMedicalArid3b,Craft 4 Antitoxic Injections,,,,,,,,,,制作 4 支抗毒素注射液,,,,,,
acttitleMedicalArid3c,Anti Parasite Injection,,,,,,,,,,抗寄生虫注射液,,,,,,
actdescMedicalArid3c,Craft 4 Anti Parasite Injections,,,,,,,,,,制作 4 支抗寄生虫注射液,,,,,,
chptitleMedicalArid4,Rank 4,,,,,,,,,,等级 4,,,,,,
chpdescMedicalArid4,Set up and stock your Sickbay,,,,,,,,,,建立并储备你的医务室,,,,,,
tasktitleMedicalArid4A,Set up your Sickbay,,,,,,,,,,建立你的医务室,,,,,,
acttitleMedicalArid4Aa,Medic Station,,,,,,,,,,医护站,,,,,,
actdescMedicalArid4Aa,Place a Medic Station,,,,,,,,,,放置医护站,,,,,,
acttitleMedicalArid4Ab,Medical Station 1,,,,,,,,,,医疗站 1,,,,,,
actdescMedicalArid4Ab,Place a Medical Station 1,,,,,,,,,,放置医疗站 1,,,,,,
acttitleMedicalArid4Ac,Medical Station 2,,,,,,,,,,医疗站 2,,,,,,
actdescMedicalArid4Ac,Place a Medical Station 2,,,,,,,,,,放置医疗站 2,,,,,,
acttitleMedicalArid4Ad,Medical Station 3,,,,,,,,,,医疗站 3,,,,,,
actdescMedicalArid4Ad,Place a Medical Station 3,,,,,,,,,,放置医疗站 3,,,,,,
acttitleMedicalArid4Ae,Medical Station 4,,,,,,,,,,医疗站 4,,,,,,
actdescMedicalArid4Ae,Place a Medical Station 4,,,,,,,,,,放置医疗站 4,,,,,,
acttitleMedicalArid4Af,Food Processor,,,,,,,,,,食物处理器,,,,,,
actdescMedicalArid4Af,Place a Food Processor,,,,,,,,,,放置一个食物处理器,,,,,,
acttitleMedicalArid4Ag,Fridge,,,,,,,,,,冰箱,,,,,,
actdescMedicalArid4Ag,Place a Fridge,,,,,,,,,,放置一个冰箱,,,,,,
tasktitleMedicalArid4B,Stock your Sickbay,,,,,,,,,,储备你的医务室,,,,,,
acttitleMedicalArid4Ba,Bandages,,,,,,,,,,绷带,,,,,,
actdescMedicalArid4Ba,Craft 50 Bandages,,,,,,,,,,制作 50 个绷带,,,,,,
acttitleMedicalArid4Bb,Antibiotic Ointment,,,,,,,,,,抗生素药膏,,,,,,
actdescMedicalArid4Bb,Craft 10 Antibiotic Ointments,,,,,,,,,,制作 10 支抗生素药膏,,,,,,
acttitleMedicalArid4Bc,Antitoxic Ointment,,,,,,,,,,抗毒药膏,,,,,,
actdescMedicalArid4Bc,Craft 10 Antitoxic Ointments,,,,,,,,,,制作 10 支抗毒药膏,,,,,,
acttitleMedicalArid4Bd,Antiradiation Ointment,,,,,,,,,,抗辐射药膏,,,,,,
actdescMedicalArid4Bd,Craft 10 Antiradiaiont Ointments,,,,,,,,,,制作 10 支抗辐射药膏,,,,,,
acttitleMedicalArid4Be,Antibiotic Pills,,,,,,,,,,抗生素药片,,,,,,
actdescMedicalArid4Be,Craft 6 Antibiotic Pills,,,,,,,,,,制作 6 粒抗生素药片,,,,,,
acttitleMedicalArid4Bf,Antitoxic Pills,,,,,,,,,,抗毒药片,,,,,,
actdescMedicalArid4Bf,Craft 6 Antitoxic Pills,,,,,,,,,,制作 6 粒抗毒药片,,,,,,
acttitleMedicalArid4Bg,Anti Radiation Pills,,,,,,,,,,抗辐射药片,,,,,,
actdescMedicalArid4Bg,Craft 6 Anti Radiation Pills,,,,,,,,,,制作 6 粒抗辐射药片,,,,,,
acttitleMedicalArid4Bh,Antiparasite Pills,,,,,,,,,,抗寄生虫药片,,,,,,
actdescMedicalArid4Bh,Craft 6 Antiparasite Pills,,,,,,,,,,制作 6 粒抗寄生虫药片,,,,,,
acttitleMedicalArid4Bi,Antibiotic Injection,,,,,,,,,,抗生素注射剂,,,,,,
actdescMedicalArid4Bi,Craft 4 Antibiotic Injections,,,,,,,,,,制作 4 支抗生素注射剂,,,,,,
acttitleMedicalArid4Bj,Antitoxic Injection,,,,,,,,,,抗毒注射剂,,,,,,
actdescMedicalArid4Bj,Craft 4 Antitoxic Injections,,,,,,,,,,制作 4 支抗毒注射剂,,,,,,
acttitleMedicalArid4Bk,Antiradiation Injection,,,,,,,,,,抗辐射注射剂,,,,,,
actdescMedicalArid4Bk,Craft 4 Antiradiation Injections,,,,,,,,,,制作 4 支抗辐射注射剂,,,,,,
acttitleMedicalArid4Bl,Antiparasite Injection,,,,,,,,,,抗寄生虫注射剂,,,,,,
actdescMedicalArid4Bl,Craft 4 Antiparasite Injections,,,,,,,,,,制作 4 支抗寄生虫注射剂,,,,,,
chptitleMedicalArid5,Rank 5 - Medical Resupply,,,,,,,,,,等级 5 - 医疗补给,,,,,,
chpdescMedicalArid5,We've received an urgent message from the Polaris Medial Authority requesting assistance at Resona which has been placed under Quarantine. Head there and see if you can help out.,,,,,,,,,,我们收到了极星医疗管理局的紧急消息，请求协助被隔离的雷索纳。前往那里看看能否提供帮助。,,,,,,
tasktitleMedicalArid5a,Medical Resupply: Resona,,,,,,,,,,医疗补给：雷索纳,,,,,,
acttitleMedicalArid5b,Talk to the Administrator Berel,,,,,,,,,,与管理员贝雷尔交谈,,,,,,
actdescMedicalArid5b,Talk to Administrator Berel on the Quarantine Station,,,,,,,,,,与隔离站的管理员贝雷尔交谈,,,,,,
tasktitleMedicalArid5c,Medical Resupply: Planetary Entry,,,,,,,,,,医疗补给：行星进入,,,,,,
acttitleMedicalArid5c,Teleport to Quarantine Base Beta.,,,,,,,,,,传送到贝塔隔离基地。,,,,,,
actdescMedicalArid5c,Use the teleporter on the Quarantine Station to teleport to the Quarantine Base on Resona.\nThe Teleporter Access Code is: 1377.,,,,,,,,,,使用隔离站上的传送器传送至雷索纳上的隔离基地。\n传送器访问代码：1377。,,,,,,
tasktitleMedicalArid5e,Medical Resupply: Quarantine Base Beta - Security Office,,,,,,,,,,医疗补给：贝塔隔离基地 - 安全办公室,,,,,,
acttitleMedicalArid5e,Talk to the Security Chief,,,,,,,,,,与安全主管交谈,,,,,,
actdescMedicalArid5e,Talk to the Security Chief in the Security Office,,,,,,,,,,与安全办公室的安全主管交谈,,,,,,
tasktitleMedicalArid5f,Medical Resupply: Mysterious Structure,,,,,,,,,,医疗补给：神秘建筑,,,,,,
tasktitleMedicalArid5l,Medical Resupply: A Way Out,,,,,,,,,,医疗补给：出路,,,,,,
acttitleMedicalArid5l,Find a way out and return to Quarantine Base Beta,,,,,,,,,,找到出路并返回贝塔隔离基地,,,,,,
actdescMedicalArid5l,Find your way out of the mysterious structure and return to Quarantine Base Beta with the Medical Research.,,,,,,,,,,设法离开神秘建筑，带着医疗研究返回贝塔隔离基地。,,,,,,
tasktitleMedicalArid5m,Medical Resupply: Conclusion,,,,,,,,,,医疗补给：结论,,,,,,
acttitleMedicalArid5m,Report to the Security Chief,,,,,,,,,,向安全主管报告,,,,,,
actdescMedicalArid5m,Give the MedicalArid Research to the Security Chief of Quarantine Base Beta,,,,,,,,,,将医疗（干旱）研究交给贝塔隔离基地的安全主管,,,,,,
chptitleMedicalArid6,Rank 6,,,,,,,,,,等级 6,,,,,,
chpdescMedicalArid6,Set up a medical garden to grow plants to help you with crafting basic medicines.,,,,,,,,,,设置一个医疗花园来种植植物，以帮助你制作基本药物。,,,,,,
tasktitleMedicalArid6,Setting up a Garden,,,,,,,,,,设置花园,,,,,,
acttitleMedicalArid6c,Place Growing Plots,,,,,,,,,,放置种植槽,,,,,,
actdescMedicalArid6c,Place Grow Plots to plant medical Plants in.,,,,,,,,,,放置种植槽以种植医疗植物。,,,,,,
acttitleMedicalArid6d,Place Grow Lights,,,,,,,,,,放置生长灯,,,,,,
actdescMedicalArid6d,Place Grow Lights to help your plants grow.,,,,,,,,,,放置生长灯以帮助植物生长。,,,,,,
tasktitleMedicalArid6b,Growing medical Plants,,,,,,,,,,种植医疗植物,,,,,,
acttitleMedicalArid6e,Place Aloe Vera Sprout,,,,,,,,,,放置芦荟苗,,,,,,
actdescMedicalArid6e,"Herbal Plants, like Aloe Very, can be used to make a variety of medicines.",,,,,,,,,,草本植物（如芦荟）可用于制作多种药物。,,,,,,
acttitleMedicalArid6f,Place Fiber Plant Sprout,,,,,,,,,,放置纤维植物苗,,,,,,
actdescMedicalArid6f,"Plant Fibers can be used to make Bandages, the most basic medical item.",,,,,,,,,,植物纤维可用于制作绷带，这是最基本的医疗物品。,,,,,,
acttitleMedicalArid6g,Place Ahax Plant Sprout,,,,,,,,,,放置阿赫克斯植物苗,,,,,,
actdescMedicalArid6g,"Plant Protein, like Ahex, can be used in numerous medicinal products.",,,,,,,,,,植物蛋白（如阿赫克斯）可用于多种医药产品。,,,,,,
acttitleMedicalArid6h,Place Mushroom Sprout,,,,,,,,,,放置蘑菇苗,,,,,,
actdescMedicalArid6h,Mushrooms are used in most anti-radiation products.,,,,,,,,,,蘑菇用于大多数抗辐射产品。,,,,,,
acttitleMedicalArid6i,Place Spice Sprout,,,,,,,,,,放置香料苗,,,,,,
actdescMedicalArid6i,Spice is a key ingrediant in Stomach Pills,,,,,,,,,,香料是肠胃药片的关键成分,,,,,,
acttitleMedicalArid6j,Place Kavae or Coffee Sprout,,,,,,,,,,放置卡瓦或咖啡苗,,,,,,
actdescMedicalArid6j,Natural Stimulnats are key ingredients for stamina and immunity-boosting medicines.,,,,,,,,,,天然刺激剂是制作耐力和免疫力增强药物的关键成分。,,,,,,
chptitleMedicalArid7,Rank 7,,,,,,,,,,等级 7,,,,,,
chpdescMedicalArid7,Craft a bunch of Medikits,,,,,,,,,,制作一堆医疗包,,,,,,
tasktitleMedicalArid7,Medikits for Days (and Days and Days),,,,,,,,,,医疗包用不完（日复一日）,,,,,,
acttitleMedicalArid7a,First Aid Kits,,,,,,,,,,急救包,,,,,,
actdescMedicalArid7a,Craft 25 First Aid Kits,,,,,,,,,,制作 25 个急救包,,,,,,
acttitleMedicalArid7b,Detox Kits,,,,,,,,,,解毒医疗包,,,,,,
actdescMedicalArid7b,Craft 25 Detox Kits,,,,,,,,,,制作 25 个解毒医疗包,,,,,,
acttitleMedicalArid7c,Decontamination Kits,,,,,,,,,,去污套件,,,,,,
actdescMedicalArid7c,Craft 25 Decontamination Kits,,,,,,,,,,制作 25 个去污套件,,,,,,
acttitleMedicalArid7d,Large Health Packs,,,,,,,,,,大型医疗包,,,,,,
actdescMedicalArid7d,Craft 100 Large Health Packs,,,,,,,,,,制作 100 个大型医疗包,,,,,,
pda_CCeCiM8,Specialty: Medical (Arid),,,,,,,,,,专精：医疗（干旱）,,,,,,
pda_qWGCcGC,Deliver Supplies,,,,,,,,,,运送补给,,,,,,
pda_4uauSiO,Deliver the Supplies to the Researchers within the Mysterious Structure.,,,,,,,,,,将补给运送到神秘建筑内的研究人员处。,,,,,,
pda_UK0GmCq,Choose a Specialization,,,,,,,,,,选择专精,,,,,,
pda_ipKuKS4,Select a Specialization,,,,,,,,,,选择专精,,,,,,
pda_GOaaGCm,Choose your Specialization.,,,,,,,,,,选择你的专精。,,,,,,
pda_WiLiS8m,Place a Core,,,,,,,,,,放置核心,,,,,,
pda_8IETKWS,Craft and Place a Core on a structure or other slavage.,,,,,,,,,,制作并在一座建筑或其他回收物上放置一个核心。,,,,,,
pda_O7qimGI,Choose a Specialization,,,,,,,,,,选择专精,,,,,,
pda_4qSuW44,Select a Specialization,,,,,,,,,,选择专精,,,,,,
pda_Gq404aa,Choose your Specialization.,,,,,,,,,,选择你的专精。,,,,,,
pda_Oue8iuG,A Ghostly Visitor,,,,,,,,,,幽灵访客,,,,,,
pda_mimKeOq,Ghost Ship Sightings,,,,,,,,,,幽灵飞船目击事件,,,,,,
pda_eSgKGC8,Purify the Ghost Ship,,,,,,,,,,净化幽灵飞船,,,,,,
pda_4eOX8q0,Destroy the Ghostly Core,,,,,,,,,,摧毁幽灵核心,,,,,,
pda_iiGKKqr,Exorcism,,,,,,,,,,驱灵,,,,,,
pda_meKa0qW,Ectoplasm,,,,,,,,,,灵质,,,,,,
pda_OaeCqm4,Retrieve 10 Ectoplasm from the Ghost Ship's Fuel Tank,,,,,,,,,,从幽灵飞船的燃料槽中取出 10 个灵质,,,,,,
pda_0uW0S44,Acquire Ectoplasm,,,,,,,,,,获取灵质,,,,,,
pda_qmGKSSc,Bring Ectoplasm to Polaris Trade Station,,,,,,,,,,将灵质带到极星贸易站,,,,,,
pda_aWmSS4u,"For the last few years, Sightings of Ghost Ships have been increasing. These ghostly vessels are wreckages of capital vessels that continue to fly on their own, despite crippling damage that should render them inoperable.",,,,,,,,,,过去几年间，幽灵飞船的目击事件不断增加。这些幽灵般的飞船是主力舰的残骸，尽管遭受了足以使其瘫痪的损伤，却仍在自行飞行。,,,,,,
pda_0emGuCq,Ghost Hunting,,,,,,,,,,幽灵猎手,,,,,,
pda_V4SS0um,Polaris: Ghost Ships,,,,,,,,,,极星：幽灵飞船,,,,,,
pda_mM80Cge,The Surface of Yersona,,,,,,,,,,耶尔索纳表面,,,,,,
pda_SqIiS,The Surface of Resona,,,,,,,,,,雷索纳表面,,,,,,
pda_KGq4C,Approach the surface of Resona,,,,,,,,,,接近雷索纳表面,,,,,,
pda_muiOesS,Approach the surface of Yersona,,,,,,,,,,接近耶尔索纳表面,,,,,,
pda_KSmCXmW,Take Out Thrusters,,,,,,,,,,击毁推进器,,,,,,
pda_CKaO4GH,Take Out Thrusters,,,,,,,,,,击毁推进器,,,,,,
pda_m8aqiae,Wait for Polaris,,,,,,,,,,等待极星,,,,,,
pda_40Mei40,Continue taking out thrusters while waiting for Polaris to contact you.,,,,,,,,,,在等待极星联系你的同时继续击毁推进器。,,,,,,
pda_euGi4OX,Take Out Thrusters,,,,,,,,,,击毁推进器,,,,,,
pda_KmeaiR8,wait,,,,,,,,,,等待,,,,,,
pda_0OouiOG,wait,,,,,,,,,,等待,,,,,,
pda_aaCkPCO,wait,,,,,,,,,,等待,,,,,,
pda_8KiKWe4,Use the Mission Return in a Polaris Trade Station,,,,,,,,,,在极星贸易站使用任务回报,,,,,,
pda_K4OOouC,Use the Mission Return in a Polaris Trade Station,,,,,,,,,,在极星贸易站使用任务回报,,,,,,
pda_CaiemOW,Collect 100 Ectoplasm and send it to Polaris.,,,,,,,,,,收集 100 个灵质并发送至极星。,,,,,,
pda_6mW4S0A,Use the Mission Return in a Polaris Trade Station,,,,,,,,,,在极星贸易站使用任务回报,,,,,,
pda_K5OOm8S,Use the Mission Return in a Polaris Trade Station,,,,,,,,,,在极星贸易站使用任务回报,,,,,,
pda_SeW4KmW,Awakening,,,,,,,,,,苏醒,,,,,,
pda_o8SumaW,Story(UES Taurus),,,,,,,,,,故事（UES 金牛座）,,,,,,
pda_qu88CCm,Search the Wreckage,,,,,,,,,,搜索残骸,,,,,,
pda_8eKWGG0,Search for Clues,,,,,,,,,,搜索线索,,,,,,
pda_eqKW4Wa,Search the Wreckage,,,,,,,,,,搜索残骸,,,,,,
pda_S4i08mo,Arrival Log 1,,,,,,,,,,抵达日志 1,,,,,,
pda_SSGii5W,UES Taurus: Arrival Log 1,,,,,,,,,,UES 金牛座：抵达日志 1,,,,,,
pda_iGWagK8,wait,,,,,,,,,,等待,,,,,,
pda_8eoeuK4,wait,,,,,,,,,,等待,,,,,,
pda_S8WSGWW,"Arrival Log, Entry 1\n\nWe have emerged from the mysterious anomaly intact, but crippled. My helmsman tells me that we are no longer in the Milky Way galaxy, but rather somewhere in the Andromeda galaxy. Our ship is on emergency power, and we have been separated from the rest of the fleet. I have diverted what power we can spare to the CryoPods in hopes that they will continue to function until we can meet back with the fleet.  We have began broadcasting a distress signal, in hopes that the rest of the fleet will receive it. I hope any aliens that might pick up our signal are friendly, or else we will definitely be in trouble.\n\n-Captain Branson",,,,,,,,,,抵达日志，条目 1\n\n我们已从神秘的异常中完整地浮现，但已残破不堪。我的舵手告诉我，我们已不再身处银河系，而是在仙女座星系中的某处。我们的飞船仅靠紧急动力运行，且已与舰队的其他部分分离。我将尽可能多的剩余电力转移至低温休眠舱，希望它们能持续运转直至我们与舰队重新会合。我们已开始广播求救信号，希望舰队的其他成员能接收到。我希望任何可能截获我们信号的外星人是友好的，否则我们必将陷入麻烦。\n\n——布兰森船长,,,,,,
pda_CWCW4ei,The Crash of the UES Taurus,,,,,,,,,,UES金牛座号的坠毁,,,,,,
pda_KqO8V1S,Locate the Wreck of the UES Taurus,,,,,,,,,,定位UES金牛座号残骸,,,,,,
pda_KOu8m8S,Find the UES Taurus,,,,,,,,,,查找UES金牛座号,,,,,,
pda_Oikiiui,Find the UES Taurus,,,,,,,,,,查找UES金牛座号,,,,,,
pda_4q4WO2i,Arrival Log 2,,,,,,,,,,抵达日志 2,,,,,,
pda_OeGOOu8,wait,,,,,,,,,,等待,,,,,,
pda_qqOKCaK,wait,,,,,,,,,,等待,,,,,,
pda_8G0iSq4,wait,,,,,,,,,,等待,,,,,,
pda_Ka04844,You have uncovered the UES Taurus: Arrival Log 2,,,,,,,,,,你已发现UES金牛座号：抵达日志 2,,,,,,
pda_aCui4O2,Uncovered Taurus: Arrival Log 2,,,,,,,,,,发现的金牛座号：抵达日志 2,,,,,,
pda_a4o4CKq,You have uncovered the UES Taurus: Arrival Log 1,,,,,,,,,,你已发现UES金牛座号：抵达日志 1,,,,,,
pda_i0Kiui8,Uncovered Taurus: Arrival Log 1,,,,,,,,,,发现的金牛座号：抵达日志 1,,,,,,
pda_eKGWomO,"Arrival Log, Entry 2\n\nIt appears that the inhabitants of this galaxy are not as friendly as we hoped. An alien ship of unknown origin arrived soon after we began broadcasting our distress signal. But instead of coming to our aid, they attacked us without warning. We are currently on an uncontrolled collision course with the planet. I have ordered that the attached Modules be ejected, so that if we happen to explode on impact, they might survive.\n\n-Captain Branson",,,,,,,,,,抵达日志，条目 2\n\n看来这个星系的居民并不像我们期望的那样友好。我们开始广播求救信号后不久，一艘未知来源的外星飞船抵达。但它没有前来援助，而是毫无预警地攻击了我们。我们目前正与星球发生失控性碰撞。我已命令弹射附属模块，以便万一我们撞击时爆炸，它们可能存活。\n\n-布兰森船长,,,,,,
pda_aB0iKaW,wait,,,,,,,,,,等待,,,,,,
pda_4YGSqOe,wait,,,,,,,,,,等待,,,,,,
pda_GiKCSqG,wait,,,,,,,,,,等待,,,,,,
pda_eumSKGG,Arrival Log 3,,,,,,,,,,抵达日志 3,,,,,,
pda_e4CKWKS,Engineer Log 1,,,,,,,,,,工程师日志 1,,,,,,
pda_mGSiOi0,Engineer Log 2,,,,,,,,,,工程师日志 2,,,,,,
pda_iAO8qmm,Medical Log 1,,,,,,,,,,医疗日志 1,,,,,,
pda_uKGKOiu,Medical Log 2,,,,,,,,,,医疗日志 2,,,,,,
pda_OauqqSa,Helmsman Log 1,,,,,,,,,,舵手日志 1,,,,,,
pda_qQWSmSu,wait,,,,,,,,,,等待,,,,,,
pda_iq4GSWR,wait,,,,,,,,,,等待,,,,,,
pda_eWWQOea,wait,,,,,,,,,,等待,,,,,,
pda_fiAm80K,wait,,,,,,,,,,等待,,,,,,
pda_OeGkmaK,wait,,,,,,,,,,等待,,,,,,
pda_uBw0GG8,wait,,,,,,,,,,等待,,,,,,
pda_mWeKGae,wait,,,,,,,,,,等待,,,,,,
pda_844S4m0,wait,,,,,,,,,,等待,,,,,,
pda_iWmmG4C,wait,,,,,,,,,,等待,,,,,,
pda_q40GueO,wait,,,,,,,,,,等待,,,,,,
pda_eu0CmiW,wait,,,,,,,,,,等待,,,,,,
pda_i8Oa0e0,wait,,,,,,,,,,等待,,,,,,
pda_SKukqSn,wait,,,,,,,,,,等待,,,,,,
pda_qSuhGqq,wait,,,,,,,,,,等待,,,,,,
pda_Se4qKG2,wait,,,,,,,,,,等待,,,,,,
pda_UO4C8G0,wait,,,,,,,,,,等待,,,,,,
pda_G08iWa0,wait,,,,,,,,,,等待,,,,,,
pda_V4Ga0O8,wait,,,,,,,,,,等待,,,,,,
pda_SWuOiWC,You have uncovered the UES Taurus: Arrival Log 3,,,,,,,,,,你已发现UES金牛座号：抵达日志 3,,,,,,
pda_iGueaK0,You have uncovered the UES Taurus: Engineer Log 1,,,,,,,,,,你已发现UES金牛座号：工程师日志 1,,,,,,
pda_2OuOKGS,You have uncovered the UES Taurus: Engineer Log 2,,,,,,,,,,你已发现UES金牛座号：工程师日志 2,,,,,,
pda_mPCWa4m,You have uncovered the UES Taurus: Medical Log 1,,,,,,,,,,你已发现UES金牛座号：医疗日志 1,,,,,,
pda_me4SiWe,You have uncovered the UES Taurus: Medical Log 2,,,,,,,,,,你已发现UES金牛座号：医疗日志 2,,,,,,
pda_OGmuq0C,You have uncovered the UES Taurus: Helmsman Log 1,,,,,,,,,,你已发现UES金牛座号：舵手日志 1,,,,,,
pda_4G8almq,Uncovered Taurus: Arrival Log 3,,,,,,,,,,发现的金牛座号：抵达日志 3,,,,,,
pda_aKOSePG,Uncovered Taurus: Engineer Log 1,,,,,,,,,,发现的金牛座号：工程师日志 1,,,,,,
pda_gm8qGWm,Uncovered Taurus: Engineer Log 2,,,,,,,,,,发现的金牛座号：工程师日志 2,,,,,,
pda_eiSWOei,Uncovered Taurus: Medical Log 1,,,,,,,,,,发现的金牛座号：医疗日志 1,,,,,,
pda_WaeeW8O,Uncovered Taurus: Medical Log 2,,,,,,,,,,发现的金牛座号：医疗日志 2,,,,,,
pda_qK8Iu84,Uncovered Taurus: Helmsman Log 1,,,,,,,,,,发现的金牛座号：舵手日志 1,,,,,,
pda_0a0eS8a,Doctor Vlach's Secret Formula,,,,,,,,,,弗拉克医生的秘密配方,,,,,,
pda_eq4m08G,wait,,,,,,,,,,等待,,,,,,
pda_q4MSSmO,wait,,,,,,,,,,等待,,,,,,
pda_SCGOFS4,wait,,,,,,,,,,等待,,,,,,
pda_tiua44O,You unlocked Doctor Vlach's secret formula for creating a Healing Ointment out of Slime Goo.,,,,,,,,,,你解锁了弗拉克医生用粘液胶制作治疗药膏的秘密配方。,,,,,,
pda_8K8SmmK,Arrival Log 2,,,,,,,,,,抵达日志 2,,,,,,
pda_0GI4iOe,"Arrival Log, Entry 2\n\nIt appears that the inhabitants of this galaxy are not as friendly as we hoped. An alien ship of unknown origin arrived soon after we began broadcasting our distress signal. But instead of coming to our aid, they attacked us without warning. We are currently on an uncontrolled collision course with the planet. I have ordered that the attached Modules be ejected, so that if we happen to explode on impact, they might survive.\n\n-Captain Branson",,,,,,,,,,抵达日志，条目 2\n\n看来这个星系的居民并不像我们期望的那样友好。我们开始广播求救信号后不久，一艘未知来源的外星飞船抵达。但它没有前来援助，而是毫无预警地攻击了我们。我们目前正与星球发生失控性碰撞。我已命令弹射附属模块，以便万一我们撞击时爆炸，它们可能存活。\n\n-布兰森船长,,,,,,
pda_S0k8uKm,wait,,,,,,,,,,等待,,,,,,
pda_8GWu84O,wait,,,,,,,,,,等待,,,,,,
pda_e40CYRW,wait,,,,,,,,,,等待,,,,,,
pda_iOKGCiJ,"Arrival Log, Entry 3\n\nSomehow, the Taurus survived the crash landing without exploding. We managed to eject only two of the attached Modules before entering the atmosphere, one of which was the Cargo Module. Why Doctor Brokovic decided to dump the Cargo Module, instead of one of the Cryo Modules to save more passengers, I cannot say. I would ask him, but he and the helmsman didn’t survive the crash.\nWith just me and Engineer Flores alive, I plan on making the best of the situation and seeing if we can find the Cargo Module to at least recover the cargo we lost. Perhaps there’s something in there, or elsewhere on this Junkyard of a planet, that can help us contact the fleet.\n\n-Captain Branson",,,,,,,,,,抵达日志，条目 3\n\n不知何故，金牛座号在坠毁中幸免于爆炸。我们在进入大气层前只弹射了两个附属模块，其中之一是货物舱。为什么布罗科维奇医生决定丢弃货物舱，而不是丢弃一个低温模块来拯救更多乘客，我无法解释。我会问他，但他和舵手都没能在坠毁中幸存。\n只有我和工程师弗洛雷斯还活着，我计划充分利用现状，看看能否找到货物舱，至少找回我们丢失的货物。也许里面有什么东西，或者在这个垃圾场星球的其他地方，有东西能帮助我们联系舰队。\n\n-布兰森船长,,,,,,
pda_8SShY4O,"Engineering Log, Entry 2\n\nAt the Captain's request, I have set up a solar-powered capacitor that should allow the Taurus to maintain power indefinitely, unless someone intentionally sabotages it. Hopefully, this will keep the remaining CryoPods active, despite the damage to the ship. \nThis world is a Trash Heap, an Engineer's playground filled with old wrecks and some that we might be able to repair. Perhaps I can find us a new Capital Vessel to repair, and take us off this planet to find the rest of the fleet.\n\n-Engineer Flores",,,,,,,,,,工程日志，条目 2\n\n应船长要求，我建立了一个太阳能电容，应该能让金牛座号保持无限期供电，除非有人故意破坏它。希望这能保持剩余的低温舱室激活，尽管飞船已损坏。\n这个世界是个垃圾堆，一个工程师的游乐场，布满旧残骸，有些我们也许能修复。或许我能找到一艘新的主力舰来修复，带我们离开这个星球，去寻找舰队其他成员。\n\n-工程师弗洛雷斯,,,,,,
pda_eYkSeui,"Medical Log, Entry 2\n\nThings are getting out of control. When the aliens attacked, they damaged the cargo module, which, In addition to all our valuable cargo, contains all of my medical specimens. While they are still in cryo-stasis, their survival is more important than my own.\nIf anyone retrieves this log, try to access cargo container J7. It contains my medical specimens and a copy of my research detailing how their... secretions... can be used to create a medical ointment.\n\n-Doctor Vlach",,,,,,,,,,医疗日志，条目 2\n\n事态正在失控。当外星人攻击时，他们损坏了货物舱，里面不仅有我们所有贵重货物，还有我所有的医学标本。虽然它们仍在低温休眠中，但它们的生存比我的更重要。\n如果有人取回这份日志，请尝试访问货物容器 J7。里面装有我的医学标本和一份研究副本，详细说明了如何利用它们的……分泌物……来制作药膏。\n\n-弗拉克医生,,,,,,
pda_meoa8GG,"Medical Log, Entry 1\n\nMy Cryo Chamber's emergency systems activated and woke me from Cryo Stasis early, nearly two hundred years early, according to the ship's chronometer. However, scans of the local star formations apparently indicate we're NOT at our intended destination. \n\nI've woken up the rest of the flight crew, in hopes that we can locate the rest of the fleet, who were not within scanning range. The helmsman says we're in the Andromeda Galaxy, and that according to current star positions, it's been nearly 600 years after we left Earth. I'm not sure what to make of it, but I know the Captain will figure it out.\n\n-Doctor Vlach",,,,,,,,,,医疗日志，条目 1\n\n我的低温舱紧急系统提前激活，将我早早地从低温休眠中唤醒——根据飞船计时器，提前了近两百年。然而，对本地星群的扫描似乎表明我们并未到达预定目的地。\n\n我已经唤醒了其他飞行船员，希望我们能找到舰队其他成员，他们不在扫描范围内。舵手说我们在仙女座星系，而且根据当前恒星位置，我们离开地球已近600年。我不确定该如何理解，但我知道船长会弄明白的。\n\n-弗拉克医生,,,,,,
pda_uIuuGKK,"Engineering Log, Entry 1\n\nThe mysterious anomaly we traversed seems to have drained most of the ship's power. The Captain had me divert what little power we have left to the Cryo Chambers. We set course toward what appears to be a Temperate planet, in hopes that others from our fleet will do the same, if they're even nearby. I've tried to convince the Captain that we should land and try to revive as many of the passengers as we can, but he insists on trying to contact the fleet by sending out a distress signal. I hope his adherence to regulations doesn't get us killed.\n-Engineer Flores",,,,,,,,,,工程日志，条目 1\n\n我们穿越的神秘异常似乎耗尽了飞船大部分能量。船长让我将仅剩的能量转至低温舱。我们朝着一个温带星球设定航线，希望我们舰队中的其他飞船也会这么做——如果它们就在附近的话。我曾试图说服船长，我们应该降落并尽可能多地唤醒乘客，但他坚持要发出求救信号来联系舰队。我希望他遵守规定不会害死我们。\n-工程师弗洛雷斯,,,,,,
pda_CWQDsma,"Helmsman Log, Entry 1\n\nWhen I signed up for this mission I thought it might give me a chance at starting a new life on a distant planet. I never thought it would take me this far. We're beyond the reaches that any human has gone before, at least as far as they had when we left, but it seems we're here much quicker than should be possible. \n\nAccording to the ship's sensor logs, we've traveled through some sort of spacio-temporal anomaly that brought us to the Andromeda Galaxy in a mere 600 years. Although we've apparently only been in Cryo Stasis for about 4 months. \n\n-Ensign Jargalsaikhan, Helmsman",,,,,,,,,,舵手日志，条目 1\n\n当我报名参加这个任务时，我以为它或许能让我有机会在遥远星球上开始新生活。我从没想过会走这么远。我们已经超越了任何人类曾到达的范围——至少在我们出发时他们是那么远——但我们似乎比预期快得多地到达了这里。\n\n根据飞船传感器日志，我们穿越了某种时空异常，这让我们在短短600年内到达了仙女座星系。尽管我们显然只在低温休眠中过了大约4个月。\n\n-少尉贾尔嘎勒赛汗，舵手,,,,,,
pda_Ou4euSC,Next Steps,,,,,,,,,,下一步,,,,,,
pda_u81muKC,wait,,,,,,,,,,等待,,,,,,
pda_OCGKauO,wait,,,,,,,,,,等待,,,,,,
pda_OS4Eimc,wait,,,,,,,,,,等待,,,,,,
pda_mSkO4GC,Awakening,,,,,,,,,,苏醒,,,,,,
pda_aGu6ms4,Story (UES Leo),,,,,,,,,,故事 (UES 狮子号),,,,,,
pda_uG8qK8m,Oxygen Suit,,,,,,,,,,氧气防护服,,,,,,
pda_GGKmaSi,Grab your Oxygen Suit!,,,,,,,,,,拿起你的氧气防护服！,,,,,,
pda_E08iaiS,Equip your Oxygen Suit.,,,,,,,,,,装备你的氧气防护服。,,,,,,
pda_e4uSm8C,Grab your Oxygen Suit!,,,,,,,,,,拿起你的氧气防护服！,,,,,,
pda_cC4mOWI,Equip your Oxygen Suit!,,,,,,,,,,装备你的氧气防护服！,,,,,,
pda_Oai8mWS,UES Leo (Part 1),,,,,,,,,,UES 狮子号 (第一部分),,,,,,
pda_q4GOmeW,wait,,,,,,,,,,等待,,,,,,
pda_W4eT408,wait,,,,,,,,,,等待,,,,,,
pda_u8Gmq9i,wait,,,,,,,,,,等待,,,,,,
pda_VKJ4kSO,Arrival Log 2,,,,,,,,,,抵达日志 2,,,,,,
pda_e0C0Gqa,UES Leo,,,,,,,,,,UES 狮子号,,,,,,
pda_qWK0Gai,"Arrival Log, Entry 2\n\nIt was a mistake sending out a distress call. When we first detected the approaching signal, we thought that one of the other UES ships had found us. We couldn't have been more wrong. \n\nThe ship that found us was of an unknown alien design. They opened fire on us as soon as they were in range. We're heading toward an Arid planet nearby, hoping to evade our pursuers. I have ordered that the attached Cryo Modules be ejected, so that if we don't make it, perhaps our passengers can survive.\n\n-Captain Earling",,,,,,,,,,到达日志，记录2\n\n发出求救信号是一个错误。当我们最初探测到接近的信号时，我们以为是一艘其他UES飞船找到了我们。我们大错特错。\n\n找到我们的飞船属于未知的外星设计。它们一进入射程就向我们开火。我们正朝附近一颗干旱星球前进，希望能躲避追击者。我已命令将附属的低温舱弹射出去，这样如果我们没能成功，也许我们的乘客能够幸存。\n\n——厄灵舰长,,,,,,
pda_S0iqSi4,wait,,,,,,,,,,等待,,,,,,
pda_Cn80mai,wait,,,,,,,,,,等待,,,,,,
pda_iSmCOi4,wait,,,,,,,,,,等待,,,,,,
pda_ZmOqmOm,Search the Wreckage,,,,,,,,,,搜索残骸,,,,,,
pda_iSuiq84,Search for Clues,,,,,,,,,,寻找线索,,,,,,
pda_iYSWOe0,Search the Wreckage,,,,,,,,,,搜索残骸,,,,,,
pda_0GUi0Sg,You have uncovered the UES Leo: Arrival Log 2,,,,,,,,,,你发现了UES利奥号：到达日志2,,,,,,
pda_YeuvqqC,Uncovered Leo: Arrival Log 2,,,,,,,,,,发现利奥号：到达日志2,,,,,,
pda_u0qCSmK,UES Taurus,,,,,,,,,,UES金牛号,,,,,,
pda_ZaeO4mq,Craft a Survival Tool,,,,,,,,,,制作生存工具,,,,,,
pda_aAama00,Craft a Survival Tool,,,,,,,,,,制作生存工具,,,,,,
pda_O8SWGmU,Craft a Survival Tool,,,,,,,,,,制作生存工具,,,,,,
pda_G4kKqOa,Craft a Survival Tool,,,,,,,,,,制作生存工具,,,,,,
pda_aMqGq5a,Craft a Survival Tool,,,,,,,,,,制作生存工具,,,,,,
pda_qaeOmWA,Craft a Survival Tool,,,,,,,,,,制作生存工具,,,,,,
pda_x8WKU0A,Search the Wreckage of the UES Taurus,,,,,,,,,,搜索UES金牛号残骸,,,,,,
pda_aGO8auG,Search the UES Taurus Wreckage,,,,,,,,,,搜索UES金牛号残骸,,,,,,
pda_CGmkCCW,Search the UES Taurus,,,,,,,,,,搜索UES金牛号,,,,,,
pda_44eO1qs,Arrival Log 1,,,,,,,,,,到达日志1,,,,,,
pda_GaW2uio,Arrival Log 3,,,,,,,,,,到达日志3,,,,,,
pda_awicmCa,Engineer Log 1,,,,,,,,,,工程师日志1,,,,,,
pda_caCWES4,Engineer Log 2,,,,,,,,,,工程师日志2,,,,,,
pda_KASO4qC,Medical Log 1,,,,,,,,,,医疗日志1,,,,,,
pda_0WSTKGK,Medical Log 2,,,,,,,,,,医疗日志2,,,,,,
pda_qaiaCaO,Helmsman Log 1,,,,,,,,,,舵手日志1,,,,,,
pda_4GOeOSC,Arrival Log 3,,,,,,,,,,到达日志3,,,,,,
pda_q8uKEu8,You have uncovered the UES Leo: Arrival Log 1,,,,,,,,,,你发现了UES利奥号：到达日志1,,,,,,
pda_K8SwKh8,You have uncovered the UES Leo: Arrival Log 3,,,,,,,,,,你发现了UES利奥号：到达日志3,,,,,,
pda_u5Wq0Ou,You have uncovered the UES Leo: Arrival Log 3,,,,,,,,,,你发现了UES利奥号：到达日志3,,,,,,
pda_RugaOSK,You have uncovered the UES Leo: Engineer Log 1,,,,,,,,,,你发现了UES利奥号：工程师日志1,,,,,,
pda_WI84aar,You have uncovered the UES Leo: Engineer Log 2,,,,,,,,,,你发现了UES利奥号：工程师日志2,,,,,,
pda_OW00e4m,You have uncovered the UES Leo: Medical Log 1,,,,,,,,,,你发现了UES利奥号：医疗日志1,,,,,,
pda_Ca8uKS0,You have uncovered the UES Leo: Medical Log 2,,,,,,,,,,你发现了UES利奥号：医疗日志2,,,,,,
pda_WGwCKGe,You have uncovered the UES Leo: Helmsman Log 1,,,,,,,,,,你发现了UES利奥号：舵手日志1,,,,,,
pda_mWGKKmG,Uncovered Leo: Arrival Log 1,,,,,,,,,,发现利奥号：到达日志1,,,,,,
pda_aOiMeOa,Uncovered Leo: Arrival Log 3,,,,,,,,,,发现利奥号：到达日志3,,,,,,
pda_KmGqCGa,Uncovered Leo: Arrival Log 3,,,,,,,,,,发现利奥号：到达日志3,,,,,,
pda_GGWSQui,Uncovered Leo: Engineer Log 1,,,,,,,,,,发现利奥号：工程师日志1,,,,,,
pda_mW4UGCS,Uncovered Leo: Engineer Log 2,,,,,,,,,,发现利奥号：工程师日志2,,,,,,
pda_iZ4bY4m,Uncovered Leo: Medical Log 1,,,,,,,,,,发现利奥号：医疗日志1,,,,,,
pda_WG8GOwS,Uncovered Leo: Medical Log 2,,,,,,,,,,发现利奥号：医疗日志2,,,,,,
pda_G0qGOSa,Uncovered Leo: Helmsman Log 1,,,,,,,,,,发现利奥号：舵手日志1,,,,,,
pda_CmuTCSO,wait,,,,,,,,,,等待,,,,,,
pda_GuOmWuW,wait,,,,,,,,,,等待,,,,,,
pda_WmS4Gqe,wait,,,,,,,,,,等待,,,,,,
pda_eCwC4u0,wait,,,,,,,,,,等待,,,,,,
pda_8eeSe4G,wait,,,,,,,,,,等待,,,,,,
pda_iSm0KKq,wait,,,,,,,,,,等待,,,,,,
pda_cOSGWGO,wait,,,,,,,,,,等待,,,,,,
pda_aWa8K8e,wait,,,,,,,,,,等待,,,,,,
pda_Siuu4iq,wait,,,,,,,,,,等待,,,,,,
pda_ulOmiOq,wait,,,,,,,,,,等待,,,,,,
pda_mGpiSWg,wait,,,,,,,,,,等待,,,,,,
pda_WWSi0mS,wait,,,,,,,,,,等待,,,,,,
pda_4C0Cuia,wait,,,,,,,,,,等待,,,,,,
pda_OCKpKKK,wait,,,,,,,,,,等待,,,,,,
pda_EqGCOoe,wait,,,,,,,,,,等待,,,,,,
pda_GmCq4GC,wait,,,,,,,,,,等待,,,,,,
pda_iQaMFSm,wait,,,,,,,,,,等待,,,,,,
pda_aSKmeoO,wait,,,,,,,,,,等待,,,,,,
pda_vOO4ie8,wait,,,,,,,,,,等待,,,,,,
pda_Ka8WW0k,wait,,,,,,,,,,等待,,,,,,
pda_iC0Keia,wait,,,,,,,,,,等待,,,,,,
pda_SqmimuG,wait,,,,,,,,,,等待,,,,,,
pda_WGqO8qe,wait,,,,,,,,,,等待,,,,,,
pda_mYuimQS,wait,,,,,,,,,,等待,,,,,,
pda_Q0TKMOc,"Arrival Log, Entry 1\n\nAfter emergingfrom the mysterious anomaly, Doctor Bonilla revived the rest of the flight crew. Ensign Caplin has determined that the anomaly has, somehow, transported us overtwo and a half million light years into the Andromeda Galaxy. \n\nOur ship’s chronometersays that we’ve only been in stasis for around four months. However, based onstar and galaxy positions, our computer has calculated that it’s been around600 years since we left Earth. I’m not sure how to explain this discrepancyother than the anomaly somehow transported us through time as well.\n\nIn addition to all that, we don't seem to have emerged in the same location as the rest of the fleet. I'm not sure if it's a good idea, but I plan on activating our distress beacon, hoping that the fleet isn't too far away to receive it.\n\n-Captain Earling",,,,,,,,,,到达日志，记录1\n\n从神秘异常中浮现后，博尼利亚医生唤醒了其余飞行机组人员。卡普林少尉确定，这个异常以某种方式将我们传送到了超过二百五十万光年外的仙女座星系。\n\n我们飞船的计时器显示我们只休眠了大约四个月。然而，基于恒星和星系的坐标，我们的计算机计算出自从我们离开地球已经过去了大约600年。我不太确定如何解释这个差异，除了那个异常也以某种方式让我们穿越了时间。\n\n除此之外，我们似乎没有与舰队其他成员出现在同一位置。我不确定这是否是个好主意，但我计划启动我们的求救信标，希望舰队不会太远而无法收到。\n\n——厄灵舰长,,,,,,
pda_mKmKioS,"Arrival Log, Entry 3\n\nAll the Cryo Modules have been ejected. The alien ship has sent drones to follow them, but two of them are on trajectory for the planet. Hopefully, they will survive the crash, and someone will eventually come out of cryo stasis. The planet registers as habitable, if a little on the hot end, so theyy have a chance, unlike us. \nMy last act was to order the rest of the flight crew onto Cryo Module 3, one of the two Modules with Oxygen Suits. They were supplied with the Auxiliary Ventilator and all the Emergency Rations we could find, giving them the best chance possible. Hopefully, the alien ship will continue to follow me, and they can somehow evade the drones.\n\n-Captain Earling",,,,,,,,,,到达日志，记录3\n\n所有低温舱已弹射。那艘外星飞船派出无人机追踪它们，但其中两个正朝着星球轨迹运行。希望它们能坠毁幸存，有人最终能从低温休眠中苏醒。该星球记录为适宜居住，虽然稍微偏热，所以他们有机会，不像我们。\n我的最后行动是命令其余飞行机组人员登上低温舱3——两个配备氧气防护服的舱之一。他们配备了辅助通风机和我们能找到的所有应急口粮，给了他们最好的生存机会。希望那艘外星飞船继续追踪我，而他们能设法避开无人机。\n\n——厄灵舰长,,,,,,
pda_ui4u8OG,"Arrival Log, Entry 3\n\nAll the Cryo Modules have been ejected. The alien ship has sent drones to follow them, but two of them are on trajectory for the planet. Hopefully, they will survive the crash, and someone will eventually come out of cryo stasis. The planet registers as habitable, if a little on the hot end, so theyy have a chance, unlike us. \nMy last act was to order the rest of the flight crew onto Cryo Module 3, one of the two Modules with Oxygen Suits. They were supplied with the Auxiliary Ventilator and all the Emergency Rations we could find, giving them the best chance possible. Hopefully, the alien ship will continue to follow me, and they can somehow evade the drones.\n\n-Captain Earling",,,,,,,,,,到达日志，记录3\n\n所有低温舱已弹射。那艘外星飞船派出无人机追踪它们，但其中两个正朝着星球轨迹运行。希望它们能坠毁幸存，有人最终能从低温休眠中苏醒。该星球记录为适宜居住，虽然稍微偏热，所以他们有机会，不像我们。\n我的最后行动是命令其余飞行机组人员登上低温舱3——两个配备氧气防护服的舱之一。他们配备了辅助通风机和我们能找到的所有应急口粮，给了他们最好的生存机会。希望那艘外星飞船继续追踪我，而他们能设法避开无人机。\n\n——厄灵舰长,,,,,,
pda_4iCmSqS,UES Leo (Part 2),,,,,,,,,,UES利奥号（第二部分）,,,,,,
pda_480SKqW,UES Leo: Missing Crew,,,,,,,,,,UES利奥号：失踪船员,,,,,,
pda_0q4g4O8,Locate the Crew,,,,,,,,,,定位船员,,,,,,
pda_K4OtGCm,Locate the Crew,,,,,,,,,,定位船员,,,,,,
pda_OmSOOOO,Locate the Crew,,,,,,,,,,定位船员,,,,,,
pda_Q4kCi8A,Cryo Module 3,,,,,,,,,,低温舱3,,,,,,
pda_am48mSu,Locate Cryo Module 3,,,,,,,,,,定位低温舱3,,,,,,
pda_KSeQmu8,Locate Cryo Module 3,,,,,,,,,,定位低温舱3,,,,,,
pda_Cq0mWGa,Cryo Module 3 Logs,,,,,,,,,,低温舱3日志,,,,,,
pda_eSaCm0m,Cryo Module Log 1,,,,,,,,,,低温舱日志1,,,,,,
pda_0CSSaCu,Cryo Module Log 1,,,,,,,,,,低温舱日志1,,,,,,
pda_Wau8qiS,"Engineering Log, Entry 1\n\nThe ship weathered the effects of the anomaly remarkably well. With little damage and only minor power drain, we should be able to initiate warp and begin looking for the rest of the fleet. If they fared as well as we did, perhaps we can regroup and possibly begin our colony here. We may not be in the same galaxy as we started, but we don't have much choice.\n\n-Engineer Cardenas",,,,,,,,,,工程日志，条目 1\n\n飞船非常出色地承受住了异常的影响。损伤很小，电力损耗也微不足道，我们应该能够启动翘曲并开始寻找舰队其余部分。如果他们也像我们一样幸运，也许我们可以重新集结并在此开始殖民地建设。我们可能不在原来的星系，但我们别无选择。\n\n- 工程师卡德纳斯,,,,,,
pda_IqaqEqO,"Engineering Log, Entry 2\n\nThe alien ship continues to pursue us. I've been taxing the engines as much as possible without overloading them, but we can't keep it up for much longer. The Captain says he has a plan to keep them off our backs, but I have a feeling he's not telling us everything. \n\nHe's ordered me to move the auxiliary ventilator and a few crates of cargo into Cryo Module 3. I think he's planning on having us use the Module as an escape pod. It's not a bad idea, if we can trick the aliens into following the Leo, instead of the Cryo Module.\n\n-Engineer Cardenas",,,,,,,,,,工程日志，条目 2\n\n外星飞船仍在追我们。我一直尽可能让引擎超负荷运转而不至于过载，但我们撑不了多久了。船长说他有办法甩掉他们，但我感觉他没把一切都告诉我们。\n\n他命令我把辅助通风机和几箱货物搬到低温休眠模块3。我猜他是想让我们用那个模块作为逃生舱。如果我们能骗外星人跟踪利奥号而不是低温休眠模块，这倒是个不错的主意。\n\n- 工程师卡德纳斯,,,,,,
pda_aS8046i,"Medical Log, Entry 2\n\nIt's official, this galaxy hates us. Not only did the distress call draw in a hostile alien ship, but the only habitable planet nearby is barely that. Parched mountains, rugged savanna, grueling plains, and shriveled lake-beds with the remains of once thriving plant and animal life, all make this planet a hostile environment. Even the radiation levels on the planet are well above tolerable, and a toxin in the atmosphere makes the air unbreathable. I would not want to be stuck here.\n\n-Doctor Bonilla",,,,,,,,,,医疗日志，条目 2\n\n确定了，这个星系和我们有仇。不仅求救信号引来了敌意外星飞船，而且附近唯一可居住的星球也只是勉强算得上。干涸的山脉、崎岖的稀树草原、严酷的平原，以及曾经繁茂的动植物遗骸构成的干涸湖床，所有这些都让这颗星球成为环境恶劣之地。就连星球上的辐射水平也远超可承受范围，大气中的某种毒素使得空气无法呼吸。我可不想被困在这里。\n\n- 博尼利亚医生,,,,,,
pda_Geam88C,"Medical Log, Entry 1\n\nIt seems all the Cryo Chambers have survived the voyage through the anomaly. If we manage to locate the rest of the fleet, we will be in great shape to set up a new colony, if we can find a habitable planet.\n\nLet's just hope the distress call the Captain wants to send out can get their attention, without drawing the attention of any... hostile entities.\n\n-Doctor Bonilla",,,,,,,,,,医疗日志，条目 1\n\n所有低温休眠舱似乎都平安渡过了异常之旅。如果我们能找到舰队其余部分，就能在找到宜居星球后很好地建立新殖民地。\n\n但愿船长想要发出的求救信号能引起他们的注意，而不会引来任何……敌意实体。\n\n- 博尼利亚医生,,,,,,
pda_KG8gi2G,"Helmsman Log, Entry 1\n\nI've calculated our trajectory through the anomaly, and compared it to the sensor logs of our trip. It appears that, in addition to catapulting us into another galaxy, and through time, but also increased the distance between each ship in the fleet during the journey. After calculating exactly how far we traveled, I was able to get an approximate location of each ship. \n\nIt seems that several of the smaller ships, like ours, may have emerged in systems not too far from where we did. Unfortunately, the Merryweather and the Bonneville have apparently ended up a lot further away.\n\n-Ensign Caplin, Helmsman",,,,,,,,,,舵手日志，条目 1\n\n我计算了穿越异常的轨迹，并与航行期间传感器日志进行了对比。看来，这次穿越不仅将我们抛向另一个星系，还穿越了时间，同时加大了舰队中各飞船在航行过程中的距离。在精确计算出我们航行了多远之后，我得以大致确定每艘飞船的位置。\n\n似乎有几艘和我们差不多的小型飞船可能出现在离我们不太远的星系中。不幸的是，梅里韦瑟号和邦纳维尔号显然最终落到了更远的地方。\n\n- 舵手卡普林少尉,,,,,,
pda_ieGuOGi,Cryo Module Log 2,,,,,,,,,,低温休眠模块日志 2,,,,,,
pda_qa2Kq8K,Cryo Module Log 3,,,,,,,,,,低温休眠模块日志 3,,,,,,
pda_mjq84Ck,Cryo Module Log 2,,,,,,,,,,低温休眠模块日志 2,,,,,,
pda_OOiiqaW,Cryo Module Log 3,,,,,,,,,,低温休眠模块日志 3,,,,,,
pda_OCOWGe0,Open PDA,,,,,,,,,,打开个人数据助理,,,,,,
pda_COimGie,Open PDA,,,,,,,,,,打开个人数据助理,,,,,,
pda_Eqii8Cr,Open PDA,,,,,,,,,,打开个人数据助理,,,,,,
pda_0wuM40a,Arrival Log 1,,,,,,,,,,抵达日志 1,,,,,,
pda_OGCquSW,Arrival Log 2,,,,,,,,,,抵达日志 2,,,,,,
pda_qmu1aqm,Arrival Log 3,,,,,,,,,,抵达日志 3,,,,,,
pda_uQiW03e,Engineer Log 1,,,,,,,,,,工程日志 1,,,,,,
pda_WuuGMuC,Engineer Log 2,,,,,,,,,,工程日志 2,,,,,,
pda_C0qKqv4,Engineer Log 3,,,,,,,,,,工程日志 3,,,,,,
pda_wWmCOqa,Medical Log 1,,,,,,,,,,医疗日志 1,,,,,,
pda_GuOm0mq,Medical Log 2,,,,,,,,,,医疗日志 2,,,,,,
pda_SiK840S,"Medical, Log 3",,,,,,,,,,医疗日志 3,,,,,,
pda_4KW0KCm,Helmsman Log 1,,,,,,,,,,舵手日志 1,,,,,,
pda_KS2KK70,Helmsman Log 2,,,,,,,,,,舵手日志 2,,,,,,
pda_WaGOCqi,Helmsman Log 3,,,,,,,,,,舵手日志 3,,,,,,
pda_uiCmSOm,UES Speedwell,,,,,,,,,,UES速威号,,,,,,
pda_Ouu0WCq,Arrival Log 3,,,,,,,,,,抵达日志 3,,,,,,
pda_GWSS0e0,You have uncovered the UES Speedwell: Arrival Log 1,,,,,,,,,,你发现了UES速威号：抵达日志 1,,,,,,
pda_O8Km4iG,You have uncovered the UES Speedwell: Arrival Log 2,,,,,,,,,,你发现了UES速威号：抵达日志 2,,,,,,
pda_mOWGqeG,You have uncovered the UES Speedwell: Arrival Log 3,,,,,,,,,,你发现了UES速威号：抵达日志 3,,,,,,
pda_CeiWCGC,You have uncovered the UES Speedwell: Arrival Log 3,,,,,,,,,,你发现了UES速威号：抵达日志 3,,,,,,
pda_SiuOWSY,You have uncovered the UES Speedwell: Engineering Log 3,,,,,,,,,,你发现了UES速威号：工程日志 3,,,,,,
pda_eOWWw8O,You have uncovered the UES Speedwell: Engineering Log 2,,,,,,,,,,你发现了UES速威号：工程日志 2,,,,,,
pda_wWu8Kam,You have uncovered the UES Speedwell: Engineering Log 1,,,,,,,,,,你发现了UES速威号：工程日志 1,,,,,,
pda_YuqSCum,You have uncovered the UES Speedwell: Medical Log 1,,,,,,,,,,你发现了UES速威号：医疗日志 1,,,,,,
pda_eegWW04,You have uncovered the UES Speedwell: Medical Log 2,,,,,,,,,,你发现了UES速威号：医疗日志 2,,,,,,
pda_i1uWeGF,You have uncovered the UES Speedwell: Medical Log 3,,,,,,,,,,你发现了UES速威号：医疗日志 3,,,,,,
pda_KCKK8Su,You have uncovered the UES Speedwell: Helmsman Log 3,,,,,,,,,,你发现了UES速威号：舵手日志 3,,,,,,
pda_1eGm4qe,You have uncovered the UES Speedwell: Helmsman Log 2,,,,,,,,,,你发现了UES速威号：舵手日志 2,,,,,,
pda_GnrC8Gi,You have uncovered the UES Speedwell: Helmsman Log 1,,,,,,,,,,你发现了UES速威号：舵手日志 1,,,,,,
pda_qU0iKuR,wait,,,,,,,,,,等待,,,,,,
pda_e0i0WGW,wait,,,,,,,,,,等待,,,,,,
pda_qSo4qOS,wait,,,,,,,,,,等待,,,,,,
pda_OaO4C2m,wait,,,,,,,,,,等待,,,,,,
pda_u9GOeSe,wait,,,,,,,,,,等待,,,,,,
pda_ie0uO4u,wait,,,,,,,,,,等待,,,,,,
pda_qa440OC,wait,,,,,,,,,,等待,,,,,,
pda_quSeqe8,wait,,,,,,,,,,等待,,,,,,
pda_KeveSuS,wait,,,,,,,,,,等待,,,,,,
pda_iOeSq70,wait,,,,,,,,,,等待,,,,,,
pda_KBx0QHG,wait,,,,,,,,,,等待,,,,,,
pda_W8q8Sa4,wait,,,,,,,,,,等待,,,,,,
pda_mCqK0CG,wait,,,,,,,,,,等待,,,,,,
pda_mKJQ8aG,wait,,,,,,,,,,等待,,,,,,
pda_q4W0K4O,wait,,,,,,,,,,等待,,,,,,
pda_msMO440,wait,,,,,,,,,,等待,,,,,,
pda_WEiKmCa,wait,,,,,,,,,,等待,,,,,,
pda_W0q4WaH,wait,,,,,,,,,,等待,,,,,,
pda_0mCqmwS,wait,,,,,,,,,,等待,,,,,,
pda_aKFiGqW,wait,,,,,,,,,,等待,,,,,,
pda_KCaESaO,wait,,,,,,,,,,等待,,,,,,
pda_8KqqCeO,wait,,,,,,,,,,等待,,,,,,
pda_GuiuGua,wait,,,,,,,,,,等待,,,,,,
pda_Cc5ieiq,wait,,,,,,,,,,等待,,,,,,
pda_eSNaKGu,wait,,,,,,,,,,等待,,,,,,
pda_KCGm4oo,wait,,,,,,,,,,等待,,,,,,
pda_mmm8WOa,wait,,,,,,,,,,等待,,,,,,
pda_aqiiSOW,wait,,,,,,,,,,等待,,,,,,
pda_wOLG4qm,wait,,,,,,,,,,等待,,,,,,
pda_oKiKeeO,wait,,,,,,,,,,等待,,,,,,
pda_G0ucOK8,wait,,,,,,,,,,等待,,,,,,
pda_qW4iSC0,wait,,,,,,,,,,等待,,,,,,
pda_0qMKSea,wait,,,,,,,,,,等待,,,,,,
pda_eq00meq,wait,,,,,,,,,,等待,,,,,,
pda_mSiSnKD,wait,,,,,,,,,,等待,,,,,,
pda_iGOh800,wait,,,,,,,,,,等待,,,,,,
pda_qWu743W,wait,,,,,,,,,,等待,,,,,,
pda_aqKmeaq,wait,,,,,,,,,,等待,,,,,,
pda_0DOCKaO,wait,,,,,,,,,,等待,,,,,,
pda_SSu0qGi,Awakening,,,,,,,,,,苏醒,,,,,,
pda_aCauaVZ,Escape the UES Speedwell: Survival,,,,,,,,,,逃离UES速威号：生存,,,,,,
pda_UZ0qiuO,Escape the UES Speedwell: Planetfall,,,,,,,,,,逃离UES速威号：着陆,,,,,,
pda_iuumKSq,Helmsman Log 3,,,,,,,,,,舵手日志 3,,,,,,
pda_CiDO8qW,wait,,,,,,,,,,等待,,,,,,
pda_NKCaaKK,wait,,,,,,,,,,等待,,,,,,
pda_OACm4qC,wait,,,,,,,,,,等待,,,,,,
pda_04gGIWe,Search for Clues,,,,,,,,,,寻找线索,,,,,,
pda_Oo8Siua,Access a nearby console.,,,,,,,,,,访问附近的一个控制台。,,,,,,
pda_OuXu4SS,Access a nearby console.,,,,,,,,,,访问附近的一个控制台。,,,,,,
pda_aeCKYSK,Escape the UES Speedwell,,,,,,,,,,逃离UES速威号,,,,,,
pda_GK8uT4G,Make your way to the Planet's Surface,,,,,,,,,,前往星球表面,,,,,,
pda_GCS8eiW,Enter Tohh's Atmosphere,,,,,,,,,,进入图赫星大气层,,,,,,
pda_gqC8aui,Survival,,,,,,,,,,生存,,,,,,
pda_Sc8W8Wc,Make your way to Cargo Module Two,,,,,,,,,,前往货舱模块二,,,,,,
pda_0Ca4oSe,Enter Cargo Module 2,,,,,,,,,,进入货舱模块 2,,,,,,
pda_KuiiKGa,Open PDA,,,,,,,,,,打开个人数据助理,,,,,,
pda_MmmaiRW,Open PDA,,,,,,,,,,打开个人数据助理,,,,,,
pda_m9Kumim,Open PDA,,,,,,,,,,打开个人数据助理,,,,,,
chptitleTacticalCombatSnow2,Rank 1,,,,,,,,,,等级 1,,,,,,
chpdescTacticalCombatSnow2,Eliminating additional enemy forces will help you learn more about their combat tactics.,,,,,,,,,,消灭更多敌方部队将有助于你了解他们的战斗战术。,,,,,,
tasktitleTacticalCombatSnow2,Enemy Combatants,,,,,,,,,,敌方战斗人员,,,,,,
acttitleTacticalCombatSnow2,Zirax Forces,,,,,,,,,,兹瑞克斯部队,,,,,,
actdescTacticalCombatSnow2,Kill 25 Zirax Soldiers or Ripper Dogs,,,,,,,,,,击杀25名兹瑞克斯士兵或撕裂犬,,,,,,
chptitleTacticalCombatSnow3,Rank 2,,,,,,,,,,等级 2,,,,,,
chpdescTacticalCombatSnow3,"Eleminate Enemy Drones ",,,,,,,,,,消灭敌方无人机,,,,,,
tasktitleTacticalCombatSnow3,Enemy Assault Drones,,,,,,,,,,敌方突击无人机,,,,,,
acttitleTacticalCombatSnow3,Alien Drones,,,,,,,,,,外星无人机,,,,,,
actdescTacticalCombatSnow3,Destroy ten enemy Drones,,,,,,,,,,摧毁十架敌方无人机,,,,,,
chptitleTacticalCombatSnow4,Rank 3,,,,,,,,,,等级 3,,,,,,
chpdescTacticalCombatSnow4,Reduce Zirax Territory by taking out the core of their structures.,,,,,,,,,,通过摧毁兹瑞克斯建筑的核心来削弱他们的领地。,,,,,,
tasktitleTacticalCombatSnow4,Ziarax Defense Towers,,,,,,,,,,兹瑞克斯防御塔,,,,,,
acttitleTacticalCombatSnow4,Defense Towers,,,,,,,,,,防御塔,,,,,,
actdescTacticalCombatSnow4,Destroy the Core of 5 Zirax Defensive Towers,,,,,,,,,,摧毁5座兹瑞克斯防御塔的核心,,,,,,
chptitleTacticalCombatSnow5,Rank 5 - Rados Drone Base,,,,,,,,,,等级 5 - 拉多斯无人机基地,,,,,,
chpdescTacticalCombatSnow5,"In order to drive the Zirax off the planet, you must take out their Drone Base!!!",,,,,,,,,,为了将兹瑞克斯赶出这颗星球，你必须摧毁他们的无人机基地！！！,,,,,,
tasktitleTacticalCombatSnow5a,Rados Drone Base: Assault,,,,,,,,,,拉多斯无人机基地：突击,,,,,,
acttitleTacticalCombatSnow5a,Attack and Infiltrate the Rados Drone Base.,,,,,,,,,,攻击并渗透拉多斯无人机基地。,,,,,,
actdescTacticalCombatSnow5a,"Locate the Rados Drone Base, plan your assault, and enact your plan. Don't forget, you must take down the base's shields before you can take out the core. Deal enough damage and the shields will come down.\n\nHint: If you are allied with a scout, they may have found the base already.\nHint: An Engineer may be able to help you get past difficult door codes.",,,,,,,,,,定位拉多斯无人机基地，制定你的攻击计划，并付诸实施。别忘了，在摧毁核心之前必须先击破基地护盾。造成足够伤害后护盾就会失效。\n\n提示：如果你与侦察飞船结盟，他们可能已经找到了该基地。\n提示：工程师也许能帮你破解困难的门禁密码。,,,,,,
tasktitleTacticalCombatSnow5b,Rados Drone Base: Core Access,,,,,,,,,,拉多斯无人机基地：核心入口,,,,,,
acttitleTacticalCombatSnow5b,Access the Core Room,,,,,,,,,,进入核心室,,,,,,
actdescTacticalCombatSnow5b,Gain Access to the Core Room of the Rados Drone Base.,,,,,,,,,,进入拉多斯无人机基地的核心室。,,,,,,
tasktitleTacticalCombatSnow5c,Rados Drone Base: Core Room,,,,,,,,,,拉多斯无人机基地：核心室,,,,,,
acttitleTacticalCombatSnow5c,Destroy the Core.,,,,,,,,,,摧毁核心。,,,,,,
actdescTacticalCombatSnow5c,Destroy the Core of the Rados Drone Base.,,,,,,,,,,摧毁拉多斯无人机基地的核心。,,,,,,
chptitleTacticalCombatSnow6,Rank 6,,,,,,,,,,等级 6,,,,,,
chpdescTacticalCombatSnow6,Destroy 50 Zirax Space Drones,,,,,,,,,,摧毁50架兹瑞克斯太空无人机,,,,,,
tasktitleTacticalCombatSnow6,Space Wars,,,,,,,,,,太空战争,,,,,,
acttitleTacticalCombatSnow6,Destroy Space Drones,,,,,,,,,,摧毁太空无人机,,,,,,
actdescTacticalCombatSnow6,Destroy 50 Zirax Space Drones to keep the Zirax on the defensive.,,,,,,,,,,摧毁50架兹瑞克斯太空无人机，让兹瑞克斯处于守势。,,,,,,
chptitleTacticalCombatSnow7,Rank 7,,,,,,,,,,等级 7,,,,,,
chpdescTacticalCombatSnow7,Defeat a Zirax Orbital Patrol Vessel,,,,,,,,,,击败一艘兹瑞克斯轨道巡逻飞船,,,,,,
pda_SnowCB,Specialty: Combat (Snow),,,,,,,,,,专长：战斗（雪地）,,,,,,
pda_ui40WeO,Search the Crew Logs for clues.,,,,,,,,,,搜索船员日志以寻找线索。,,,,,,
pda_SqKqC8a,Search Crew Logs,,,,,,,,,,搜索船员日志,,,,,,
pda_0leO0Wu,Search the Crew Logs,,,,,,,,,,搜索船员日志,,,,,,
pda_4CPm8CO,"Medical Log, Entry 1\n\nWe've emerged from the anomaly, and I've woken up the Flight Crew. The Captain seems to be he usual optimistic self, although I would not be as optimistic myself, were it not for the fact that we seem to be in, more or less, one piece. The only thing that has me worried is that the rest of the UE fleet has not arrived where we did.\n\nIt appears we're going to be here alone for a while. Seeing as the Fukushima and the Merryweather were the only ships carrying legitimate medical facilities, I had to make due with what I had. I've used some left over scraps of medical equipment we had lying around to put together a Ramshackle Healing Station. It's not as useful as a full Medic Station, no built in Emergency Teleporter, but it will slowly heal someone inside.\n\n-Doctor Schneider",,,,,,,,,,医疗日志，条目1\n\n我们已经从异常中出来，我叫醒了飞行组。船长还是他惯常的乐观态度，而我自己也乐观不起来，要不是我们大体上还算完整的话。唯一让我担心的是UE舰队的其他部分没有到达我们所在的地方。\n\n看来我们要独自在这里待一段时间了。考虑到福岛号和梅里韦瑟号是仅有的携带正规医疗设施的飞船，我只能凑合使用手头的材料。我用我们周围剩下的医疗设备碎片拼凑了一个简陋的治疗站。它不如完整的医疗站有用，没有内置的紧急传送器，但可以缓慢治疗里面的人。\n\n——施耐德医生,,,,,,
pda_Qi4CqO0,"Engineering Log, Entry 3\n\nThere's not much point in keeping these logs. I doubt anyone will find them. But on the off chance that someone does, There's something you should know.\nOne of the cargo containers in Cargo Module One contains a Teleporter. It' doesn't have much power, but it might get you to the surface of the planet. I would use it myself, but Captain Dominguez has just ejected it to keep the aliens from getting to it.\n\nIf you manage to get an Oxygen Suit, perhaps you can jetpack over to it. If you do, remember the Activation Switch Code: 1899\nI don't stand much of a chance against these aliens, but perhaps someone with combat experience will awaken and take back the ship. Good Luck.\n\n-Engineer Vaughn",,,,,,,,,,工程日志，条目3\n\n保留这些日志没什么意义。我怀疑没人会找到它们。但万一有人找到了，有些事情你应该知道。\n货舱模块一中的一个货物容器里有一个传送器。它电量不多，但也许能把你送到星球表面。我自己想用它，但多明戈斯船长刚刚把它弹射出去，以防止外星人得到它。\n\n如果你能弄到氧气防护服，也许可以用喷气背包飞到它那里。如果成功了，记住激活开关密码：1899\n我对付这些外星人没什么机会，但也许有战斗经验的人会苏醒并夺回飞船。祝你好运。\n\n——沃恩工程师,,,,,,
pda_iuiC8Ce,"Engineering Log, Entry 2\n\nThe Captain has me pushing the engines as hard as I can to get to this distress signal our sensors detected. Ensign Neibuhr has analyzed the signal and, somehow, it appears to be a genuine distress signal on a United Earth frequency.\n\nThe only reasoning I can come up with is that it's one of the other UE Ships, but if it is, why aren't they sending out their contact ID along with it? That's standard protocol. There shouldn't be anyone else from Earth in this galaxy, even after six hundred years I doubt that humans could have traveled this far. But then again, we did.\n\n-Engineer Vaughn",,,,,,,,,,工程日志，条目2\n\n船长让我尽可能用力推动引擎，以便到达传感器探测到的这个求救信号。尼布尔少尉分析了信号，不知怎的，它似乎是联合地球频率上的一个真实求救信号。\n\n我能想到的唯一解释是这是其他UE飞船之一，但如果是这样，为什么他们不一起发送自己的联系ID？那是标准协议。这个星系不应该有来自地球的其他任何人，即使过了六百年，我也不认为人类能旅行这么远。但话说回来，我们做到了。\n\n——沃恩工程师,,,,,,
pda_4eWWWa4,"Engineering Log, Entry 1\n\nI am amazed at how well the ship held up through the anomaly. We suffered very little hull damage, and what internal damage we did suffer was easily repairable. Captain Dominguez has decided to begin searching for a place where we, and hopefully all the other UE Ships, can set up our colony. I have my reservations about pushing the engines so hard just after emerging from the anomaly, but as long as we don't go too far in one jump, we should be fine.\n\n-Engineer Vaughn",,,,,,,,,,工程日志，条目1\n\n我很惊讶飞船在异常中竟然保持得如此完好。我们只受到了很少的船体损伤，而内部损伤也容易修复。多明戈斯船长决定开始寻找一个地方，让我们以及希望所有其他UE飞船能够建立殖民地。我对刚从异常中出来就如此大力推动引擎有所保留，但只要一次跳跃不要太远，我们应该没问题。\n\n——沃恩工程师,,,,,,
pda_GeG4m4e,"Arrival Log, Entry 3\nWe should have never answered that damned distress signal. As soon as we entered orbit around the snow planet, we were ambushed by three alien vessels. They immediately took out one of our engines, and the bridge. Fortunately, Ensign Neibuhr saw them coming and evacuated the bridge before it was destroyed.\n\nWe'll do what we can to fight them, but it seems that the distress signal coming from the planet's surface was nothing but a trap. How they got a United Earth distress signal is beyond me, unless they captured one of the other UE Ships of our fleet, not that it matters now. If  we could have only made it to the planet, perhaps we could have stood a chance..\n\n-Captain Dominguez",,,,,,,,,,到达日志，条目3\n我们当初就不该回应那个该死的求救信号。我们刚进入雪星球轨道，就遭到了三艘外星飞船的伏击。他们立即摧毁了我们的一台引擎和舰桥。幸运的是，尼布尔少尉看到了他们的到来，在舰桥被毁前疏散了人员。\n\n我们会尽力反击，但似乎来自星球表面的求救信号不过是个陷阱。他们是如何获得联合地球的求救信号的，我实在想不通，除非他们捕获了我们舰队中的另一艘UE飞船，不过现在这已经不重要了。要是我们能成功降落到星球上，或许还有机会……\n\n——多明戈斯船长,,,,,,
pda_0m084q3,"Arrival Log, Entry 3\nWe should have never answered that damned distress signal. As soon as we entered orbit around the snow planet, we were ambushed by three alien vessels. They immediately took out one of our engines, and the bridge. Fortunately, Ensign Neibuhr saw them coming and evacuated the bridge before it was destroyed.\n\nWe'll do what we can to fight them, but it seems that the distress signal coming from the planet's surface was nothing but a trap. How they got a United Earth distress signal is beyond me, unless they captured one of the other UE Ships of our fleet, not that it matters now. If  we could have only made it to the planet, perhaps we could have stood a chance..\n\n-Captain Dominguez",,,,,,,,,,到达日志，条目3\n我们当初就不该回应那个该死的求救信号。我们刚进入雪星球轨道，就遭到了三艘外星飞船的伏击。他们立即摧毁了我们的一台引擎和舰桥。幸运的是，尼布尔少尉看到了他们的到来，在舰桥被毁前疏散了人员。\n\n我们会尽力反击，但似乎来自星球表面的求救信号不过是个陷阱。他们是如何获得联合地球的求救信号的，我实在想不通，除非他们捕获了我们舰队中的另一艘UE飞船，不过现在这已经不重要了。要是我们能成功降落到星球上，或许还有机会……\n\n——多明戈斯船长,,,,,,
pda_FKNCGKW,"Arrival Log, Entry 2\n\nWhile searching for a suitable planet, our sensors detected a signal coming from a nearby Planet. While the planet has a harsh, frozen environment, it seems the signal is on a UE frequency. However, it seems that the specific signal is a generic distress call not currently in use by any ship in the fleet.\n\nIf the signal IS a United Earth distress call, it seems to be from a ship that would have been launched over a hundred years after we left. Upon further review of galactic positions, it seems that we have traveled not only to another galaxy, but another time. I'm ordering Engineer Vaughn to push the engines as hard as he believes is safe, @w1 so that we can get to the planet as quickly as possible to try and solve this mystery.\n\n-Captain Dominguez",,,,,,,,,,到达日志，条目2\n\n在寻找合适星球的过程中，我们的传感器探测到附近一个星球发出的信号。虽然该星球环境严酷、冰封，但信号似乎是UE频率。然而，这个特定信号是一个通用的求救信号，当前舰队中没有飞船在使用。\n\n如果这个信号确实是联合地球的求救信号，那么它似乎来自一艘在我们离开后一百多年才发射的飞船。进一步查看星系位置后，我们似乎不仅穿越到了另一个星系，还穿越到了另一个时代。我命令沃恩工程师在他认为安全的范围内尽可能加大引擎推力，@w1 以便我们尽快抵达该星球，尝试解开这个谜团。\n\n——多明戈斯船长,,,,,,
pda_a8EumwO,"Arrival Log, Entry 1\n\nThe mysterious anomaly that sent us here seems to either only be one-way, have collapsed, or be a mobile anomaly. There's no sign of it on our sensors, so it looks like our chances of returning to our galaxy are not good.\n\nWith that in mind, I have decided to begin looking for a good location to set up a new colony, while keeping our sensors active to see if we can detect any sign of the rest of the UE Fleet. Hopefully we won't run out of warp fuel before we can either find a suitable planet, or a new fuel source that is compatible to our warp drive.\n\n-Captain Dominguez",,,,,,,,,,到达日志，条目1\n\n将我们送到这里的神秘异常似乎要么是单向的，要么已经坍缩，要么是个移动异常。我们的传感器上没有任何迹象，因此我们返回自己星系的机会似乎不大。\n\n考虑到这一点，我决定开始寻找一个合适的地点建立新殖民地，同时保持传感器活跃，看看能否探测到UE舰队其他部分的任何迹象。希望在我们找到合适的星球或与我们的翘曲引擎兼容的新燃料源之前，翘曲燃料不会耗尽。\n\n——多明戈斯船长,,,,,,
chptitleEngineeringSnow1,Rank 1,,,,,,,,,,等级1,,,,,,
tasktitleEngineeringSnow1a,Basic Bases,,,,,,,,,,基础基地,,,,,,
acttitleEngineeringSnow1a,Power Generation,,,,,,,,,,发电,,,,,,
actdescEngineeringSnow1a,Place a Generator or a Solar Capacitor,,,,,,,,,,放置一个发电机或一个太阳能电容器,,,,,,
acttitleEngineeringSnow1b,Fuel Sources,,,,,,,,,,燃料来源,,,,,,
actdescEngineeringSnow1b,Place a Fuel Tank or a Solar Panel,,,,,,,,,,放置一个燃料箱或一个太阳能板,,,,,,
acttitleEngineeringSnow1c,Constructor,,,,,,,,,,建造机,,,,,,
actdescEngineeringSnow1c,Place a Small Constructor,,,,,,,,,,放置一个小型建造机,,,,,,
tasktitleEngineeringSnow1b,A Better Constructor,,,,,,,,,,更好的建造机,,,,,,
acttitleEngineeringSnow1d,Craft a Large Constructor,,,,,,,,,,制作一个大型建造机,,,,,,
actdescEngineeringSnow1d,Craft a Large Constructor,,,,,,,,,,制作一个大型建造机,,,,,,
chptitleEngineeringSnow2,Rank 2,,,,,,,,,,等级2,,,,,,
chpdescEngineeringSnow2,Learn how to Process Raw Ores from Crushed Stone to advance to Engineering Rank 2.,,,,,,,,,,学习如何从碎石中加工原始矿石以晋升到工程等级2。,,,,,,
chptitleEngineeringSnow3,Rank 3,,,,,,,,,,等级3,,,,,,
chpdescEngineeringSnow3,Build or Capital a Small Vessel in order to advance to Engineering Rank 3.,,,,,,,,,,建造或打捞一艘小型飞船以晋升到工程等级3。,,,,,,
tasktitleEngineeringSnow3a,Capital Vessel: Thrusters,,,,,,,,,,主力舰：推进器,,,,,,
acttitleEngineeringSnow3b,Small Thrusters,,,,,,,,,,小型推进器,,,,,,
actdescEngineeringSnow3b,Place four Small Thrusters on your CV,,,,,,,,,,在你的主力舰上放置四个小型推进器,,,,,,
acttitleEngineeringSnow3c,Medium Thrusters,,,,,,,,,,中型推进器,,,,,,
actdescEngineeringSnow3c,Place two Medium Thrusters on your CV,,,,,,,,,,在你的主力舰上放置两个中型推进器,,,,,,
tasktitleEngineeringSnow3b,Power on your CV,,,,,,,,,,启动你的主力舰,,,,,,
chptitleEngineeringSnow4,Rank 4,,,,,,,,,,等级4,,,,,,
chpdescEngineeringSnow4,Build or Salvage a Capital Vessel in order to advance to Engineering Rank 4.,,,,,,,,,,建造或打捞一艘主力舰以晋升到工程等级4。,,,,,,
chptitleEngineeringSnow5,Rank 5 - Derelict Orbital Station,,,,,,,,,,等级5 - 废弃轨道站,,,,,,
chpdescEngineeringSnow5,Find and Repair a Derelict Orbital Station to advance to Rank 5,,,,,,,,,,找到并修复一座废弃轨道站以晋升到等级5,,,,,,
chptitleEngineeringSnow6,Rank 6,,,,,,,,,,等级6,,,,,,
chpdescEngineeringSnow6,Place five Auto-Miners to advanced to Rank 6,,,,,,,,,,放置五个自动采矿机以晋升到等级6,,,,,,
chptitleEngineeringSnow7,Rank 7,,,,,,,,,,等级7,,,,,,
chpdescEngineeringSnow7,Place a Teleporter to advance to Rank 7,,,,,,,,,,放置一个传送器以晋升到等级7,,,,,,
tasktitleEngineeringSnow7,Teleportation,,,,,,,,,,传送,,,,,,
acttitleEngineeringSnow7,Place a Teleporter,,,,,,,,,,放置一个传送器,,,,,,
actdescEngineeringSnow7,Add a Teleporter to your Base or Capital Vessel,,,,,,,,,,在你的基地或主力舰上添加一个传送器,,,,,,
pda_SnowEN,Specialty: Engineering (Snow),,,,,,,,,,专长：工程（雪原）,,,,,,
pda_eiKiuaG,Resource Gathering: Drill,,,,,,,,,,资源收集：钻头,,,,,,
pda_U0KOSSK,Unlock Drill,,,,,,,,,,解锁钻头,,,,,,
pda_8q8aeW1,Unlock the Drill,,,,,,,,,,解锁钻头,,,,,,
pda_OC8i8Gq,Craft Drill,,,,,,,,,,制作钻头,,,,,,
pda_iGm0OO4,Craft a Drill,,,,,,,,,,制作一个钻头,,,,,,
pda_a0aWim8,Resource Gathering: Crushed Stone,,,,,,,,,,资源收集：碎石,,,,,,
pda_0ae00K8,Gather Crushed Stone,,,,,,,,,,收集碎石,,,,,,
pda_SCTOqae,Resource Gathering: Raw Ores,,,,,,,,,,资源收集：原始矿石,,,,,,
pda_aKGu0ua,Craft Iron Ores,,,,,,,,,,制作铁矿石,,,,,,
pda_8S8amam,Craft Copper Ores,,,,,,,,,,制作铜矿石,,,,,,
pda_cq18OSO,Craft Silicon Ores,,,,,,,,,,制作硅矿石,,,,,,
pda_404m4qq,Craft 5 Silicon Ores,,,,,,,,,,制作5个硅矿石,,,,,,
pda_a2auq8q,Craft 5 Copper Ores,,,,,,,,,,制作5个铜矿石,,,,,,
pda_SiK4ee8,Craft 5 Iron Ores,,,,,,,,,,制作5个铁矿石,,,,,,
pda_4OviqKe,Gather 2250 Crushed Stone,,,,,,,,,,收集2250个碎石,,,,,,
pda_44CuWYG,Promethium: Gathering,,,,,,,,,,钷：收集,,,,,,
pda_GKiicqW,Gather Promethium,,,,,,,,,,收集钷,,,,,,
pda_aGxOKSQ,Turn on your CV,,,,,,,,,,启动你的主力舰,,,,,,
pda_es4KmOi,Power on your CV,,,,,,,,,,启动你的主力舰,,,,,,
pda_mCuiG0a,Promethium: Fuel Packs,,,,,,,,,,钷：燃料包,,,,,,
pda_ZI5aGuS,Hydrogen: Generation,,,,,,,,,,氢气：发电,,,,,,
pda_7iWO5Oa,Craft Fuel Packs,,,,,,,,,,制作燃料包,,,,,,
pda_qeSUi8K,Craft a Hydrogen Generator,,,,,,,,,,制作一个氢气发电机,,,,,,
pda_OK8uiCW,Place a Hydrogen Generator,,,,,,,,,,放置一个氢气发电机,,,,,,
pda_Su0iGWM,Place a Hydrogen Generator,,,,,,,,,,放置一个氢气发电机,,,,,,
pda_lWSvuCW,Craft a Hydrogen Generator,,,,,,,,,,制作一个氢气发电机,,,,,,
pda_aaIGiaq,Craft 200 Promethium Fuel Packs,,,,,,,,,,制作200个钷燃料包,,,,,,
pda_COCii8K,Hydrogen: Fuel Packs,,,,,,,,,,氢气：燃料包,,,,,,
pda_Km6qiOu,Craft Fuel Packs,,,,,,,,,,制作燃料包,,,,,,
pda_iqqqu4i,Craft 200 Hydrogen Fuel Packs,,,,,,,,,,制作200个氢气燃料包,,,,,,
pda_Ca0gxCq,Gather 100 Promethium Ore,,,,,,,,,,收集100个钷矿石,,,,,,
pda_5IGOmmq,Power your Hydrogen Generator,,,,,,,,,,为你的氢气发电机供电,,,,,,
pda_wO0miWC,Add Fuel to your Hydrogen Generator,,,,,,,,,,向你的氢气发电机添加燃料,,,,,,
chptitleZiraxCodesSnow,Strange Transmission: Zirax Codes.,,,,,,,,,,异常传输：兹瑞克斯密码。,,,,,,
chptitleExplorationSnow1,Rank 1,,,,,,,,,,等级1,,,,,,
chpdescExplorationSnow1,Craft a Motorbike and find an interesting POI.,,,,,,,,,,制作一辆摩托车并找到一个有趣的兴趣点。,,,,,,
acttitleExplorationSnow1b,Locate the source of the Alien Signal,,,,,,,,,,定位外星信号的源头,,,,,,
actdescExplorationSnow1b,Locate the source of the alien signal. POIs that are part of a mission are often represented by a Chevron instead of the typical POI indicator on the map.,,,,,,,,,,定位外星信号的源头。属于任务一部分的兴趣点在地图上通常用山形符号而非普通兴趣点指示器表示。,,,,,,
chptitleExplorationSnow2,Rank 2,,,,,,,,,,等级2,,,,,,
chpdescExplorationSnow2,Construct a Scout Vessel using a Graviton Thrust Drive.,,,,,,,,,,建造一艘装有引力子推进驱动器的侦察飞船。,,,,,,
chptitleExplorationSnow3,Rank 3,,,,,,,,,,等级3,,,,,,
chpdescExplorationSnow3,Locate the Rados Drone Base.,,,,,,,,,,定位拉多斯无人机基地。,,,,,,
tasktitleExplorationSnow3b,Rados Drone Base,,,,,,,,,,拉多斯无人机基地,,,,,,
acttitleExplorationSnow3b,Locate the Drone Base,,,,,,,,,,定位无人机基地,,,,,,
actdescExplorationSnow3b,Use your Small Vessel to find the Drone Base in order to take it out.,,,,,,,,,,使用你的小型飞船找到无人机基地并将其摧毁。,,,,,,
chptitleExplorationSnow4,Rank 4,,,,,,,,,,等级4,,,,,,
chpdescExplorationSnow4,Locate a Derelict Orbital Station.,,,,,,,,,,定位一座废弃轨道站。,,,,,,
tasktitleExplorationSnow4,Derelict Orbital Station,,,,,,,,,,废弃轨道站,,,,,,
acttitleExplorationSnow4,Locate a Derelict Orbital Station,,,,,,,,,,定位一座废弃轨道站,,,,,,
actdescExplorationSnow4,Find a Derelict Orbital Station to turn into a base.,,,,,,,,,,找到一座废弃轨道站并将其改造成基地。,,,,,,
chptitleExplorationSnow5,Rank 6,,,,,,,,,,等级6,,,,,,
tasktitleExplorationSnow5a,Mysterious Signals (Part 1),,,,,,,,,,神秘信号（第一部分）,,,,,,
acttitleExplorationSnow5a1,Scan Koronat Obelisk,,,,,,,,,,扫描科罗纳特方尖碑,,,,,,
actdescExplorationSnow5a1,Locate the Obelisk in the debris field of the former planet Koronat,,,,,,,,,,定位原科罗纳特星球残骸区中的方尖碑。,,,,,,
acttitleExplorationSnow5a2,Scan Brokanerth Obelisk,,,,,,,,,,扫描布洛卡纳瑟方尖碑,,,,,,
actdescExplorationSnow5a2,Locate the Obelisk on  the planet Brokanerth,,,,,,,,,,定位布洛卡纳瑟星球上的方尖碑。,,,,,,
acttitleExplorationSnow5a3,Scan Aboged Obelisk,,,,,,,,,,扫描阿博格德方尖碑,,,,,,
actdescExplorationSnow5a3,Locate the Obelisk on the planet Aboged.,,,,,,,,,,定位阿博格德星球上的方尖碑。,,,,,,
tasktitleExplorationSnow5b,Mysterious Signals (Part 2),,,,,,,,,,神秘信号（第二部分）,,,,,,
acttitleExplorationSnow5b,Yersona,,,,,,,,,,耶尔索纳,,,,,,
actdescExplorationSnow5b,Enter Obit of Yersona,,,,,,,,,,进入耶尔索纳轨道,,,,,,
chptitleExplorationSnow6,Rank 5 - Rados Com Center,,,,,,,,,,等级5 - 拉多斯通讯中心,,,,,,
chptitleExplorationSnow7,Rank 7,,,,,,,,,,等级7,,,,,,
tasktitleExplorationSnow7,An Eerie Energy,,,,,,,,,,一股诡异能量,,,,,,
acttitleExplorationSnow7,Eerie Energy Source,,,,,,,,,,诡异能量源头,,,,,,
actdescExplorationSnow7,Locate the source of the Eerie Energy emanating from the Cursed Planet.,,,,,,,,,,定位从诅咒星球发出的诡异能量的源头。,,,,,,
pda_SnowEX,Specialty: Exploration (Snow),,,,,,,,,,专长：探索（雪原）,,,,,,
tasktitleExplorationSnow1b,Locate the Source of the Alien Signal,,,,,,,,,,定位外星信号的源头,,,,,,
pda_igKMsGS,Mysterious Beacon,,,,,,,,,,神秘信标,,,,,,
pda_GeGOSG8,wait,,,,,,,,,,等待,,,,,,
pda_e80a0mW,wait,,,,,,,,,,等待,,,,,,
pda_KiuW4g8,wait,,,,,,,,,,等待,,,,,,
pda_iiiGeGC,"Medical Log, Entry 2\n\nWith so little medical supplies on hand, I'm not sure we should be the ones responding to a distress call. However, since we ARE trying to locate the rest of the fleet, and this at least seems to be a United Earth signal we're receiving, I don't see we have much choice.\n\nI've been gathering what little supplies we do have, and believe we are ready to help, as best we can. The uncertainty of the signa's origin aside, I'm hopeful that we do, indeed, find one of the other ships from our fleet.\n\n-Doctor Schneider",,,,,,,,,,医疗日志，条目2\n\n手头医疗物资如此之少，我不确定我们是否应该回应求救信号。然而，既然我们确实在寻找舰队的其余部分，而且我们收到的至少似乎是地球联合的信号，我认为我们没有太多选择。\n\n我一直在收集我们仅有的少量物资，并相信我们已经准备好尽力提供帮助。尽管信号来源不确定，但我希望我们确实能找到我们舰队中的另一艘飞船。\n\n-施耐德医生,,,,,,
pda_KWKuSSW,"*whispering* Medical Log, Entry 3\n\nIt's been nearly a day since the aliens boarded the ship. The first group set up some sort of teleport pads in the Engine Room, and more have been teleporting in ever since their ships left. \n\nA few hours ago, they began removing the crew from their cryo chambers. Most of them were executed instantly, but a few were taken away, presumably to be held prisoner... or worse.\n\nI've been hiding in one of the empty cryo chambers, hoping they're too stupid to re-check the ones they already emptied. If I could somehow get one of their weapons, perhaps I could destroy the teleport pads and prevent more from boarding. if only... shit... no. *Cryo Chamber Opens* *Sreaming* NOOOOO!!!!!!!!!! *Alien growls and snarls*\n\n*shotgun blast* *End of Log*",,,,,,,,,,*耳语* 医疗日志，条目3\n\n自从外星人登船以来已经快一天了。第一批在引擎室设置了一些传送器垫，自从他们的飞船离开后，又有更多通过传送器抵达。\n\n几小时前，他们开始将船员从冷冻舱中取出。大多数被立即处决，但少数被带走，可能是作为囚犯...或者更糟。\n\n我一直躲在一个空的冷冻舱里，希望他们愚蠢到不会重新检查已经清空的舱室。如果我能搞到他们的一件武器，也许就能摧毁传送器垫，阻止更多人登船。要是...操...不。 *冷冻舱打开* *尖叫* 不！！！！！！ *外星人咆哮和怒吼*\n\n*霰弹枪射击* *日志结束*,,,,,,
pda_u0aC4mS,"Helmsman Log, Entry 1\n\nWaking up from cryo statis is often disorienting. But waking up in a different galaxy is even more so. Apart from our location being over two million lightyears from where we were, something else seems off. I can't exactly put my finger on it, but the stars and galaxies seem... off... somehow. Nobody from earth has ever seen the universe from this galaxy, so that's maybe it. \n\nThe Captain wants us to try to continue our mission, despite the absence of the rest of the fleet. She believes that the rest of the fleet will find us, or we will find them, and somehow being stranded in an alien galaxy won't get us killed.\nI wish I were so optimistic.\n\n-Ensign Neibuhr, Helmsman",,,,,,,,,,舵手日志，条目1\n\n从冷冻休眠中醒来常常令人迷失方向。但在不同的星系中醒来更是如此。除了我们所在的位置距离之前超过两百万光年之外，还有其他不对劲的地方。我无法确切指出，但星星和星系看起来...有些奇怪...也许是因为地球上从未有人从这个星系看过宇宙。\n\n船长希望我们尽管舰队其他部分失踪，仍尽力继续任务。她相信其余舰队会找到我们，或者我们会找到他们，并且不知怎地，被困在外星星系不会让我们丧命。\n但愿我也能如此乐观。\n\n-少尉尼布尔，舵手,,,,,,
pda_eCuO8L0,"Helmsman Log, Entry 2\n\nIt seems the captain's optimism was well founded. We seem to have picked up a distress signal coming from a nearby system. However, even though the frequency appears to be a United Earth frequency, the signal itself is unfamiliar to me. It's obviously a distress call, but it's not encoded with the ID of any of the ships of our fleet. In fact, based on the data that IS encoded, it seems to be from no ship at all... or at least not one that had been constructed before we left Earth.\n\n-Ensign Neibuhr, Helmsman",,,,,,,,,,舵手日志，条目2\n\n看来船长的乐观是有根据的。我们似乎收到了附近一个星系发出的求救信号。然而，尽管频率似乎是地球联合的频率，但信号本身对我来说并不熟悉。这显然是个求救信号，但它没有编入我们舰队任何一艘飞船的ID。事实上，根据编码的数据来看，它似乎根本不来自任何飞船...或者至少不是我们离开地球前建造的飞船。\n\n-少尉尼布尔，舵手,,,,,,
pda_8KSiuau,"Helmsman Log, Entry 3\n\nI'm all alone. The only one left. Captain Dominguez managed to eject Cargo Module One, but was immediately gunned down by one of those aliens. I managed to lock the door to the Cargo Connector and ejected Cryo Module Four to prevent them from reaching me, but I don't know what to do from here. The Oxygen Suits are stored in Cargo Module Two, which I'm cut off from, and I'm sure to starve if I wait long enough. \n\n*tearful sobbing* It seems my only choices are to be killed by one of those... things... or a slow death from starvation. Actually... there is a third option. If anyone wakes up from Cryo Stasis and reads this, the unlock code to the Cargo Connector is: 8176 \n\n*more sobbing* Um... oh, I managed to take out one of them that came through Cryo Four before I could eject it. I hid it's weapon and ammo in a storage locker behind the Gravity Generator in Cryo Module Two. I'm not much of a fighter, but perhaps you will have more luck.\n\n-Ensign Neibuhr, Helmsman, Final Entry... *Exterior Door Opens* *Exterior Door Closes*",,,,,,,,,,舵手日志，条目3\n\n我孤身一人。唯一的幸存者。多明格斯船长设法弹射了货舱模块一，但立即被那些外星人枪杀。我设法锁住了货舱连接器的门，并弹射了冷冻舱模块四，阻止他们接近我，但我不知道接下来该怎么办。氧气防护服存放在货舱模块二里，而我已经无法到达那里，如果我等待太久，肯定会饿死。\n\n*含泪抽泣* 看来我唯一的选择就是被那些...东西...杀死，或者慢慢饿死。实际上...还有第三种选择。如果有人从冷冻休眠中醒来并读到这些，货舱连接器的解锁码是：8176\n\n*更多抽泣* 嗯...哦，我设法干掉了一个从冷冻舱四通过的东西，然后才把它弹射出去。我把它的武器和弹药藏在冷冻舱模块二的重力发生器后面的储物柜里。我不是什么战士，但也许你会更幸运。\n\n-少尉尼布尔，舵手，最终条目... *外部舱门打开* *外部舱门关闭*,,,,,,
pda_S4qU0Wa,"Helmsman Log, Entry 3\n\nI'm all alone. The only one left. Captain Dominguez managed to eject Cargo Module One, but was immediately gunned down by one of those aliens. I managed to lock the door to the Cargo Connector and ejected Cryo Module Four to prevent them from reaching me, but I don't know what to do from here. The Oxygen Suits are stored in Cargo Module Two, which I'm cut off from, and I'm sure to starve if I wait long enough. \n\n*tearful sobbing* It seems my only choices are to be killed by one of those... things... or a slow death from starvation. Actually... there is a third option. If anyone wakes up from Cryo Stasis and reads this, the unlock code to the Cargo Connector is: 8176 \n\n*more sobbing* Um... oh, I managed to take out one of them that came through Cryo Four before I could eject it. I hid it's weapon and ammo in a storage locker behind the Gravity Generator in Cryo Module Two. I'm not much of a fighter, but perhaps you will have more luck.\n\n-Ensign Neibuhr, Helmsman, Final Entry... *Exterior Door Opens* *Exterior Door Closes*",,,,,,,,,,舵手日志，条目3\n\n我孤身一人。唯一的幸存者。多明格斯船长设法弹射了货舱模块一，但立即被那些外星人枪杀。我设法锁住了货舱连接器的门，并弹射了冷冻舱模块四，阻止他们接近我，但我不知道接下来该怎么办。氧气防护服存放在货舱模块二里，而我已经无法到达那里，如果我等待太久，肯定会饿死。\n\n*含泪抽泣* 看来我唯一的选择就是被那些...东西...杀死，或者慢慢饿死。实际上...还有第三种选择。如果有人从冷冻休眠中醒来并读到这些，货舱连接器的解锁码是：8176\n\n*更多抽泣* 嗯...哦，我设法干掉了一个从冷冻舱四通过的东西，然后才把它弹射出去。我把它的武器和弹药藏在冷冻舱模块二的重力发生器后面的储物柜里。我不是什么战士，但也许你会更幸运。\n\n-少尉尼布尔，舵手，最终条目... *外部舱门打开* *外部舱门关闭*,,,,,,
pda_QWSuCgW,Open PDA,,,,,,,,,,打开PDA,,,,,,
pda_una8aqG,Open PDA,,,,,,,,,,打开PDA,,,,,,
pda_eWaOCu4,Open PDA,,,,,,,,,,打开PDA,,,,,,
pda_0eauWai,A Lesson in Galactic History,,,,,,,,,,银河历史的一课,,,,,,
pda_JquK4u4,Story (UES Speedwell),,,,,,,,,,剧情（UES Speedwell）,,,,,,
pda_GOiEIWq,wait,,,,,,,,,,等待,,,,,,
pda_0qqeCSq,wait,,,,,,,,,,等待,,,,,,
pda_COW4mW4,wait,,,,,,,,,,等待,,,,,,
pda_C08SemO,"Achieved Rank 6 of [c][ff00f7]Exploration[-][/c].\n\nThe Alien Alter you found gave the following warning:\n\nTRAVELERS OF ... BEWARE THE ... BEYOND, FOR ...!\n... FORSAKEN GATE ... DARKENED EYE!\n... ETERNAL DARK ... SOULS TO CONDEMN!\nBEWARE THE ...!\nBEWARE ... BEYOND!",,,,,,,,,,"Achieved Rank 6 of [c][ff00f7]Exploration[-][/c].\n\nThe Alien Alter you found gave the following warning:\n\nTRAVELERS OF ... BEWARE THE ... BEYOND, FOR ...!\n... FORSAKEN GATE ... DARKENED EYE!\n... ETERNAL DARK ... SOULS TO CONDEMN!\nBEWARE THE ...!\nBEWARE ... BEYOND!",,,,,,
pda_uu06Q,"Achieved Rank 6 of [c][ff00f7]Exploration[-][/c].\n\nThe Alien Alter you found gave the following warning:\n\nTRAVELERS OF THE NIGHT, BEWARE THE ONES FROM BEYOND, FOR THEY HAVE RETURNED!\nTHROUGH THE FORSAKEN GATE THEY HAVE ARRIVED AMIDST THE CURSED PLANET BEYOND THE DARKENED EYE!\nTHROUGH THE ETERNAL DARK, THEY SAIL AMIDST THE SEA OF STARS, LOOKING FOR MORE SOULS TO CONDEMN!\nBEWARE THE ONES FROM BEYOND!\nBEWARE THE ONES FROM BEYOND!",,,,,,,,,,"Achieved Rank 6 of [c][ff00f7]Exploration[-][/c].\n\nThe Alien Alter you found gave the following warning:\n\nTRAVELERS OF THE NIGHT, BEWARE THE ONES FROM BEYOND, FOR THEY HAVE RETURNED!\nTHROUGH THE FORSAKEN GATE THEY HAVE ARRIVED AMIDST THE CURSED PLANET BEYOND THE DARKENED EYE!\nTHROUGH THE ETERNAL DARK, THEY SAIL AMIDST THE SEA OF STARS, LOOKING FOR MORE SOULS TO CONDEMN!\nBEWARE THE ONES FROM BEYOND!\nBEWARE THE ONES FROM BEYOND!",,,,,,
pda_hSSi4Om,Build a Scout Vessel,,,,,,,,,,建造一艘侦察飞船,,,,,,
pda_OiiGWSq,Equip your Scout Vessel with a Detector,,,,,,,,,,为你的侦察飞船装备一个探测器,,,,,,
pda_qO8iSqm,Locate a Friendly Trading Station,,,,,,,,,,定位一个友好贸易站,,,,,,
pda_Oqi8iI0,SV Detector,,,,,,,,,,SV探测器,,,,,,
pda_uW8uiqS,Find a Trading Station,,,,,,,,,,找到一个贸易站,,,,,,
pda_SCCuSeS,Mysterious Alien Alter,,,,,,,,,,神秘的异界神龛,,,,,,
pda_8MmeAqu,Mysterious Source,,,,,,,,,,神秘源,,,,,,
pda_K4O2SWu,Locate the source of the Mysterious Signal being broadcast by the Alien Obelisks.,,,,,,,,,,定位异界方尖碑广播的神秘信号源。,,,,,,
pda_4WiiWua,Examine the remains of the Alien Alter,,,,,,,,,,检查异界神龛的残骸,,,,,,
pda_eW6SWim,Completed the UES Speedwell Story Missions,,,,,,,,,,已完成UES Speedwell剧情任务,,,,,,
pda_uOKmCeG,"Congratulations, you have completed the UES SPeedwell Story Missions.\n\nYou have been awarded 50 UP.",,,,,,,,,,恭喜，您已完成UES Speedwell剧情任务。\n\n您已获得50 UP。,,,,,,
pda_4wiS0Wh,The Zirax are attacking the Alien Alter! We must stop them from destroying it!!!!,,,,,,,,,,兹瑞克斯正在攻击异界神龛！我们必须阻止他们摧毁它！！！！,,,,,,
pda_fqW4e4a,The Darkened Eye,,,,,,,,,,黑暗之眼,,,,,,
pda_u9amD8N,"Try to figure out what ""The Darkened Eye"", as mentioned in the Alien Alter's warning, could mean.",,,,,,,,,,试着解读异界神龛警告中提到的“黑暗之眼”可能意味着什么。,,,,,,
pda_maeiKaG,Solve the Mystery of the Alien Alter,,,,,,,,,,揭开异界神龛之谜,,,,,,
pda_OSemK,Find the Cursed Planet,,,,,,,,,,找到诅咒星球,,,,,,
pda_uWYm4,"Find the ""Cursed Planet""",,,,,,,,,,找到“诅咒星球”,,,,,,
pda_Gm8SW,Cursed Planet,,,,,,,,,,诅咒星球,,,,,,
pda_Ga4908O,Search Black Hole Systems,,,,,,,,,,搜索黑洞星系,,,,,,
pda_ci4eFuC,Search the systems around Black Holes to try and figure out the warning of the Alien Alter.,,,,,,,,,,搜索黑洞周围的星系，以尝试解读异界神龛的警告。,,,,,,
chptitleMedicalSnow1,Rank 1,,,,,,,,,,等级 1,,,,,,
chpdescMedicalSnow1,Craft enough medical supplies to support you and your allies.,,,,,,,,,,制作足够的医疗补给以支持你和你的盟友。,,,,,,
tasktitleMedicalSnow1,Medical Supplies,,,,,,,,,,医疗补给,,,,,,
acttitleMedicalSnow1a,Bandages,,,,,,,,,,绷带,,,,,,
actdescMedicalSnow1a,Craft 10 Bandages,,,,,,,,,,制作 10 个绷带,,,,,,
acttitleMedicalSnow1b,Antibiotic Ointment,,,,,,,,,,抗生素软膏,,,,,,
actdescMedicalSnow1b,Craft 4 Antibiotic Ointment,,,,,,,,,,制作 4 个抗生素软膏,,,,,,
acttitleMedicalSnow1c,Antitoxic Ointment,,,,,,,,,,抗毒软膏,,,,,,
actdescMedicalSnow1c,Craft 4 Antitoxic Ointment,,,,,,,,,,制作 4 个抗毒软膏,,,,,,
acttitleMedicalSnow1d,Antiradiation Ointment,,,,,,,,,,抗辐射软膏,,,,,,
actdescMedicalSnow1d,Craft 4 Antiradiation Ointment,,,,,,,,,,制作 4 个抗辐射软膏,,,,,,
chptitleMedicalSnow2,Rank 2,,,,,,,,,,等级 2,,,,,,
chpdescMedicalSnow2,Craft Medical Pills for your group.,,,,,,,,,,为你的团队制作医疗药片。,,,,,,
tasktitleMedicalSnow2,Improved Medical Supplies,,,,,,,,,,改进的医疗补给,,,,,,
acttitleMedicalSnow2a,Small Health Packs,,,,,,,,,,小医疗包,,,,,,
actdescMedicalSnow2a,Craft 10 Small Health Packs,,,,,,,,,,制作 10 个小医疗包,,,,,,
acttitleMedicalSnow2b,Antibiotic Pills,,,,,,,,,,抗生素药片,,,,,,
actdescMedicalSnow2b,Craft 4 Antibiotic Pills,,,,,,,,,,制作 4 个抗生素药片,,,,,,
acttitleMedicalSnow2c,Antitoxic Pills,,,,,,,,,,抗毒药片,,,,,,
actdescMedicalSnow2c,Craft 4 Antitoxic Pills,,,,,,,,,,制作 4 个抗毒药片,,,,,,
acttitleMedicalSnow2d,Anti Radiation Pills,,,,,,,,,,抗辐射药片,,,,,,
actdescMedicalSnow2d,Craft 4 Anti Radiaton Pills,,,,,,,,,,制作 4 个抗辐射药片,,,,,,
acttitleMedicalSnow2e,Antiparasite Pills,,,,,,,,,,抗寄生虫药片,,,,,,
actdescMedicalSnow2e,Craft 4 Antiparasite Pills,,,,,,,,,,制作 4 个抗寄生虫药片,,,,,,
chptitleMedicalSnow3,Rank 3,,,,,,,,,,等级 3,,,,,,
chpdescMedicalSnow3,Craft Medical Injections for your group,,,,,,,,,,为你的团队制作医疗注射液,,,,,,
tasktitleMedicalSnow3,Improved Medical Supplies,,,,,,,,,,改进的医疗补给,,,,,,
acttitleMedicalSnow3a,Antibiotic Injection,,,,,,,,,,抗生素注射液,,,,,,
actdescMedicalSnow3a,Craft 4 Antibiotic Injections,,,,,,,,,,制作 4 个抗生素注射液,,,,,,
acttitleMedicalSnow3b,Antitoxic Injection,,,,,,,,,,抗毒注射液,,,,,,
actdescMedicalSnow3b,Craft 4 Antitoxic Injections,,,,,,,,,,制作 4 个抗毒注射液,,,,,,
acttitleMedicalSnow3c,Anti Parasite Injection,,,,,,,,,,抗寄生虫注射液,,,,,,
actdescMedicalSnow3c,Craft 4 Anti Parasite Injections,,,,,,,,,,制作 4 个抗寄生虫注射液,,,,,,
chptitleMedicalSnow4,Rank 4,,,,,,,,,,等级 4,,,,,,
chpdescMedicalSnow4,Set up and stock your Sickbay,,,,,,,,,,设置并补给你的医务室,,,,,,
tasktitleMedicalSnow4A,Set up your Sickbay,,,,,,,,,,设置你的医务室,,,,,,
acttitleMedicalSnow4Aa,Medic Station,,,,,,,,,,医疗站,,,,,,
actdescMedicalSnow4Aa,Place a Medic Station,,,,,,,,,,放置医疗站,,,,,,
acttitleMedicalSnow4Ab,Medical Station 1,,,,,,,,,,医疗站 1,,,,,,
actdescMedicalSnow4Ab,Place a Medical Station 1,,,,,,,,,,放置医疗站 1,,,,,,
acttitleMedicalSnow4Ac,Medical Station 2,,,,,,,,,,医疗站 2,,,,,,
actdescMedicalSnow4Ac,Place a Medical Station 2,,,,,,,,,,放置医疗站 2,,,,,,
acttitleMedicalSnow4Ad,Medical Station 3,,,,,,,,,,医疗站 3,,,,,,
actdescMedicalSnow4Ad,Place a Medical Station 3,,,,,,,,,,放置医疗站 3,,,,,,
acttitleMedicalSnow4Ae,Medical Station 4,,,,,,,,,,医疗站 4,,,,,,
actdescMedicalSnow4Ae,Place a Medical Station 4,,,,,,,,,,放置医疗站 4,,,,,,
acttitleMedicalSnow4Af,Food Processor,,,,,,,,,,食品处理器,,,,,,
actdescMedicalSnow4Af,Place a Food Processor,,,,,,,,,,放置食品处理器,,,,,,
acttitleMedicalSnow4Ag,Fridge,,,,,,,,,,冰箱,,,,,,
actdescMedicalSnow4Ag,Place a Fridge,,,,,,,,,,放置冰箱,,,,,,
tasktitleMedicalSnow4B,Stock your Sickbay,,,,,,,,,,补给你的医务室,,,,,,
acttitleMedicalSnow4Ba,Bandages,,,,,,,,,,绷带,,,,,,
actdescMedicalSnow4Ba,Craft 50 Bandages,,,,,,,,,,制作 50 个绷带,,,,,,
acttitleMedicalSnow4Bb,Antibiotic Ointment,,,,,,,,,,抗生素软膏,,,,,,
actdescMedicalSnow4Bb,Craft 10 Antibiotic Ointments,,,,,,,,,,制作 10 个抗生素软膏,,,,,,
acttitleMedicalSnow4Bc,Antitoxic Ointment,,,,,,,,,,抗毒软膏,,,,,,
actdescMedicalSnow4Bc,Craft 10 Antitoxic Ointments,,,,,,,,,,制作 10 个抗毒软膏,,,,,,
acttitleMedicalSnow4Bd,Antiradiation Ointment,,,,,,,,,,抗辐射软膏,,,,,,
actdescMedicalSnow4Bd,Craft 10 Antiradiaiont Ointments,,,,,,,,,,制作 10 个抗辐射软膏,,,,,,
acttitleMedicalSnow4Be,Antibiotic Pills,,,,,,,,,,抗生素药片,,,,,,
actdescMedicalSnow4Be,Craft 6 Antibiotic Pills,,,,,,,,,,制作 6 个抗生素药片,,,,,,
acttitleMedicalSnow4Bf,Antitoxic Pills,,,,,,,,,,抗毒药片,,,,,,
actdescMedicalSnow4Bf,Craft 6 Antitoxic Pills,,,,,,,,,,制作 6 个抗毒药片,,,,,,
acttitleMedicalSnow4Bg,Anti Radiation Pills,,,,,,,,,,抗辐射药片,,,,,,
actdescMedicalSnow4Bg,Craft 6 Anti Radiation Pills,,,,,,,,,,制作 6 个抗辐射药片,,,,,,
acttitleMedicalSnow4Bh,Antiparasite Pills,,,,,,,,,,抗寄生虫药片,,,,,,
actdescMedicalSnow4Bh,Craft 6 Antiparasite Pills,,,,,,,,,,制作 6 个抗寄生虫药片,,,,,,
acttitleMedicalSnow4Bi,Antibiotic Injection,,,,,,,,,,抗生素注射液,,,,,,
actdescMedicalSnow4Bi,Craft 4 Antibiotic Injections,,,,,,,,,,制作 4 个抗生素注射液,,,,,,
acttitleMedicalSnow4Bj,Antitoxic Injection,,,,,,,,,,抗毒注射液,,,,,,
actdescMedicalSnow4Bj,Craft 4 Antitoxic Injections,,,,,,,,,,制作 4 个抗毒注射液,,,,,,
acttitleMedicalSnow4Bk,Antiradiation Injection,,,,,,,,,,抗辐射注射液,,,,,,
actdescMedicalSnow4Bk,Craft 4 Antiradiation Injections,,,,,,,,,,制作 4 个抗辐射注射液,,,,,,
acttitleMedicalSnow4Bl,Antiparasite Injection,,,,,,,,,,抗寄生虫注射液,,,,,,
actdescMedicalSnow4Bl,Craft 4 Antiparasite Injections,,,,,,,,,,制作 4 个抗寄生虫注射液,,,,,,
chptitleMedicalSnow5,Rank 5 - Scientific Investigation,,,,,,,,,,等级 5 - 科学调查,,,,,,
chpdescMedicalSnow5,We've received an urgent message from the Polaris Medial Authority requesting assistance at Yersona which has been placed under Quarantine. Head there and see if you can help out.,,,,,,,,,,我们收到了极星医疗局的紧急消息，要求协助耶尔索纳，那里已被隔离。前往那里看看能否帮忙。,,,,,,
tasktitleMedicalSnow5a,Scientific Investigation: Yersona,,,,,,,,,,科学调查：耶尔索纳,,,,,,
tasktitleMedicalSnow5b,Scientific Investigation: Quarantine Station - Administrator Jessep,,,,,,,,,,科学调查：检疫站 - 管理员杰塞普,,,,,,
acttitleMedicalSnow5b,Talk to the Administrator Jesep,,,,,,,,,,与管理员杰塞普交谈,,,,,,
actdescMedicalSnow5b,Talk to Administrator Jesep on the Quarantine Station,,,,,,,,,,与检疫站的管理员杰塞普交谈,,,,,,
tasktitleMedicalSnow5c,Scientific Investigation: Planetary Entry,,,,,,,,,,科学调查：行星进入,,,,,,
acttitleMedicalSnow5c,Teleport to Quarantine Base Gamma.,,,,,,,,,,传送到伽马检疫基地。,,,,,,
actdescMedicalSnow5c,Use the teleporter on the Quarantine Station to teleport to the Quarantine Base on Yersona.\nThe Teleporter Access Code is: [c][ffc800]6562[-][/c].,,,,,,,,,,使用检疫站上的传送器传送到耶尔索纳上的检疫基地。\n传送器访问代码是：[c][ffc800]6562[-][/c]。,,,,,,
tasktitleMedicalSnow5e,Scientific Investigation: Quarantine Base Gamma - Security Office,,,,,,,,,,科学调查：伽马检疫基地 - 安全办公室,,,,,,
acttitleMedicalSnow5e,Talk to the Security Chief,,,,,,,,,,与安全主管交谈,,,,,,
actdescMedicalSnow5e,Talk to the Security Chief in the Security Office,,,,,,,,,,与安全办公室的安全主管交谈,,,,,,
tasktitleMedicalSnow5f,Scientific Investigation: Mysterious Structure,,,,,,,,,,科学调查：神秘结构,,,,,,
tasktitleMedicalSnow5l,Scientific Investigation: Return to the Quarantine Base,,,,,,,,,,科学调查：返回检疫基地,,,,,,
acttitleMedicalSnow5l,Return to Quarantine Base Gamma,,,,,,,,,,返回伽马检疫基地,,,,,,
actdescMedicalSnow5l,Return to Quarantine Base Gamma.,,,,,,,,,,返回伽马检疫基地。,,,,,,
tasktitleMedicalSnow5m,Scientific Investigation: Conclusion,,,,,,,,,,科学调查：结论,,,,,,
acttitleMedicalSnow5m,Report to the Security Chief,,,,,,,,,,向安全主管报告,,,,,,
actdescMedicalSnow5m,Give the MedicalArid Research to the Security Chief of Quarantine Base Beta,,,,,,,,,,将医学干旱研究交给贝塔检疫基地的安全主管,,,,,,
chptitleMedicalSnow6,Rank 6,,,,,,,,,,等级 6,,,,,,
chpdescMedicalSnow6,Set up a medical garden to grow plants to help you with crafting basic medicines.,,,,,,,,,,设置一个医疗花园，种植植物以帮助你制作基本药物。,,,,,,
tasktitleMedicalSnow6,Setting up a Garden,,,,,,,,,,设置花园,,,,,,
acttitleMedicalSnow6c,Place Growing Plots,,,,,,,,,,放置种植箱,,,,,,
actdescMedicalSnow6c,Place Grow Plots to plant medical Plants in.,,,,,,,,,,放置种植箱以种植医疗植物。,,,,,,
acttitleMedicalSnow6d,Place Grow Lights,,,,,,,,,,放置生长灯,,,,,,
actdescMedicalSnow6d,Place Grow Lights to help your plants grow.,,,,,,,,,,放置生长灯以帮助你的植物生长。,,,,,,
tasktitleMedicalSnow6b,Growing medical Plants,,,,,,,,,,种植医疗植物,,,,,,
acttitleMedicalSnow6e,Place Aloe Vera Sprout,,,,,,,,,,放置芦荟芽,,,,,,
actdescMedicalSnow6e,"Herbal Plants, like Aloe Very, can be used to make a variety of medicines.",,,,,,,,,,草药植物（如芦荟）可用于制作多种药物。,,,,,,
acttitleMedicalSnow6f,Place Fiber Plant Sprout,,,,,,,,,,放置纤维植物芽,,,,,,
actdescMedicalSnow6f,"Plant Fibers can be used to make Bandages, the most basic medical item.",,,,,,,,,,植物纤维可用于制作绷带，这是最基本的医疗物品。,,,,,,
acttitleMedicalSnow6g,Place Ahax Plant Sprout,,,,,,,,,,放置阿赫克斯植物芽,,,,,,
actdescMedicalSnow6g,"Plant Protein, like Ahex, can be used in numerous medicinal products.",,,,,,,,,,植物蛋白（如阿赫克斯）可用于多种医药产品。,,,,,,
acttitleMedicalSnow6h,Place Mushroom Sprout,,,,,,,,,,放置蘑菇芽,,,,,,
actdescMedicalSnow6h,Mushrooms are used in most anti-radiation products.,,,,,,,,,,蘑菇用于大多数抗辐射产品。,,,,,,
acttitleMedicalSnow6i,Place Spice Sprout,,,,,,,,,,放置香料芽,,,,,,
actdescMedicalSnow6i,Spice is a key ingrediant in Stomach Pills,,,,,,,,,,香料是胃药的关键成分。,,,,,,
acttitleMedicalSnow6j,Place Kavae or Coffee Sprout,,,,,,,,,,放置卡瓦或咖啡芽,,,,,,
actdescMedicalSnow6j,Natural Stimulnats are key ingredients for stamina and immunity-boosting medicines.,,,,,,,,,,天然兴奋剂是制作耐力和免疫力增强药物的关键成分。,,,,,,
chptitleMedicalSnow7,Rank 7,,,,,,,,,,等级 7,,,,,,
chpdescMedicalSnow7,Craft a bunch of Medikits,,,,,,,,,,制作一堆医用包,,,,,,
tasktitleMedicalSnow7,Medikits for Days (and Days and Days),,,,,,,,,,医用包多到用不完,,,,,,
acttitleMedicalSnow7a,First Aid Kits,,,,,,,,,,急救包,,,,,,
actdescMedicalSnow7a,Craft 25 First Aid Kits,,,,,,,,,,制作 25 个急救包,,,,,,
acttitleMedicalSnow7b,Detox Kits,,,,,,,,,,解毒医疗包,,,,,,
actdescMedicalSnow7b,Craft 25 Detox Kits,,,,,,,,,,制作 25 个解毒医疗包,,,,,,
acttitleMedicalSnow7c,Decontamination Kits,,,,,,,,,,净化套件,,,,,,
actdescMedicalSnow7c,Craft 25 Decontamination Kits,,,,,,,,,,制作 25 个净化套件,,,,,,
acttitleMedicalSnow7d,Health Packs,,,,,,,,,,医疗包,,,,,,
actdescMedicalSnow7d,Craft 100 Large Health Packs,,,,,,,,,,制作 100 个大型医疗包,,,,,,
pda_SnowMedGroup,Specialty: Medical (Snow),,,,,,,,,,专业：医学（雪地）,,,,,,
pda_O0e0G,Vextar Orntell,,,,,,,,,,维克斯塔·奥恩特尔,,,,,,
pda_xmWaG,Travel to Vextar Orntell,,,,,,,,,,前往维克斯塔·奥恩特尔,,,,,,
pda_UCEuSum,Travel to Resona Orbit,,,,,,,,,,前往雷索纳轨道,,,,,,
pda_e4WKsO4,Travel to Resona Orbit,,,,,,,,,,前往雷索纳轨道,,,,,,
pda_S4m8S8O,Yersona,,,,,,,,,,耶尔索纳,,,,,,
pda_i0i0A0u,Travel to Yersona,,,,,,,,,,前往耶尔索纳,,,,,,
pda_AridR5Adesc,Make your way to the Quarantine Station in orbit around Resona,,,,,,,,,,前往雷索纳轨道上的检疫站。,,,,,,
pda_SnowRank5ActDesc,Make your way to the Quarantine Station in orbit around Yersona.,,,,,,,,,,前往耶尔索纳轨道上的检疫站。,,,,,,
pda_qGiGWY4,Investigate the Mysterious Structure,,,,,,,,,,调查神秘结构,,,,,,
pda_4i0GYWi,Search the Mysterious Structure for anything of medical or scientific relevance.,,,,,,,,,,搜索神秘结构，寻找任何医学或科学相关物品。,,,,,,
pda_imaOK4C,Scientific Investigation: Wait for Rescue,,,,,,,,,,科学调查：等待救援,,,,,,
pda_4Kimaie,Wait for Rescue,,,,,,,,,,等待救援,,,,,,
pda_CuSESWC,Wait for Rescue,,,,,,,,,,等待救援,,,,,,
pda_GKaLuM8,Approach the Mysterious Structure,,,,,,,,,,接近神秘结构,,,,,,
pda_FaEVI0W,Go to the Mysterious Structure,,,,,,,,,,前往神秘结构,,,,,,
pda_4EGSGWs,Rank 4,,,,,,,,,,等级 4,,,,,,
pda_04aGquK,Take out the Patrol Vessel,,,,,,,,,,消灭巡逻飞船,,,,,,
pda_K4kYuSK,Destroy the Patrol Vessel,,,,,,,,,,摧毁巡逻飞船,,,,,,
pda_K40mWqC,Take out the Planetary Patrol Vessel,,,,,,,,,,消灭行星巡逻飞船,,,,,,
pda_uSo0Km1,Take out the Patrol Vessel on the Planet Tohh,,,,,,,,,,消灭托赫星球上的巡逻飞船,,,,,,
pda_CWSmq,Alien Alter,,,,,,,,,,外星祭坛,,,,,,
pda_ugiWaOm,Fukushima Distress Call,,,,,,,,,,福岛求救信号,,,,,,
pda_mqoCKcu,UES Fukushima,,,,,,,,,,UES 福岛,,,,,,
pda_8CK40qG,Story (UES Fukushima),,,,,,,,,,故事（UES 福岛）,,,,,,
pda_CsGqsCI,Locate the UES Fukushima,,,,,,,,,,定位UES福岛,,,,,,
pda_SgKOWGi,Locate the UES Fukushima,,,,,,,,,,定位UES福岛,,,,,,
pda_V8qiY48,Approach the UES Fukushima to begin the mission.,,,,,,,,,,接近UES福岛以开始任务。,,,,,,
pda_qVKGK8a,Enter the UES Fukushima,,,,,,,,,,进入UES福岛,,,,,,
pda_0umCq4q,Enter UES Fukushima,,,,,,,,,,进入UES福岛,,,,,,
pda_uOr8aqK,Enter the UES Fukushima,,,,,,,,,,进入UES福岛,,,,,,
pda_K8Oe918,Incoming Signal...,,,,,,,,,,收到信号...,,,,,,
pda_wm88OW0,Incoming Signal...,,,,,,,,,,收到信号...,,,,,,
pda_GAmqwKM,Incoming Signal...,,,,,,,,,,收到信号...,,,,,,
pda_fukmO4L,Rank 8: Familiar Voices,,,,,,,,,,等级8：熟悉的声音,,,,,,
pda_4qieW0K,Rank 8: Familiar Voices,,,,,,,,,,等级8：熟悉的声音,,,,,,
pda_SaaCKei,Rank 8: Familiar Voices,,,,,,,,,,等级8：熟悉的声音,,,,,,
pda_WqoWCWK,Rank 8: Familiar Voices,,,,,,,,,,等级8：熟悉的声音,,,,,,
pda_430WGOw,Specialty: Exploration,,,,,,,,,,专精：探索,,,,,,
pda_Uu8sG8q,Specialty: Medical,,,,,,,,,,专精：医疗,,,,,,
pda_q8ucS6c,UES Fukushima,,,,,,,,,,UES福岛,,,,,,
pda_8Oe0gWm,UES Fukushima,,,,,,,,,,UES福岛,,,,,,
pda_qmmC4Oi,UES Fukushima,,,,,,,,,,UES福岛,,,,,,
pda_iaWOu2C,UES Fukushima,,,,,,,,,,UES福岛,,,,,,
pda_Sc4qCu4,Find the UES Fukushima,,,,,,,,,,找到UES福岛,,,,,,
pda_K8CCOC8,Find the UES Fukushima,,,,,,,,,,找到UES福岛,,,,,,
pda_Kii8maJ,Find the UES Fukushima,,,,,,,,,,找到UES福岛,,,,,,
pda_ei8OWme,Find the UES Fukushima,,,,,,,,,,找到UES福岛,,,,,,
pda_GmmWOqj,Find the UES Fukushima,,,,,,,,,,找到UES福岛,,,,,,
pda_d04t4qu,Fukushima Colony,,,,,,,,,,福岛殖民地,,,,,,
pda_KCSOSam,Locate Fukushima Colony,,,,,,,,,,定位福岛殖民地,,,,,,
pda_44Geu4P,Locate Fukushima Colony,,,,,,,,,,定位福岛殖民地,,,,,,
pda_ue0iiAa,Locate Fukushima Colony,,,,,,,,,,定位福岛殖民地,,,,,,
pda_Oai0K,Congratulations! You've achieved Rank 2 of [c][04ff00]Combat[-][/c]!,,,,,,,,,,恭喜！你已经达到[c][04ff00]战斗[-][/c]等级2！,,,,,,
pda_aqw0F,The forces of the [c][ff0000]Zirax Empire[-][/c] don't know what hit them. Keep this up and you'll be able to take out their [c][ff0000]Drone Base[-][/c] in no time.\n\nCongratulations! You've achieved Rank 1 of [c][04ff00]Combat[-][/c]!,,,,,,,,,,[c][ff0000]兹瑞克斯帝国[-][/c]的部队还不知道是什么击中了他们。继续保持，你很快就能摧毁他们的[c][ff0000]无人机基地[-][/c]了。\n\n恭喜！你已经达到[c][04ff00]战斗[-][/c]等级1！,,,,,,
pda_0K0SW4u,"The [c][ff0000]Zirax [-][/c]forces have retreated to their more [c][ff0000]defensible structures[-][/c]. Soon, you'll be ready to [c][04ff00]take on[-][/c] their [c][ff0000]Drone Base[-][/c].\n\nCongratulations! You've achieved Rank 3 of [c][04ff00]Combat[-][/c]!\n\nYou can now take the Advance Training missions in order to unlock another Specialization, or to gain an additional 500 UP!!!",,,,,,,,,,[c][ff0000]兹瑞克斯[-][/c]部队已撤退到他们更[c][ff0000]易守难攻的建筑结构[-][/c]。很快，你就能[c][04ff00]迎战[-][/c]他们的[c][ff0000]无人机基地[-][/c]了。\n\n恭喜！你已经达到[c][04ff00]战斗[-][/c]等级3！\n\n你现在可以接受高级训练任务，以解锁另一个专精，或获得额外500 UP!!!,,,,,,
pda_S8Wsaau,"The [c][ff0000]Zirax [-][/c]forces have retreated to their more [c][ff0000]defensible structures[-][/c]. Soon, you'll be ready to [c][04ff00]take on[-][/c] their [c][ff0000]Drone Base[-][/c].\n\nCongratulations! You've achieved Rank 4 of [c][04ff00]Combat[-][/c]!",,,,,,,,,,[c][ff0000]兹瑞克斯[-][/c]部队已撤退到他们更[c][ff0000]易守难攻的建筑结构[-][/c]。很快，你就能[c][04ff00]迎战[-][/c]他们的[c][ff0000]无人机基地[-][/c]了。\n\n恭喜！你已经达到[c][04ff00]战斗[-][/c]等级4！,,,,,,
pda_mqq4Cce,Congratulations! You've achieved Rank 4 of [c][04ff00]Combat[-][/c]!,,,,,,,,,,恭喜！你已经达到[c][04ff00]战斗[-][/c]等级4！,,,,,,
pda_44840,Achieved Rank 3 of [c][04ff00]Combat[-][/c].,,,,,,,,,,已达成[c][04ff00]战斗[-][/c]等级3。,,,,,,
pda_18I8K,"The [c][ff0000]Zirax [-][/c]forces have retreated to their more [c][ff0000]defensible structures[-][/c]. Soon, you'll be ready to [c][04ff00]take on[-][/c] their [c][ff0000]Patrol Vessel[-][/c].\n\nCongratulations! You've achieved Rank 3 of [c][04ff00]Combat[-][/c]!\n\nYou can now take the Advance Training missions in order to unlock another Specialization, or to gain an additional 500 UP!!!",,,,,,,,,,[c][ff0000]兹瑞克斯[-][/c]部队已撤退到他们更[c][ff0000]易守难攻的建筑结构[-][/c]。很快，你就能[c][04ff00]迎战[-][/c]他们的[c][ff0000]巡逻飞船[-][/c]了。\n\n恭喜！你已经达到[c][04ff00]战斗[-][/c]等级3！\n\n你现在可以接受高级训练任务，以解锁另一个专精，或获得额外500 UP!!!,,,,,,
pda_CG1i5qm,You've achieved Rank 4 of [c][04ff00]Combat[-][/c]!,,,,,,,,,,你已经达到[c][04ff00]战斗[-][/c]等级4！,,,,,,
pda_47aSSYC,You awakened from cryo sleep to find the UES Speedwell overrun by Alien forces. Fight through these forces and make your way to Cargo Bay Two,,,,,,,,,,你从低温休眠中醒来，发现UES Speedwell已被外星部队占领。杀出一条血路，前往二号货舱。,,,,,,
pda_4S0AO0e,"You found the Mysterious Beacon that lured the UES Speedwell into orbit. The design is of some human faction called the ""UCH"".  You have a Key Card generated from data collected from the beacon that should allow you to access an Alien computer with more data about them.\n\nFind an Alien Computer, access it with the Key Card, and learn more about the UCH.",,,,,,,,,,"你找到了诱使UES Speedwell进入轨道的神秘信标。其设计来自一个名为""UCH""的人类派系。你有一张从信标收集的数据中生成的密钥卡，它应该能让你访问一台外星计算机，获取更多关于他们的数据。\n\n找到一台外星计算机，使用密钥卡访问它，了解更多关于UCH的信息。",,,,,,
pda_WmGeW,Congratulations! You've achieved Rank 4 of [c][ffc800]Engineering[-][/c]!,,,,,,,,,,恭喜！你已达到[c][ffc800]工程[-][/c]等级4！,,,,,,
pda_WGiKvKG,Arrival Log 1,,,,,,,,,,抵达日志1,,,,,,
pda_0uKK4K0,Arrival Log 2,,,,,,,,,,抵达日志2,,,,,,
pda_SGC0G7C,Arrival Log 3,,,,,,,,,,抵达日志3,,,,,,
pda_a8WKi4u,Engineer Log 1,,,,,,,,,,工程师日志1,,,,,,
pda_CKWEiK4,Engineer Log 2,,,,,,,,,,工程师日志2,,,,,,
pda_KqO8h4C,Engineer Log 3,,,,,,,,,,工程师日志3,,,,,,
pda_SqCe0Cu,Medical Log 1,,,,,,,,,,医疗日志1,,,,,,
pda_C8Wax4q,Medical Log 2,,,,,,,,,,医疗日志2,,,,,,
pda_mSeOiqS,Medical Log 3,,,,,,,,,,医疗日志3,,,,,,
pda_uuEqWCT,Helmsman Log 1,,,,,,,,,,舵手日志1,,,,,,
pda_0SQqCWK,Helmsman Log 2,,,,,,,,,,舵手日志2,,,,,,
pda_8ameieC,Helmsman Log 3,,,,,,,,,,舵手日志3,,,,,,
pda_mKGqSCu,UES Fukushima,,,,,,,,,,UES 福岛,,,,,,
pda_S0eiB,Specialty: Combat (Arid/Temperate),,,,,,,,,,专精：战斗（干旱/温带）,,,,,,
pda_8S0G0,Specialty: Engineering (Arid/Temperate),,,,,,,,,,专精：工程（干旱/温带）,,,,,,
pda_iiui4Gi,Specialty: Combat,,,,,,,,,,专精：战斗,,,,,,
pda_46qOqYS,Specialty: Engineering,,,,,,,,,,专精：工程,,,,,,
pda_Oe0q4CW,Beyond the Dark Eye - Incomplete,,,,,,,,,,超越黑暗之眼 - 未完成,,,,,,
pda_KqCL8se,Don't Forget to Activate the Faction Mission: Beyond the Dark Eye before proceeding into the Ziggurat.,,,,,,,,,,在进入金字神塔之前，别忘了激活派系任务：超越黑暗之眼。,,,,,,
pda_qiaO4Sm,Entering the Ziggurat,,,,,,,,,,进入金字神塔,,,,,,
pda_cK4gOum,Ziggurat Entry (Engineer),,,,,,,,,,金字神塔入口（工程师）,,,,,,
pda_u4AAGaG,Open the Door to the Ziggurat. (Engineer),,,,,,,,,,打开通往金字神塔的门。（工程师）,,,,,,
pda_Le8WOCK,Take out the Ziggurat Guards (Combat),,,,,,,,,,消灭金字神塔守卫（战斗）,,,,,,
pda_GmWGG8W,Kill the 2 Cyborgs Guarding the Cursed Ziggurat,,,,,,,,,,杀死守卫诅咒金字神塔的两个半机械人,,,,,,
pda_um4mmiG,Level 1,,,,,,,,,,第一层,,,,,,
pda_4K48G2K,Destroy Possessed Robots (Combat),,,,,,,,,,摧毁被附身的机器人（战斗）,,,,,,
pda_IKu4uiO,Locate the Level 1 Door (Exploration),,,,,,,,,,找到第一层的门（探索）,,,,,,
pda_eiSUW4G,Open the Level 1 Door (Engineering),,,,,,,,,,打开第一层的门（工程）,,,,,,
pda_imKumSm,Level 1 Med Bay (Medical),,,,,,,,,,第一层医疗舱（医疗）,,,,,,
pda_OCQOKp0,Destroy the majority of Cursed Robots on the first level.,,,,,,,,,,摧毁第一层的大部分诅咒机器人。,,,,,,
pda_aai8CCa,Unlock the Level 1 Med Bay,,,,,,,,,,解锁第一层医疗舱,,,,,,
pda_euuUAqQ,Locate the door from Level 1 to Level 2,,,,,,,,,,找到从第一层到第二层的门,,,,,,
pda_8SGqaUS,Open the door from Level 1 to Level 2.,,,,,,,,,,打开从第一层到第二层的门。,,,,,,
pda_4GOGLYq,wait,,,,,,,,,,等待,,,,,,
pda_0K4WG40,wait,,,,,,,,,,等待,,,,,,
pda_OH1S8wW,wait,,,,,,,,,,等待,,,,,,
pda_QCOkeKK,wait,,,,,,,,,,等待,,,,,,
pda_Ka1eCq4,wait,,,,,,,,,,等待,,,,,,
pda_qe4G0ei,wait,,,,,,,,,,等待,,,,,,
pda_uWAemea,wait,,,,,,,,,,等待,,,,,,
pda_qamLiKB,wait,,,,,,,,,,等待,,,,,,
pda_uSi4aCK,wait,,,,,,,,,,等待,,,,,,
pda_qQ448hi,wait,,,,,,,,,,等待,,,,,,
pda_Suu8M4S,wait,,,,,,,,,,等待,,,,,,
pda_Oa8qSuG,wait,,,,,,,,,,等待,,,,,,
pda_8SuaOY0,wait,,,,,,,,,,等待,,,,,,
pda_CK4C80w,wait,,,,,,,,,,等待,,,,,,
pda_u4qSaSu,wait,,,,,,,,,,等待,,,,,,
pda_SmsKmGW,wait,,,,,,,,,,等待,,,,,,
pda_C80Siuu,wait,,,,,,,,,,等待,,,,,,
pda_8emme8Z,wait,,,,,,,,,,等待,,,,,,
pda_GSqa0qh,wait,,,,,,,,,,等待,,,,,,
pda_mu8WJ4u,wait,,,,,,,,,,等待,,,,,,
pda_4CDSOKa,wait,,,,,,,,,,等待,,,,,,
pda_uGiqiqq,wait,,,,,,,,,,等待,,,,,,
pda_5udW8O4,wait,,,,,,,,,,等待,,,,,,
pda_uGOapCu,wait,,,,,,,,,,等待,,,,,,
pda_i0GWS3K,wait,,,,,,,,,,等待,,,,,,
pda_CWuWqiG,wait,,,,,,,,,,等待,,,,,,
pda_q0KiCCK,wait,,,,,,,,,,等待,,,,,,
pda_qOoGWum,wait,,,,,,,,,,等待,,,,,,
pda_qLO4S0K,wait,,,,,,,,,,等待,,,,,,
pda_CeuK44a,wait,,,,,,,,,,等待,,,,,,
pda_m8SOiVO,wait,,,,,,,,,,等待,,,,,,
pda_GWq2Sqi,wait,,,,,,,,,,等待,,,,,,
pda_eeeOSqw,wait,,,,,,,,,,等待,,,,,,
pda_We50WHW,wait,,,,,,,,,,等待,,,,,,
pda_u48Sue0,wait,,,,,,,,,,等待,,,,,,
pda_CQnGmie,wait,,,,,,,,,,等待,,,,,,
pda_8W0KqaC,wait,,,,,,,,,,等待,,,,,,
pda_aGeWGmu,Processing Crushed Stone into [c][ffc800]Raw Ore [-][/c]is one of the few ways to get [c][ffc800]Raw Ore[-][/c].!\n\nCongratulations! You've achieved Rank 2 of [c][ffc800]Engineering[-][/c]!,,,,,,,,,,将碎石加工成[c][ffc800]原矿石[-][/c]是获取[c][ffc800]原矿石[-][/c]的少数方法之一。\n\n恭喜！你已达到[c][ffc800]工程[-][/c]等级2！,,,,,,
pda_8CIii,"Good. If your Capital Vessel doesn't have a [c][ffc800]Generator [-][/c]or [c][ffc800]Fuel Tank[-][/c], you'll need to build these, along with a cockpit, in order to use your Capital Vessel. You know what to do!\n\nCongratulations! You've achieved Rank 3 of [c][ffc800]Engineering[-][/c]!",,,,,,,,,,很好。如果你的主力舰没有[c][ffc800]发电机[-][/c]或[c][ffc800]燃料罐[-][/c]，你需要建造这些，以及一个驾驶舱，才能使用你的主力舰。你知道该怎么做！\n\n恭喜！你已达到[c][ffc800]工程[-][/c]等级3！,,,,,,
pda_aGCiKSu,Specialization,,,,,,,,,,专精,,,,,,
pda_0eWSG8a,No Story,,,,,,,,,,无剧情,,,,,,
pda_eYm8CJi,Unlock a Specialization,,,,,,,,,,解锁一个专精,,,,,,
pda_YGuYS88,Open PDA,,,,,,,,,,打开PDA,,,,,,
pda_8ipGiwa,Open your PDA to select a specialization.,,,,,,,,,,打开你的个人数字助理（PDA）选择一个专精。,,,,,,
pda_gC80u0O,Specialization 2,,,,,,,,,,专精2,,,,,,
pda_SSmOmme,Specialization 3,,,,,,,,,,专精3,,,,,,
pda_Gqm4KqK,Specialization 4,,,,,,,,,,专精4,,,,,,
pda_J4e0iK0,Advance your Character,,,,,,,,,,提升你的角色,,,,,,
pda_Cu48aii,wait,,,,,,,,,,等待,,,,,,
pda_gSSOmGu,Advance your Character,,,,,,,,,,提升你的角色,,,,,,
pda_4qWu0Ka,wait,,,,,,,,,,等待,,,,,,
pda_Umiidaq,Advance your Character,,,,,,,,,,提升你的角色,,,,,,
pda_gOWgi8a,wait,,,,,,,,,,等待,,,,,,
pda_K4aK3SO,wait,,,,,,,,,,等待,,,,,,
pda_iYmKqGi,wait,,,,,,,,,,等待,,,,,,
pda_0eWS0C8,wait,,,,,,,,,,等待,,,,,,
pda_uGuCWU4,Open your PDA to select your first Specialization!,,,,,,,,,,打开你的个人数字助理（PDA）来选择你的第一个专精！,,,,,,
pda_1eq8CWg,Select a Character Advancement,,,,,,,,,,选择一项角色进阶,,,,,,
pda_wqJuuua,Select a Character Advancement,,,,,,,,,,选择一项角色进阶,,,,,,
pda_8Sqm8ca,Select a Character Advancement,,,,,,,,,,选择一项角色进阶,,,,,,
pda_d00iSei,Interspace Salvage Industries,,,,,,,,,,星际废物回收工业,,,,,,
pda_3GuCqap,Factions,,,,,,,,,,派系,,,,,,
pda_i44eKmG,"[c][57a86b]Interspace Salvage Industries [-][/c]or [c][57a86b]I.S.I. [-][/c]is the largest salvage and reclamation company in the Andromeda Galaxy. They salvage scrap and parts from junked vehicles and vessels, and recycle them by creating useful devices from items they salvage.",,,,,,,,,,[c][57a86b]星际废物回收工业[-][/c]或[c][57a86b]I.S.I.[-][/c]是仙女座星系最大的废品回收与再利用公司。他们从废弃的车辆和飞船中回收废料与零件，并通过将回收的物品制造成有用的设备来进行循环利用。,,,,,,
pda_qiqei0q,wait,,,,,,,,,,等待,,,,,,
pda_mqmCKCe,wait,,,,,,,,,,等待,,,,,,
pda_qu8Kiqu,wait,,,,,,,,,,等待,,,,,,
pda_0KmB8e8,MIketanic's Boomnoculars,,,,,,,,,,米克塔尼克的爆炸望远镜,,,,,,
pda_eSbuSm8,Easter Eggs,,,,,,,,,,彩蛋,,,,,,
pda_G8aWSSG,Kablamie!,,,,,,,,,,轰隆！,,,,,,
pda_E0iaKG8,Kablamie!,,,,,,,,,,轰隆！,,,,,,
pda_OaCGEqf,You've found Miketanic's Boomnoculars!,,,,,,,,,,你找到了米克塔尼克的爆炸望远镜！,,,,,,
pda_GeKqm8W,"This otherwise ordinary pair of binoculars has the ability to drain the energy of anyone looking through them, and focusing that energy on whatever the binoculars are focusing on, causing it to explode.\n\nRumor has it that Miketanic once got ahold of these binoculars, and destroyed an entire galaxy with them in a matter of hours. Whether the rumor is true or not, it's probably not a good idea to let him have this item... unless you want total chaos in the universe.",,,,,,,,,,这副看似普通的双筒望远镜能够吸取任何看向它的人的能量，并将这股能量聚焦于望远镜所瞄准的物体上，使其爆炸。\n\n有传言说，米克塔尼克曾得到过这副望远镜，并在短短数小时内用它摧毁了一整个星系。不管传言是真是假，最好别让他拿到这件物品……除非你想让宇宙陷入彻底的混乱。,,,,,,
pda_0C4qaem,Fukushima Logs,,,,,,,,,,福岛日志,,,,,,
pda_0haKmSS,Fukushima Logs,,,,,,,,,,福岛日志,,,,,,
pda_4maXqVq,Fukushima Logs,,,,,,,,,,福岛日志,,,,,,
pda_e0CxGSG,Fukushima Logs,,,,,,,,,,福岛日志,,,,,,
pda_SCIsSWK,Arrival Log 1,,,,,,,,,,抵达日志1,,,,,,
pda_CaaSaC8,Arrival Log 2,,,,,,,,,,抵达日志2,,,,,,
pda_xu80eKW,Arrival Log 3,,,,,,,,,,抵达日志3,,,,,,
pda_Wqiuias,Engineering Log 1,,,,,,,,,,工程日志1,,,,,,
pda_KiGQeuG,Engineering Log 2,,,,,,,,,,工程日志2,,,,,,
pda_uG8Geqa,Engineering Log 3,,,,,,,,,,工程日志3,,,,,,
pda_Qm888u0,Helmsman's Log 1,,,,,,,,,,舵手日志1,,,,,,
pda_4qOiKK4,Helmsman's Log 2,,,,,,,,,,舵手日志2,,,,,,
pda_4iOuSW4,Helmsman's Log 3,,,,,,,,,,舵手日志3,,,,,,
pda_SKeKUOG,Medical Log 1,,,,,,,,,,医疗日志1,,,,,,
pda_8SOeuea,Medical Log 2,,,,,,,,,,医疗日志2,,,,,,
pda_SiKSQe0,Medical Log 3,,,,,,,,,,医疗日志3,,,,,,
pda_eSmU4CG,Access Arrival Log 1,,,,,,,,,,阅读抵达日志1,,,,,,
pda_qXGCmoi,Access Arrival Log[b] 2[/b],,,,,,,,,,阅读抵达日志[b] 2[/b],,,,,,
pda_O4OaLKp,Access Arrival Log3,,,,,,,,,,阅读抵达日志3,,,,,,
pda_OgaaSSm,Access Engineering Log 1,,,,,,,,,,阅读工程日志1,,,,,,
pda_aKqCeCm,Access Engineering Log 2,,,,,,,,,,阅读工程日志2,,,,,,
pda_a04WiC4,Access Engineering Log 3,,,,,,,,,,阅读工程日志3,,,,,,
pda_OKQKaaS,Access Helmsman's Log 1,,,,,,,,,,阅读舵手日志1,,,,,,
pda_uii04dS,Access Helmsman's Log 2,,,,,,,,,,阅读舵手日志2,,,,,,
pda_Sq0MOSS,Access Helmsman's Log 3,,,,,,,,,,阅读舵手日志3,,,,,,
pda_aGCAKaq,Access Medical Log 1,,,,,,,,,,阅读医疗日志1,,,,,,
pda_uque00m,Access Medical Log 2,,,,,,,,,,阅读医疗日志2,,,,,,
pda_e0ToOaC,Access Medical Log 3,,,,,,,,,,阅读医疗日志3,,,,,,
pda_OtSiSi4,The Surface of Vextar Orntell,,,,,,,,,,韦克斯塔·奥恩特尔地表,,,,,,
pda_qI4eSeL,Approach the surface of Vextar Orntell,,,,,,,,,,接近韦克斯塔·奥恩特尔地表,,,,,,
pda_qi4mae4,Upgrade 1,,,,,,,,,,升级1,,,,,,
pda_GumaQ8m,Upgrade 2,,,,,,,,,,升级2,,,,,,
pda_SeaKuSS,Upgrade 3,,,,,,,,,,升级3,,,,,,
pda_WS0kuCK,Gain +2 Skill with an unlocked specialization (Max Skill Level 10).,,,,,,,,,,在已解锁的专精中获得+2技能等级（最高技能等级10）。,,,,,,
pda_E4Wu0Yi,Gain +3 Skill with an unlocked specialization (Max Skill Level 10).,,,,,,,,,,在已解锁的专精中获得+3技能等级（最高技能等级10）。,,,,,,
pda_qSSC0i8,Gain +4 Skill with an unlocked specialization (Max Skill Level 10). This can be repeated up to six times.,,,,,,,,,,在已解锁的专精中获得+4技能等级（最高技能等级10）。此效果最多可重复六次。,,,,,,
pda_uqCOK5K,Upgrade a Specialization,,,,,,,,,,升级一项专精,,,,,,
pda_qGCmYSi,Upgrade a Specialization,,,,,,,,,,升级一项专精,,,,,,
pda_OCKG9aw,Upgrade a Specialization,,,,,,,,,,升级一项专精,,,,,,
pda_qeOSKtW,wait,,,,,,,,,,等待,,,,,,
pda_ewamCam,wait,,,,,,,,,,等待,,,,,,
pda_8K0dqe4,wait,,,,,,,,,,等待,,,,,,
pda_JeOGS0K,wait,,,,,,,,,,等待,,,,,,
pda_mCSCm0u,wait,,,,,,,,,,等待,,,,,,
pda_uWY0KaC,wait,,,,,,,,,,等待,,,,,,
pda_aewC4i8,Destroy 10Zirax Drones.,,,,,,,,,,摧毁10架兹瑞克斯无人机。,,,,,,
pda_OOAa8y4,Searching the UES Fukushima,,,,,,,,,,正在搜索UES 福岛号,,,,,,
pda_8OnWaCi,Search the UES Fukushima,,,,,,,,,,搜索UES 福岛号,,,,,,
pda_qOm8ad0,Search the UES Fukushima,,,,,,,,,,搜索UES 福岛号,,,,,,
pda_A8WiuGi,Search the UES Fukushima for clues to the fate of her crew.,,,,,,,,,,搜索UES 福岛号，寻找船员命运的线索。,,,,,,
pda_4T4m0Cu,"The crew of the UES Fukushima was pursued by a strange Ghost Ship, but managed to hide in the atmosphere of a Gas Giant long enough to escape and start a colony on a nearby temperate planet. \n\nLocate ""Fukushima Colony"" to continue the Story.",,,,,,,,,,"UES 福岛的船员们曾遭到一艘神秘的鬼船追击，但他们设法藏身于一颗气态巨行星的大气层中足够久，最终逃脱并在附近一颗温带星球上建立了殖民地。\n\n找到""福岛殖民地""以继续故事。",,,,,,
pda_awuSGS8,It seems the Taurus is abandoned...,,,,,,,,,,看来金牛座已经被废弃了...,,,,,,
pda_W0qe8a0,"Arrival Log, Entry 1\n\nUpon arriving beyond the anomaly, we find ourselves in a strange star system in another galaxy, over six hundred years in our future. But at least we’re alive. We don’t know where any of the other ships of the fleet are, or if they even survived, so we must carry on alone.\n\nOur sensors have detected some sort of large derelict vessel at the edge of this system. We have set course to it and should arrive at its location within the hour. All readings indicate that the vessel is adrift, with no life signs or power signatures. Perhaps we can find something useful on board. Either way, this system seems to have a habitable planet nearby, one we can set down on and start a new colony.\n\n-Captain Alonso Hooke",,,,,,,,,,到达日志，条目1\n\n穿越异常后，我们发现自己身处另一个星系的一个奇怪恒星系中，时间比我们原本的未来早了六百多年。但至少我们还活着。我们不知道舰队其他飞船在哪里，也不知道它们是否幸存，所以我们必须独自前行。\n\n我们的传感器在这个星系边缘探测到某种大型废弃飞船。我们已设定航线，应在一小时内到达其位置。所有读数都显示该飞船漂浮着，没有生命迹象或能量信号。也许我们能在船上找到有用之物。无论如何，这个星系附近似乎有一颗宜居星球，我们可以降落并开始建立新殖民地。\n\n- 阿隆索·胡克船长,,,,,,
pda_Om4uaG8,"Arrival Log, Entry 2\n\nInvestigating the derelict ship was a mistake. As soon as we were within sight of it, it powered up with some sort of mysterious energy causing it to become illuminated by an eerie green light. Its weapons sprang to life and began pummeling us while the wreckage, somehow, began to move toward us.\nEnsign Tsukumo called it a Funayūrei, and I agree; this is some kind of Ghost Ship. \nWe've managed to evade our persuer by taking refuge in the upper atmosphere of a nearby gas giant. While the temperature outside the ship is over 200 degrees, and the radiation levels are intense, the ship should protect us, for now.\n\n-Captain Alonso Hooke",,,,,,,,,,"到达日志，条目2\n\n调查那艘废弃飞船是个错误。我们刚一进入视野，它就启动了一种神秘能量，发出诡异的绿光。它的武器突然开火并开始猛击我们，同时残骸竟开始向我们移动。\n筑紫少尉称之为""船幽灵""，我同意；这是一艘某种意义上的幽灵船。\n我们设法躲进了附近一颗巨型气态行星的高层大气中，以躲避追击者。虽然飞船外部温度超过200度，辐射水平强烈，但飞船暂时应该能保护我们。\n\n- 阿隆索·胡克船长",,,,,,
pda_8eumqua,"Arrival Log, Entry 3\n\nIt's been two weeks since Engineer Doohan completed his ""Fukushima Escape"" Shuttle, which he cobbled together from various parts of the Ship. I didn't think he could do it, but he proved me wrong yet again. We began shuttling passengers down to a nearby Temperate Planet just over a week ago. Now, we're loading the last of the passengers from the Cryo Chambers into the shuttle, and I will finally be joining them down on the planet. \nThe passengers... I suppose they're colonists now... have constructed what they dubbed ""Fukushima Colony"" around what appears to be an old Emergency Shelter. They set up a variety of pre-fabricated habitats, as well as a small warehouse.\nAs we shuttled more personnel down, they began building separate farming settlements a short distance away. With nearly three hundred settlers, we should be able to survive. Perhaps others from the fleet will find us, and join us.\n\n-Captain Alonso Hooke",,,,,,,,,,"到达日志，条目3\n\n自从工程师杜汉完成了他的""福岛逃生""穿梭机（用飞船的各种部件拼凑而成）已经两周了。我原以为他做不到，但他再次证明我错了。大约一周前，我们开始将乘客运送到附近的一个温带星球。现在，我们正将最后一批乘客从低温舱装载到穿梭机上，我也终于要和他们一起降落到星球上了。\n乘客们……我想他们现在是殖民者了……在似乎是旧应急避难所周围建造了他们称之为""福岛殖民地""的定居点。他们搭建了各种预制栖息地，以及一个小仓库。\n随着我们运送更多人员下去，他们在不远处开始建造独立的农业定居点。拥有近三百名定居者，我们应该能生存下去。也许舰队中的其他人会找到我们，加入我们。\n\n- 阿隆索·胡克船长",,,,,,
pda_m4mKWiC,"\nEngineer Log, Entry 1\n\nHe's Crazy! We've just awakened fro' Cryo Stasis Millions o' Lightyears away from our own galaxy, an' hundreds o' years in th' future, an' what's th' first thing th' Cap'n does? He sets course fer a bloody haunted space wreck, nearly gets us killed, an' decides t' hide us in a bloody gas giant!\nWhen I signed up fer this mission, I 'ad no idea I was signin' on fer a suicide mission, let alone one led by a madman!\n\nNow tha Cap'n's askin' me t' build a bloody escape shuttle out of whatever scraps of junk we 'ave on board! ""It cannae be done!"" I told him, but did 'e listen? No. O' course not. So now I'm gonna 'ave t' take apart some o' th' thrusters from th' hull of th' ship, in temperatures over two-hundred degrees! It's a good thing we've got one o' th' Large Constructors on board, otherwise we'd 'ave no chance!\n\n- Engineer Doohan",,,,,,,,,,"\n工程师日志，条目1\n\n他疯了！我们刚从低温静止状态中醒来，位于距离我们自己星系数百万光年、未来数百年的地方，而船长做的第一件事是什么？他驶向一个该死的闹鬼太空残骸，差点害死我们，然后决定把我们藏在一个该死的巨型气态行星里！\n当我报名参加这次任务时，我根本不知道自己在报名自杀任务，更不用说由疯子领导的任务了！\n\n现在船长让我用船上任何可用的破烂零件建造一个该死的逃生穿梭机！""这做不到！""我告诉他，但他听了吗？不，当然没有。所以现在我不得不拆下飞船船体的一些推进器，在超过两百度的温度下工作！幸好我们船上有一个大型建造机，否则我们一点机会都没有！\n\n- 工程师杜汉",,,,,,
pda_WKmOO08,"Engineer Log, Entry 2\n\nI managed t' scrape t'gether enough materials t' make an Environmental Suit that 'as provide me enough protection from tha heat an' radiation t' allow me t' salvage what we need from tha outside o' tha ship. I managed t' disassemble several o' tha ship's thrusters, along with some o' tha antenna arrays an' sensor dishes. I've also managed to cobble t'gether enough steel plates to begin workin' on an escape shuttle. \n\nIn order t' start work on tha shuttle, I 'ad to ask Doctor Kelley to completely disassemble 'is medical module. Ye can imagine 'ow 'appy 'e was t' comply. Once we're done with tha' shuttle, We should be able t' start ferryin' passengers t' tha nearby planet. No' tha' there's any guarantee it's safer than out 'ere.\n\n- Engineer Doohan",,,,,,,,,,工程师日志，条目2\n\n我设法凑齐了足够的材料制作了一套环境防护服，它为我提供了足够的热量和辐射保护，让我能从飞船外部回收我们需要的东西。我拆解了几个飞船的推进器，以及一些天线阵列和传感器碟形天线。我还拼凑了足够的钢板来开始建造逃生穿梭机。\n\n为了开始建造穿梭机，我不得不让凯莉医生完全拆解他的医疗模块。你可以想象他有多么不情愿配合。等穿梭机完工，我们应该就能开始将乘客运送到附近的星球。不过不能保证那里比这里更安全。\n\n- 工程师杜汉,,,,,,
pda_KG04uKC,"Engineer Log, Entry 3\n\nI'm surprised a' 'ow smoothly tha evacuation went. We've nearly evacuated tha entire ship an' 'ave only one trip t' go. Before I leave on tha final trip, I'm settin' tha ship's power systems t' minimal, an' programin' it t' re-activate if anyone enters tha engineering compartment, jus' incase anyone from the fleet comes lookin' fer us.\n\n- Engineer Doohan",,,,,,,,,,工程师日志，条目3\n\n我很惊讶撤离进行得这么顺利。我们几乎撤空了整艘飞船，只剩最后一趟了。在我出发进行最后一次飞行前，我会将飞船的电力系统设为最低，并编程让它如果有人进入工程舱就重新启动，以防舰队有人来找我们。\n\n- 工程师杜汉,,,,,,
pda_KCqGOqm,"Medical Log, Entry 1\n\nThe effects of the strange anomaly on the crew seem to have been minimal, thank God. I know we had no way of avoiding it, but who knows what kind of radiation we've all been exposed to, traveling through time and space like that. It's not natural. In any case, I've prepared the Medical Module as best I can to begin reviving the passengers when the time comes. The Captain seems interested in getting us killed by chasing some damned derelict ship, rather than the sensible thing of setting course for the ONLY habitable planet on sensors. It's his call though. God forbid he should curb his curiosity.\n\n- Doctor Kelley",,,,,,,,,,医疗日志，条目1\n\n谢天谢地，那个奇怪异常对船员的影响似乎很小。我知道我们无法避免它，但谁知道我们在那样穿越时空的过程中暴露在了什么辐射下。这违背自然。无论如何，我已经尽力准备好了医疗模块，以便在时机到来时开始复苏乘客。船长似乎对追逐一艘该死的废弃飞船很感兴趣，而不是做明智的事——向传感器上唯一的宜居星球设定航线。但这是他的决定。但愿他能克制自己的好奇心。\n\n- 凯莉医生,,,,,,
pda_0qWmu8C,"Medical Log, Entry 2\n\nI told The Captain not to take unnecessary risks! But did he listen? No, of course not. Now we're stuck hiding in some goddamned gas giant, being exposed to God knows how much radiation, the temperature of the hull of the ship building, waiting for some damned flying wreck to find and kill us. The rest of the crew thinks the hulking wreckage is haunted, but I recon it's just on some kind of auto-pilot that we accidentally activated by poking our noses where they don't belong. Either way, here we are. Now I've got to make sure that the crew doesn't die of radiation exposure while we wait to be killed by our own stupidity.\n\n- Doctor Kelley",,,,,,,,,,医疗日志，条目2\n\n我告诉船长不要冒不必要的风险！但他听了吗？不，当然没有。现在我们被困在某个该死的巨型气态行星里躲避，暴露在不知多少辐射中，飞船船体温度升高，等待着某个该死的飞行残骸找到并杀死我们。其他船员认为那庞大的残骸闹鬼，但我认为它只是某种自动驾驶模式，是我们多管闲事时意外激活的。不管怎样，我们在这里。现在我必须确保船员在等待被自己的愚蠢杀死之前，不会死于辐射暴露。\n\n- 凯莉医生,,,,,,
pda_KWauMSm,"Medical Log, Entry 3\n\nAt Engineer Doohan's request, I've disassembled all the medical equipment in the Medical Module, which he has now converted into a makeshift shuttle bay. He’s been steadily working to use salvaged parts of the ship to build an escape shuttle. Waste of time if you ask me.\nThe shuttle will only be able to hold just over one Cryo Module of passengers, and Captain Hooke suggested I accompany the first group to the nearby planet, to reassemble the medical facility planet side in case there are any unforeseen medical issues while the first modular settlement is being erected. With that flying deathtrap out there, it sounds like a great way to get ourselves killed.\n\n- Doctor Kelley",,,,,,,,,,医疗日志，条目3\n\n应工程师杜汉的要求，我拆解了医疗模块中的所有医疗设备，他现在已将其改装成了临时穿梭机库。他一直在稳步利用飞船的回收零件建造逃生穿梭机。依我看，这是浪费时间。\n这架穿梭机只能容纳略多于一个低温舱的乘客，胡克船长建议我陪同第一批人员前往附近的星球，在地面重新组装医疗设施，以防在第一批模块化定居点搭建时出现任何不可预见的医疗问题。在这架飞行死亡陷阱外面，这简直是个自杀的好方法。\n\n- 凯莉医生,,,,,,
pda_44GqfOe,"Helmsman Log, Entry 1\n\nI don't like this. Captain Hooke has us heading toward a massive derelict ship on the edge of the system. As I was setting the course, I got this chill down my spine that I just can't shake. T[c][b6fbf7]he [-][/c][c][8afff7]cl[-][/c][c][69f7db]os[-][/c][c][4cf0bf]er[-][/c] [c][00ffb3]we[-][/c] [c][00ff9d]ge[-][/c][c][1eff00]t, {PlayerName}, th[-][/c][c][00ff9d]e m[-][/c][c][00ffb3]or[-][/c][c][4cf0bf]e I [-][/c][c][69f7db]ge[-][/c][c][8afff7]t t[-][/c][c][b6fbf7]hi[-][/c]s sinking feeling in the pit of my stomach. \nI hope I'm wrong, but this feels like a trap.\n\n-E[c][b6fbf7]ns[-][/c][c][8afff7]ign [-][/c][c][69f7db]Tsu[-][/c][c][4cf0bf]kum[-][/c][c][00ffb3]o, He[-][/c][c][00ff9d]lms[-][/c][c][1eff00]man\n\nMysterious Voice[-][/c]\n[c][1eff00]From the realm of darkness we arrive, seeking the light of a new realm to extinguish.\nAll light and life will be our fuel as we drift further through the dark.[-][/c]\n[c][1eff00]And even you cannot stop us, {PlayerName}!!!!![-][/c][c][1eff00][-][/c]",,,,,,,,,,舵手日志，条目1\n\n我不喜欢这样。胡克船长正带领我们驶向星系边缘一艘巨大的废弃飞船。当我设定航线时，脊背一阵寒意久久不散。越靠近，我心底那种不祥的预感就越强烈。\n我希望我错了，但这感觉像是个陷阱。\n\n- 少尉[c][b6fbf7]筑[-][/c][c][8afff7]紫[-][/c][c][69f7db]，[-][/c][c][4cf0bf]舵[-][/c][c][00ffb3]手\n\n神秘声音[-][/c]\n[c][1eff00]我们从黑暗领域而来，寻求熄灭新领域之光。\n所有光芒和生命都将成为我们的燃料，我们随黑暗漂流更远。[-][/c]\n[c][1eff00]即使是你也无法阻止我们，{PlayerName}!!!!![-][/c][c][1eff00][-][/c],,,,,,
pda_P8SvOae,"Helmsman Log, Entry 2\n\nIn the ancient legends of my ancestors, the Funayūrei are spirits of the dead that, among other things, possess the husks of shipwrecks and attempt to sink any other ships they come across. I never believed such things, until now.  As we approached the derelict ship, it began to glow with an unnatural green light, and came to life. Its first volley of weapons fire damaged a good portion of the hull, but I managed to evade them quickly enough to avoid a hull breach. \n\nCaptain Hooke the course set toward the gas giant in this system. His hope is that we can take refuge just inside its upper atmosphere and avoid the Funayūrei that pursues us. There's no guarantee that our assailant won't simply follow us, but I am sworn to follow orders, and that's what I shall do.\n\n- Ensign Tsukumo, Helmsman",,,,,,,,,,舵手日志，条目2\n\n在我的祖先的古老传说中，船幽灵是死者的灵魂，它们会附身于失事船只的残骸，并试图击沉它们遇到的任何其他船只。我从未相信过这些传说，直到现在。当我们接近那艘废弃飞船时，它开始发出不自然的绿光，并活了过来。它的第一轮武器火力损坏了船体相当一部分，但我及时躲避，避免了船体破裂。\n\n胡克船长将航向设定为这个星系的气态巨行星。他希望我们能躲在其上层大气层内，避开追击我们的船幽灵。无法保证袭击者不会跟着我们，但我发誓服从命令，这就是我要做的。\n\n——少尉九十九，舵手,,,,,,
pda_W08KqGs,"Helmsman Log, Entry 3\n\nEngineer Doohan finally completed the Escape Shuttle, and christened it the ""Fukushima Escape"". Captain Hooke assigned me to fly the shuttle to and from an apparently habitable planet that we detected in the system. The first trip to this planet went relatively smoothly. In addition to the thirty-five passengers that were revived from the first Cryo-Module, Doctor Kelley also joined us for the trip. \n\nWhen we first entered the atmosphere, our sensors detected several abandoned and destroyed structures and vehicles. One of the structures, a Destroyed Shelter, was selected to act as the foundation of our new settlement, now called ""Fukushima Colony"". \nNow that we've completed our final trip, we can begin worrying about living, rather than just surviving.\n\n- Ensign Tsukumo, Helmsman",,,,,,,,,,舵手日志，条目3\n\n工程师杜汉终于完成了逃生穿梭机，并命名为“福岛逃生号”。胡克船长指派我驾驶穿梭机往返于我们在该星系探测到的一颗看似宜居的星球。第一次前往这颗星球的旅程相对顺利。除了从第一个低温模块中苏醒的三十五名乘客外，凯利医生也加入了这次旅行。\n\n当我们首次进入大气层时，传感器探测到几处废弃和毁坏的建筑及车辆。其中一处毁坏庇护所被选作新定居点——现称“福岛殖民地”——的基础。\n如今我们完成了最后一次旅程，可以开始操心如何生活，而不仅仅是生存了。\n\n——少尉九十九，舵手,,,,,,
pda_qOuGmmQ,Fukushima Colony,,,,,,,,,,福岛殖民地,,,,,,
pda_a0e8qqa,Colony Log 1,,,,,,,,,,殖民地日志1,,,,,,
pda_iauOaY4,Colony Log 2,,,,,,,,,,殖民地日志2,,,,,,
pda_mWueSCe,Colony Log 3,,,,,,,,,,殖民地日志3,,,,,,
pda_qSq0mqu,Colony Log 4,,,,,,,,,,殖民地日志4,,,,,,
pda_SYisCu0,Colony Log 5,,,,,,,,,,殖民地日志5,,,,,,
pda_CCCOW4G,Engineering Log 1,,,,,,,,,,工程日志1,,,,,,
pda_OWSOqiC,Engineering Log 2,,,,,,,,,,工程日志2,,,,,,
pda_S4uKKGm,Medical Log 1,,,,,,,,,,医疗日志1,,,,,,
pda_O48KKmb,Secret Log 1,,,,,,,,,,秘密日志1,,,,,,
pda_34GWa4m,Secret Log 2,,,,,,,,,,秘密日志2,,,,,,
pda_GumqeWq,wait,,,,,,,,,,等待,,,,,,
pda_Cumq2CW,wait,,,,,,,,,,等待,,,,,,
pda_4Sqei0K,wait,,,,,,,,,,等待,,,,,,
pda_K8a088a,wait,,,,,,,,,,等待,,,,,,
pda_WquqW0O,wait,,,,,,,,,,等待,,,,,,
pda_mK4iqKW,wait,,,,,,,,,,等待,,,,,,
pda_00aD0Ym,wait,,,,,,,,,,等待,,,,,,
pda_u0CLmiC,wait,,,,,,,,,,等待,,,,,,
pda_mKKqCC2,wait,,,,,,,,,,等待,,,,,,
pda_OaaGK4K,wait,,,,,,,,,,等待,,,,,,
pda_440aS0b,wait,,,,,,,,,,等待,,,,,,
pda_CmGqCKU,wait,,,,,,,,,,等待,,,,,,
pda_qi8m04a,wait,,,,,,,,,,等待,,,,,,
pda_OWiK8JW,wait,,,,,,,,,,等待,,,,,,
pda_euG8MOw,wait,,,,,,,,,,等待,,,,,,
pda_uqi4Ce0,wait,,,,,,,,,,等待,,,,,,
pda_meGmWS8,wait,,,,,,,,,,等待,,,,,,
pda_e8ePW0K,wait,,,,,,,,,,等待,,,,,,
pda_8Km4m4i,wait,,,,,,,,,,等待,,,,,,
pda_84Y8qGq,wait,,,,,,,,,,等待,,,,,,
pda_qWeuua8,wait,,,,,,,,,,等待,,,,,,
pda_KGWOM46,wait,,,,,,,,,,等待,,,,,,
pda_Waq00W0,wait,,,,,,,,,,等待,,,,,,
pda_iCGuOOG,wait,,,,,,,,,,等待,,,,,,
pda_C8uO8i4,wait,,,,,,,,,,等待,,,,,,
pda_4qG4O0q,wait,,,,,,,,,,等待,,,,,,
pda_miOeiOq,wait,,,,,,,,,,等待,,,,,,
pda_0SiuiaK,wait,,,,,,,,,,等待,,,,,,
pda_Ve4Oq4e,wait,,,,,,,,,,等待,,,,,,
pda_0qSieKK,wait,,,,,,,,,,等待,,,,,,
pda_u0WKWRu,wait,,,,,,,,,,等待,,,,,,
pda_0OqiW0C,"Colony Log, Entry 1\n\nIt's been five days since we first arrived on this planet. I, Commander Jordan Holch, have been appointed by Captain Hooke as the Colonial Governor of Fukushima Colony, responsible for overseeing the construction and expansion of the colony. The third shuttle load of passengers has just arrived, many of which are agricultural specialists keen on setting up farming villages on the outskirts of the colony.  However, until we get the main settlement set up, and the walls around it erected, I'm not willing to allow anyone to travel too far away.\n\nBy my estimation, it will take another five days to complete the main settlement, using the Colonial Prefabs we have available. They were really meant to work in conjunction with transforming the Fukushima and her Modules into habitats as well, but we'll do the best we can with what we have. We've set up crude power systems with each Prefab, but hopefully once Engineer Doohan arrives, he will be able to set up a unified power grid.\n\n- Commander Jordan Holch,  Colonial Governor",,,,,,,,,,殖民地日志，条目1\n\n自我们首次抵达这颗星球已经过去五天。我，指挥官乔丹·霍尔奇，被胡克船长任命为福岛殖民地的殖民地总督，负责监督殖民地的建设和扩张。第三批穿梭机乘客刚刚抵达，其中许多是农业专家，渴望在殖民地外围建立农业村庄。然而，在主定居点建成并竖起围墙之前，我不允许任何人走得太远。\n\n据我估计，还需要五天时间才能利用现有的殖民地预制件完成主定居点。这些预制件本应配合改造福岛号及其模块成为栖息地，但我们会尽力利用现有条件。我们为每个预制件搭建了简陋的电力系统，但希望工程师杜汉到达后能建立统一的电网。\n\n——指挥官乔丹·霍尔奇，殖民地总督,,,,,,
pda_4ikM0S4,"Colony Log, Entry 2\n\nSetting up the Cargo Deck was a lot more time consuming than we expected. While the initial setup wasn't that difficult, it took us nearly two days to gather the resources needed to set up the Constructors we will need for mass fabrication of parts for the rest of the colony. Even once they were online, our limited resources on this planet make it difficult to stockpile what we need. As such, a large portion of the upper level of the Cargo Deck is currently empty.\n\nThe final shuttle with Captain Hooke and Engineer Doohan on board are due to arrive tomorrow morning. Perhaps once they arrive, we'll be able to start work on the Farming Settlements, as it's already overcrowded here.\n\n- Commander Jordan Holch,  Colonial Governor",,,,,,,,,,殖民地日志，条目2\n\n搭建货运甲板比我们预期的耗时得多。虽然初始搭建并不困难，但我们花了将近两天时间收集所需资源，以便设置建造殖民地其他部分所需零件的大型构造器。即使它们上线后，这颗星球上有限的资源也难以让我们储备所需物资。因此，货运甲板上层目前有很大一部分是空的。\n\n搭载胡克船长和工程师杜汉的最后一架穿梭机将于明天早上抵达。也许他们到达后，我们就能开始农业定居点的工作，因为这里已经过于拥挤了。\n\n——指挥官乔丹·霍尔奇，殖民地总督,,,,,,
pda_W4K8Gmi,"Colony Log, Entry 4\n\nThere have been a rash of disappearances throughout the colony. It started in the outlying Farming Settlements, a few hunters disappeared while out hunting at night. Search parties in the morning couldn't find any trace of the hunters. Soon, anyone who went out after night would just.... vanish. Colonists within the settlements are getting more and more paranoid, accusing each other of various betrayals. Last night, we had our first disappearance within the main settlement. The unnerving thing is that the woman who disappeared was last seen walking toward the settlement exit, but the gate logs say the gate remained closed all night. Either she climbed the nearly perfectly flat wall... or she somehow got through the gate without opening it...\n\n- Commander Jordan Holch,  Colonial Governor",,,,,,,,,,殖民地日志，条目4\n\n殖民地最近发生了一系列失踪事件。始于偏远的农业定居点，几个猎人在夜间打猎时失踪。早上的搜索队找不到任何猎人的踪迹。很快，任何在夜间外出的人都会……消失。定居点内的殖民者越来越偏执，互相指责各种背叛行为。昨晚，主定居点出现了第一起失踪案。令人不安的是，那名失踪女子最后一次被看到是走向定居点出口，但大门日志显示大门整夜关闭。要么她爬上了几乎完全平整的墙壁……要么她以某种方式在不打开大门的情况下穿过了大门……\n\n——指挥官乔丹·霍尔奇，殖民地总督,,,,,,
pda_aiec8iG,"Colony Log, Entry 5\n\nThere's everywhere now... In the trees, in the walls, in the air, in my mind. I can't tell what is real and what is not, I fear that the others are all mad, driven so by whatever those things are that followed us from the Fukushima. I'm the only one not affected by... whatever they are. But they won't get me...\nThey won't... THEY WON'T GET ME!!!!! YOU HEAR ME!!! YOU WON'T GET ME!!!!! \nThey won't... *GUNSHOT*\n\n*END OF LOG*",,,,,,,,,,殖民地日志，条目5\n\n现在到处都是……在树林里，在墙壁里，在空气中，在我的脑海里。我分不清什么是真实，什么不是。我担心其他人都疯了，被那些从福岛号跟来的东西逼疯了。我是唯一不受……它们影响的人。但它们抓不到我……\n它们抓不到……你们听见了吗！！！你们抓不到我！！\n它们抓不到…… *枪声*\n\n*日志结束*,,,,,,
pda_0qaKSKW,"Colony Log, Entry 4\n\nThere have been a rash of disappearances throughout the colony. It started in the outlying Farming Settlements, a few hunters disappeared while out hunting at night. Search parties in the morning couldn't find any trace of the hunters. Soon, anyone who went out after night would just.... vanish. Colonists within the settlements are getting more and more paranoid, accusing each other of various betrayals. Last night, we had our first disappearance within the main settlement. The unnerving thing is that the woman who disappeared was last seen walking toward the settlement exit, but the gate logs say the gate remained closed all night. Either she climbed the nearly perfectly flat wall... or she somehow got through the gate without opening it...\n\n- Commander Jordan Holch,  Colonial Governor",,,,,,,,,,殖民地日志，条目4\n\n殖民地最近发生了一系列失踪事件。始于偏远的农业定居点，几个猎人在夜间打猎时失踪。早上的搜索队找不到任何猎人的踪迹。很快，任何在夜间外出的人都会……消失。定居点内的殖民者越来越偏执，互相指责各种背叛行为。昨晚，主定居点出现了第一起失踪案。令人不安的是，那名失踪女子最后一次被看到是走向定居点出口，但大门日志显示大门整夜关闭。要么她爬上了几乎完全平整的墙壁……要么她以某种方式在不打开大门的情况下穿过了大门……\n\n——指挥官乔丹·霍尔奇，殖民地总督,,,,,,
pda_WKWkSCO,"Colonial Engineering Log, Entry 1\n\nAfter arrivin' on th' plane' after our las' trip from th' ship, th' Cap'n and Commander Holch tasked me with upgradin' th' colony's power systems. My first goal will be t' install a series o' solar panels atop the Cargo Deck, an' connect 'em t' th' colony's main power grid, and connect all tha' habitats power systems t'gether.\nThis'll probably take th' better part o' tha week, so I be'er ge' started a' soon as I can.\n\n- Engineer Doohan",,,,,,,,,,殖民地工程日志，条目1\n\n上次从飞船抵达这颗星球后，船长和霍尔奇指挥官命令我升级殖民地的动力系统。我的首要目标是在货运甲板顶部安装一系列太阳能板，将它们连接到殖民地的主电网，并连通所有栖息地的动力系统。\n这大概需要一周大部分时间，所以我最好尽快开始。\n\n——工程师杜汉,,,,,,
pda_SIeC48R,"Colonial Engineering Log, Entry 2\n\n'ere's somthin' wrong wi' tha power o' this plane'. I cannae fig'r ou' wha' i' is. I's like th' bloo'y a'mospere eats energy. I dunnae. I've been tryin' t' se' up th' solar power t' one o' th' outlyin' farms, an' I cannae ge' th' damn thing t' do right. It's as if th' light 'ere is a li'l drained. I' may be somethin' t'do with th' sun... I' seems dimmer tha' usual...\n\n- Engineer Doohan",,,,,,,,,,殖民地工程日志，条目2\n\n这颗星球的动力系统有问题。我搞不明白是怎么回事。就好像这该死的大气在吞噬能量。我不知道。我一直在试着给其中一个外围农场安装太阳能板，但就是弄不好。仿佛这里的光线被削弱了一点。这可能跟太阳有关……它似乎比平常更暗……\n\n——工程师杜汉,,,,,,
pda_u4XSoaO,"Medical Log, Entry 1\n\nWhen the captain told me I'd be one of the first to help set up the colony, I was happy to get off that blasted ship, to feel the cool breeze on my face, and to breath fresh air. However, over the last week, as more and more people arrive, it seems that the sky is always cloudy, the wind blows less and less, and the air seems to have a... metallic taste. \nSomething's wrong with this damned planet. On top of all that, people seem to be getting more paranoid than usual: Shadows moving out of the corner of the eye, strange noises in the woods, a feeling of being watched. Obviously something on this planet is causing hallucinations, but I've tested the water, air, and soil, and I can't find anything, toxins, microbes, spores, anything that can explain it.\n\nAt night, even I feel as if there's prying eyes everywhere. While I don't feel any other effects that could be attributed to any toxins or aliment. While I don't feel as if my faculties are compromised, I have decided to maintain this log to catalogue my potential exposure for later review. If I am loosing my mind, perhaps this log will serve to aid others who may find us.\n\n- Doctor Kelley",,,,,,,,,,医疗日志，条目1\n\n当船长告诉我将成为首批协助建立殖民地的成员时，我很高兴能离开那艘该死的飞船，感受脸上的凉风，呼吸新鲜空气。然而，在过去一周里，随着越来越多的人到来，天空似乎总是阴沉，风越来越小，空气中还带有……金属味。\n这个该死的星球有问题。更糟的是，人们似乎比平常更偏执：眼角余光看到移动的影子，树林里奇怪的声音，被监视的感觉。显然，这个星球上的某些东西引起了幻觉，但我测试了水、空气和土壤，找不到任何毒素、微生物、孢子或其他可以解释的东西。\n\n到了晚上，连我都觉得四处都有窥视的眼睛。虽然我感觉不到任何可能由毒素或疾病引起的其他影响，但我不觉得自己的智力受损。我决定记录这本日志，以记录可能的暴露情况，供日后审查。如果我疯了，也许这本日志能帮助那些可能找到我们的人。\n\n——凯利医生,,,,,,
pda_mGG8GiW,"This message seems to be from one of the colonists, although no name is given in the transmission, and it has no destination... Playback initiating.\n\n......\nCan you hear me? I know you're out there... I feel you in my mind... I feel you... calling me... beckoning me...\nThe wind is silent now... The forest is making strange noises... Like it's... alive... Like it's... angry...\n\n*END OF LOG*",,,,,,,,,,这条消息似乎来自一名殖民者，虽然传输中没有提供姓名，也没有目的地……播放开始。\n\n……\n你能听到我吗？我知道你在那里……我在心里感受到你……我感觉你在召唤我……在向我招手……\n风现在安静了……森林发出奇怪的声音……就像它……活着……就像它……愤怒……\n\n*日志结束*,,,,,,
pda_auGi44i,"This message seems to be from one of the colonists, although no name is given in the transmission, and it has no destination... Playback initiating.\n\n......\nThey followed us... Whatever they are... they followed us from the ship. The Shadows... they've come to take us... come to take us away... away away, they just want to play... muahahahahahaha....but why do they hurt so cold....?\n*END OF LOG*\n\nThe composer of this message was clearly insane. Although the lack of human remains seems to indicate that the colonists were, indeed, taken away by someone... or something...",,,,,,,,,,这条消息似乎来自一名殖民者，虽然传输中没有提供姓名，也没有目的地……播放开始。\n\n……\n他们跟着我们……无论他们是什么……他们从飞船上跟来了。暗影……他们来带走我们……来把我们带走……带走带走，他们只想玩……哇哈哈哈哈哈……但为什么他们伤得如此冰冷……？\n*日志结束*\n\n这条消息的创作者显然疯了。尽管没有发现人类遗骸，但这似乎表明殖民者确实被某人……或某物……带走了……,,,,,,
pda_u0w6C0q,Investigate Fukushima Colony,,,,,,,,,,调查福岛殖民地,,,,,,
pda_4uqmCU4,Search for Colony Logs,,,,,,,,,,搜索殖民地日志,,,,,,
pda_WCuKmGK,Colony Log 1,,,,,,,,,,殖民地日志1,,,,,,
pda_qCCLuiS,Colony Log 2,,,,,,,,,,殖民地日志2,,,,,,
pda_Om6KKCW,Colony Log 3,,,,,,,,,,殖民地日志3,,,,,,
pda_i05mOwM,Colony Log 4,,,,,,,,,,殖民地日志4,,,,,,
pda_0WKS4K4,Colony Log 5,,,,,,,,,,殖民地日志5,,,,,,
pda_0mCKC4W,Recover Colony Log 1,,,,,,,,,,恢复殖民地日志1,,,,,,
pda_mYSuemm,Recover Colony Log 2,,,,,,,,,,恢复殖民地日志2,,,,,,
pda_IsmWqqq,Recover Colony Log 3,,,,,,,,,,恢复殖民地日志3,,,,,,
pda_oIeG8WC,Recover Colony Log 4,,,,,,,,,,恢复殖民地日志4,,,,,,
pda_0imGKi8,Recover Colony Log 5,,,,,,,,,,恢复殖民地日志5,,,,,,
pda_g4K0uWC,Search Fukushima Colony for any signs of the colonists...,,,,,,,,,,搜索福岛殖民地寻找殖民者的任何踪迹……,,,,,,
pda_8aCW0ie,Rank 9 Combat,,,,,,,,,,等级9 战斗,,,,,,
pda_0qCKaku,Rank 9,,,,,,,,,,等级9,,,,,,
pda_e4GeSO8,Rank 9,,,,,,,,,,等级9,,,,,,
pda_uam8OG8,Rank 9,,,,,,,,,,等级9,,,,,,
pda_OqWY4aw,Learn how to Reforge simple Ingots,,,,,,,,,,学习如何锻造简易锭,,,,,,
pda_eSmaii0,Reforge 100 Simple Ingots,,,,,,,,,,锻造100个简易锭,,,,,,
pda_SOeimWe,Learn how to Reforge complex Ingots,,,,,,,,,,学习如何锻造复合锭,,,,,,
pda_KSCuG8q,Reforge 50 Complex Ingots from Reprocessed Scrap,,,,,,,,,,用再加工废料锻造50个复合锭,,,,,,
pda_KmGW0S8,Reforged Ingots,,,,,,,,,,锻造锭,,,,,,
pda_qKSWuS8,Reforged Copper,,,,,,,,,,锻造铜,,,,,,
pda_GWK8COK,Find Orion Colony,,,,,,,,,,找到猎户座殖民地,,,,,,
pda_CqWGC8C,Locate Orion Colony,,,,,,,,,,定位猎户座殖民地,,,,,,
pda_SHS8mCW,Locate Orion Colony,,,,,,,,,,定位猎户座殖民地,,,,,,
pda_eS0qmIG,Disable the Possessed Sunat Class Corvette,,,,,,,,,,瘫痪被附身的苏纳特级护卫舰,,,,,,
pda_0aqSC0K,Travel to Planet 'Vegra' in the 'Argali Alpha' system,,,,,,,,,,前往'阿尔加利阿尔法'星系中的'维格拉'星球,,,,,,
pda_KO089eC,Vegra,,,,,,,,,,维格拉,,,,,,
pda_WlAiSm0,"Travel to planet Vegra around Argali Alpha, a K-type star at galactic coordinates [98, 19, 130]..",,,,,,,,,,"前往位于阿尔加利阿尔法（一颗K型星）周围的维格拉星球，银河坐标 [98, 19, 130]。。",,,,,,
pda_au0OCC0,Unlock Furnace,,,,,,,,,,解锁熔炉,,,,,,
pda_iq4GC2m,Unlock Furnace,,,,,,,,,,解锁熔炉,,,,,,
pda_ZaGiaam,Unlock Furnace,,,,,,,,,,解锁熔炉,,,,,,
pda_S9qaOmG,Investigate the Unidentified Signal around UIP 3758-A,,,,,,,,,,调查UIP 3758-A周围的不明信号,,,,,,
pda_uS4GOe4,Investigate the unidentified signal,,,,,,,,,,调查不明信号,,,,,,
pda_uWaa4Wi,Investigate the unidentified signal,,,,,,,,,,调查不明信号,,,,,,
pda_80Sq4Ge,Warp to the Unidentified Signal,,,,,,,,,,翘曲至不明信号,,,,,,
pda_qa0GCGl,Head to the Unidentified Signal,,,,,,,,,,前往不明信号,,,,,,
pda_CQW2amG,"SASHA: It appears that the unidentified signal is a Sunat Class Zirax Corvette. Scans of the hull reveal numerous hull breaches and internal damage. Despite the damage, the ship seems to be controlled by a mysterious form of energy that I cannot identify. Perhaps if we disable the craft, I can get more information...",,,,,,,,,,萨莎：看来那个不明信号是一艘苏纳特级兹瑞克斯护卫舰。船体扫描显示多处船体破裂和内部损坏。尽管受损，这艘船似乎被一种我无法识别的神秘能量所控制。也许如果我们瘫痪这艘飞船，我能获得更多信息……,,,,,,
pda_WmCKW46,Specialoty: Combat,,,,,,,,,,专精：战斗,,,,,,
pda_uuOa0ei,Unlock Check,,,,,,,,,,解锁检查,,,,,,
pda_YaeOWGa,This is a Check to see if the Combat Specialization has been unlocked.,,,,,,,,,,这是检查战斗专精是否已解锁的测试。,,,,,,
pda_CGe0aWa,Quarantine Station,,,,,,,,,,检疫站,,,,,,
pda_qY2mGKK,Planetary Access,,,,,,,,,,行星访问,,,,,,
pda_8GG0ISZ,Planetary Entry,,,,,,,,,,行星进入,,,,,,
pda_4ut8Wmm,Mysterious Structure,,,,,,,,,,神秘结构,,,,,,
pda_GGq4iKW,Quarantine Station,,,,,,,,,,检疫站,,,,,,
pda_QiuueqS,Talk to Administrator Eldra,,,,,,,,,,与管理员埃尔德拉交谈,,,,,,
pda_aqS1imC,Teleport to Quarantine Base Epsilon,,,,,,,,,,传送到伊普西隆检疫基地,,,,,,
pda_Ke2MqSu,Approach the Mysterious Structure,,,,,,,,,,接近神秘结构,,,,,,
pda_iOaj8qk,Broken Quarantine: Quarantine Station,,,,,,,,,,破碎的检疫：检疫站,,,,,,
pda_1aGm0aS,Approach the Quarantine Station in orbit around Vegra.,,,,,,,,,,接近绕维格拉轨道运行的检疫站。,,,,,,
pda_88OR40O,Talk to Administrator Eldra on the Quarantine Station,,,,,,,,,,与检疫站上的管理员埃尔德拉交谈,,,,,,
pda_Wumei0q,Talk to Doctor Kil'pek,,,,,,,,,,与基尔佩克医生交谈,,,,,,
pda_ZOieKKW,Find Doctor Kil'pek,,,,,,,,,,找到基尔佩克医生,,,,,,
pda_iCGWKOW,Doctor Kil'pek,,,,,,,,,,基尔佩克医生,,,,,,
pda_aem480i,Talk to Doctor Kil'pek,,,,,,,,,,与基尔佩克医生交谈,,,,,,
pda_u4ueWM0,Find Doctor Kil'pek,,,,,,,,,,找到基尔佩克医生,,,,,,
pda_S8qO4Sv,Talk to Doctor Kil'pek,,,,,,,,,,与基尔佩克医生交谈,,,,,,
pda_im48e0q,Use the teleporter on the Quarantine Station to teleport to the Quarantine Base on Vegra.\nThe Teleporter Access Code is: [c][ffc800]6755[-][/c].,,,,,,,,,,使用检疫站上的传送器传送到维格拉上的检疫基地。\n传送器访问代码是: [c][ffc800]6755[-][/c]。,,,,,,
pda_0ai2WGa,Go to the Mysterious Structure,,,,,,,,,,前往神秘结构,,,,,,
pda_Kqm40UC,Talk to the Research Lead,,,,,,,,,,与研究负责人交谈,,,,,,
pda_eGieiOa,PMA Headquarters,,,,,,,,,,PMA总部,,,,,,
pda_0qq0qXq,Research Administrator,,,,,,,,,,研究管理员,,,,,,
pda_Kq0L8Si,Obtain the Potential Cure,,,,,,,,,,获取潜在解药,,,,,,
pda_iuK8aw8,Go to PMA Headquarters,,,,,,,,,,前往PMA总部,,,,,,
pda_u4iKK0e,Locate,,,,,,,,,,定位,,,,,,
pda_mImO4Ei,Obtain the Potential Cure from the Research Lead,,,,,,,,,,从研究负责人处获取潜在解药,,,,,,
pda_Seq8u5K,"Travel to the Polaris Medical Authority Headquarters on the edge of Polaris Galactic Territory.\nGalactic Coordinates: [-89, 8, 92]",,,,,,,,,,"前往位于极星银河领土边缘的极星医疗管理局总部。\n银河坐标: [-89, 8, 92]",,,,,,
pda_OSieG0K,Land on the PMA Headquarters,,,,,,,,,,降落在PMA总部,,,,,,
pda_OiWi4K8,Go to the Auxilliary Landing Pad on the PMA Headquarters.,,,,,,,,,,前往PMA总部的辅助着陆坪。,,,,,,
pda_SuCCtuK,Check in with the Research Administrator,,,,,,,,,,与研究管理员登记,,,,,,
pda_8dWC8uG,Locate the Research Administrator,,,,,,,,,,找到研究管理员,,,,,,
pda_O0mgWWa,Check In,,,,,,,,,,登记,,,,,,
pda_WCWWeGm,Check In with the Station Administrator.,,,,,,,,,,与空间站管理员登记,,,,,,
pda_mgCKG0W,Deliver the Cure,,,,,,,,,,交付解药,,,,,,
pda_Om8iSGC,Doctor Ogl'Svan,,,,,,,,,,奥格斯万医生,,,,,,
pda_WW4Kqag,Talk to Doctor Ogl'Svan,,,,,,,,,,与奥格斯万医生交谈,,,,,,
pda_8KmiqCe,Director Jin'Slar,,,,,,,,,,金斯拉主任,,,,,,
pda_0OmGSSO,Report to Director Jin'Slar,,,,,,,,,,向金斯拉主任报告,,,,,,
pda_maMqPeV,Report to Director Jin'Slar to receive your payment for the job.,,,,,,,,,,向金斯拉主任报告以领取任务报酬。,,,,,,
pda_OCMea8i,Fukushima Sensor Data,,,,,,,,,,福岛传感器数据,,,,,,
pda_WCWEmOi,Speedwell Sensor Data,,,,,,,,,,速威传感器数据,,,,,,
pda_cqCWUG4,Open your PDA,,,,,,,,,,打开你的PDA,,,,,,
pda_4iaeea4,"UES Leo\nStatus: Intact @w2 - Distress Call Received\nGalactic Coordinates: @w2 [166, -10, 115]\n\nUES Orion\nStatus: Colonizing @w2 - Colonial Signal Received\nGalactic Coordinates: @w2 [92, 25, 106]\n\nUES Rossingol \nStatus: Unknown @w2 - Distress Call Received\nGalactic Coordinates: @w2 Indeterminant\n\nUES Speedwell \nStatus: Intact @w2 - Distress Call Received\nGalactic Coordinates: @w2 [154, 18, 73]\n\nUES Taurus\nStatus: Intact @w2 - Distress Call Received\nGalactic Coordinates: @w2 [134, 25, 126]",,,,,,,,,,"UES勒奥\n状态: 完好 @w2 - 已收到求救信号\n银河坐标: @w2 [166, -10, 115]\n\nUES猎户座\n状态: 殖民中 @w2 - 已收到殖民信号\n银河坐标: @w2 [92, 25, 106]\n\nUES罗辛戈\n状态: 未知 @w2 - 已收到求救信号\n银河坐标: @w2 无法确定\n\nUES速威\n状态: 完好 @w2 - 已收到求救信号\n银河坐标: @w2 [154, 18, 73]\n\nUES金牛座\n状态: 完好 @w2 - 已收到求救信号\n银河坐标: @w2 [134, 25, 126]",,,,,,
pda_G844Keq,"UES Leo\nStatus: Intact @w2 - Distress Call Received\nGalactic Coordinates: @w2 [166, -10, 115]\n\nUES Orion\nStatus: Colonizing @w2 - Colonial Signal Received\nGalactic Coordinates: @w2 [92, 25, 106]\n\nUES Rossingol \nStatus: Unknown @w2 - Distress Call Received\nGalactic Coordinates: @w2 Indeterminant\n\nUES Speedwell \nStatus: Intact @w2 - Distress Call Received\nGalactic Coordinates: @w2 [154, 18, 73]\n\nUES Taurus\nStatus: Intact @w2 - Distress Call Received\nGalactic Coordinates: @w2 [134, 25, 126]",,,,,,,,,,"UES勒奥\n状态: 完好 @w2 - 已收到求救信号\n银河坐标: @w2 [166, -10, 115]\n\nUES猎户座\n状态: 殖民中 @w2 - 已收到殖民信号\n银河坐标: @w2 [92, 25, 106]\n\nUES罗辛戈\n状态: 未知 @w2 - 已收到求救信号\n银河坐标: @w2 无法确定\n\nUES速威\n状态: 完好 @w2 - 已收到求救信号\n银河坐标: @w2 [154, 18, 73]\n\nUES金牛座\n状态: 完好 @w2 - 已收到求救信号\n银河坐标: @w2 [134, 25, 126]",,,,,,
pda_LK8Cqur,UES Orion,,,,,,,,,,UES猎户座,,,,,,
pda_a2Gd6Gi,You have uncovered the UES Orion: Arrival Log 1,,,,,,,,,,你发现了UES猎户座：抵达日志 1,,,,,,
pda_Cumu8Ce,You have uncovered the UES Orion: Arrival Log 2,,,,,,,,,,你发现了UES猎户座：抵达日志 2,,,,,,
pda_6G4SOSG,You have uncovered the UES Orion: Arrival Log 3,,,,,,,,,,你发现了UES猎户座：抵达日志 3,,,,,,
pda_8iGgeiY,You have uncovered the UES Orion: Engineer Log 1,,,,,,,,,,你发现了UES猎户座：工程日志 1,,,,,,
pda_uKeGUSK,You have uncovered the UES Orion: Engineer Log 2,,,,,,,,,,你发现了UES猎户座：工程日志 2,,,,,,
pda_eO08W4i,You have uncovered the UES Orion: Medical Log 1,,,,,,,,,,你发现了UES猎户座：医疗日志 1,,,,,,
pda_GuiCCK2,You have uncovered the UES Orion: Medical Log 2,,,,,,,,,,你发现了UES猎户座：医疗日志 2,,,,,,
pda_CxKYmi4,You have uncovered the UES Orion: Helmsman's Log 1,,,,,,,,,,你发现了UES猎户座：舵手日志 1,,,,,,
pda_KKK5GWa,Uncovered Orion: Arrival Log 1,,,,,,,,,,揭开猎户座：抵达日志 1,,,,,,
pda_gCWqHea,Uncovered Orion: Arrival Log 2,,,,,,,,,,揭开猎户座：抵达日志 2,,,,,,
pda_KuuWiOu,Uncovered Orion: Arrival Log 3,,,,,,,,,,揭开猎户座：抵达日志 3,,,,,,
pda_G8qK0aa,Uncovered Orion: Engineer Log 1,,,,,,,,,,揭开猎户座：工程日志 1,,,,,,
pda_dCOWu88,Uncovered Orion: Engineer Log 2,,,,,,,,,,揭开猎户座：工程日志 2,,,,,,
pda_K8CaqeS,Uncovered Orion: Medical Log 1,,,,,,,,,,揭开猎户座：医疗日志 1,,,,,,
pda_WqWaOaq,Uncovered Orion: Medical Log 2,,,,,,,,,,揭开猎户座：医疗日志 2,,,,,,
pda_KaKiGqe,Uncovered Orion: Helmsman's Log 1,,,,,,,,,,揭开猎户座：舵手日志 1,,,,,,
pda_emOrieC,Arrival Log 1,,,,,,,,,,抵达日志1,,,,,,
pda_KGei8Wq,Arrival Log 2,,,,,,,,,,抵达日志2,,,,,,
pda_C04KaOO,Arrival Log 3,,,,,,,,,,抵达日志3,,,,,,
pda_C4iqSOu,Engineer Log 1,,,,,,,,,,工程师日志1,,,,,,
pda_0W0KKiM,Engineer Log 2,,,,,,,,,,工程师日志2,,,,,,
pda_aWSW0G8,Medical Log 1,,,,,,,,,,医疗日志1,,,,,,
pda_maiKSea,Medical Log 2,,,,,,,,,,医疗日志2,,,,,,
pda_ca8eQ4i,Helmsman Log 1,,,,,,,,,,舵手日志1,,,,,,
pda_8eWaCiW,UES Taurus Logs,,,,,,,,,,UES金牛座号日志,,,,,,
pda_uWmmWaq,UES Leo Logs,,,,,,,,,,UES狮子座号日志,,,,,,
pda_mwqsGGu,UES Speedwell Logs,,,,,,,,,,UES速捷号日志,,,,,,
pda_iW8KuCK,Taurus Crew Logs,,,,,,,,,,金牛座号船员日志,,,,,,
pda_CmCCeMS,Arrival Log 1,,,,,,,,,,抵达日志1,,,,,,
pda_00aOOA4,Arrival Log 2,,,,,,,,,,抵达日志2,,,,,,
pda_iuOp0Ci,Arrival Log 3,,,,,,,,,,抵达日志3,,,,,,
pda_ugC48YS,Engineer Log 1,,,,,,,,,,工程师日志1,,,,,,
pda_DmW4n6W,Engineer Log 2,,,,,,,,,,工程师日志2,,,,,,
pda_WuWKa4m,Medical Log 1,,,,,,,,,,医疗日志1,,,,,,
pda_4GCCOq4,Medical Log 2,,,,,,,,,,医疗日志2,,,,,,
pda_u0qiSWG,Helmsman Log,,,,,,,,,,舵手日志,,,,,,
pda_K4COqG4,Arrival Log 1,,,,,,,,,,抵达日志1,,,,,,
pda_2i4GC09,Arrival Log 2,,,,,,,,,,抵达日志2,,,,,,
pda_qLmWe84,Leo Crew Logs,,,,,,,,,,狮子座号船员日志,,,,,,
pda_OwieGKi,Arrival Log 1,,,,,,,,,,抵达日志1,,,,,,
pda_CC4q40V,Speedwell Crew Logs,,,,,,,,,,速捷号船员日志,,,,,,
pda_qeeC4Ki,Arrival Log 1,,,,,,,,,,抵达日志1,,,,,,
pda_iLe0a4u,Arrival Log 2,,,,,,,,,,抵达日志2,,,,,,
pda_iWaiG2a,Arrival Log 3,,,,,,,,,,抵达日志3,,,,,,
pda_WMO48qG,Engineer Log 1,,,,,,,,,,工程师日志1,,,,,,
pda_uShgKEe,Engineer Log 2,,,,,,,,,,工程师日志2,,,,,,
pda_8li00W8,Medical Log 1,,,,,,,,,,医疗日志1,,,,,,
pda_4qCaOmu,Medical Log 2,,,,,,,,,,医疗日志2,,,,,,
pda_mw6m8CA,Helmsman Log,,,,,,,,,,舵手日志,,,,,,
pda_viKC0K8,Arrival Log 1,,,,,,,,,,抵达日志1,,,,,,
pda_CiKSSWe,Arrival Log 2,,,,,,,,,,抵达日志2,,,,,,
pda_GmOIKS0,Arrival Log 3,,,,,,,,,,抵达日志3,,,,,,
pda_q8WaGuG,Arrival Log 2,,,,,,,,,,抵达日志2,,,,,,
pda_WmTCKW4,Arrival Log 3,,,,,,,,,,抵达日志3,,,,,,
pda_emaim8a,Engineer Log 1,,,,,,,,,,工程师日志1,,,,,,
pda_8aKC5i4,Engineer Log 2,,,,,,,,,,工程师日志2,,,,,,
pda_u4gsWui,Medical Log 1,,,,,,,,,,医疗日志1,,,,,,
pda_qKUiGSi,Medical Log 2,,,,,,,,,,医疗日志2,,,,,,
pda_4muuiG0,Helmsman Log 1,,,,,,,,,,舵手日志1,,,,,,
pda_g8aKiC4,Arrival Log 1,,,,,,,,,,抵达日志1,,,,,,
pda_m8OKkeq,Arrival Log 2,,,,,,,,,,抵达日志2,,,,,,
pda_02mmC8i,Arrival Log 3,,,,,,,,,,抵达日志3,,,,,,
pda_CiigIum,Engineer Log 1,,,,,,,,,,工程师日志1,,,,,,
pda_IEOSGq0,Engineer Log 1,,,,,,,,,,工程师日志1,,,,,,
pda_OmKqWm4,Engineer Log 2,,,,,,,,,,工程师日志2,,,,,,
pda_BueiGaW,Engineer Log 2,,,,,,,,,,工程师日志2,,,,,,
pda_aOnaSCm,Medical Log 1,,,,,,,,,,医疗日志1,,,,,,
pda_ua00Oii,Medical Log 1,,,,,,,,,,医疗日志1,,,,,,
pda_GW4Su8O,Medical Log 2,,,,,,,,,,医疗日志2,,,,,,
pda_eOeKS0m,Medical Log 2,,,,,,,,,,医疗日志2,,,,,,
pda_U66GKu0,Helmsman Log,,,,,,,,,,舵手日志,,,,,,
pda_qG4nm4O,Helmsman Log 1,,,,,,,,,,舵手日志1,,,,,,
pda_94GOOqG,Arrival Log 3,,,,,,,,,,抵达日志3,,,,,,
pda_qpyWq8u,Engineer Log 1,,,,,,,,,,工程师日志1,,,,,,
pda_uqw80em,Engineer Log 2,,,,,,,,,,工程师日志2,,,,,,
pda_iiCKCKa,Medical Log 1,,,,,,,,,,医疗日志1,,,,,,
pda_aia4qeK,Medical Log 2,,,,,,,,,,医疗日志2,,,,,,
pda_WmaKGqW,Helmsman Log,,,,,,,,,,舵手日志,,,,,,
pda_8eOUHxu,Engineer Log 3,,,,,,,,,,工程师日志3,,,,,,
pda_48q4WqR,Medical Log 3,,,,,,,,,,医疗日志3,,,,,,
pda_qGGiCaS,Helmsman Log 2,,,,,,,,,,舵手日志2,,,,,,
pda_G84nGmi,Helmsman Log 3,,,,,,,,,,舵手日志3,,,,,,
pda_4irw4ue,Engineer Log 3,,,,,,,,,,工程师日志3,,,,,,
pda_2qGdpKK,Helmsman Log 2,,,,,,,,,,舵手日志2,,,,,,
pda_mVm0imY,Helmsman Log 3,,,,,,,,,,舵手日志3,,,,,,
pda_umaiq8G,Medical Log 3,,,,,,,,,,医疗日志3,,,,,,
pda_uKOCmuG,You've located the UES Taurus. You should try to find all the crew logs.,,,,,,,,,,你找到了UES金牛座号。你应该尝试找到所有船员日志。,,,,,,
pda_CqqPqeW,You've located the UES Leo. You should try to find all the crew logs.,,,,,,,,,,你找到了UES狮子座号。你应该尝试找到所有船员日志。,,,,,,
pda_aAWqGdm,You've located the UES Speedwell. You should try to find all the crew logs.,,,,,,,,,,你找到了UES速捷号。你应该尝试找到所有船员日志。,,,,,,
pda_4u6aqc0,Arrival Log 1,,,,,,,,,,抵达日志1,,,,,,
pda_WWimeG0,UES Rossignol,,,,,,,,,,UES罗西尼奥尔,,,,,,
pda_SGG4q8u,Arrival Log 2,,,,,,,,,,抵达日志2,,,,,,
pda_W0OQuKe,Arrival Log 3,,,,,,,,,,抵达日志3,,,,,,
pda_mGeIKKC,Engineer Log 1,,,,,,,,,,工程师日志1,,,,,,
pda_AOOsiOq,Engineer Log 2,,,,,,,,,,工程师日志2,,,,,,
pda_eS4Ique,Engineer Log 3,,,,,,,,,,工程师日志3,,,,,,
pda_2eoPqS4,Medical Log 1,,,,,,,,,,医疗日志1,,,,,,
pda_Kpa0q44,Medical Log 2,,,,,,,,,,医疗日志2,,,,,,
pda_WeWWmiC,Medical Log 3,,,,,,,,,,医疗日志3,,,,,,
pda_4QmOUiq,Helmsman Log 1,,,,,,,,,,舵手日志1,,,,,,
pda_aaaeNuG,Helmsman Log 2,,,,,,,,,,舵手日志2,,,,,,
pda_WmG1GC8,Engineer's Note,,,,,,,,,,工程师笔记,,,,,,
pda_0SKemAS,wait,,,,,,,,,,等待,,,,,,
pda_W84Kime,wait,,,,,,,,,,等待,,,,,,
pda_4i4q484,wait,,,,,,,,,,等待,,,,,,
pda_gBmaU8O,wait,,,,,,,,,,等待,,,,,,
pda_0mq0umq,wait,,,,,,,,,,等待,,,,,,
pda_0mOaQSS,wait,,,,,,,,,,等待,,,,,,
pda_Jm0iuqq,wait,,,,,,,,,,等待,,,,,,
pda_eqKKamm,wait,,,,,,,,,,等待,,,,,,
pda_eoeHMmG,wait,,,,,,,,,,等待,,,,,,
pda_emV3Op4,wait,,,,,,,,,,等待,,,,,,
pda_BiWSMie,wait,,,,,,,,,,等待,,,,,,
pda_mpUeuKm,wait,,,,,,,,,,等待,,,,,,
pda_0CemOa0,wait,,,,,,,,,,等待,,,,,,
pda_Ii4q4KK,wait,,,,,,,,,,等待,,,,,,
pda_84WmKOq,wait,,,,,,,,,,等待,,,,,,
pda_a48qqCK,wait,,,,,,,,,,等待,,,,,,
pda_Wk04emk,wait,,,,,,,,,,等待,,,,,,
pda_KgK4Oda,wait,,,,,,,,,,等待,,,,,,
pda_Sa0mu40,wait,,,,,,,,,,等待,,,,,,
pda_CC80K8m,wait,,,,,,,,,,等待,,,,,,
pda_imWSWe8,wait,,,,,,,,,,等待,,,,,,
pda_KGK4mi8,wait,,,,,,,,,,等待,,,,,,
pda_vWSWCO0,wait,,,,,,,,,,等待,,,,,,
pda_GmC8aOO,wait,,,,,,,,,,等待,,,,,,
pda_OWGxWCi,wait,,,,,,,,,,等待,,,,,,
pda_uOiWaem,wait,,,,,,,,,,等待,,,,,,
pda_4mCeGma,wait,,,,,,,,,,等待,,,,,,
pda_CSo84Ui,wait,,,,,,,,,,等待,,,,,,
pda_gweKqqx,wait,,,,,,,,,,等待,,,,,,
pda_GG0W4GU,wait,,,,,,,,,,等待,,,,,,
pda_SqmK8qi,wait,,,,,,,,,,等待,,,,,,
pda_89KCO0m,wait,,,,,,,,,,等待,,,,,,
pda_S8ECWCO,wait,,,,,,,,,,等待,,,,,,
pda_gaCKASu,wait,,,,,,,,,,等待,,,,,,
pda_mZKeii8,wait,,,,,,,,,,等待,,,,,,
pda_eKWSECe,wait,,,,,,,,,,等待,,,,,,
pda_Sa4JO8S,"Arrival Log Entry 1\n\nUpon emerging from the anomaly, the flight crew, including Ensign Steinman, our helmsman, Engineer Brown, Doctor Pong, and myself, were awakened from cryo-stasis. According to the ship's chronometer, we've only been in stasis for just over a year. \n\nHowever, based on an assessment of current astronomical positions from Ensign Steinman, We seem to have emerged from the anomaly some six hundred years after we left. Furthermore, our current position seems to be somewhere inside the Andromeda galaxy, which would have taken over a thousand years at warp. \n\nDespite this anomaly, I have decided that our best course of action is to try and assess our damages and ensure that the Cryo Chambers are all still functional.\n\n- Captain Bodegar",,,,,,,,,,抵达日志条目1\n\n从异常中脱离后，飞行机组人员——包括舵手准尉斯坦曼、工程师布朗、庞医生和我——从冷冻睡眠中苏醒。根据飞船计时器，我们只休眠了刚刚超过一年。\n然而，根据准尉斯坦曼对当前天文位置的评估，我们似乎在离开后约六百年才脱离异常。此外，我们当前位置似乎在仙女座星系内，而那里以翘曲速度航行需要一千多年。\n尽管有这种异常，我决定我们最好的行动方案是尝试评估我们的损伤，并确保所有冷冻舱仍然运转。\n\n——博德加船长,,,,,,
pda_WeGOSqe,"Arrival Log Entry 2\n\nThe distress signal we've been broadcasting seems to have drawn some attention of some of the natives of this galaxy. Unfortunately, they're not the friendly sort. Three small space vessels opened fire on us and are now chasing us. Our sensors detect no life signs on board, so I can only assume they're automated drones of some sort.\nWe're running on auxiliary power, heading toward what appears to be an asteroid field. Hopefully we can loose our pursuers amidst the rocks. \n\n- Captain Bodegar",,,,,,,,,,抵达日志条目2\n\n我们一直在广播的求救信号似乎引起了本星系一些本土居民的注意。不幸的是，它们并不友好。三艘小型太空飞船向我们开火，并且正在追击我们。我们的传感器未探测到任何生命迹象，所以我只能假设它们是某种自动化无人机。\n我们正依靠辅助动力航行，前往一片看似小行星带的地方。希望我们能在岩石中摆脱追兵。\n\n——博德加船长,,,,,,
pda_K8C8qeO,"Engineer's Log Entry 2\n\nI've completed inventory of the cargo modules. It seems that most of the cargo survived the attack. The Captain has ordered us to take what we need and destroy the rest. I'm not sure how I feel about destroying such valuable cargo, but I do as I'm told.\n\n- Engineer Brown",,,,,,,,,,工程师日志条目2\n\n我完成了货舱模块的盘点。大部分货物在袭击中幸存了下来。船长命令我们取走所需，销毁其余部分。我不确定自己对销毁如此有价值的货物有何感想，但我服从命令。\n\n——工程师布朗,,,,,,
pda_SGmcOqC,"Engineer's Notes\n\nTo activate the teleporter in the Cargo Module 1/2, power must be transferred to it. However, in order to transfer enough power, four Breakers must be flipped on. Once the circuit is complete, one must only stand on the teleporter to activate it. The problem is, two of the breakers are located in the nacelles, and one of the nacelle's access shafts is blocked by debris. If only I could find a way into that nacelle...\n\n- Engineer Brown",,,,,,,,,,工程师笔记\n\n要激活货舱模块1/2中的传送器，必须向其输送能量。然而，要输送足够的能量，必须合上四个断路器。一旦电路完成，只需站在传送器上即可激活。问题是，其中两个断路器位于引擎舱内，而其中一个引擎舱的通道被碎片堵塞。要是我能找到进入那个引擎舱的办法……\n\n——工程师布朗,,,,,,
pda_qqmO838,"Engineer's Log Entry 3\n\nWe're abandoning ship, whatever good that will do. I fear we're just delivering us to a quicker death. I've transferred the remaining power to the cryo-pods, hopefully giving the occupants a chance. If only we could get the teleporter we brought working, we could make it out of here in one piece\n\n- Engineer Brown\n\nNote: It might be possible to re-route power to the teleporter. If only we had more time...",,,,,,,,,,工程师日志条目3\n\n我们要弃船了，不管这有什么好处。我担心这只会让我们更快走向死亡。我已经将剩余能量转移到冷冻舱，希望给里面的人一个机会。要是我们能启动带来的传送器就好了，这样我们就能毫发无损地离开这里。\n\n——工程师布朗\n\n备注：也许可以重新分配能量给传送器。要是我们有更多时间就好了……,,,,,,
pda_Ge48ua0,"Medical Log, Entry 1\n\nI've examined the CryoPods. About half of them have failed, and I expect another two-thirds of them will fail within the next few hours. Our power reserves are too low to begin reviving those who remained in stasis. Their only hope is to wake up on their own. I have accelerated the programmed Cryo-cycle so they will wake up in about ten years, rather than one hundred.\n\n- Doctor Pong",,,,,,,,,,医疗日志，条目1\n\n我检查了冷冻舱。大约一半已经失效，我预计在未来几小时内还会有三分之二失效。我们的能量储备太低，无法开始唤醒那些仍处于休眠状态的人。他们唯一的希望是自行苏醒。我加速了设定的冷冻循环，这样他们大约会在十年后醒来，而不是一百年。\n\n——庞医生,,,,,,
pda_SaiO8eq,"Medical Log, Entry 2\n\nWe have multiple hull breaches throughout the ship. The drones chased us into an asteroid field, but they wouldn't leave. The captain has called for us to abandon ship. He's given me five minutes to find a way to save those remaining in Cryo Stasis. I can't even find a way for us to survive.\n\n- Doctor Pong",,,,,,,,,,医疗日志，条目2\n\n飞船多处船体破裂。无人机追赶我们进入小行星带，但它们不肯离开。船长已下令弃船。他给了我五分钟时间想办法拯救那些仍在冷冻睡眠中的人。我甚至找不到让我们自己活下去的办法。\n\n——庞医生,,,,,,
pda_uaeDOKa,"Medical Log, Entry 3\n\nI've had Engineer Brown transfer what power he can to the remaining Cryo Pods. Perhaps they will stand better a chance at survival than we do. We came out here looking for a new home, but all we found was death.  \n\n- Doctor Pong",,,,,,,,,,医疗日志，条目3\n\n我已让工程师布朗尽可能多地将能量转移到剩余的冷冻舱。也许它们比我们更有机会存活。我们来到这里寻找新家园，但我们找到的只有死亡。\n\n——庞医生,,,,,,
pda_iWmeCCW,"Helmsman 's Log, Entry 1\n\nI've double checked my calculations, triple checked them, and I've come to the unnerving conclusion that despite the ship's chronometer saying we've only been in stasis for eleven months, fifteen days and eighteen hours, Earth Standard Time obviously, we have somehow arrived six hundred years in our future, somewhere in the galaxy of Andromeda. we're currently running on auxiliary power, with most of our main power diverted to the remaining Cryo-Chambers to save what's left of our passengers. Until we can determine a course, the Captain has us holding position, broadcasting our distress signal at full strength. Perhaps the rest of the fleet will detect our signal and come looking for us.\n\n- Ensign Steinman",,,,,,,,,,舵手日志，条目1\n\n我反复核对了我的计算，再三检查，得出了一个令人不安的结论：尽管飞船的计时器显示我们只冷冻休眠了十一个月十五天十八小时（当然是地球标准时间），但我们不知何故来到了六百年后的未来，位于仙女座星系的某处。我们目前依靠辅助动力运行，大部分主能量被转移到剩余的冷冻舱以挽救幸存的乘客。在确定航线之前，船长命令我们保持当前位置，全功率广播我们的求救信号。也许舰队的其他部分会探测到我们的信号并前来寻找我们。\n\n——准尉斯坦曼,,,,,,
pda_Ga0e8Wi,"Helmsman 's Log, Entry 2\n\nThe Captain has called for all hands to abandon ship. I feel bad for those who are being left in cryo-stasis, but there isn't much we can do for them now. If anybody wakes up and reads this, there are some rations and a space suit in Cargo Module One. The Code to the locker is 1-7-9-2.\n\n- Ensign Steinman",,,,,,,,,,舵手日志，条目2\n\n船长下令全体弃船。我为那些被留在冷冻睡眠中的人感到难过，但我们现在做不了什么。如果有人醒来并读到这段文字，货舱模块一里有一些口粮和一套太空服。储物柜密码是1-7-9-2。\n\n——准尉斯坦曼,,,,,,
pda_mCaKOSa,"Engineer's Log Entry 1\n\nThe trip through the anomaly has left the ship no worse for wear, although our power reserves are low, and slowly dropping further. Much of the power drained has left many Cryo Chambers failing. While Doctor Pong assesses the state of the Cryo Chambers, I will be taking inventory of our supplies. With any luck, we should have what we need to fix the power drain. \n\n- Engineer Brown",,,,,,,,,,工程师日志条目1\n\n穿越异常的旅行并未给飞船造成更严重的损伤，尽管我们的能量储备很低，并且还在缓慢下降。大量能量流失导致许多冷冻舱失效。在庞医生评估冷冻舱状态的同时，我将盘点我们的补给。运气好的话，我们应该有修复能量泄漏所需的东西。\n\n——工程师布朗,,,,,,
pda_0eGuWeu,"Arrival Log Entry 3\n\nThe asteroid field we took refuge in concealed a hidden Starship Graveyard. Whether the sight of an ancient battle, or the dumping ground for some alien race, is impossible to tell without more in-depth analysis. Regardless of its origin, it seems this junk field will be the final resting place of the [c][3333e5]UES Rosignol[-][/c], as the drones have not only followed us into the field, but there were more waiting in ambush inside. We have no choice but to abandon ship, and pray that whatever cosmic forces reside in this galaxy watch over our passengers in Cryo Stasis until they revive on their own.\n\n- Captain Bodegar",,,,,,,,,,抵达日志条目3\n\n我们避难的小行星带中隐藏着一片废弃飞船墓地。无论是古战场遗迹，还是某种外星种族的垃圾场，没有更深入的分析是无法确定的。无论其来源如何，这片废铁场似乎将成为[c][3333e5]UES罗西尼奥尔[-][/c]的最终安息地，因为无人机不仅跟随着我们进入了小行星带，而且内部还有更多埋伏等待着。我们别无选择，只能弃船，并祈求这个星系中存在的任何宇宙力量能够保护我们冷冻睡眠中的乘客，直到他们自行苏醒。\n\n——博德加船长,,,,,,
pda_eqWuG0O,Medical Resupply: Research Team,,,,,,,,,,医疗补给：研究团队,,,,,,
pda_aQ0G4Gi,Open PDA,,,,,,,,,,打开PDA,,,,,,
pda_eqiiq8Q,Open PDA,,,,,,,,,,打开PDA,,,,,,
pda_CaeS4We,Approach Mysterious Structure,,,,,,,,,,接近神秘结构,,,,,,
pda_8Id4i8i,Go to the Mysterious Structure,,,,,,,,,,前往神秘结构,,,,,,
pda_euCiuGS,Awakening,,,,,,,,,,觉醒,,,,,,
pda_iG2KuK0,Story (UES Rossignol 1),,,,,,,,,,剧情（UES罗西尼奥尔1）,,,,,,
pda_U00WSiu,Search for Clues,,,,,,,,,,搜索线索,,,,,,
pda_aquKame,You received a distress signal on a [c][3333e5]United Earth[-][/c] frequency; from the [c][3333e5]UES Fukushima[-][/c]!\nIt appears that the signal originated from a nearby G-type star called Koronashi Beta. \nWe should head there and see if any of their crew or passengers survived.,,,,,,,,,,你在[c][3333e5]联合地球[-][/c]的频率上收到了一条求救信号；来自[c][3333e5]UES福岛[-][/c]！\n信号似乎源自附近一颗名为Koronashi Beta的G型恒星。\n我们应该前往那里，看看是否有船员或乘客幸存。,,,,,,
pda_C0SLu08,Open PDA,,,,,,,,,,打开PDA,,,,,,
pda_G4q8Jxi,Conclusions,,,,,,,,,,结论,,,,,,
pda_844KmGe,"So that's what happened, they were forced off ship before Engineer Brown could fix the teleporter.~~",,,,,,,,,,原来如此，他们是在工程师布朗修复传送器之前被迫离开飞船的。~~,,,,,,
pda_SWU8O4K,Search for clues.,,,,,,,,,,搜索线索。,,,,,,
pda_u4924KO,"Search the ship for clues, not just to what happened but how to escape!",,,,,,,,,,在飞船上搜索线索，不仅要找出发生了什么，还要找到逃脱的方法！,,,,,,
pda_qouWeue,"Scan the three Alien Obelisks on the planets Koronat, Brokanerth, and Aboged.",,,,,,,,,,扫描位于Koronat、Brokanerth和Aboged星球上的三座外星方尖碑。,,,,,,
pda_quu8GmK,"Scan the three Alien Obelisks on the planets Uropea, Or Madra, and Nomspera..",,,,,,,,,,扫描位于Uropea、Or Madra和Nomspera星球上的三座外星方尖碑。,,,,,,
pda_uGmY44e,Interspace Associate Salvager Badge,,,,,,,,,,星际拾荒者助理徽章,,,,,,
pda_GmmCeSP,Purchase Interspace Salvager Badge,,,,,,,,,,购买星际拾荒者徽章,,,,,,
pda_uKuuqCm,wait,,,,,,,,,,等待,,,,,,
pda_qSOG8Ga,wait,,,,,,,,,,等待,,,,,,
pda_C80WWqK,You have purchased an [c][57a86b]Interspace Salvager Badge[-][/c] identifying you as an official [c][57a86b]Salvager [-][/c]for [c][57a86b]Interspace Salvage Industries[-][/c]!,,,,,,,,,,你购买了一枚[c][57a86b]星际拾荒者徽章[-][/c]，这标志着你是[c][57a86b]拾荒者[-][/c]的正式成员，隶属于[c][57a86b]星际拾荒工业[-][/c]！,,,,,,
pda_iUW30eG,"Congratulations, you have completed the UES Leo Story Missions.\n\nYou have been awarded 50 UP.",,,,,,,,,,恭喜，你完成了UES狮子座剧情任务。\n\n你获得了50点UP。,,,,,,
pda_G08KuUi,"Congratulations, you have completed the UES Taurus Story Missions.\n\nYou have been awarded 50 UP.",,,,,,,,,,恭喜，你完成了UES金牛座剧情任务。\n\n你获得了50点UP。,,,,,,
pda_SNmOe0a,Completed the UES Leo Story Missions,,,,,,,,,,已完成UES狮子座剧情任务,,,,,,
pda_iVKhauw,Completed the UES Taurus Missions,,,,,,,,,,已完成UES金牛座任务,,,,,,
pda_U88sdOK,Completed the UES Fukushima Story Missions,,,,,,,,,,已完成UES福岛剧情任务,,,,,,
pda_or3aOSW,"Congratulations, you have completed the UES Fukushima Story Missions.\n\nYou have been awarded 100 UP.",,,,,,,,,,恭喜，你完成了UES福岛剧情任务。\n\n你获得了100点UP。,,,,,,
pda_0G0SCBK,"Congratulations, you have completed the UES Taurus Story Missions.\n\nYou have been awarded 100 UP.",,,,,,,,,,恭喜，你已完成 UES 金牛座故事任务。\n\n你获得了 100 UP。,,,,,,
pda_Sj8i4aS,"Congratulations, you have completed the UES Leo Story Missions.\n\nYou have been awarded 100 UP.",,,,,,,,,,恭喜，你已完成 UES 狮子号故事任务。\n\n你获得了 100 UP。,,,,,,
pda_44OmWui,"Congratulations, you have completed the UES Speedwell Story Missions.\n\nYou have been awarded 100 UP.",,,,,,,,,,恭喜，你已完成 UES 迅速号故事任务。\n\n你获得了 100 UP。,,,,,,
pda_eC8KK4A,"Quarantine Warning (Temperate - Vextar Orntell,)",,,,,,,,,,隔离警告（温带 - 韦克斯塔·奥恩特尔）,,,,,,
pda_8qSCKQ8,Wait,,,,,,,,,,等待,,,,,,
pda_qeiX4Ci,wait,,,,,,,,,,等待,,,,,,
pda_uICCW04,wait,,,,,,,,,,等待,,,,,,
pda_aaaeeeq,"If you wish to go down to on Vextar Orntell, you'll need to talk to Administrator Vrelk on board the Polaris Quarantine Station.",,,,,,,,,,如果你想前往韦克斯塔·奥恩特尔星，你需要与极星隔离站上的管理员弗雷尔克交谈。,,,,,,
pda_quarorbit2title,Quarantine Warning (Arid - Resona),,,,,,,,,,隔离警告（干旱 - 雷索纳）,,,,,,
pda_quarorbit3title,Quarantine Warning (Snow - Yersona),,,,,,,,,,隔离警告（雪地 - 耶尔索纳）,,,,,,
pda_quarorbit4title,Quarantine Warning (SSG - Thoyutis),,,,,,,,,,隔离警告（SSG - 索尤蒂斯）,,,,,,
pda_quarorbitsttitle,Quarantine Warning (QStarter),,,,,,,,,,隔离警告（Q启动器）,,,,,,
pda_quarorbit2,"If you wish to go down to on Resona, you'll need to talk to Administrator Berel on board the Polaris Quarantine Station.",,,,,,,,,,如果你想前往雷索纳星，你需要与极星隔离站上的管理员贝雷尔交谈。,,,,,,
pda_quarorbit3,"If you wish to go down to on Yersona, you'll need to talk to Administrator Jesep on board the Polaris Quarantine Station.",,,,,,,,,,如果你想前往耶尔索纳星，你需要与极星隔离站上的管理员耶塞普交谈。,,,,,,
pda_quarorbit4,"If you wish to go down to on Thoyutis, you'll need to talk to Administrator Arnor on board the Polaris Quarantine Station.",,,,,,,,,,如果你想前往索尤蒂斯星，你需要与极星隔离站上的管理员阿诺尔交谈。,,,,,,
pda_quarorbitst,"If you wish to go down to Vegra, you'll need to talk to Administrator Eldra on board the Polaris Quarantine Station.",,,,,,,,,,如果你想前往维格拉星，你需要与极星隔离站上的管理员埃德拉交谈。,,,,,,
pda_S4epKiG,Search Black Hole Systems,,,,,,,,,,搜索黑洞系统,,,,,,
pda_SeO0re4,Search Black Hole Systems around,,,,,,,,,,搜索周围的黑洞系统,,,,,,
pda_0Iy5Kq4,Black Hole Systems,,,,,,,,,,黑洞系统,,,,,,
pda_eOu4u4K,Search Black Hole Systems,,,,,,,,,,搜索黑洞系统,,,,,,
pda_8fquq0q,Speak to the Governor of Orion Colony,,,,,,,,,,与猎户座殖民地总督交谈,,,,,,
pda_44WiqaD,Talk to Governor Swanson,,,,,,,,,,与斯旺森总督交谈,,,,,,
pda_9mcqSq0,Talk to Governor,,,,,,,,,,与总督交谈,,,,,,
pda_C43mWui,Orion Colony - Part 1,,,,,,,,,,猎户座殖民地 - 第 1 部分,,,,,,
pda_KuT4eSU,Story (UES Orion),,,,,,,,,,故事（UES 猎户座）,,,,,,
pda_We0SaOA,wait,,,,,,,,,,等待,,,,,,
pda_GauC80G,wait,,,,,,,,,,等待,,,,,,
pda_W4CWeK8,wait,,,,,,,,,,等待,,,,,,
pda_KkAuEiW,Orion Colony (Endgame),,,,,,,,,,猎户座殖民地（终局）,,,,,,
pda_emiK4GS,Endgame,,,,,,,,,,终局,,,,,,
pda_m8mKmuO,Endgame,,,,,,,,,,终局,,,,,,
pda_aGN0DS8,Endgame,,,,,,,,,,终局,,,,,,
pda_Gxu4a4m,You have decided to remain on Orion Colony as a member of their community. You live out the remainder of your days in the company of others from the United Earth Fleet.,,,,,,,,,,你决定留在猎户座殖民地，成为他们社区的一员。你在联合地球舰队同伴的陪伴下度过余生。,,,,,,
pda_GiW4m4q,Orion Colony - Part 2,,,,,,,,,,猎户座殖民地 - 第 2 部分,,,,,,
pda_HucGiM8,wait,,,,,,,,,,等待,,,,,,
pda_KqSKe0u,wait,,,,,,,,,,等待,,,,,,
pda_ue8OGAK,wait,,,,,,,,,,等待,,,,,,
pda_m4W0ia8,"Congratulations, you have completed the UES Orion Story Missions.\n\nYou have been awarded 150 UP.",,,,,,,,,,恭喜，你已完成 UES 猎户座故事任务。\n\n你获得了 150 UP。,,,,,,
pda_euaSSWZ,Completed the UES Fukushima Story Missions,,,,,,,,,,已完成 UES 福岛故事任务,,,,,,
pda_KUWeKaq,Completed the UES Orion Story Missions,,,,,,,,,,已完成 UES 猎户座故事任务,,,,,,
pda_C4KqGe8,Colony Log 1,,,,,,,,,,殖民地日志 1,,,,,,
pda_OmaQq4S,Orion Colony,,,,,,,,,,猎户座殖民地,,,,,,
pda_g4uu0au,Colony Log 2,,,,,,,,,,殖民地日志 2,,,,,,
pda_q8O08Wu,Colony Log 3,,,,,,,,,,殖民地日志 3,,,,,,
pda_0Of4SW0,Colony Log 4,,,,,,,,,,殖民地日志 4,,,,,,
pda_JE34Oew,Colony Log 5,,,,,,,,,,殖民地日志 5,,,,,,
pda_C4OWMaW,Engineering Log 1,,,,,,,,,,工程日志 1,,,,,,
pda_qim20mu,Engineering Log 2,,,,,,,,,,工程日志 2,,,,,,
pda_KS6aWC0,Medical Log 1,,,,,,,,,,医疗日志 1,,,,,,
pda_GGKeQee,Medical Log 2,,,,,,,,,,医疗日志 2,,,,,,
pda_me4N8qK,wait,,,,,,,,,,等待,,,,,,
pda_eSCH44q,wait,,,,,,,,,,等待,,,,,,
pda_mWu0aQO,wait,,,,,,,,,,等待,,,,,,
pda_8auG4a0,wait,,,,,,,,,,等待,,,,,,
pda_msiCuaM,wait,,,,,,,,,,等待,,,,,,
pda_0WSqSie,wait,,,,,,,,,,等待,,,,,,
pda_iiu8i8i,wait,,,,,,,,,,等待,,,,,,
pda_GSUUqZ0,wait,,,,,,,,,,等待,,,,,,
pda_8WqIASi,wait,,,,,,,,,,等待,,,,,,
pda_kmCKmEC,wait,,,,,,,,,,等待,,,,,,
pda_OKpkeku,wait,,,,,,,,,,等待,,,,,,
pda_wKC0B0W,wait,,,,,,,,,,等待,,,,,,
pda_ae8oaaG,wait,,,,,,,,,,等待,,,,,,
pda_4J4SWO0,wait,,,,,,,,,,等待,,,,,,
pda_4CGSaSm,wait,,,,,,,,,,等待,,,,,,
pda_0Caq4Me,wait,,,,,,,,,,等待,,,,,,
pda_uq4aGdG,wait,,,,,,,,,,等待,,,,,,
pda_amq0bGa,wait,,,,,,,,,,等待,,,,,,
pda_qSWNsOq,wait,,,,,,,,,,等待,,,,,,
pda_1u0CCeC,UES Bonneville,,,,,,,,,,UES 博纳维尔,,,,,,
pda_qu08uu8,Return to Governor Swanson,,,,,,,,,,返回斯旺森总督处,,,,,,
pda_G4uuq8S,UES Bonneville,,,,,,,,,,UES 博纳维尔,,,,,,
pda_uq8WSei,Return to Governor Swanson,,,,,,,,,,返回斯旺森总督处,,,,,,
pda_uK4eKWS,Locate the UES Bonneville,,,,,,,,,,定位 UES 博纳维尔,,,,,,
pda_eiC8K4W,Talk to Governor Swanson,,,,,,,,,,与斯旺森总督交谈,,,,,,
pda_KaaDCCO,The Curse of the UES Bonneville,,,,,,,,,,UES 博纳维尔的诅咒,,,,,,
pda_umiGase,Story (UES Bonneville),,,,,,,,,,故事（UES 博纳维尔）,,,,,,
pda_eWuGqGG,"Find a way to stop the UES Bonneville's movement, the board the ship and search the ship logs for clues to the fate of her crew.",,,,,,,,,,找到阻止 UES 博纳维尔移动的方法，登上飞船搜索飞船日志，寻找船员命运的线索。,,,,,,
pda_I8CW4u0,Download Bonneville Sensor Data,,,,,,,,,,下载博纳维尔传感器数据,,,,,,
pda_m8Wq4Sq,Bonneville Sensor Data,,,,,,,,,,博纳维尔传感器数据,,,,,,
pda_qWOi4eq,Download Sensor Data,,,,,,,,,,下载传感器数据,,,,,,
pda_W0KsnC0,Search the Ship,,,,,,,,,,搜索飞船,,,,,,
pda_iq408u0,Search the Ship,,,,,,,,,,搜索飞船,,,,,,
pda_Smqaa4e,Search the Ship,,,,,,,,,,搜索飞船,,,,,,
pda_oCOgiCC,Search the Bonneville,,,,,,,,,,搜索博纳维尔,,,,,,
pda_aqqSauq,Search the Bonneville,,,,,,,,,,搜索博纳维尔,,,,,,
pda_Sp0EbIi,Search the Bonneville,,,,,,,,,,搜索博纳维尔,,,,,,
pda_AO3m0e0,Search the Ship,,,,,,,,,,搜索飞船,,,,,,
pda_G4GmGuS,Arrival Log 1,,,,,,,,,,抵达日志 1,,,,,,
pda_OKCGcH8,Arrival Log 2,,,,,,,,,,抵达日志 2,,,,,,
pda_8mSVS8O,Arrival Log 3,,,,,,,,,,抵达日志 3,,,,,,
pda_GqGu0ei,Arrival Log 4,,,,,,,,,,抵达日志 4,,,,,,
pda_OCCGC80,Engineer Log 1,,,,,,,,,,工程日志 1,,,,,,
pda_KmC8i4K,Engineer Log 2,,,,,,,,,,工程日志 2,,,,,,
pda_WqqK8i4,Engineer Log 3,,,,,,,,,,工程日志 3,,,,,,
pda_OCKWeWG,Engineer Log 4,,,,,,,,,,工程日志 4,,,,,,
pda_0ucbKuW,Medical Log 1,,,,,,,,,,医疗日志 1,,,,,,
pda_nkOmuGC,Medical Log 2,,,,,,,,,,医疗日志 2,,,,,,
pda_8O80KaK,Medical Log 3,,,,,,,,,,医疗日志 3,,,,,,
pda_8iiSuKj,Medical Log 4,,,,,,,,,,医疗日志 4,,,,,,
pda_0Gqta0a,Helmsman Log 1,,,,,,,,,,舵手日志 1,,,,,,
pda_0ieNqaK,Helmsman Log 2,,,,,,,,,,舵手日志 2,,,,,,
pda_q80n0u4,Helmsman Log 3,,,,,,,,,,舵手日志 3,,,,,,
pda_GeimmWe,UES Bonneville,,,,,,,,,,UES 博纳维尔,,,,,,
pda_6YS4CO8,You have uncovered the UES Bonneville: Arrival Log 1,,,,,,,,,,你已发现 UES 博纳维尔：抵达日志 1,,,,,,
pda_0dKGCWe,You have uncovered the UES Bonneville: Arrival Log 2,,,,,,,,,,你已发现 UES 博纳维尔：抵达日志 2,,,,,,
pda_84KaOOE,You have uncovered the UES Bonneville: Arrival Log 3,,,,,,,,,,你已发现 UES 博纳维尔：抵达日志 3,,,,,,
pda_WKUOOO0,You have uncovered the UES Bonneville: Arrival Log 4,,,,,,,,,,你已发现 UES 博纳维尔：抵达日志 4,,,,,,
pda_mKuOaam,You have uncovered the UES Bonneville: Engineer Log 1,,,,,,,,,,你已发现 UES 博纳维尔：工程日志 1,,,,,,
pda_GOuuCam,You have uncovered the UES Bonneville: Engineer Log 2,,,,,,,,,,你已发现 UES 博纳维尔：工程日志 2,,,,,,
pda_0uaaG88,You have uncovered the UES Bonneville: Engineer Log 3,,,,,,,,,,你已发现 UES 博纳维尔：工程日志 3,,,,,,
pda_4i8eeeu,You have uncovered the UES Bonneville: Engineer Log 4,,,,,,,,,,你已发现 UES 博纳维尔：工程日志 4,,,,,,
pda_000GKiq,You have uncovered the UES Bonneville: Medical Log 1,,,,,,,,,,你已发现 UES 博纳维尔：医疗日志 1,,,,,,
pda_iWWGGC4,You have uncovered the UES Bonneville: Medical Log 2,,,,,,,,,,你已发现 UES 博纳维尔：医疗日志 2,,,,,,
pda_G2wp83o,You have uncovered the UES Bonneville: Medical Log 3,,,,,,,,,,你已发现 UES 博纳维尔：医疗日志 3,,,,,,
pda_uLm0SCS,You have uncovered the UES Bonneville: Medical Log 4,,,,,,,,,,你已发现 UES 博纳维尔：医疗日志 4,,,,,,
pda_umCq0GW,You have uncovered the UES Bonneville: Helmsman Log 1,,,,,,,,,,你已发现 UES 博纳维尔：舵手日志 1,,,,,,
pda_4qGemae,You have uncovered the UES Bonneville: Helmsman Log 2,,,,,,,,,,你已发现 UES 博纳维尔：舵手日志 2,,,,,,
pda_KmCaG8G,You have uncovered the UES Bonneville: Helmsman Log 3,,,,,,,,,,你已发现 UES 博纳维尔：舵手日志 3,,,,,,
pda_SWeaaDq,Uncovered Bonneville: Arrival Log 1,,,,,,,,,,发现：博纳维尔：抵达日志 1,,,,,,
pda_8i0G7OK,Uncovered Bonneville: Arrival Log 2,,,,,,,,,,发现：博纳维尔：抵达日志 2,,,,,,
pda_SKu4CK8,Uncovered Bonneville: Arrival Log 3,,,,,,,,,,发现：博纳维尔：抵达日志 3,,,,,,
pda_uaqLeGq,Uncovered Bonneville: Arrival Log 4,,,,,,,,,,发现：博纳维尔：抵达日志 4,,,,,,
pda_uQmKaqE,Uncovered Bonneville: Engineer Log 1,,,,,,,,,,发现：博纳维尔：工程日志 1,,,,,,
pda_SQiQq4K,Uncovered Bonneville: Engineer Log 2,,,,,,,,,,发现：博纳维尔：工程日志 2,,,,,,
pda_pm4OV40,Uncovered Bonneville: Engineer Log 3,,,,,,,,,,发现：博纳维尔：工程日志 3,,,,,,
pda_cGG04eK,Uncovered Bonneville: Engineer Log 4,,,,,,,,,,发现：博纳维尔：工程日志 4,,,,,,
pda_8m80eiO,Uncovered Bonneville: Medical Log 1,,,,,,,,,,发现：博纳维尔：医疗日志 1,,,,,,
pda_0CC0C4C,Uncovered Bonneville: Medical Log 2,,,,,,,,,,发现：博纳维尔：医疗日志 2,,,,,,
pda_KK4uNO0,Uncovered Bonneville: Medical Log 3,,,,,,,,,,发现：博纳维尔：医疗日志 3,,,,,,
pda_0KO0rq0,Uncovered Bonneville: Medical Log 4,,,,,,,,,,发现：博纳维尔：医疗日志 4,,,,,,
pda_XSS4aea,Uncovered Bonneville: Helmsman Log 1,,,,,,,,,,发现：博纳维尔：舵手日志 1,,,,,,
pda_8GuUY0u,Uncovered Bonneville: Helmsman Log 2,,,,,,,,,,发现：博纳维尔：舵手日志 2,,,,,,
pda_4WiRCKa,Uncovered Bonneville: Helmsman Log 3,,,,,,,,,,发现：博纳维尔：舵手日志 3,,,,,,
pda_qGCKCeO,wait,,,,,,,,,,等待,,,,,,
pda_mCu44q8,wait,,,,,,,,,,等待,,,,,,
pda_8SqOjC4,wait,,,,,,,,,,等待,,,,,,
pda_a0eO0m8,wait,,,,,,,,,,等待,,,,,,
pda_8O2qSS4,wait,,,,,,,,,,等待,,,,,,
pda_iCqWOOi,wait,,,,,,,,,,等待,,,,,,
pda_muOu8Sm,wait,,,,,,,,,,等待,,,,,,
pda_WKiGmqW,wait,,,,,,,,,,等待,,,,,,
pda_4aGaexG,wait,,,,,,,,,,等待,,,,,,
pda_GWG40KS,wait,,,,,,,,,,等待,,,,,,
pda_Wie0a40,wait,,,,,,,,,,等待,,,,,,
pda_G8iKe0I,wait,,,,,,,,,,等待,,,,,,
pda_uq8uu8o,wait,,,,,,,,,,等待,,,,,,
pda_Km4eWqg,wait,,,,,,,,,,等待,,,,,,
pda_O4qeiWq,wait,,,,,,,,,,等待,,,,,,
pda_WGWiiCc,wait,,,,,,,,,,等待,,,,,,
pda_uqiS00K,wait,,,,,,,,,,等待,,,,,,
pda_ema0eaK,wait,,,,,,,,,,等待,,,,,,
pda_0Kqa4mC,wait,,,,,,,,,,等待,,,,,,
pda_maB40SW,wait,,,,,,,,,,等待,,,,,,
pda_iSi08KK,wait,,,,,,,,,,等待,,,,,,
pda_aqRSeK8,wait,,,,,,,,,,等待,,,,,,
pda_SCq8qam,wait,,,,,,,,,,等待,,,,,,
pda_W0uOeiW,wait,,,,,,,,,,等待,,,,,,
pda_m8VoVia,wait,,,,,,,,,,等待,,,,,,
pda_gee4ia4,wait,,,,,,,,,,等待,,,,,,
pda_umquc4W,wait,,,,,,,,,,等待,,,,,,
pda_WWumeGq,wait,,,,,,,,,,等待,,,,,,
pda_AKuqq38,wait,,,,,,,,,,等待,,,,,,
pda_q008mu4,wait,,,,,,,,,,等待,,,,,,
pda_SOquiK8,Bonneville Sensor Data,,,,,,,,,,邦纳维尔传感器数据,,,,,,
pda_4EqaCq0,Analyze the Bonneville Sensor Data,,,,,,,,,,分析邦纳维尔传感器数据,,,,,,
pda_8KCOWU4,Analyze the Bonneville Sensor Data,,,,,,,,,,分析邦纳维尔传感器数据,,,,,,
pda_WmmS0uq,Analyze Data,,,,,,,,,,分析数据,,,,,,
pda_8g2mauM,Fukushima Distress Call,,,,,,,,,,福岛求救信号,,,,,,
pda_O8OiSCO,wait,,,,,,,,,,等待,,,,,,
pda_iGWGmS8,Fukushima Distress Call,,,,,,,,,,福岛求救信号,,,,,,
pda_WieeGGa,wait,,,,,,,,,,等待,,,,,,
pda_mCaGSSM,Fukushima Distress Call,,,,,,,,,,福岛求救信号,,,,,,
pda_eY8miKa,wait,,,,,,,,,,等待,,,,,,
pda_mMCuiPI,Fukushima Distress Call,,,,,,,,,,福岛求救信号,,,,,,
pda_iSKaaOC,wait,,,,,,,,,,等待,,,,,,
pda_sWCKaqm,wait,,,,,,,,,,等待,,,,,,
pda_K8lSCCu,wait,,,,,,,,,,等待,,,,,,
pda_GqeGGif,wait,,,,,,,,,,等待,,,,,,
pda_mCviC80,wait,,,,,,,,,,等待,,,,,,
pda_mOe4WiS,Fate of the Fleet,,,,,,,,,,舰队的命运,,,,,,
pda_uKqeWKp,Meriwether Rendezvous,,,,,,,,,,梅里韦瑟汇合,,,,,,
pda_qX0iCSG,Story (UES Meriwether),,,,,,,,,,故事（UES 梅里韦瑟）,,,,,,
pda_ECiEmGC,Rendezvous with the UES Meriwether,,,,,,,,,,与UES 梅里韦瑟汇合,,,,,,
pda_G0uK4eW,UES Taurus,,,,,,,,,,UES 金牛座,,,,,,
pda_GOh0eKe,UES Leo,,,,,,,,,,UES 狮子座,,,,,,
pda_iSumSCS,UES Speedwell,,,,,,,,,,UES 斯皮德韦尔,,,,,,
pda_W6u3eK8,UES Rossignol,,,,,,,,,,UES 罗西尼奥尔,,,,,,
pda_q04SOSu,UES Chalut,,,,,,,,,,UES 沙吕,,,,,,
pda_OuaCSa4,UES Fukushima,,,,,,,,,,UES 福岛,,,,,,
pda_qem4omS,UES Orion,,,,,,,,,,UES 猎户座,,,,,,
pda_00mSami,UES Bonneville,,,,,,,,,,UES 邦纳维尔,,,,,,
pda_muKqMqq,UES Meriwether,,,,,,,,,,UES 梅里韦瑟,,,,,,
pda_0OiWKK8,Rendezvous with the Meriwether,,,,,,,,,,与梅里韦瑟汇合,,,,,,
pda_mxmuHIi,Locate the Ships of the United Earth Fleet,,,,,,,,,,定位地球联合舰队的飞船,,,,,,
pda_ueiq8ga,UES Taurus,,,,,,,,,,UES 金牛座,,,,,,
pda_GOieWi4,UES Leo,,,,,,,,,,UES 狮子座,,,,,,
pda_WC8Q4Ou,UES Speedwell,,,,,,,,,,UES 斯皮德韦尔,,,,,,
pda_eiKK4Ci,UES Rossignol,,,,,,,,,,UES 罗西尼奥尔,,,,,,
pda_WamSeaW,UES Chalut,,,,,,,,,,UES 沙吕,,,,,,
pda_0uOW8Ca,UES Fukushima,,,,,,,,,,UES 福岛,,,,,,
pda_CuKGWpe,UES Orion,,,,,,,,,,UES 猎户座,,,,,,
pda_iueuKqq,UES Bonneville,,,,,,,,,,UES 邦纳维尔,,,,,,
pda_WGmqSK8,Rank 10: Meriwether Rendezvous,,,,,,,,,,等级 10：梅里韦瑟汇合,,,,,,
pda_mrw6GOC,Meriwether Rendezvous,,,,,,,,,,梅里韦瑟汇合,,,,,,
pda_uqCG8em,Rank 10 Start,,,,,,,,,,等级 10 开始,,,,,,
pda_caeSwKs,wait,,,,,,,,,,等待,,,,,,
pda_8CW8eeW,Talk to Captain Livingston,,,,,,,,,,与利文斯顿舰长交谈,,,,,,
pda_OGamFMa,wait,,,,,,,,,,等待,,,,,,
pda_CWqa4qQ,Talk to Captain Livingston,,,,,,,,,,与利文斯顿舰长交谈,,,,,,
pda_K4Ge8aC,Engineering Log 3,,,,,,,,,,工程日志 3,,,,,,
pda_WKOO8mW,wait,,,,,,,,,,等待,,,,,,
pda_qiSeOWK,wait,,,,,,,,,,等待,,,,,,
pda_eOSeq8O,wait,,,,,,,,,,等待,,,,,,
pda_nGeSWKO,You have uncovered the UES Orion: Engineer Log 3,,,,,,,,,,你发现了UES 猎户座：工程日志 3,,,,,,
pda_aKqC2wC,"You have received a message from the [c][3333e5]UES Meriwether[-][/c] and have agreed to rendezvous with them in orbit around the K-Type star named 'Betesus' located at galactic coordinates: [c][ffffff][104, 12, 67][-][/c].",,,,,,,,,,"你收到了一条来自[c][3333e5]UES 梅里韦瑟[-][/c]的消息，并同意在名为'贝特苏斯'的K型恒星的轨道上与他们汇合，该恒星位于星系坐标：[c][ffffff][104, 12, 67][-][/c]。",,,,,,
pda_GWceeek,Incoming Transmission,,,,,,,,,,接收到的传输,,,,,,
pda_O4OuCuS,Talk to Captain Livingston,,,,,,,,,,与利文斯顿舰长交谈,,,,,,
pda_Ka0O4MO,Talk to Captain Livingston,,,,,,,,,,与利文斯顿舰长交谈,,,,,,
pda_CWSUKAe,Talk to Captain Livingston,,,,,,,,,,与利文斯顿舰长交谈,,,,,,
pda_GuUi8SO,You're Approaching the [c][3333e5]UES Meriwether[-][/c].,,,,,,,,,,你正在接近[c][3333e5]UES 梅里韦瑟[-][/c]。,,,,,,
pda_qOWmmUO,You awakened from cryo sleep to find the UES Rossignol to discover years have past! Your ship is on its last gasp of power and you are marooned in interplanetary space! How can you survive?,,,,,,,,,,你从低温休眠中醒来，发现UES罗西尼奥尔已经过去了数年！你的飞船电力奄奄一息，而你被困在星际空间中！你该如何生存？,,,,,,
pda_4OX0uea,Escape the Rossi,,,,,,,,,,逃离罗西,,,,,,
pda_SqSQKaW,Story (UES Rossignol 2),,,,,,,,,,故事（UES 罗西尼奥尔 2）,,,,,,
pda_iS0m48Y,Energise the Teleporter,,,,,,,,,,启动传送器,,,,,,
pda_4iC0KcG,Throw the first breaker (Starboard Nacelle),,,,,,,,,,合上第一个断路器（右舷引擎舱）,,,,,,
pda_moiKrmK,"So that's what happened, they were forced off ship before Engineer Brown could fix the teleporter",,,,,,,,,,原来如此，他们在工程师布朗修好传送器之前就被迫离开了飞船,,,,,,
pda_N16WSa4,An Important Choice,,,,,,,,,,重要抉择,,,,,,
pda_KCmKiWa,Take stock and choose a path forward,,,,,,,,,,评估并选择前进方向,,,,,,
pda_qiGSqOi,Take Stock of the situation,,,,,,,,,,评估情况,,,,,,
pda_eiCCiLm,Better prepared,,,,,,,,,,准备更充分,,,,,,
pda_Kqqu4Fu,Engineer Browns notes may be the best way out before the power and Oxygen fail completely!,,,,,,,,,,工程师布朗的笔记可能是在电力和氧气完全耗尽前的最佳出路！,,,,,,
pda_auGueWC,Breaker 2 Signal,,,,,,,,,,断路器 2 信号,,,,,,
pda_mu404eY,Breaker 3 Signal,,,,,,,,,,断路器 3 信号,,,,,,
pda_kSuqqMK,Throw the second Breaker (Port Nacelle),,,,,,,,,,合上第二个断路器（左舷引擎舱）,,,,,,
pda_40ua8im,Throw the third Breaker (Aft Hallway),,,,,,,,,,合上第三个断路器（后走廊）,,,,,,
pda_4a0S4e4,Breaker 4 Signal,,,,,,,,,,断路器 4 信号,,,,,,
pda_qWimKpe,Throw the fourth breaker (Forward Hallway),,,,,,,,,,合上第四个断路器（前走廊）,,,,,,
pda_aSW0ttu,Breaker 1 Signal,,,,,,,,,,断路器 1 信号,,,,,,
pda_0CCmuKV,Means of Escape,,,,,,,,,,逃生手段,,,,,,
pda_0mcW4SK,Open PDA,,,,,,,,,,打开PDA,,,,,,
pda_Ku4a6uK,Now where does the Teleporter lead to? .. and why are all those lights flashing ..?,,,,,,,,,,传送器通向哪里？……那些灯为什么在闪烁……？,,,,,,
pda_0uamvOK,The Ancient Giant,,,,,,,,,,远古巨兽,,,,,,
pda_CmGqW9O,Story (RCV Orillion),,,,,,,,,,故事（RCV 奥里利恩）,,,,,,
pda_4FeKtea,Where are we now?,,,,,,,,,,我们现在在哪？,,,,,,
pda_KW1KiuC,Look around,,,,,,,,,,环顾四周,,,,,,
pda_ESiKHWq,Begin to examine the Alien ship.,,,,,,,,,,开始检查外星飞船。,,,,,,
pda_eeeiaKu,Diary of the Damned,,,,,,,,,,被诅咒者的日记,,,,,,
pda_CiKY8eC,UES Rossignol,,,,,,,,,,UES 罗西尼奥尔,,,,,,
pda_aOeICSi,Wait,,,,,,,,,,等待,,,,,,
pda_4eK404a,New Action,,,,,,,,,,新行动,,,,,,
pda_euuBS8a,Wait,,,,,,,,,,等待,,,,,,
pda_eK8Waq0,Out of the frying pan,,,,,,,,,,刚出狼窝,,,,,,
pda_0KGiKO1,Story (UES Rossignol 3),,,,,,,,,,故事（UES 罗西尼奥尔 3）,,,,,,
pda_08qi008,Collect what you can!,,,,,,,,,,尽可能收集物资！,,,,,,
pda_GKcq0am,The Ships Unstable time to leave!,,,,,,,,,,飞船不稳定，该离开了！,,,,,,
pda_GimamOS,Stuff your backpack!,,,,,,,,,,装满你的背包！,,,,,,
pda_mOu4eKa,Wait,,,,,,,,,,等待,,,,,,
pda_ZGKaGBW,Wait,,,,,,,,,,等待,,,,,,
pda_KmfG8iC,Wait,,,,,,,,,,等待,,,,,,
pda_0aeeiSW,"You have arrived on the Biggest oldest, Hulk of a ship of a totally alien design! At least they seemed to have been built roughly the same size as you...",,,,,,,,,,你到达了一艘最大、最古老、完全外星设计的庞大战舰残骸！至少它们似乎和你的体型差不多大……,,,,,,
pda_iOLQAGK,Manufacturing Hall,,,,,,,,,,制造大厅,,,,,,
pda_88aK8i4,RCV Orillion,,,,,,,,,,RCV 奥里利恩,,,,,,
pda_KaKG0Wi,Wait,,,,,,,,,,等待,,,,,,
pda_O40SC8K,Wait,,,,,,,,,,等待,,,,,,
pda_O8o0q40,Wait,,,,,,,,,,等待,,,,,,
pda_eamqMKC,Second Console,,,,,,,,,,第二控制台,,,,,,
pda_NqieeWa,"The Second console, describes the manufacturing hall",,,,,,,,,,第二个控制台，描述了制造大厅,,,,,,
pda_8W4S8E8,Third Console,,,,,,,,,,第三控制台,,,,,,
pda_tOCOq8i,This is located near a repurposed Medical Station,,,,,,,,,,这位于一个改造后的医疗站附近,,,,,,
pda_GCGWi40,Fourth Console,,,,,,,,,,第四控制台,,,,,,
pda_CiaWaSO,The Restaurant at the End of the Junk Yard,,,,,,,,,,废品场尽头的餐厅,,,,,,
pda_qC0qiee,Fifth Console,,,,,,,,,,第五控制台,,,,,,
pda_GCWGi4e,Positioned in the Hydroponics bay,,,,,,,,,,位于水培舱内,,,,,,
pda_qmq4WuO,Sixth Console,,,,,,,,,,第六控制台,,,,,,
pda_a4mWa8q,Heavy Manufacturing with a twist.,,,,,,,,,,别具特色的重型制造,,,,,,
pda_mSSm0qK,Medic Stimulation Station,,,,,,,,,,医疗刺激站,,,,,,
pda_amq4S8G,RCV Orillion,,,,,,,,,,RCV 奥里利恩,,,,,,
pda_aieO4im,Wait,,,,,,,,,,等待,,,,,,
pda_HGKium4,Wait,,,,,,,,,,等待,,,,,,
pda_8qaKSm8,Wait,,,,,,,,,,等待,,,,,,
pda_Oi8KO4m,Wait,,,,,,,,,,等待,,,,,,
pda_cwa8GSV,WAit,,,,,,,,,,等等,,,,,,
pda_iwK84W4,Hydroponics Station,,,,,,,,,,水培站,,,,,,
pda_i0KO6Wm,Restaurant at the End of the Junk Yard,,,,,,,,,,废品场尽头的餐厅,,,,,,
pda_aG4ucT4,Wait,,,,,,,,,,等待,,,,,,
pda_eee0mYW,Wait,,,,,,,,,,等待,,,,,,
pda_nmumO0m,Wait,,,,,,,,,,等待,,,,,,
pda_ICi46CW,Wait,,,,,,,,,,等待,,,,,,
pda_0SaCOqU,RCV Orillion,,,,,,,,,,RCV 奥里利恩,,,,,,
pda_COmCSSu,RCV Orillion,,,,,,,,,,RCV 奥里利恩,,,,,,
pda_4SKOaOu,Wait,,,,,,,,,,等待,,,,,,
pda_m0S4eqW,Wait,,,,,,,,,,等待,,,,,,
pda_e06WK4C,Wait,,,,,,,,,,等待,,,,,,
pda_qCmuW0i,Wait,,,,,,,,,,等待,,,,,,
pda_4aKuum4,Large Constructor and friend!,,,,,,,,,,大型建造者及同伴！,,,,,,
pda_SamqCmq,RCV Orillion,,,,,,,,,,RCV 奥里利恩,,,,,,
pda_4KieGkO,Wait,,,,,,,,,,等待,,,,,,
pda_Wi0iqOq,Wait,,,,,,,,,,等待,,,,,,
pda_08eac8m,Wait,,,,,,,,,,等待,,,,,,
pda_OSiieai,Wait,,,,,,,,,,等待,,,,,,
pda_Oa8q0u8,The Giant Stirs,,,,,,,,,,巨兽苏醒,,,,,,
pda_OOQCCae,Story (RCV Orillion),,,,,,,,,,故事（RCV 奥里利恩）,,,,,,
pda_q8miauG,Take out the Tech Bots,,,,,,,,,,消灭技术机器人,,,,,,
pda_0q8qO4a,Prepare for a Bot Hunt!,,,,,,,,,,准备狩猎机器人！,,,,,,
pda_iGeKa4m,Destroy any repair bots before they can reactivate more systems!,,,,,,,,,,在它们重新激活更多系统之前摧毁所有维修机器人！,,,,,,
pda_W8iieKe,Garden Shed,,,,,,,,,,花园棚屋,,,,,,
pda_GmG8W0G,RCV Orillion,,,,,,,,,,RCV 奥里利恩,,,,,,
pda_8qqESuK,You found a lost PDA with the Keycode to the Garden Supplies closet. 9814,,,,,,,,,,你找到了一个丢失的PDA，里面有花园用品储藏室的密码：9814,,,,,,
pda_OCWSaXi,Killabot,,,,,,,,,,Killabot,,,,,,
pda_WCaGGGi,Kill 2 Tech Bots,,,,,,,,,,击杀 2 个技术机器人,,,,,,
pda_Om4eiKm,Make your way to the Bridge,,,,,,,,,,前往舰桥,,,,,,
pda_u4GaWai,Stairway 1,,,,,,,,,,楼梯 1,,,,,,
pda_q4Su8AS,Explore first stairway,,,,,,,,,,探索第一楼梯,,,,,,
pda_0jSUWCS,Stairway 2,,,,,,,,,,楼梯 2,,,,,,
pda_qKuSq0T,Explore Second Stairway,,,,,,,,,,探索第二楼梯,,,,,,
pda_e0ae0C4,Scope out the bridge,,,,,,,,,,侦察舰桥,,,,,,
pda_GKGmlKO,Examine the Bridge consoles,,,,,,,,,,检查舰桥控制台,,,,,,
pda_m0Gm8iU,Tap into the central Controls,,,,,,,,,,接入中央控制系统,,,,,,
pda_uaKSmaW,KillalottaBot,,,,,,,,,,KillalottaBot,,,,,,
pda_qGWW0qK,Optional,,,,,,,,,,可选,,,,,,
pda_aaG88GW,Wait,,,,,,,,,,等待,,,,,,
pda_auKOi0q,wait,,,,,,,,,,等待,,,,,,
pda_iLiKOW4,That will do Commander but more might help!,,,,,,,,,,指挥官，那会有用，但更多可能会更好！,,,,,,
pda_aa81me0,Nice! That should definitely slow repairs down!,,,,,,,,,,很好！这绝对能减缓修复速度！,,,,,,
pda_qaHO4OO,Open PDA when finished Huntin',,,,,,,,,,狩猎完成后打开PDA,,,,,,
pda_W8aQqaq,Open PDA to contiune,,,,,,,,,,打开PDA继续,,,,,,
pda_COh2Wa0,Open Pda when ready to progress,,,,,,,,,,准备继续时打开PDA,,,,,,
pda_SuaaW4C,Open Pda,,,,,,,,,,打开PDA,,,,,,
pda_iKGG0IS,The Bridge of the Orillion,,,,,,,,,,奥里利恩的舰桥,,,,,,
pda_0OWOSaO,You made it into the Bridge now what have you found?,,,,,,,,,,你进入了舰桥，现在发现了什么？,,,,,,
pda_eeqsSWq,The Giant Roars,,,,,,,,,,巨兽咆哮,,,,,,
pda_ueSq8oi,Story (RCV Orillion),,,,,,,,,,故事（RCV 奥里利恩）,,,,,,
pda_eGqku8K,ADAM awakes,,,,,,,,,,ADAM 苏醒,,,,,,
pda_4mGK4iS,placeholder,,,,,,,,,,占位符,,,,,,
pda_iqa8ham,Get to cover,,,,,,,,,,找掩护,,,,,,
pda_CaaC8aO,Something happening to Sacha?,,,,,,,,,,萨沙发生什么事了？,,,,,,
pda_4uiOSOS,Starships have Bilges?,,,,,,,,,,星舰有舱底吗？,,,,,,
pda_iCSSKWG,RCV Orillion,,,,,,,,,,RCV 奥里利恩,,,,,,
pda_OuCU4iG,Wait,,,,,,,,,,等待,,,,,,
pda_k8G1Gdu,Wait,,,,,,,,,,等待,,,,,,
pda_JeuqSKC,Wait,,,,,,,,,,等待,,,,,,
pda_W08q4em,Wait,,,,,,,,,,等待,,,,,,
pda_uoWPGCq,Tea Break,,,,,,,,,,茶歇,,,,,,
pda_i046aC8,Which one is the Off switch?,,,,,,,,,,哪个是关闭开关？,,,,,,
pda_qO0eux8,Checkpoint 1,,,,,,,,,,检查点 1,,,,,,
pda_8OuCKSS,Checkpoint 1,,,,,,,,,,检查点 1,,,,,,
pda_CcWIsu8,Checkpoint 2,,,,,,,,,,检查点 2,,,,,,
pda_e8k4u84,Ships security Station,,,,,,,,,,飞船安保站,,,,,,
pda_O40mWae,Checkpoint 3,,,,,,,,,,检查点3,,,,,,
pda_aa8iiei,Ships security Station,,,,,,,,,,飞船安保站,,,,,,
pda_eKqWGum,Checkpoint 4,,,,,,,,,,检查点4,,,,,,
pda_O3qi4M4,Checkpoint 4,,,,,,,,,,检查点4,,,,,,
pda_4i84q4a,Open Pda,,,,,,,,,,打开个人数字助理（PDA）,,,,,,
pda_e4Xi0eW,Open Pda,,,,,,,,,,打开个人数字助理（PDA）,,,,,,
pda_mi0GCGK,"[c][f9ae0b]You again! Increase Robot production! yes ALL robots even the Janitors have them ""Clean up"" this Biological stain![-][/c]",,,,,,,,,,[c][f9ae0b]又是你！增加机器人产量！是的，所有机器人，连清洁工都有份，来“清理”这个生物污渍！[-][/c],,,,,,
pda_mmCWqiS,[c][f9ae0b]You think your So clever do you! Dare you carry on I have electrified the the next switch you find throw that as die![-][/c],,,,,,,,,,[c][f9ae0b]你以为自己很聪明是吧！如果你敢继续，我已经让下一个开关带电了，扔过去就像死一样！[-][/c],,,,,,
pda_44G8KSW,placeholder for an AI Rant,,,,,,,,,,AI咆哮的占位符,,,,,,
pda_G8eSSqK,Defeat the first wave,,,,,,,,,,击败第一波敌人,,,,,,
pda_4aK8eq4,Fight off summoned Warbot,,,,,,,,,,击退召唤的战斗机器人,,,,,,
pda_CCOKO0e,GPP Feature is not a bug,,,,,,,,,,GPP特性不是Bug,,,,,,
pda_WGC8uaC,Wait,,,,,,,,,,等待,,,,,,
pda_uuum88W,Wait,,,,,,,,,,等待,,,,,,
pda_886i0uu,Wait,,,,,,,,,,等待,,,,,,
pda_aim0COa,Wait,,,,,,,,,,等待,,,,,,
pda_mSCqqiq,GPP Feature is not a bug,,,,,,,,,,GPP特性不是Bug,,,,,,
pda_ueuMSqK,Retreat from the Bridge,,,,,,,,,,从舰桥撤退,,,,,,
pda_WGOaOCi,Retreat from the Bridge,,,,,,,,,,从舰桥撤退,,,,,,
pda_Cmoa4Ku,Answer All of them!,,,,,,,,,,回答所有问题！,,,,,,
pda_CSIqGma,[c][f9ae0b]I am not beaten by a Googleplex Biological! But you are gaining some respect for your tenacity at least![-][/c],,,,,,,,,,[c][f9ae0b]我没有被一个Googleplex生物打败！不过你的顽强至少赢得了一些尊重！[-][/c],,,,,,
pda_Kac8Kuq,Clean up on Space Aisle four..,,,,,,,,,,太空通道四清理..,,,,,,
pda_3WuoKqa,Electric Sleep,,,,,,,,,,电击睡眠,,,,,,
pda_CaGq8CO,Finish off the stragglers then what to do next,,,,,,,,,,解决掉残兵，然后决定下一步,,,,,,
pda_CKwCKsA,RCV,,,,,,,,,,RCV,,,,,,
pda_i8mGKme,The Giant Calms,,,,,,,,,,巨人平静下来,,,,,,
pda_Kuq0CiK,Story (RCV Orillion),,,,,,,,,,剧情（RCV Orillion）,,,,,,
pda_0i4i0wi,"Once more unto the ""Yeeechh!""",,,,,,,,,,再次进入“咦~~~！”,,,,,,
pda_OqGauim,Climb the central ladder,,,,,,,,,,爬上中央梯子,,,,,,
pda_WOi0uAa,Return and rearm,,,,,,,,,,返回并重新装备,,,,,,
pda_KTi8WKs,Back to the Table,,,,,,,,,,回到桌上,,,,,,
pda_We8q8OK,[c][f9ae0b]How dare you interfere with my relays! This is cyber molestation! I shall eject you into space for this![-][/c],,,,,,,,,,[c][f9ae0b]你们竟敢干扰我的中继器！这是网络骚扰！我要把你们抛入太空作为惩罚！[-][/c],,,,,,
pda_qKKqeSm,You have found only the Biochemists dying message. Lets hope its enough!,,,,,,,,,,你只找到了生物化学家的临终信息。希望这足够！,,,,,,
pda_qxOuaOK,Commode Door 64,,,,,,,,,,马桶门64,,,,,,
pda_KCumeOW,Locate the Access door 64 that leads to the belly f the computer core.,,,,,,,,,,定位通往计算机核心内部的通道门64。,,,,,,
pda_qm4hauW,The Belly of the Beast,,,,,,,,,,野兽之腹,,,,,,
pda_CuiCaKe,You may fire when ready,,,,,,,,,,准备好就开火,,,,,,
pda_S4uqKGq,Shoot the Giant Core!,,,,,,,,,,射击巨型核心！,,,,,,
pda_8eu8Cu0,Tickle the Beast,,,,,,,,,,挠痒巨兽,,,,,,
pda_SSPuqWa,Shoot one of the Core blocks,,,,,,,,,,射击一个核心方块,,,,,,
pda_SSaO8aS,Don't take no for an answer,,,,,,,,,,不接受拒绝,,,,,,
pda_uGejui4,Shoot another of the Core blocks,,,,,,,,,,射击另一个核心方块,,,,,,
pda_uWGSu8a,You mean business!,,,,,,,,,,你是认真的！,,,,,,
pda_mSqaSca,Keep shooting the Core blocks,,,,,,,,,,继续射击核心方块,,,,,,
pda_8CqSKOq,Honourable Surrender,,,,,,,,,,光荣投降,,,,,,
pda_4WEGSma,You have detroyed enough of the Alien AI's core for it to submit.,,,,,,,,,,你已经摧毁了足够多的外星AI核心，使其屈服。,,,,,,
pda_umux08O,You can't take the Sky from me,,,,,,,,,,你不能从我这里夺走天空,,,,,,
pda_mM4OaWU,ADAMS submits rather than be damaged further.,,,,,,,,,,ADAMS为了免受进一步损坏而屈服。,,,,,,
pda_0e4iiiJ,Open Pda,,,,,,,,,,打开个人数字助理（PDA）,,,,,,
pda_4mWC07e,Open Pda,,,,,,,,,,打开个人数字助理（PDA）,,,,,,
pda_q4COS0K,[c][5d84f8]Ancient Ships A.I. (Sounding Petulant)[-][/c]\n[c][f8de5d][ADAMS]  AhhhOwwwe! What festering hole did you crawl out from Biological! [-][/c]\n[c][f8de5d]Activate Turrents Gamma nine through to Lambda Seven! [-][/c],,,,,,,,,,[c][5d84f8]古代飞船人工智能（听起来任性）[-][/c]\n[c][f8de5d][ADAMS] 啊~~~嗷！你是从哪个腐烂的洞里爬出来的，生物！[-][/c]\n[c][f8de5d]启动炮塔伽马九到拉姆达七！[-][/c],,,,,,
pda_i4FmemS,[c][5d84f8]Ancient Ships A.I. (Sounding Angry)[-][/c]\n[c][f8de5d][ADAMS]  You horrible little space vandal! I had hundreds of years of V'gonic poetry in that one! You cultural Visigoth! Robots 223 - 302 converge on this location now!![-][/c],,,,,,,,,,[c][5d84f8]古代飞船人工智能（听起来愤怒）[-][/c]\n[c][f8de5d][ADAMS] 你这可怕的小太空破坏者！那里面储存了我几百年收集的V'gonic诗歌！你这文化野蛮人！机器人223-302立即向这个位置集结！！[-][/c],,,,,,
pda_4mC8G0W,[c][5d84f8]Ancient Ships A.I. (Sounding Afraid)[-][/c]\n[c][f8de5d][ADAMS]  Alright! Alright! You've made your point. I'll let you off my hull unmolested if you stop now there's a good little Bio.. Sentient![-][/c],,,,,,,,,,[c][5d84f8]古代飞船人工智能（听起来害怕）[-][/c]\n[c][f8de5d][ADAMS] 好了！好了！你证明了自己的观点。如果你现在就停下，我会让你毫发无损地离开我的船壳，你这小生物...有智力的家伙！[-][/c],,,,,,
pda_umuWGae,Wait,,,,,,,,,,等待,,,,,,
pda_WKqGQ80,Wait,,,,,,,,,,等待,,,,,,
pda_GMaGWOG,Salvagers Guide to the Galaxy,,,,,,,,,,打捞者的银河指南,,,,,,
pda_WuSuTem,Do not Panic!,,,,,,,,,,不要惊慌！,,,,,,
pda_4NueCiS,Do not Panic!,,,,,,,,,,不要惊慌！,,,,,,
pda_Oec8uGq,Wait,,,,,,,,,,等待,,,,,,
pda_WKa8iaq,Wait,,,,,,,,,,等待,,,,,,
pda_i0uuuO0,"[c][c73bc9][b]Congratulations you have survived ""The Ancient Giant"" \nBe aware this POI resets about 9 days after it was first started and every 9 days after that. You may want to move your gear outta storage first...[/b][-][/c]",,,,,,,,,,[c][c73bc9][b]恭喜你活过了“古代巨人”\n请注意，这个兴趣点在首次启动后约9天重置，之后每9天重置一次。你可能需要先把装备从储存箱中取出...[/b][-][/c],,,,,,
pda_e0KC04e,"Congratulations you have survived ""The Ancient Giant"" \nBe aware this POI resets about 9 days after it was first started and every 9 days after that. You may want to move your gear outta storage first...",,,,,,,,,,恭喜你活过了“古代巨人”\n请注意，这个兴趣点在首次启动后约9天重置，之后每9天重置一次。你可能需要先把装备从储存箱中取出...,,,,,,
pda_KuCWiOW,Find the Bridge Doors,,,,,,,,,,找到舰桥门,,,,,,
pda_MiKuqWF,Find the Bridge Doors,,,,,,,,,,找到舰桥门,,,,,,
pda_eo0KiWK,Get to the Waste Processor,,,,,,,,,,到达废物处理器,,,,,,
pda_qS47GS0,Go o the outer Door,,,,,,,,,,走到外层门,,,,,,
pda_ek8akmS,Up he Access ladder,,,,,,,,,,爬上通往上层的梯子,,,,,,
pda_G8CGISq,Open Pda When ready to progress,,,,,,,,,,准备好继续时打开个人数字助理（PDA）,,,,,,
pda_4a0Cquu,Open Pda,,,,,,,,,,打开个人数字助理（PDA）,,,,,,
pda_maK4amK,Open Pda,,,,,,,,,,打开个人数字助理（PDA）,,,,,,
pda_8aWAiKK,Open Pda,,,,,,,,,,打开个人数字助理（PDA）,,,,,,
pda_OKuSWme,Disable and board,,,,,,,,,,使其瘫痪并登船,,,,,,
pda_imOGa00,Take out its engines and investigate the ship,,,,,,,,,,打掉它的引擎并调查飞船,,,,,,
pda_OZ8m8Zi,Funeral Pyre,,,,,,,,,,火葬柴堆,,,,,,
pda_0eeuq4u,Watch the Ship destroy itself,,,,,,,,,,观看飞船自毁,,,,,,
pda_hw8CK8G,Whats that Rock -,,,,,,,,,,那是什么岩石 -,,,,,,
pda_qCq804O,Side Quests,,,,,,,,,,支线任务,,,,,,
pda_C0G48Cm,Find A'thur & D.E.N.T.,,,,,,,,,,找到A'thur和D.E.N.T.,,,,,,
pda_am0NqaK,Land at Sisyphus Station,,,,,,,,,,降落在西西弗斯空间站,,,,,,
pda_KWS0WKm,Lets see what the Mad scientist wants,,,,,,,,,,让我们看看那个疯狂科学家想要什么,,,,,,
pda_kGOKe4W,Locate the distressed gentlebeing.,,,,,,,,,,定位那个苦恼的绅士。,,,,,,
pda_CqOSVeU,Dying for a Hot Beverage,,,,,,,,,,渴望一杯热饮,,,,,,
pda_6au4mO8,Food and drink should calm him down,,,,,,,,,,食物和饮料应该能让他平静下来,,,,,,
pda_4SeSK0q,Feed the poor Man : Talk to D.E.N.T.,,,,,,,,,,喂饱那个可怜的人：与D.E.N.T.对话,,,,,,
pda_SOAASqa,Resupply the Researcher; Open the trade dialogue with his Servo Bot D.E.N.T.,,,,,,,,,,补给研究员；与他的伺服机器人D.E.N.T.打开交易对话,,,,,,
pda_uuOO0qP,Opt. Favourite food: Hot beverage,,,,,,,,,,可选. 最喜欢的食物：热饮,,,,,,
pda_qcSC4qq,Bonus for finding what he likes the best,,,,,,,,,,找到他最喜欢的东西的奖励,,,,,,
pda_SiiJqZC,Opt. Favourite food: Waffle Time!,,,,,,,,,,可选. 最喜欢的食物：华夫时间！,,,,,,
pda_miOKOqG,Bonus for finding what he likes the best,,,,,,,,,,找到他最喜欢的东西的奖励,,,,,,
pda_mCn0mqm,Lets Talk Rocks,,,,,,,,,,让我们谈谈岩石,,,,,,
pda_gCCSumi,So what's got him so excited more than his next meal?,,,,,,,,,,那么是什么让他比下一顿饭还兴奋？,,,,,,
pda_8sGi0cU,Take a look at A'thur's Anomally,,,,,,,,,,看看A'thur的异常现象,,,,,,
pda_u9muWOq,Fly to this ultra dense Asteroid,,,,,,,,,,飞向这个超高密度的小行星,,,,,,
pda_G88cK0i,Mine some Sample Ore,,,,,,,,,,开采一些样本矿石,,,,,,
pda_egmYacm,So its too hard for a Laser drill eh!,,,,,,,,,,所以连激光钻头都太硬了，是吧！,,,,,,
pda_8ai4uGi,Return with Sensor Data,,,,,,,,,,带着传感器数据返回,,,,,,
pda_uuqC04q,Head back to Sisyphus Station,,,,,,,,,,返回西西弗斯空间站,,,,,,
pda_8S0WemS,Speak again with A'ture,,,,,,,,,,再次与A'ture交谈,,,,,,
pda_WOWhKGG,Speak again with A'ture,,,,,,,,,,再次与A'ture交谈,,,,,,
pda_mK0e008,The metal can't be scratched by a laser drill! Best ask if  A'thur if he has any heavy equipment!,,,,,,,,,,激光钻头刮不动这种金属！最好问问A'thur他有没有重型装备！,,,,,,
pda_MQW0CO0,Samples Recovered,,,,,,,,,,样本已回收,,,,,,
pda_umm2aW8,Samples Examined,,,,,,,,,,样本已检查,,,,,,
pda_8im0YSE,Samples Examined,,,,,,,,,,样本已检查,,,,,,
pda_W4CS0G8,Send the messages,,,,,,,,,,发送信息,,,,,,
pda_SuiS1ai,Here's where you find out if A'ture was telling the truth!,,,,,,,,,,这里就是你会发现A'ture是否说实话的地方！,,,,,,
pda_OCOWmCe,Deal or No Deal?,,,,,,,,,,成交还是不成交？,,,,,,
pda_00G0OSm,Shall we keep our promise to A'ture,,,,,,,,,,我们是否应该遵守对A'ture的承诺,,,,,,
pda_OH08OW4,Salvage Life - Steel Clearance (Small Blocks),,,,,,,,,,打捞生涯 - 钢清理（小型方块）,,,,,,
pda_iW8eamS,ISI Repeatables,,,,,,,,,,ISI重复任务,,,,,,
pda_giSiemm,Salvage a Small amount of Steel Blocks,,,,,,,,,,打捞少量钢方块,,,,,,
pda_iCCOO6S,Salvage 30 Small Steel Blocks,,,,,,,,,,打捞30个小型钢方块,,,,,,
pda_OcqK0Ki,Activate mission,,,,,,,,,,激活任务,,,,,,
pda_0qG64WH,Remove Small Steel Blocks,,,,,,,,,,移除小型钢方块,,,,,,
pda_iu0a1ii,Take 30 Steel Blocks off a junk structure. You will get an opportunity to sell off at missions end.,,,,,,,,,,从废弃建筑结构上取下30个钢方块。你将在任务结束时获得出售的机会。,,,,,,
pda_8aqWCs0,Report back to ISI,,,,,,,,,,向ISI报告,,,,,,
pda_4OOOe4C,Return to an ISI Salvager,,,,,,,,,,返回一个ISI回收商,,,,,,
pda_MKWMiOG,Return to an ISI Salvager,,,,,,,,,,返回一个ISI回收商,,,,,,
pda_8SKoe4e,To activate payment,,,,,,,,,,启动付款,,,,,,
pda_54IqJ8W,Salvage Life - Bulk Steel Clearance (Small Blocks),,,,,,,,,,打捞生涯 - 大量钢清理（小型方块）,,,,,,
pda_4G8MO0e,ISI Repeatables,,,,,,,,,,ISI重复任务,,,,,,
pda_4WWSKeq,Salvage a large amount of Steel Blocks,,,,,,,,,,打捞大量钢方块,,,,,,
pda_FWSm0e4,Salvage 300 Small Steel Blocks,,,,,,,,,,打捞300个小型钢方块,,,,,,
pda_US0oaCu,Salvage a large amount of Small Steel Blocks,,,,,,,,,,打捞大量小型钢方块,,,,,,
pda_Si0qWSC,Take 300 Steel Blocks off a junk structure. You will get an opportunity to sell off at missions end.,,,,,,,,,,从废弃建筑结构上取下300个钢方块。你将在任务结束时获得出售的机会。,,,,,,
pda_queeu94,Report back to ISI,,,,,,,,,,向ISI报告,,,,,,
pda_q8iGmui,To activate payment,,,,,,,,,,启动付款,,,,,,
pda_abm8u4q,You can now claim your mission reward from ISI,,,,,,,,,,你现在可以向ISI领取任务奖励,,,,,,
pda_iuqmeKK,Report Back to ISI,,,,,,,,,,向ISI报告,,,,,,
pda_W80eKe0,Return to an ISI Salvager,,,,,,,,,,返回一个ISI回收商,,,,,,
pda_mICua8S,Salvage Life - Hardened Steel Clearance (Small Blocks),,,,,,,,,,打捞生涯 - 硬化钢清理（小型方块）,,,,,,
pda_GKwCuai,ISI Repeatables,,,,,,,,,,ISI重复任务,,,,,,
pda_C8Guei0,Salvage a Small amount of Hardened Steel Blocks,,,,,,,,,,打捞少量硬化钢方块,,,,,,
pda_KGO4qe8,Salvage 50 Small Hardened Steel Blocks,,,,,,,,,,打捞50个小型硬化钢方块,,,,,,
pda_OaSKKWm,Remove Small Hardened Steel Blocks,,,,,,,,,,移除小型硬化钢方块,,,,,,
pda_uuQaW4S,Take 50 Steel Blocks off a junk structure. You will get an opportunity to sell off at missions end.,,,,,,,,,,从废弃建筑结构上取下50个钢方块。你将在任务结束时获得出售的机会。,,,,,,
pda_OaG0uam,Report back to ISI,,,,,,,,,,向ISI报告,,,,,,
pda_q8auaau,Return to an ISI Salvager,,,,,,,,,,返回一个ISI回收商,,,,,,
pda_W88W8KA,To activate payment,,,,,,,,,,以激活报酬,,,,,,
pda_OQuOWCO,Return to an ISI Salvager,,,,,,,,,,返回至 ISI 回收者处,,,,,,
pda_0oaG4PG,Salvage Life - Bulk Hardened Steel Clearance (Small Blocks),,,,,,,,,,回收生命 - 批量硬化钢清理（小型方块）,,,,,,
pda_q8maqu8,ISI Repeatables,,,,,,,,,,ISI 重复任务,,,,,,
pda_8e0Yq0K,Salvage a large amount of Hardened Steel Blocks,,,,,,,,,,回收大量硬化钢方块,,,,,,
pda_a0iCmiG,Salvage 250 Small Hardened Steel Blocks,,,,,,,,,,回收250个小型硬化钢方块,,,,,,
pda_WiaWqKq,Remove 250 Small Hardened Steel Blocks,,,,,,,,,,移除250个小型硬化钢方块,,,,,,
pda_W2iSKt0,Salvage a large amount of Small Hardened Steel Blocks,,,,,,,,,,回收大量小型硬化钢方块,,,,,,
pda_4LmhISb,Report back to ISI,,,,,,,,,,向 ISI 报告,,,,,,
pda_e8jacem,Return to an ISI Salvager,,,,,,,,,,返回至 ISI 回收者处,,,,,,
pda_8EGWKuO,Return to an ISI Salvager,,,,,,,,,,返回至 ISI 回收者处,,,,,,
pda_0QGe0SK,Check your PDA to see when you may repeat this mission,,,,,,,,,,检查你的个人数字助理（PDA）以查看何时可以重复此任务,,,,,,
pda_Umir82S,Salvage Life - Combat Steel Clearance (Small Blocks),,,,,,,,,,回收生命 - 战斗钢清理（小型方块）,,,,,,
pda_iuGuq88,ISI Repeatables,,,,,,,,,,ISI 重复任务,,,,,,
pda_iWGCvaO,Salvage a Small amount of Combat Steel Blocks,,,,,,,,,,回收少量战斗钢方块,,,,,,
pda_cO0D4Kq,Remove Small Combat Steel Blocks,,,,,,,,,,移除小型战斗钢方块,,,,,,
pda_GOGSeiu,Take 50 Combat Steel Small Blocks off a junk structure. You will get an opportunity to sell off at missions end.,,,,,,,,,,从废弃建筑中取下50个战斗钢小型方块。你将在任务结束时获得出售机会。,,,,,,
pda_4qW0WGO,Salvage Life - Bulk Combat Steel Clearance (Small Blocks),,,,,,,,,,回收生命 - 批量战斗钢清理（小型方块）,,,,,,
pda_miGS8Cm,Check your PDA to see when you may repeat this mission,,,,,,,,,,检查你的个人数字助理（PDA）以查看何时可以重复此任务,,,,,,
pda_4uOaGS4,To activate payment,,,,,,,,,,以激活报酬,,,,,,
pda_9u0ZOOf,Report back to ISI,,,,,,,,,,向 ISI 报告,,,,,,
pda_SRkK4GO,ISI Repeatables,,,,,,,,,,ISI 重复任务,,,,,,
pda_aSOmmeu,Return to an ISI Salvager,,,,,,,,,,返回至 ISI 回收者处,,,,,,
pda_GFe0C4O,Return to an ISI Salvager,,,,,,,,,,返回至 ISI 回收者处,,,,,,
pda_Ca8CqFm,Salvage 50 Small Combat Steel Blocks,,,,,,,,,,回收50个小型战斗钢方块,,,,,,
pda_OEmSaGq,Salvage a large amount of Small Combat Steel Blocks,,,,,,,,,,回收大量小型战斗钢方块,,,,,,
pda_OmIqW04,Salvage a large amount of Combat Steel Blocks,,,,,,,,,,回收大量战斗钢方块,,,,,,
pda_40eeKum,Salvage a large amount of Combat Steel Blocks,,,,,,,,,,回收大量战斗钢方块,,,,,,
pda_q8eS4aa,Remove 200 Small Combat Steel Blocks,,,,,,,,,,移除200个小型战斗钢方块,,,,,,
pda_8imOWmC,Report back to ISI,,,,,,,,,,向 ISI 报告,,,,,,
pda_a8K0iWu,To activate payment,,,,,,,,,,以激活报酬,,,,,,
pda_qmuGXES,To activate payment,,,,,,,,,,以激活报酬,,,,,,
pda_aW8OaqW,Return to an ISI Salvager,,,,,,,,,,返回至 ISI 回收者处,,,,,,
pda_GKOSe08,Return to an ISI Salvager,,,,,,,,,,返回至 ISI 回收者处,,,,,,
pda_qN0Siqi,Echo's of the Past Become Tools for the future,,,,,,,,,,过去的回响成为未来的工具,,,,,,
pda_GOO4GKW,Wait,,,,,,,,,,等待,,,,,,
pda_m0OKaam,Wait,,,,,,,,,,等待,,,,,,
pda_CiaC4WC,Interlude Open,,,,,,,,,,间奏曲开启,,,,,,
pda_eKSqGSO,Story (RCV Orillion),,,,,,,,,,故事（RCV Orillion）,,,,,,
pda_k4GaCqC,Wait,,,,,,,,,,等待,,,,,,
pda_88O8Gmi,Wait,,,,,,,,,,等待,,,,,,
pda_Sqx0hO4,Wait,,,,,,,,,,等待,,,,,,
pda_W8GGI4n,Wait,,,,,,,,,,等待,,,,,,
pda_O4eqKee,Combat 1 - SSG,,,,,,,,,,战斗 1 - SSG,,,,,,
pda_0mwpm0G,Speciality: Combat [SSG] Intro,,,,,,,,,,专长：战斗 [SSG] 简介,,,,,,
pda_GmOiimG,Practice your combat skills on some basic targets,,,,,,,,,,在一些基础目标上练习你的战斗技巧,,,,,,
pda_e8uuWFs,Hostile Machines,,,,,,,,,,敌对机器,,,,,,
pda_0eCeS0i,Make Some Scrap!,,,,,,,,,,制造一些废料！,,,,,,
pda_8GegaGO,Destroy four Hostile Turrets.,,,,,,,,,,摧毁四个敌对炮塔。,,,,,,
pda_keU8WGC,"That's a good start, plus it gives something for the Technicians to work with!",,,,,,,,,,这是个好的开始，而且还能给技术人员一些东西来研究！,,,,,,
pda_mqOH4SW,Engineering 1 - SSG,,,,,,,,,,工程 1 - SSG,,,,,,
pda_0OS0WqW,Speciality: Engineering (SSG),,,,,,,,,,专长：工程（SSG）,,,,,,
pda_eISKWe4,Medical 1 - SSG,,,,,,,,,,医疗 1 - SSG,,,,,,
pda_QGmW8mp,Speciality: Medical (SSG),,,,,,,,,,专长：医疗（SSG）,,,,,,
pda_SaumSS0,Exploration 1 - SSG,,,,,,,,,,探索 1 - SSG,,,,,,
pda_84CqK4m,Speciality: Exploration (SSG),,,,,,,,,,专长：探索（SSG）,,,,,,
pda_OkK8WOu,Basic Supplies,,,,,,,,,,基本补给,,,,,,
pda_qKi0GIC,Craft Bandages,,,,,,,,,,制作绷带,,,,,,
pda_ejj8a8K,Craft 10 Bandages,,,,,,,,,,制作10个绷带,,,,,,
pda_imCCC4O,Craft 16 Bandages,,,,,,,,,,制作16个绷带,,,,,,
pda_Cs8e40a,Information Search,,,,,,,,,,信息搜索,,,,,,
pda_qak0SaK,Getting ready to fly!,,,,,,,,,,准备起飞！,,,,,,
pda_SOSKOi0,Craft A Fuel Tank,,,,,,,,,,制作一个燃料箱,,,,,,
pda_CIC4mdO,Craft A Fuel Tank,,,,,,,,,,制作一个燃料箱,,,,,,
pda_4AaScGG,Craft a Generator,,,,,,,,,,制作一个发电机,,,,,,
pda_S0Z4TmW,[c][ffc800]Small Generator[-][/c],,,,,,,,,,[c][ffc800]小型发电机[-][/c],,,,,,
pda_Ouaai4O,Scanning for Active terminal: Navigation Log,,,,,,,,,,扫描活动终端：导航日志,,,,,,
pda_8AC2auC,Scanning for Active terminals,,,,,,,,,,扫描活动终端,,,,,,
pda_SKKqq8u,Scanning for Active terminal:  Command Log,,,,,,,,,,扫描活动终端：命令日志,,,,,,
pda_K4qO4m8,Searching for any remaining Command Logs Communications Log,,,,,,,,,,搜索剩余的命令日志和通信日志,,,,,,
pda_eWiPqqC,Scanning for Active terminal: Communications Log,,,,,,,,,,扫描活动终端：通信日志,,,,,,
pda_YCmO88u,Searching for any remaining Communications Logs,,,,,,,,,,搜索剩余的通信日志,,,,,,
pda_mrWKaiK,Scanning for Active terminal: Engineering Log,,,,,,,,,,扫描活动终端：工程日志,,,,,,
pda_G44iaGu,Searching for any remaining Engineering Logs,,,,,,,,,,搜索剩余的工程日志,,,,,,
pda_qS0GG4e,Scanning for Active terminal: Medical Log,,,,,,,,,,扫描活动终端：医疗日志,,,,,,
pda_Qu0mgu1,Searching for any remaining Medical Log,,,,,,,,,,搜索剩余的医疗日志,,,,,,
pda_qmGSEAe,Scanning for Active terminal: Security Log,,,,,,,,,,扫描活动终端：安全日志,,,,,,
pda_0Om4e8W,Searching for any remaining Security Log,,,,,,,,,,搜索剩余的安全日志,,,,,,
pda_GXmaOaK,Antibiotic Ointment,,,,,,,,,,抗生素药膏,,,,,,
pda_CS4SqeO,Craft 4 Antibiotic Ointment,,,,,,,,,,制作4个抗生素药膏,,,,,,
pda_MOiWOCC,Antiradiation Ointment,,,,,,,,,,抗辐射药膏,,,,,,
pda_O8W0400,Craft 4 Antiradiation Ointment,,,,,,,,,,制作4个抗辐射药膏,,,,,,
pda_u8LiSmm,Open Pda,,,,,,,,,,打开PDA,,,,,,
pda_Of88iKa,Open Pda,,,,,,,,,,打开PDA,,,,,,
pda_ukU8I4e,Open Pda,,,,,,,,,,打开PDA,,,,,,
pda_eqCOe4G,Ready to continue? Open Pda,,,,,,,,,,准备好继续了吗？打开PDA,,,,,,
pda_2CKmCOu,Combat 2 - SSG,,,,,,,,,,战斗 2 - SSG,,,,,,
pda_WcmqaGu,Speciality: Combat [SSG] Intro,,,,,,,,,,专长：战斗 [SSG] 简介,,,,,,
pda_K86amei,Hostile Machines 2,,,,,,,,,,敌对机器 2,,,,,,
pda_eswSKiG,These are the Droids you are looking for,,,,,,,,,,这就是你在寻找的机器人,,,,,,
pda_mqWWm4q,Hostile Machines 2,,,,,,,,,,敌对机器 2,,,,,,
pda_8Q8luee,Destroy ten fighting Robots,,,,,,,,,,摧毁十个战斗机器人,,,,,,
pda_K4GLok4,Salvage Life - Bulk Steel Clearance. (Large Blocks),,,,,,,,,,回收生命 - 批量钢清理（大型方块）,,,,,,
pda_eWu6m8t,ISI Repeatables,,,,,,,,,,ISI 重复任务,,,,,,
pda_e0OK8WS,Salvage  Large  Steel Blocks,,,,,,,,,,回收大量钢方块,,,,,,
pda_mu4aeiE,Reclaim Steel Blocks,,,,,,,,,,回收钢方块,,,,,,
pda_SWWKiu8,Salvage 100 Steel Blocks,,,,,,,,,,回收100个钢方块,,,,,,
pda_eOKuuIq,Take 100 Steel Blocks off a junk structure. You will get an opportunity to sell off at missions end.,,,,,,,,,,从废弃建筑中取下100个钢方块。你将在任务结束时获得出售机会。,,,,,,
pda_yqOqa40,Report back to ISI,,,,,,,,,,向 ISI 报告,,,,,,
pda_KK8at4e,Return to an ISI Salvager,,,,,,,,,,返回至 ISI 回收者处,,,,,,
pda_WGi4vaa,Return to an ISI Salvager,,,,,,,,,,返回至 ISI 回收者处,,,,,,
pda_a8GSqU8,Salvage Life - Bulk Hardened Steel Clearance.,,,,,,,,,,回收生命 - 批量硬化钢清理。,,,,,,
pda_ug8itd4,ISI Repeatables,,,,,,,,,,ISI 重复任务,,,,,,
pda_iaSGtXC,Salvage  Large Hardened Steel Blocks,,,,,,,,,,回收大量硬化钢方块,,,,,,
pda_CiCoqqW,Reclaim Hardened Steel Blocks,,,,,,,,,,回收硬化钢方块,,,,,,
pda_C4mcu0S,Report back to ISI,,,,,,,,,,向 ISI 报告,,,,,,
pda_m4iK8eC,Return to an ISI Salvager,,,,,,,,,,返回至 ISI 回收者处,,,,,,
pda_uWq4uWO,Salvage 100 Hardened Steel Blocks,,,,,,,,,,回收100个硬化钢方块,,,,,,
pda_epeKqG0,Take 100 Hardened Steel Blocks off a junk structure. You will get an opportunity to sell off at missions end.,,,,,,,,,,从废弃建筑中取下100个硬化钢方块。你将在任务结束时获得出售机会。,,,,,,
pda_ij4G40a,Return to an ISI Salvager,,,,,,,,,,返回至 ISI 回收者处,,,,,,
pdaZA_4W8KeWa,One off Reward Bulk Steel,,,,,,,,,,一次性奖励 - 批量钢,,,,,,
pdaZA_Y0I4Gmw,Wait,,,,,,,,,,等待,,,,,,
pdaZA_wq4aOSK,Wait,,,,,,,,,,等待,,,,,,
pdaZA_QMGGq88,ISI One Off Rewards,,,,,,,,,,ISI 一次性奖励,,,,,,
pdaZA_W4qeQUi,One Off Reward  Bulk Hardened Steel,,,,,,,,,,一次性奖励 - 批量硬化钢,,,,,,
pdaZA_a0Gw8ce,ISI One Off Rewards,,,,,,,,,,ISI 一次性奖励,,,,,,
pdaZA_4Iiaqqu,Wait,,,,,,,,,,等待,,,,,,
pdaZA_O400K04,Wait,,,,,,,,,,等待,,,,,,
pdaZA_4GaSmIW,Wait,,,,,,,,,,等待,,,,,,
pdaZA_Gqi4qmS,Salvage Life - 50 Windows & Doors,,,,,,,,,,回收生命 - 50个窗户与门,,,,,,
pdaZA_ietaiGm,ISI Repeatables,,,,,,,,,,ISI 重复任务,,,,,,
pdaZA_uWu8wG4,Salvage 50 Windows or Doors,,,,,,,,,,回收50个窗户或门,,,,,,
pdaZA_S0Wu0G4,Reclaim 50 Windows or Doors,,,,,,,,,,回收50个窗户或门,,,,,,
pdaZA_CmeKFeC,Report back to ISI,,,,,,,,,,向 ISI 报告,,,,,,
pdaZA_8q8GpWW,Return to an ISI Salvager,,,,,,,,,,返回至 ISI 回收者处,,,,,,
pdaZA_WSGmSK8,Take a total of 50 Windows/Armoured Windows/Doors or Shutter Doors off a junk structures. You will get an opportunity to sell off at missions end.,,,,,,,,,,从废弃建筑中取下总共50个窗户/装甲窗户/门或百叶门。你将在任务结束时获得出售机会。,,,,,,
pdaZA_a0qCmWS,Return to an ISI Salvager,,,,,,,,,,返回至 ISI 回收者处,,,,,,
pdaZA_SS6qWG8,One Off Reward Windows & Doors,,,,,,,,,,一次性奖励 - 窗户与门,,,,,,
pdaZA_0R4imO4,ISI One Off Rewards,,,,,,,,,,ISI 一次性奖励,,,,,,
pdaZA_uOSSONw,Wait,,,,,,,,,,等待,,,,,,
pdaZA_m5qwuqO,Wait,,,,,,,,,,等待,,,,,,
pdaZA_W0imiea,Wait,,,,,,,,,,等待,,,,,,
pdaZA_NaiSm4e,Wait,,,,,,,,,,等待,,,,,,
pdaZA_WWGibiO,wait,,,,,,,,,,等待,,,,,,
pdaZA_GGmG44K,Salvage Life - Space Clear up - Cores,,,,,,,,,,回收生命 - 太空清理 - 核心,,,,,,
pdaZA_BSS0u84,Salvage CPU's or Extenders,,,,,,,,,,回收CPU或扩展器,,,,,,
pdaZA_icOWNJe,Reclaim a total of 12 CPU's or Extenders,,,,,,,,,,回收总共12个CPU或扩展器,,,,,,
pdaZA_9aquiaG,Report back to ISI Space Station,,,,,,,,,,向 ISI 空间站报告,,,,,,
pdaZA_C8ka08x,Salvage a total of 12 CPU cores or CPU extenders of any Capital type (BASE or CV). You will get an opportunity to sell off at missions end.,,,,,,,,,,总共回收12个任意主力类型（基地或主力舰）的CPU核心或CPU扩展器。你将在任务结束时获得出售机会。,,,,,,
pdaZA_WmOG0u0,Return to an ISI Station Master,,,,,,,,,,返回至 ISI 空间站管理员处,,,,,,
pdaZA_uaumKqe,Return to an ISI Station Master,,,,,,,,,,返回至 ISI 空间站管理员处,,,,,,
pdaZA_e4KmS80,One Off Reward - CPU salvage,,,,,,,,,,一次性奖励 - CPU 回收,,,,,,
pdaZA_SEVSGuK,ISI One Off Rewards,,,,,,,,,,ISI 一次性奖励,,,,,,
pdaZA_qG04c0G,wait,,,,,,,,,,等待,,,,,,
pdaZA_88aOKqu,wait,,,,,,,,,,等待,,,,,,
pdaZA_0i8080m,wait,,,,,,,,,,等待,,,,,,
pdaZA_CeWKVi8,ISI Repeatables,,,,,,,,,,ISI 重复任务,,,,,,
pdaZA_euGEOUu,Ship Yard Sector,,,,,,,,,,船坞星区,,,,,,
pdaZA_4WOKu9O,This is  a Ship Yard Sector. CV Spawning is possible here. Do wish guidance to the Shipyard,,,,,,,,,,这是一个船坞星区。可以在此生成主力舰。你是否希望导航到船坞？,,,,,,
pdaZA_GmOaseC,You have entered a Ship Yard sector,,,,,,,,,,你已进入一个船坞星区,,,,,,
pdaZA_C4GamSm,Scanning,,,,,,,,,,扫描中,,,,,,
pdaZA_4uuW8A3,Locate the Shipyard,,,,,,,,,,找到船坞,,,,,,
pdaZA_u0CeOOe,Make your way to the Shipyard proper for resupply and assistance if you wish to spawn a vessel.,,,,,,,,,,前往船坞区域进行补给和获取帮助，如果你想要生成一艘飞船的话。,,,,,,
pdaZA_Euamk8W,Make your way to the Shipyard proper for resupply and assistance if you wish to spawn a vessel.,,,,,,,,,,前往船坞区域进行补给和获取帮助，如果你想要生成一艘飞船的话。,,,,,,
pdaZA_OKC40ai,Make your way to the Shipyard proper for resupply and assistance if you wish to spawn a vessel.,,,,,,,,,,前往船坞区域进行补给和获取帮助，如果你想要生成一艘飞船的话。,,,,,,
pdaZA_0K24eS0,(Team),,,,,,,,,,（队伍）,,,,,,
pdaZA_GSC8CSu,Combat 3 - SSG,,,,,,,,,,战斗 3 - SSG,,,,,,
pdaZA_Kaqeeae,Speciality: Combat [SSG] Intro,,,,,,,,,,专长：战斗 [SSG] 简介,,,,,,
pdaZA_e4LBOO8,Let Sleeping Droids Lie,,,,,,,,,,让沉睡的机器人安息,,,,,,
pdaZA_GGe4emC,Let Sleeping Droids Lie,,,,,,,,,,让沉睡的机器人安息,,,,,,
pdaZA_8JKuGG8,Pre-emptive Maintenance,,,,,,,,,,预防性维护,,,,,,
pdaZA_04maKaS,Pre-emptive Maintenance,,,,,,,,,,预防性维护,,,,,,
pdaZA_PPiuWuq,You can now return to the ISI to claim your rewards,,,,,,,,,,你现在可以返回ISI领取你的奖励,,,,,,
pdaZA_KKOGiia,You can now claim your mission reward from ISI,,,,,,,,,,你现在可以从ISI领取你的任务奖励,,,,,,
pdaZA_4KuokC0,You have Salvaged 200 Small steel blocks,,,,,,,,,,你已经回收了200个小型钢方块,,,,,,
pdaZA_COuma08,Check your PDA to see when you may repeat this mission,,,,,,,,,,检查你的个人数字助理（PDA）以查看何时可以重复此任务,,,,,,
pdaZA_qWq8aGS,Check your PDA to see when you may repeat this mission,,,,,,,,,,检查你的个人数字助理（PDA）以查看何时可以重复此任务,,,,,,
pdaZA_CUKKOSq,You can now return to the ISI to claim your rewards,,,,,,,,,,你现在可以返回ISI领取你的奖励,,,,,,
pdaZA_OuKqiqK,You can now claim your mission reward from ISI,,,,,,,,,,你现在可以从ISI领取你的任务奖励,,,,,,
pdaZA_HSuGOqq,You can now claim your mission reward from ISI,,,,,,,,,,你现在可以从ISI领取你的任务奖励,,,,,,
pdaZA_qKuaWaU,Check your PDA to see when you may repeat this mission,,,,,,,,,,检查你的个人数字助理（PDA）以查看何时可以重复此任务,,,,,,
pdaZA_mq04q8W,Check your PDA to see when you may repeat this mission,,,,,,,,,,检查你的个人数字助理（PDA）以查看何时可以重复此任务,,,,,,
pdaZA_4u4qK8M,Check your PDA to see when you may repeat this mission,,,,,,,,,,检查你的个人数字助理（PDA）以查看何时可以重复此任务,,,,,,
pdaZA_GiKqaQi,Check your PDA to see when you may repeat this mission,,,,,,,,,,检查你的个人数字助理（PDA）以查看何时可以重复此任务,,,,,,
pdaZA_eKqaKGi,Check your PDA to see when you may repeat this mission,,,,,,,,,,检查你的个人数字助理（PDA）以查看何时可以重复此任务,,,,,,
pdaZA_KSOKCaA,Check your PDA to see when you may repeat this mission,,,,,,,,,,检查你的个人数字助理（PDA）以查看何时可以重复此任务,,,,,,
pdaZA_i8K8qm0,You can now return to the ISI to claim your rewards,,,,,,,,,,你现在可以返回ISI领取你的奖励,,,,,,
pdaZA_mSCaGKO,You can now return to the ISI to claim your rewards,,,,,,,,,,你现在可以返回ISI领取你的奖励,,,,,,
pdaZA_O0qKKCa,You can now return to the ISI to claim your rewards,,,,,,,,,,你现在可以返回ISI领取你的奖励,,,,,,
pdaZA_S0GOGUC,You can now return to the ISI to claim your rewards,,,,,,,,,,你现在可以返回ISI领取你的奖励,,,,,,
pdaZA_UeqOKOG,Check your PDA to see when you may repeat this mission,,,,,,,,,,检查你的个人数字助理（PDA）以查看何时可以重复此任务,,,,,,
pdaZA_SO00GGG,Check your PDA to see when you may repeat this mission,,,,,,,,,,检查你的个人数字助理（PDA）以查看何时可以重复此任务,,,,,,
pdaZA_OGmea0m,Check your PDA to see when you may repeat this mission,,,,,,,,,,检查你的个人数字助理（PDA）以查看何时可以重复此任务,,,,,,
pda_uquK0,Constructor construction,,,,,,,,,,构造器建造,,,,,,
pda_iSqiC,Construct a large constructor says SASHA your instructor!,,,,,,,,,,建造一个大型构造器，你的教官SASHA说！,,,,,,
pda_aW4um,"An Exercise to make sure... you know that a large constructor helps to build better things!!! See which constructors you can use to build bigger ones.\nBuild a large constructor (not advanced, large I said!!!)",,,,,,,,,,一项练习以确保...你知道大型构造器有助于建造更好的东西！！！看看你可以使用哪些构造器来建造更大的。\n建造一个大型构造器（不是高级的，我说的是大型！！！）,,,,,,
pda_CaWm0,Place a large constructor somewhere.,,,,,,,,,,将大型构造器放置在某个地方。,,,,,,
pda_WKeuu,exercise constructor use (L) by placing it where ever it works.,,,,,,,,,,练习使用构造器（L）将其放置在可工作的地方。,,,,,,
pda_Kw0ii,Place a large constructor somewhere.,,,,,,,,,,将大型构造器放置在某个地方。,,,,,,
pda_aeiWW,"Well done, it is most important to know how to transform and build things!",,,,,,,,,,做得好，知道如何转化和建造东西是最重要的！,,,,,,
pda_aa4KG,Large Constructor training - done! Major survivalist added to the galaxy!,,,,,,,,,,大型构造器训练完成！银河系中增加了一位主要生存专家！,,,,,,
pdaZA_L0mCWqS,One Off Reward - Cores,,,,,,,,,,一次性奖励 - 核心,,,,,,
pdaZA_Pe05KOq,ISI One Off Rewards,,,,,,,,,,ISI一次性奖励,,,,,,
pdaZA_KqSmoWG,wait,,,,,,,,,,等待,,,,,,
pdaZA_CWV08Kq,wait,,,,,,,,,,等待,,,,,,
pdaZA_8ViSKmS,wait,,,,,,,,,,等待,,,,,,
pdaZA_maKOC4K,wait,,,,,,,,,,等待,,,,,,
pdaZA_eGamapo,Discovery Rewards,,,,,,,,,,发现奖励,,,,,,
pdaZA_ehm4uqe,Discovered Quarantine World,,,,,,,,,,发现隔离世界,,,,,,
pdaZA_FOoi4Wi,wait,,,,,,,,,,等待,,,,,,
pdaZA_eOaaewa,wait,,,,,,,,,,等待,,,,,,
pdaZA_aKCeODG,wait,,,,,,,,,,等待,,,,,,
pdaZA_YiSuVK0,You have discovered a Quarantine Planet for the first time.,,,,,,,,,,你首次发现了一个隔离星球。,,,,,,
pdaZA_WiWW4qS,You have discovered a Quarantine Planet for the first time.,,,,,,,,,,你首次发现了一个隔离星球。,,,,,,
pdaZA_4Sqa51G,Open PDA,,,,,,,,,,打开PDA,,,,,,
pdaZA_6eeGi8a,Open PDA,,,,,,,,,,打开PDA,,,,,,
pdaZA_kJuQai0,Locate a Ghost Ship,,,,,,,,,,定位一艘幽灵飞船,,,,,,
pdaZA_4qSau8G,Polaris: Ghost Ships,,,,,,,,,,极星：幽灵飞船,,,,,,
pdaZA_GKaOgmS,Begin your search for a Ghost Ship! When you have located one  Activate the Located Mission in your PDA,,,,,,,,,,开始搜索幽灵飞船！当找到一艘后，在你的PDA中激活定位任务,,,,,,
pdaZA_0eBS4Wa,Begin your search for a Ghost Ship! When you have located one Activate the Located Mission in your PDA,,,,,,,,,,开始搜索幽灵飞船！当找到一艘后，在你的PDA中激活定位任务,,,,,,
pdaZA_ioKi000,Discovered A Black Hole,,,,,,,,,,发现一个黑洞,,,,,,
pdaZA_OGWCG8i,Discovery Rewards,,,,,,,,,,发现奖励,,,,,,
pdaZA_qWOmm8W,You have discovered a Black Hole for the first time,,,,,,,,,,你首次发现了一个黑洞,,,,,,
pdaZA_qmOCGe4,You discovered a Black Hole for the first time,,,,,,,,,,你首次发现了一个黑洞,,,,,,
pdaZA_4GKS1qG,Wait,,,,,,,,,,等待,,,,,,
pdaZA_CWge8hC,Wait,,,,,,,,,,等待,,,,,,
pdaZA_Aqe8OWm,Wait,,,,,,,,,,等待,,,,,,
pdaZA_uk8S0iC,Wait,,,,,,,,,,等待,,,,,,
pdaZA_0K8eSKe,Medical 2 - SSG,,,,,,,,,,医疗2 - SSG,,,,,,
pdaZA_a4aWaum,Speciality: Medical (SSG),,,,,,,,,,专业：医疗（SSG）,,,,,,
pdaZA_uq0mGmq,Medical 3 - SSG,,,,,,,,,,医疗3 - SSG,,,,,,
pdaZA_A48K4u8,Speciality: Medical (SSG),,,,,,,,,,专业：医疗（SSG）,,,,,,
pdaZA_iSKC4iu,Research the Organism,,,,,,,,,,研究该生物,,,,,,
pdaZA_eJme6aR,Fine what you can abut the Alien Slime creatures.,,,,,,,,,,尽可能了解外星粘液生物,,,,,,
pdaZA_0SsaaWC,Find Medical Library Access,,,,,,,,,,找到医疗库接入点,,,,,,
pdaZA_aqM8aYE,Locate a Terminal that can get to the Ancient ships medical library data,,,,,,,,,,定位一个能访问古代飞船医疗库数据的终端,,,,,,
pdaZA_W4uiCSG,Find the Bio Amoebas,,,,,,,,,,找到生物变形虫,,,,,,
pdaZA_iuVGSwC,See if their are live specimen's still alive on the ship?,,,,,,,,,,看看船上是否有活体标本还活着？,,,,,,
pdaZA_Gq8mGmu,Sasha's busy please Hold,,,,,,,,,,萨沙正忙，请稍候,,,,,,
pdaZA_SiOKmSL,Wait for Sasha to break into the door security,,,,,,,,,,等待萨沙破解门禁系统,,,,,,
pdaZA_10Omea4,Got it commander enter code 0666 to open the door.,,,,,,,,,,明白了，指挥官，输入代码0666打开门。,,,,,,
pdaZA_u0aWua8,Sasha has tricked the door into thinking you are a Waste Services Tech. Access code is 0666,,,,,,,,,,萨沙已经骗过了门，让它以为你是废物处理技术员。访问代码是0666,,,,,,
pdaZA_IT4aC0m,Obtain Samples,,,,,,,,,,获取样本,,,,,,
pdaZA_CKuGe8i,Obtain some Ectoplasma from the Bio Amoebas in the ships bilges,,,,,,,,,,从飞船舱底的生物变形虫处获取一些外质体,,,,,,
pdaZA_O44G8SK,Doctor on Call,,,,,,,,,,待命医生,,,,,,
pdaZA_0qalWOG,Expedition Supplies,,,,,,,,,,远征补给,,,,,,
pdaZA_4UKWSmG,Obtain a Ventilator,,,,,,,,,,获取一个通风器,,,,,,
pdaZA_aKOaimm,Salvage or build a ships Ventilator unit.,,,,,,,,,,回收或建造一个飞船通风器单元,,,,,,
pdaZA_WCiiCaq,Create a Small Vessel O2 Station,,,,,,,,,,创建一个小型飞船氧气站,,,,,,
pdaZA_q0aee8u,Build an O2 Station from scratch suitable for a small Vessel or Hover vehicle.,,,,,,,,,,从头建造一个适合小型飞船或悬浮车的氧气站,,,,,,
pdaZA_uKGSGCm,Create a Small O2 tank,,,,,,,,,,创建一个小型氧气罐,,,,,,
pdaZA_SSC0q8a,Build a Small O2 tank for an SV/HV,,,,,,,,,,为SV/HV建造一个小型氧气罐,,,,,,
pdaZA_mUC8iOC,Its not just cold out there,,,,,,,,,,外面不仅仅是冷,,,,,,
pdaZA_ieSC0Wa,Craft 12 Anti radiation Pills,,,,,,,,,,制作12个抗辐射药片,,,,,,
pdaZA_WaC0A4e,Engineering 2 - SSG,,,,,,,,,,工程2 - SSG,,,,,,
pdaZA_0KebuGK,Speciality: Engineering (SSG),,,,,,,,,,专业：工程（SSG）,,,,,,
pdaZA_8GmiuuW,Salvage Skiff,,,,,,,,,,回收小艇,,,,,,
pdaZA_aqeWeem,Create a mobile platform to facilitate Space Salvage operations,,,,,,,,,,创建一个移动平台以促进太空回收作业,,,,,,
pdaZA_4u8G4uC,Basic SV Moduel,,,,,,,,,,基础SV模块,,,,,,
pdaZA_qWWIqSO,Craft a SV core unit,,,,,,,,,,制作一个SV核心单元,,,,,,
pdaZA_0iFIqKk,Propulsion Systems.,,,,,,,,,,推进系统,,,,,,
pdaZA_eGCCSmm,Build or otherwise acquire a total of 6 thrusters (Small or Medium models only),,,,,,,,,,建造或通过其他方式获取总共6个推进器（仅小型或中型型号）,,,,,,
pdaZA_OWmGqSC,Control Systems,,,,,,,,,,控制系统,,,,,,
pdaZA_SiG4W0u,Craft or acquire a cockpit module,,,,,,,,,,制作或获取一个驾驶舱模块,,,,,,
pdaZA_8mKKWiO,Engineering 3 - SSG,,,,,,,,,,工程3 - SSG,,,,,,
pdaZA_iIe20G8,Speciality: Engineering (SSG),,,,,,,,,,专业：工程（SSG）,,,,,,
pdaZA_WC0ui0K,Return to the Guarded Fabricator,,,,,,,,,,返回守卫制造机,,,,,,
pdaZA_uW6Sequ,Head back to the large Fabricator you discovered and see if there is a way of disabling the automatic robot assembly!,,,,,,,,,,返回你发现的大型制造机，看看是否有办法禁用自动机器人组装！,,,,,,
pdaZA_4i4WOe0,Review the Console data again,,,,,,,,,,再次查看控制台数据,,,,,,
pdaZA_imaiXWm,Return to the Guarded Fabricator and recheck the Status console.,,,,,,,,,,返回守卫制造机并重新检查状态控制台。,,,,,,
pdaZA_4aitmK4,Guarded thinking,,,,,,,,,,守卫思考,,,,,,
pdaZA_c48S8SS,Keep watch while Sasha ties to find our more information,,,,,,,,,,在萨沙尝试寻找更多信息时保持警戒,,,,,,
pdaZA_eu6WWu4,I have it commander there is a maintenance hatch in the floor by the output node! Access code 2187!! Descend to the access sublevel and find the reset control Commander,,,,,,,,,,我找到了，指挥官，输出节点附近的地板上有一个维护舱门！访问代码2187！！下降到接入下层找到重置控制，指挥官,,,,,,
pdaZA_S8Kmeq0,Sasha found out how to unlock the maintenance hatch in the constructor room! Access code 2187!! What lies beneath the surface here!?,,,,,,,,,,萨沙发现了如何解锁构造器房间里的维护舱门！访问代码2187！！这表面之下隐藏着什么！？,,,,,,
pdaZA_i0mKwqi,Locate the override,,,,,,,,,,定位超控装置,,,,,,
pdaZA_OuQ0uiG,Explore the Maintenance area for the master rest switch,,,,,,,,,,探索维护区域寻找主重置开关,,,,,,
pdaZA_iqC8O04,Last Checks,,,,,,,,,,最后检查,,,,,,
pdaZA_nC048me,Get back out of the maintenance area and destroy any last Mechanoids that may have been build before you found the override.,,,,,,,,,,回到维护区域外，摧毁在你找到超控装置之前可能建造的任何最后机械体。,,,,,,
pdaZA_uq08JKO,Exploration 3 - SSG,,,,,,,,,,探索3 - SSG,,,,,,
pdaZA_CiuqCqG,Speciality: Exploration (SSG),,,,,,,,,,专业：探索（SSG）,,,,,,
pdaZA_a8WSKim,Scout Ship,,,,,,,,,,侦察飞船,,,,,,
pdaZA_mumWuae,Assemble a scout craft to begin your explorations1,,,,,,,,,,组装一艘侦察飞船以开始你的探索,,,,,,
pdaZA_KG4QC0e,Scout Ship Core,,,,,,,,,,侦察飞船核心,,,,,,
pdaZA_0WliE8k,Craft the Core of your scout ship,,,,,,,,,,制作你的侦察飞船核心,,,,,,
pdaZA_08eqmaG,Propulsion Systems.,,,,,,,,,,推进系统,,,,,,
pdaZA_4qO8q4u,Build a Graviton Drive Unit,,,,,,,,,,建造一个引力子驱动单元,,,,,,
pdaZA_0444OA0,Manoeuvring Drives,,,,,,,,,,机动驱动,,,,,,
pdaZA_OHuce0S,Build or otherwise acquire two or more Thrusters for your Scout ship,,,,,,,,,,为你的侦察飞船建造或获取两个或更多推进器,,,,,,
pdaZA_SaaOq8C,Sensor Array,,,,,,,,,,传感器阵列,,,,,,
pdaZA_siKW0qb,Fit a sensor device to your ship,,,,,,,,,,为你的飞船安装一个传感器设备,,,,,,
pdaZA_aKii8CK,Control Systems,,,,,,,,,,控制系统,,,,,,
pdaZA_4SOm4q0,Craft or acquire a cockpit module,,,,,,,,,,制作或获取一个驾驶舱模块,,,,,,
pdaZA_mWWqSOf,Exploration 2 - SSG,,,,,,,,,,探索2 - SSG,,,,,,
pdaZA_m0EWQWC,Speciality: Exploration (SSG),,,,,,,,,,专业：探索（SSG）,,,,,,
pdaZA_IlmSGWQ,Tools of the trade,,,,,,,,,,行业工具,,,,,,
pdaZA_WmSqumW,Gather some basic personal equipment,,,,,,,,,,收集一些基础个人装备,,,,,,
pdaZA_u8GuKSW,Local Survey,,,,,,,,,,局部勘测,,,,,,
pdaZA_G0WS8mS,Use your Scope/Detector from the hull of he ship to see what is floating in space nearby,,,,,,,,,,从飞船外壳使用瞄准镜/探测器，查看附近太空中漂浮着什么,,,,,,
pdaZA_QCe4mqu,Spacewalk,,,,,,,,,,太空行走,,,,,,
pdaZA_SOqmQ3Q,Scope things out,,,,,,,,,,侦察情况,,,,,,
pdaZA_CKeCSu0,Create a Scout Scope,,,,,,,,,,制作侦察瞄准镜,,,,,,
pdaZA_i4KaqiG,A nice warming cup of Tea,,,,,,,,,,一杯暖茶,,,,,,
pdaZA_iqOmKe8,Head back to the Food hall and consider your findings.,,,,,,,,,,返回食堂，思考你的发现。,,,,,,
pdaZA_YasC0SG,Resume Story Mission,,,,,,,,,,继续故事任务,,,,,,
pdaZA_0CeS0e0,Speciality: ALL (SSG),,,,,,,,,,专精：全能（SSG）,,,,,,
pdaZA_qccXOee,Calibrating PDA,,,,,,,,,,校准PDA,,,,,,
pdaZA_uqu40OK,Recalibrating,,,,,,,,,,重新校准,,,,,,
pdaZA_QOqqamu,...Compiling new data...,,,,,,,,,,...编译新数据中...,,,,,,
pdaZA_0iFC0Te,The metal can't een be scratched by a laser drill! Best ask if A'thur if he has any heavy equipment!,,,,,,,,,,这种金属连激光钻头都刮不出一道痕！最好问问阿瑟有没有重型设备！,,,,,,
pdaZA_a84aKOe,Lets Try this again...,,,,,,,,,,再试一次...,,,,,,
pdaZA_eSu0e4a,Fly back to the Adamant Asteroid,,,,,,,,,,飞回精金小行星,,,,,,
pdaZA_qEe0Cii,Obtain 50 Adamant Ore,,,,,,,,,,获取50块精金矿石,,,,,,
pdaZA_KuOIm0m,Obtain 50 Adamant Ore,,,,,,,,,,获取50块精金矿石,,,,,,
pdaZA_W8G8umC,That's what we needed Commander. Time to get back to the station!,,,,,,,,,,这正是我们需要的，指挥官。该回空间站了！,,,,,,
pdaZA_CACqSGW,"Obtained the right amount of Ore, returning to A'ture",,,,,,,,,,获得足够的矿石，返回阿瑟处,,,,,,
pdaZA_GOip0q3,Talk to Researcher A'thur,,,,,,,,,,与研究员阿瑟交谈,,,,,,
pdaZA_W0OOKwC,See what the Researcher needs,,,,,,,,,,看看研究员需要什么,,,,,,
pdaZA_UKqSKKe,Back on mission,,,,,,,,,,返回任务,,,,,,
pdaZA_iGCOWlO,If we're done here Commander we should move out and back on mission shortly,,,,,,,,,,指挥官，如果这里的事情办完了，我们应该尽快返回继续执行任务。,,,,,,
pdaZA_8CqSGSW,Time to leave,,,,,,,,,,该离开了,,,,,,
pdaZA_qCeSe0a,"Well you have discovered a rare and powerful element, but now had best return to mission.",,,,,,,,,,你已经发现了一种稀有而强大的元素，但最好还是返回任务。,,,,,,
pdaZA_Cqia0W8,Temperate Junkyard,,,,,,,,,,温带垃圾场,,,,,,
pdaZA_8ui00CS,Planets,,,,,,,,,,星球,,,,,,
pdaZA_W4eWaaW,"A temperate world of lakes, plains, and mountains now scarred by abandoned junkyards and radiation. However, the Zirax Empire has turned much of this planet into a wasteland, with numerous junkyards around the world. The water table has become polluted with radiation, and reactor leakage from abandoned vehicles has irradiated the junkyards. The Zirax use Ripper Dogs to protect the junkyards from would-be scavengers and Drones patrol looking to destroy unauthorised bases! The climate remains moderate and the atmosphere breathable. Warning irradiated smog clouds will ruin outside crops!\n\n[u]Possible resources: (Only Small amounts remain)[/u]\nCopper, Cobalt, Gold, Carbon, Promethium, Various Trash Piles some salvagable\n[u][/u]\n[u]Possible weather effects:[/u]\nRain (Heavy), Storm, Radiated Smog\n[u][/u]\n[u]Planet type data and possible variations:[/u]\nLife-bearing\nAtmosphere breathable: [c][00ff00]Yes[-][/c]\nAtmospheric O2 fraction: 10 - 40%\nAtmospheric density: 0.9 - 1.7 kg/m³\nDay temperature: -30 to 50°C\nNight temperature: -45 to 40°C\nWater abundant\nRadiation: 0 (approx. mean)*\nGravity: 0.6 - 1.2 g\nRadiation: 3 - 6 Gy/d\n\nNote: Planet has a chance for small, but highly irradiated biomes, often caused by pollutants",,,,,,,,,,一个由湖泊、平原和山脉组成的温带世界，如今因废弃的垃圾场和辐射而满目疮痍。然而，兹瑞克斯帝国已将这颗星球的大部分变为废土，遍布世界各地的垃圾场。地下水位已受到辐射污染，废弃车辆的反应堆泄漏使垃圾场充满辐射。兹瑞克斯使用撕裂犬保护垃圾场免受拾荒者侵扰，巡逻无人机则试图摧毁未经授权的基地！气候仍然温和，大气可呼吸。警告：辐射烟雾云会毁坏户外作物！\n\n[u]可能的资源：（仅少量剩余）[/u]\n铜、钴、金、碳、钷、各种可回收的垃圾堆\n[u][/u]\n[u]可能的天气效果：[/u]\n大雨（强）、风暴、辐射烟雾\n[u][/u]\n[u]星球类型数据和可能的变化：[/u]\n有生命\n大气可呼吸：[c][00ff00]是[-][/c]\n大气氧气比例：10 - 40%\n大气密度：0.9 - 1.7 kg/m³\n白天温度：-30至50°C\n夜间温度：-45至40°C\n水源丰富\n辐射：0（约平均值）*\n重力：0.6 - 1.2 g\n辐射：3 - 6 Gy/d\n\n注意：星球有小概率出现小型但高辐射的生物群落，通常由污染物引起,,,,,,
pdaZA_UauKimS,Congratulations! You discovered a new planet type:  The TEMPERATE Junkyard\n\nCheck the [c][ffffff]Empyriopedia [-][/c]([c][00ff00]F1[-][/c]) for more information about the planet and the benefits of exploring the galaxy!,,,,,,,,,,恭喜！你发现了一颗新星球类型：温带垃圾场\n\n查看[c][ffffff]帝国百科[-][/c]（[c][00ff00]F1[-][/c]）获取有关该星球及探索星系好处的更多信息！,,,,,,
pdaZA_aC0Om8C,Planet discovered!,,,,,,,,,,发现星球！,,,,,,
pdaZA_iCPZ8GS,..creating report..,,,,,,,,,,..生成报告中..,,,,,,
pdaZA_8K8KKQ0,==,,,,,,,,,,==,,,,,,
pdaTP_G8GWu,Alien,,,,,,,,,,异星,,,,,,
pdaTP_OqiWW,Planets,,,,,,,,,,星球,,,,,,
pdaTP_OWifG,Arid,,,,,,,,,,干旱,,,,,,
pdaTP_m8GWU,Congratulations! You discovered a new planet type:\n\nCheck the [c][ffffff]Empyriopedia [-][/c]([c][00ff00]F1[-][/c]) for more information about the planet and the benefits of exploring the galaxy!,,,,,,,,,,恭喜！你发现了一颗新星球类型：\n\n查看[c][ffffff]帝国百科[-][/c]（[c][00ff00]F1[-][/c]）获取有关该星球及探索星系好处的更多信息！,,,,,,
pdaTP_GuqC6,"Possible resources:\nIron, Copper, Promethium, Cobalt, Pentaxid, Erestrum, Magnesium\n\nPossible weather effects:\nHeavy Rain, Storm, Radiated Fog, Acid Rain (Heavy)\n\nPlanet type data and possible variations:\nLife-bearing\nAtmosphere breathable: Yes\nAtmospheric O2 fraction: 20 - 30%\nAtmospheric density: 1.8 - 2.2 kg/m³\nDay temperature: 0 to 45°C\nNight temperature: -30 to 25°C\nWater: abundant\nRadiation: 8 - 12 Gy/d\nGravity: 0.9 - 1.2 g",,,,,,,,,,可能资源：\n铁、铜、钷、钴、翘曲水晶、锷、镁\n\n可能天气效果：\n大雨、风暴、辐射雾、酸雨（强）\n\n星球类型数据及可能变化：\n宜居星球\n大气可呼吸：是\n大气氧气比例：20 - 30%\n大气密度：1.8 - 2.2 kg/m³\n白天温度：0 至 45°C\n夜晚温度：-30 至 25°C\n水资源：丰富\n辐射：8 - 12 Gy/d\n重力：0.9 - 1.2 g,,,,,,
pdaTP_COOWK,Planet discovered!,,,,,,,,,,发现星球！,,,,,,
pdaTP_OOuH8,==,,,,,,,,,,==,,,,,,
pdaTP_e0iSq,... Analysing Data ...,,,,,,,,,,...分析数据中...,,,,,,
pdaTP_nCWaa,Planet discovered!,,,,,,,,,,发现星球！,,,,,,
pdaTP_Oe0S0,... Analysing Data ...,,,,,,,,,,...分析数据中...,,,,,,
pdaTP_GaO4u,==,,,,,,,,,,==,,,,,,
pdaTP_GwSqa,Barren,,,,,,,,,,荒芜,,,,,,
pdaTP_8uSGq,"A planet with large amounts of fissile elements deep in its mantle, causing runaway nuclear reactions.\n[u][/u]\n[u]Possible resources:[/u]\nIron, Copper, Promethium, Cobalt, Pentaxid, Erestrum, Magnesium\n\n[u]Possible weather effects:[/u]\nHeat Wave, Radiated Fog, Acid Rain (Heavy), Meteor Shower, Thunderstorm\n[u][/u][u]\nPlanet type data and possible variations:[/u]\nTraces of flora and fauna detected\nAtmosphere breathable: [c][ffff00]Not always (20% chance)[-][/c]\nAtmospheric O2 fraction: 5 - 12%\nAtmospheric density: 1.2 - 1.7 kg/m³\nDay temperature: -20 to 46°C\nNight temperature: -60 to 26°C\nNo water\nRadiation: 10 - 16 Gy/d\nGravity: 0.6 - 0.8 g",,,,,,,,,,一颗星球，其地幔深处含有大量裂变元素，引发失控核反应。\n[u][/u]\n[u]可能资源：[/u]\n铁、铜、钷、钴、翘曲水晶（原料）、锷、镁\n\n[u]可能天气效果：[/u]\n热浪、辐射雾、酸雨（大雨）、陨石雨、雷暴\n[u][/u][u]\n星球类型数据及可能的变化：[/u]\n检测到少量动植物痕迹\n大气可呼吸：[c][ffff00]并非总是（20%几率）[-][/c]\n大气氧气比例：5 - 12%\n大气密度：1.2 - 1.7 kg/m³\n白天温度：-20 至 46°C\n夜间温度：-60 至 26°C\n无水源\n辐射：10 - 16 Gy/d\n重力：0.6 - 0.8 g,,,,,,
pdaTP_WMiuG,Congratulations! You discovered a new planet type: BARREN\n\nCheck the [c][ffffff]Empyriopedia [-][/c]([c][00ff00]F1[-][/c]) for more information about the planet and the benefits of exploring the galaxy!,,,,,,,,,,祝贺！你发现了一种新的星球类型：贫瘠\n\n查看[c][ffffff]帝国百科[-][/c]（[c][00ff00]F1[-][/c]）以获取关于该星球及探索星系好处的更多信息！,,,,,,
pdaTP_SGSiu,Planet discovered!,,,,,,,,,,发现新星球！,,,,,,
pdaTP_KaEWq,... Analysing Data ...,,,,,,,,,,... 正在分析数据 ...,,,,,,
pdaTP_g4WKS,==,,,,,,,,,,==,,,,,,
pdaTP_eSOUG,Barren (Metal),,,,,,,,,,贫瘠（金属）,,,,,,
pdaTP_Om0Ga,"[u]Possible resources:[/u]\nErestrum, Zascosium, Copper, Cobalt, Silicon, Promethium, Gold. High Chance of Zirax or Pirate activity!\n[u]\nPossible weather effects:[/u]\nFire Rain, Meteor Shower\n[u][u][/u][/u]\n[u][u][/u]Planet type data and possible variations:[/u]\nBarren\nAtmosphere breathable: [c][ff0000]No[-][/c]\nAtmospheric O2 fraction: 0.5 - 0.9%\nAtmospheric density: 0.5 kg/m³\nDay temperature: -10 to 300°C\nNight temperature: -190 to 100°C\nNo water\nRadiation: 10 - 15 Gy/d\nGravity: 0.9 - 1.0 g",,,,,,,,,,[u]可能的资源：[/u]\n锷、铡、铜、钴、硅、钷、金。兹瑞克斯或海盗活动几率高！\n[u]\n可能的气象效果：[/u]\n火雨、陨石雨\n[u][u][/u][/u]\n[u][u][/u]星球类型数据及可能的变化：[/u]\n荒芜\n大气可呼吸：[c][ff0000]否[-][/c]\n大气氧气含量：0.5 - 0.9%\n大气密度：0.5 kg/m³\n白天温度：-10 到 300°C\n夜晚温度：-190 到 100°C\n无水体\n辐射：10 - 15 Gy/d\n重力：0.9 - 1.0 g,,,,,,
pdaTP_qmWSm,Congratulations! You discovered a new planet type: BARREN (Metal)\n\nCheck the [c][ffffff]Empyriopedia [-][/c]([c][00ff00]F1[-][/c]) for more information about the planet and the benefits of exploring the galaxy!,,,,,,,,,,祝贺！你发现了一种新的星球类型：贫瘠（金属）\n\n查看[c][ffffff]帝国百科[-][/c]（[c][00ff00]F1[-][/c]）以获取关于该星球及探索星系好处的更多信息！,,,,,,
pdaTP_86e2g,Planet discovered!,,,,,,,,,,发现新星球！,,,,,,
pdaTP_S4WGm,... Analysing Data ...,,,,,,,,,,... 正在分析数据 ...,,,,,,
pdaTP_8aqiW,==,,,,,,,,,,==,,,,,,
pdaTP_qCSae,Barren (Scorched),,,,,,,,,,贫瘠（灼烧）,,,,,,
pdaTP_e4GWO,"This barren, rocky planet, keeps nearest to its star... - Which is a bit too close for comfort. Its day side is heated near to the melting point, while the night side radiates into the vacuum of space. This constant temperature stress leaves deep scars in the surface, and fuels the growth of exotic crystals.\n\nDuring youth, this world even had part of its crust boiled away - Placing the heavy mantle deposits in scanner range - ... But you will need all your calm, skill and experience to collect them. - Lest it becomes a greedy miner's grave: Slowly being cooked in your own, stuck vessel!\n\nThis galaxy is huge. - - There are plenty of easier worlds to exploit, or home shores to settle.People still attracted to such murderous places could be of the unstable, dangerous kind:\n\n[i]The foolish, the violent, the crazy, the lawless...[/i]\n\nDucking away, underground or in the shadows- Escaping the glare of the day... while their bases crumble and groan by the stretching of metal.\n\n[u]Possible resources:[/u]\nIron, Ice, Copper, Titan, Promethium, Gold, Pentaxid, Sathium, Erestrum, Zascosium\n\n[u]Possible weather effects:[/u]\nMeteor Shower\n[u]\nPlanet type data and possible variations:[/u]\nAtmosphere breathable: [c][ffff00]No[-][/c]\nAtmospheric O2 fraction: n/a\nAtmospheric density: n/a\nDay temperature: 500°C\nNight temperature: 0°C\nNo water\nRadiation: 3 - 6 Gy/d\nGravity: 0.5 - 0.7 g",,,,,,,,,,这颗荒芜、多岩石的星球，距离它的恒星最近…… - 这有点过于接近，令人不安。它的向阳面被加热到接近熔点，而背阳面则向太空真空中辐射热量。这种持续的温度应力在表面留下了深深的裂痕，并促进了奇异晶体的生长。\n\n在年轻时期，这个世界甚至有一部分地壳被煮沸汽化——将厚重的地幔矿床置于扫描仪范围内——但你需要全部的冷静、技巧和经验才能采集它们。 - 否则它就会变成一个贪婪矿工的坟墓：在你自己的、被困的飞船里慢慢被煮熟！\n\n这个星系浩瀚无边。 - - 有大量更易开发的世界，或可供安家的家园海岸。仍然被这种凶残之地吸引的人，可能是那种不稳定、危险的家伙：\n\n[i]愚蠢的、暴力的、疯狂的、无法无天的……[/i]\n\n躲藏起来，在地下或阴影中——逃避白天的强光……而他们的基地因金属的拉伸而嘎吱作响、呻吟。\n\n[u]可能资源：[/u]\n铁、冰、铜、钛、钷、金、翘曲水晶（原料）、钑、锷、铡\n\n[u]可能天气效果：[/u]\n流星雨\n[u]\n行星类型数据和可能的变化：[/u]\n大气可呼吸：[c][ffff00]否[-][/c]\n大气氧气比例：无\n大气密度：无\n白天温度：500°C\n夜间温度：0°C\n无水源\n辐射：3 - 6 Gy/d\n重力：0.5 - 0.7 g,,,,,,
pdaTP_i4CmeOq,Congratulations! You discovered a new planet type: Barren (Scorched)\n\nCheck the Empyriopedia (F1) for more information about the planet and the benefits of exploring the galaxy!,,,,,,,,,,祝贺！你发现了一种新的星球类型：贫瘠（灼烧）\n\n查看帝国百科（F1）以获取关于该星球及探索星系好处的更多信息！,,,,,,
pdaTP_8MwuO,Planet discovered!,,,,,,,,,,发现新星球！,,,,,,
pdaTP_oCma4,... Analysing Data ...,,,,,,,,,,... 正在分析数据 ...,,,,,,
pdaTP_EwqG0,==,,,,,,,,,,==,,,,,,
pdaTP_0KWGC,Desert,,,,,,,,,,沙漠,,,,,,
pdaTP_0aSCG,"Water is quite common in the universe, as life-enabling liquid, or at least as ice or vapor. However, not every planet is gifted with water. Some worlds get scorched by their home star, or maybe their magnetic field is too weak to stem against the push of the stellar wind. But even this place of glaring sunshine has managed to keep some spots here or there...\n[u][/u]\n[u]Possible resources:[/u]\nIron, Cobalt, Copper, Titanium, Neodymium, Promethium\n\n[u]Possible weather effects:[/u]\nHeat Wave\n[u][/u]\n[u]Planet type data and possible variations:[/u]\nLife-bearing\nAtmosphere breathable: [c][ffff00]Not always (30% chance)[-][/c]\nAtmospheric O2 fraction: 10 - 20%\nAtmospheric density: 0.6 - 1.0 kg/m³\nDay temperature: 10 to 65°C\nNight temperature: -45 to 20°C\nLow chance of water\nRadiation: 0 - 5 Gy/d\nGravity: 0.8 - 1.0 g",,,,,,,,,,水在宇宙中相当常见，作为维持生命的液体，或至少作为冰或水蒸气存在。然而，并非每颗星球都拥有水。有些世界被其母星炙烤，或者其磁场太弱，无法抵御恒星风的冲击。但即使是这个阳光耀眼的地方，也设法保留了一些斑点……\n[u][/u]\n[u]可能资源：[/u]\n铁、钴、铜、钛、钕、钷\n\n[u]可能天气效果：[/u]\n热浪\n[u][/u]\n[u]星球类型数据及可能变化：[/u]\n存在生命\n大气可呼吸性：[c][ffff00]并非总是（30%概率）[-][/c]\n大气氧气比例：10 - 20%\n大气密度：0.6 - 1.0 kg/m³\n白天气温：10 至 65°C\n夜间气温：-45 至 20°C\n低概率存在水\n辐射：0 - 5 Gy/d\n重力：0.8 - 1.0 g,,,,,,
pdaTP_Oa60O,Congratulations! You discovered a new planet type: DESERT\n\nCheck the [c][ffffff]Empyriopedia [-][/c]([c][00ff00]F1[-][/c]) for more information about the planet and the benefits of exploring the galaxy!,,,,,,,,,,祝贺！你发现了一种新的星球类型：沙漠\n\n查看[c][ffffff]帝国百科[-][/c]（[c][00ff00]F1[-][/c]）以获取关于该星球及探索星系好处的更多信息！,,,,,,
pdaTP_U0088,Planet discovered!,,,,,,,,,,发现新星球！,,,,,,
pdaTP_kKuqe,... Analysing Data ...,,,,,,,,,,... 正在分析数据 ...,,,,,,
pdaTP_mq040,==,,,,,,,,,,==,,,,,,
pdaTP_OOO4F,Desert (Burnt),,,,,,,,,,沙漠（焦灼）,,,,,,
pdaTP_8eS0e,"Water is quite common in the universe, as life-enabling liquid, or at least as ice or vapor.\nHowever, not every planet is gifted with water. Some worlds get scorched by their home star, or maybe their magnetic field is too weak to stem against the push of the stellar wind. But even this place of glaring sunshine has managed to keep some spots here or there...\n[u][/u]\n[u]Possible resources:[/u]\nIron, Silicon, Cobalt, Sathium, Neodymium, Erestrum\n[u][/u]\n[u]Possible weather effects:[/u]\nHeat Wave\n[u][/u]\n[u]Planet type data and possible variations:[/u]\nLife-bearing\nAtmosphere breathable: [c][ffff00]Not always (30% chance)[-][/c]\nAtmospheric O2 fraction: 10 - 20%\nAtmospheric density: 0.6 - 1.0 kg/m³\nDay temperature: 10 to 75°C\nNight temperature: -45 to 30°C\nLow chance of water\nRadiation: 0 - 5 Gy/d\nGravity: 1.1 - 2.7 g",,,,,,,,,,水在宇宙中相当常见，作为维持生命的液体，或者至少以冰或水蒸气的形式存在。\n然而，并非每颗星球都拥有水。有些世界被它们的主星烤焦，或者也许它们的磁场太弱，无法抵挡恒星风的推力。但即使是这样一片刺眼阳光之地，也在某些角落保留了一些水……\n[u][/u]\n[u]可能的资源：[/u]\n铁，硅，钴，钑，钕，锷\n[u][/u]\n[u]可能的天气效果：[/u]\n热浪\n[u][/u]\n[u]星球类型数据及可能的变化：[/u]\n有生命存在\n大气可呼吸性：[c][ffff00]不总是（30%概率）[-][/c]\n大气氧气浓度：10 - 20%\n大气密度：0.6 - 1.0 kg/m³\n白天温度：10至75°C\n夜间温度：-45至30°C\n低概率有水\n辐射：0 - 5 Gy/d\n重力：1.1 - 2.7 g,,,,,,
pdaTP_WGsCG,Congratulations! You discovered a new planet type: DESERT (Burnt)\n\nCheck the [c][ffffff]Empyriopedia [-][/c]([c][00ff00]F1[-][/c]) for more information about the planet and the benefits of exploring the galaxy!,,,,,,,,,,祝贺！你发现了一种新的星球类型：沙漠（焦灼）\n\n查看[c][ffffff]帝国百科[-][/c]（[c][00ff00]F1[-][/c]）以获取关于该星球及探索星系好处的更多信息！,,,,,,
pdaTP_4iKWm,Planet discovered!,,,,,,,,,,发现新星球！,,,,,,
pdaTP_SOCSu,... Analysing Data ...,,,,,,,,,,... 正在分析数据 ...,,,,,,
pdaTP_WUaSi,==,,,,,,,,,,==,,,,,,
pdaTP_KqeiC,"Planets are born by the swirling, scattered ashes - the legacy of dead, exploded stars. Gravity will collect all this messy debris, and give it a new form. But a world's amount of rock and dust, slowly grinding, clumping together... will result in an enormous amount of friction. Which means, [b][i]heat[/i][/b].\n\nThis place is just a mere quarter billion years old, and struggles to radiate all this excess heat into space - The bigger the planet, the longer it takes.\nIn this liquid state, the planet resembles more a giant cooking pot, or lava lamp, or a blast furnace:Continents of less dense slag skim the surface, while the heavy, exotic metals sink into in planet's deep inner.\n\nYet, by thermal churning and stirring, some bits of that precious core will be again swept back out, in reach of the surface. For those who brave these temperatures, there will be great rewards.\n\n[u]Possible resources:[/u]\nMagnesium, Erestrum, Promethium, Zascosium, Gold\n[u][/u]\n[u]Possible weather effects:[/u]\nHeat Wave, Meteor Rain, Fire Rain, Meteor Shower, Thunderstorm\n[u][/u]\n[u]Planet type data and possible variations:[/u]\nTraces of aggressive fauna detected. No flora.\nAtmosphere breathable: [c][ff0000]No[-][/c]\nAtmospheric O2 fraction: 0.5 - 0.9%\nAtmospheric density: 1.2 - 1.8 kg/m³\nDay temperature: 50 to 220°C\nNight temperature: 20 to 210°C\nPartially molten surface. No water.\nRadiation: 10 - 20 Gy/d\nGravity: 1.0 - 1.2 g",,,,,,,,,,星球由旋转、散落的灰烬——死亡爆炸恒星的遗留者——诞生。引力将收集所有这些杂乱的碎片，赋予它们新的形态。但整个世界的岩石和尘埃，缓慢研磨、聚集成团……将产生巨大的摩擦。这意味着，[b][i]热量[/i][/b]。\n\n这个地方仅仅有2.5亿年的历史，正在努力将所有多余的热量辐射到太空——星球越大，所需时间越长。\n在这种液态状态下，星球更像一个巨大的烹饪锅，或熔岩灯，或鼓风炉：密度较低的熔渣大陆漂浮在表面，而沉重奇异的金属沉入星球深处。\n\n然而，通过热力的翻腾和搅拌，一些宝贵的核心碎片会再次被带出，到达表面附近。那些敢于面对这些温度的人，将获得丰厚的回报。\n\n[u]可能的资源：[/u]\n镁，锷，钷，铡，金\n[u][/u]\n[u]可能的天气效果：[/u]\n热浪，流星雨，火雨，陨石雨，雷暴\n[u][/u]\n[u]星球类型数据及可能的变化：[/u]\n检测到攻击性动物踪迹。无植物。\n大气可呼吸性：[c][ff0000]否[-][/c]\n大气氧气浓度：0.5 - 0.9%\n大气密度：1.2 - 1.8 kg/m³\n白天温度：50至220°C\n夜间温度：20至210°C\n表面部分熔融。无水。\n辐射：10 - 20 Gy/d\n重力：1.0 - 1.2 g,,,,,,
pdaTP_u8eS0,Lava,,,,,,,,,,熔岩,,,,,,
pdaTP_aOGO4,Congratulations! You discovered a new planet type: LAVA\n\nCheck the [c][ffffff]Empyriopedia [-][/c]([c][00ff00]F1[-][/c]) for more information about the planet and the benefits of exploring the galaxy!,,,,,,,,,,祝贺！你发现了一种新的星球类型：熔岩\n\n查看[c][ffffff]帝国百科[-][/c]（[c][00ff00]F1[-][/c]）以获取关于该星球及探索星系好处的更多信息！,,,,,,
pdaTP_Wca9O,Planet discovered!,,,,,,,,,,发现新星球！,,,,,,
pdaTP_meiCS,... Analysing Data ...,,,,,,,,,,... 正在分析数据 ...,,,,,,
pdaTP_mGeWG,==,,,,,,,,,,==,,,,,,
pdaTP_OSem4,Lava (Nascent),,,,,,,,,,熔岩（初生）,,,,,,
pdaTP_OmKaG,"[c][e0e020]WARNING:[-][/c] [b]High gravity[/b]. Hostile. [c][808080][i]Don't get stranded down there. Suggested 5x Thrust to weight ratio on Ship main drives![/i][-][/c]\n\nA planet at the crossroads, shrouded in a thick cocktail of atmosphere:\nWill it become a boiling, or a frozen world? Or something [i]just[/i] in between?\nWill all the gases stay up in the sky, or condensate, to rain down? Will there be water? And how long will last, after all? Will it stay as oceans and lakes, or drift into space?\n\nEven if this planet grows too hostile for life... that won't discourage the visitors. This is a young world. Expect rich ore deposits, a harsh climate, and laser shots from nowhere.\n\n[u]Possible resources:[/u]\nSathium, Gold, Pentaxid, Erestrum, Promethium, Zascosium\n[u][/u]\n[u]Possible weather effects:[/u]\nMeteor Rain, Fire Rain, Storm, Hail, Meteor Shower, Thunderstorm\n\n[u]Planet type data and possible variations:[/u]\nTraces of aggressive fauna detected. No flora.\nAtmosphere breathable: [c][ff0000]No[-][/c]\nAtmospheric O2 fraction: 0.5 - 0.9%\nAtmospheric density: 1.5 - 2.0 kg/m³\nDay temperature: 40 to 100°C\nNight temperature: -20 to 50°C\nPartially molten surface. Water dissolved in atmosphere.\nRadiation: 5 - 8 Gy/d\nGravity: 3.8 - 4.3 g",,,,,,,,,,[c][e0e020]警告：[-][/c] [b]高重力[/b]。敌对。[c][808080][i]不要被困在那里。建议飞船主推进器推重比达到5倍！[/i][-][/c]\n\n一颗位于十字路口的星球，笼罩在浓厚的大气混合物中：\n它会变成一个沸腾的冰封世界吗？还是某种[i]恰好[/i]介于两者之间的存在？\n所有气体会停留在天空中，还是会凝结成雨落下？会有水吗？而最终能持续多久？它会以海洋和湖泊的形式留存，还是漂散到太空中？\n\n即使这颗星球变得对生命过于严酷……也无法阻止访客。这是一个年轻的世界。期待丰富的矿藏、严酷的气候，以及不知从何处射来的激光。\n\n[u]可能资源：[/u]\n钑，金，翘曲水晶，锷，钷，铡\n[u][/u]\n[u]可能天气效果：[/u]\n陨石雨，火雨，风暴，冰雹，流星雨，雷暴\n\n[u]星球类型数据及可能变化：[/u]\n检测到有攻击性动物痕迹。无植物。\n大气可呼吸：[c][ff0000]否[-][/c]\n大气氧气含量：0.5 - 0.9%\n大气密度：1.5 - 2.0 kg/m³\n白天温度：40至100°C\n夜间温度：-20至50°C\n地表部分熔化。大气中溶解有水。\n辐射：5 - 8 Gy/d\n重力：3.8 - 4.3 g,,,,,,
pdaTP_fOaeG,Congratulations! You discovered a new planet type: LAVA (Nascent)\n\nCheck the [c][ffffff]Empyriopedia [-][/c]([c][00ff00]F1[-][/c]) for more information about the planet and the benefits of exploring the galaxy!,,,,,,,,,,恭喜！你发现了一个新的星球类型：熔岩（新生）\n\n查看[c][ffffff]帝国百科[-][/c]([c][00ff00]F1[-][/c]) 了解有关该星球及探索银河系好处的更多信息！,,,,,,
pdaTP_e8u8e,Planet discovered!,,,,,,,,,,发现星球！,,,,,,
pdaTP_aiauC,... Analysing Data ...,,,,,,,,,,... 分析数据 ...,,,,,,
pdaTP_C4mWa,==,,,,,,,,,,==,,,,,,
pdaTP_G0W4e,Ocean,,,,,,,,,,海洋,,,,,,
pdaTP_OeiOi,"Travel serves more than war, trade and leisure. Because the more isolated a place is - more the sooner than the later a humble life reaches that shore, settles down, and gets a chance to rock the old dominion: Plant seeds as stowaways in the chinks of jackboots, the creatures of the ducts of container shuttles, or introduced as companions, or to hunt. Whoever is unaccustomed to learn and change, will be swept aside.\n\n[u]Possible resources:[/u]\nIron, Silicon, Copper, Promethium, Titanium, Erestrum, Gold\n[u][/u]\n[u]Possible weather effects:[/u]\nStorm, Heat Wave\n[u][/u]\n[u]Planet type data and possible variations:[/u]\nLife-bearing\nAtmosphere breathable: [c][00ff00]Yes[-][/c]\nAtmospheric O2 fraction: 15 - 25%\nAtmospheric density: 0.9 - 1.2 kg/m³\nDay temperature: -10 to 40°C\nNight temperature: -14 to 36°C\nWater world\nRadiation: 0 Gy/d (negligible)\nGravity: 0.8 - 1.0 g",,,,,,,,,,旅行不止为了战争、贸易和休闲。因为一个地方越是与世隔绝，一个卑微的生命就越早抵达那片海岸，定居下来，并获得撼动古老统治的机会：将种子作为偷渡者藏在军靴的缝隙中，藏在容器穿梭机管道里的生物中，或作为同伴、或作为猎物引入。任何不习惯于学习和改变的人，都将被扫到一边。\n\n[u]可能的资源：[/u]\n铁、硅、铜、钷、钛、锷、金\n[u][/u]\n[u]可能的天气效果：[/u]\n风暴、热浪\n[u][/u]\n[u]行星类型数据及可能变化：[/u]\n存在生命\n大气可呼吸：[c][00ff00]是[-][/c]\n大气氧气含量：15 - 25%\n大气密度：0.9 - 1.2 kg/m³\n白天温度：-10 至 40°C\n夜间温度：-14 至 36°C\n水世界\n辐射：0 Gy/d（可忽略）\n重力：0.8 - 1.0 g,,,,,,
pdaTP_8iH8W,Planet discovered!,,,,,,,,,,发现星球！,,,,,,
pdaTP_Wu4eW,... Analysing Data ...,,,,,,,,,,... 分析数据 ...,,,,,,
pdaTP_O0eCC,==,,,,,,,,,,==,,,,,,
pdaTP_mqO0C,Snow,,,,,,,,,,雪地,,,,,,
pdaTP_u4eSq,"A world at the far edge of the habitable zone, deep in the throes of a major ice age. Watch out for hot tubs and warm areas around lakes and in lower altitudes.\n[u][/u]\n[u]Possible resources:[/u]\nIron, Copper, Silicon, Cobalt, Neodymium, Titanium, Promethium\n[u][/u]\n[u]Possible weather effects:[/u]\nSnow (Heavy), Cold Wave, Hail\n[u][/u]\n[u]Planet type data and possible variations:[/u]\nLife-bearing\nAtmosphere breathable: [c][ffff00]Not always (20% chance)[-][/c]\nAtmospheric O2 fraction: 5 - 12%\nAtmospheric density: 0.7 - 1.5 kg/m³\nDay temperature: -45 to 12°C\nNight temperature: -70 to 2°C\nWater abundant\nRadiation: 3 - 6 Gy/d\nGravity: 0.5 - 0.7 g",,,,,,,,,,一个位于宜居带远端的星球，深陷于一场大冰河时代之中。注意湖泊周围和低海拔地区的热池和温暖区域。\n[u][/u]\n[u]可能资源：[/u]\n铁、铜、硅、钴、钕、钛、钷\n[u][/u]\n[u]可能天气效果：[/u]\n大雪、寒潮、冰雹\n[u][/u]\n[u]星球类型数据及可能变化：[/u]\n有生命\n大气可呼吸：[c][ffff00]并非总是（20%几率）[-][/c]\n大气氧气比例：5 - 12%\n大气密度：0.7 - 1.5 kg/m³\n白天温度：-45 到 12°C\n夜间温度：-70 到 2°C\n水资源丰富\n辐射：3 - 6 Gy/d\n重力：0.5 - 0.7 g,,,,,,
pdaTP_W5kOa,Congratulations! You discovered a new planet type: SNOW\n\nCheck the [c][ffffff]Empyriopedia [-][/c]([c][00ff00]F1[-][/c]) for more information about the planet and the benefits of exploring the galaxy!,,,,,,,,,,恭喜！你发现了一个新的星球类型：雪地\n\n查看[c][ffffff]帝国百科[-][/c]([c][00ff00]F1[-][/c]) 了解有关该星球及探索银河系好处的更多信息！,,,,,,
pdaTP_GiOKq,Planet discovered!,,,,,,,,,,发现星球！,,,,,,
pdaTP_4KOKC,... Analysing Data ...,,,,,,,,,,... 分析数据 ...,,,,,,
pdaTP_00STm,==,,,,,,,,,,==,,,,,,
pdaTP_qkiOI,Temperate,,,,,,,,,,温带,,,,,,
pdaTP_CeOaa,"Lakes, swamps, deep forests, oceans and vast open plains are the geographical characteristics of this temperate planet. It has a multitude of mountain ranges with snow-capped peaks, some formed by volcanic activity, others by glacial flow. The climate is moderate and the atmosphere breathable.\n\n[u]Possible resources:[/u]\nIron, Cobalt, Erestrum, Zascosium, Promethium\n[u][/u]\n[u]Possible weather effects:[/u]\nRain (Heavy), Storm, Radiated Fog\n[u][/u]\n[u]Planet type data and possible variations:[/u]\nLife-bearing\nAtmosphere breathable: [c][00ff00]Yes[-][/c]\nAtmospheric O2 fraction: 10 - 40%\nAtmospheric density: 0.9 - 1.7 kg/m³\nDay temperature: -30 to 50°C\nNight temperature: -45 to 40°C\nWater abundant\nRadiation: 0 (approx. mean)*\nGravity: 0.6 - 1.2 g\nRadiation: 3 - 6 Gy/d\n\nNote: Planet has a chance for small, but highly irradiated biomes.",,,,,,,,,,湖泊、沼泽、密林、海洋和广阔的平原是这颗温带行星的地理特征。它拥有众多山脉，山峰积雪皑皑，有些由火山活动形成，有些则由冰川冲刷而成。气候温和，大气可呼吸。\n\n[u]可能资源：[/u]\n铁、钴、锷、铡、钷\n[u][/u]\n[u]可能天气影响：[/u]\n暴雨、风暴、辐射雾\n[u][/u]\n[u]行星类型数据及可能变化：[/u]\n生命存在\n大气可呼吸：[c][00ff00]是[-][/c]\n大气氧气含量：10 - 40%\n大气密度：0.9 - 1.7 kg/m³\n白天气温：-30 至 50°C\n夜间气温：-45 至 40°C\n水资源丰富\n辐射：0（近似均值）*\n重力：0.6 - 1.2 g\n辐射：3 - 6 Gy/d\n\n注意：该行星可能出现小型但高辐射的生物群系。,,,,,,
pdaTP_mqW0K,Congratulations! You discovered a new planet type: TEMPERATE\n\nCheck the [c][ffffff]Empyriopedia [-][/c]([c][00ff00]F1[-][/c]) for more information about the planet and the benefits of exploring the galaxy!,,,,,,,,,,恭喜！你发现了一个新的星球类型：温带\n\n查看[c][ffffff]帝国百科[-][/c]([c][00ff00]F1[-][/c]) 了解有关该星球及探索银河系好处的更多信息！,,,,,,
pdaTP_Ai4WK,Planet discovered!,,,,,,,,,,发现新星球！,,,,,,
pdaTP_8mmaK,... Analysing Data ...,,,,,,,,,,... 分析数据中 ...,,,,,,
pdaTP_iS44a,==,,,,,,,,,,==,,,,,,
pdaTP_GOS0a,Temperate (Plateau),,,,,,,,,,温带（高原）,,,,,,
pdaTP_miOGG,"An unusual planet with vast plateaus towering high in the sky, and a mix of vast woodland and open glades. The climate is moderate and it has a breathable atmosphere. Resources are plentiful though the terrain could prove challenging.\n\n[u]Possible resources:[/u]\nIron, Copper, Silicon, Promethium, Magnesium, Neodymium, Titanium\n[u][/u]\n[u]Possible weather effects:[/u]\nRain (Heavy), Storm\n[u][/u]\n[u]Planet type data and possible variations:[/u]\nLife-bearing\nAtmosphere breathable: [c][00ff00]Yes[-][/c]\nAtmospheric O2 fraction: 15 - 25%\nAtmospheric density: 1.4 - 1.7 kg/m³\nDay temperature: -10 to 45°C\nNight temperature: -17 to 42°C\nWater abundant\nRadiation: 0 Gy/d (negligible)\nGravity: 0.9 - 1.1 g",,,,,,,,,,一颗非同寻常的星球，高耸入云的广袤高原上混合着茂密的林地和开阔的草地。气候温和，大气可呼吸。资源丰富，但地形可能颇具挑战。\n\n[u]可能资源：[/u]\n铁、铜、硅、钷、镁、钕、钛\n[u][/u]\n[u]可能天气效应：[/u]\n暴雨、风暴\n[u][/u]\n[u]星球类型数据及可能变化：[/u]\n存在生命\n大气可呼吸：[c][00ff00]是[-][/c]\n大气氧气比例：15 - 25%\n大气密度：1.4 - 1.7 kg/m³\n白天温度：-10 至 45°C\n夜晚温度：-17 至 42°C\n水资源丰富\n辐射：0 Gy/d（可忽略）\n重力：0.9 - 1.1 g,,,,,,
pdaTP_G4Weu,Congratulations! You discovered a new planet type: TEMPERATE (Plateau)\n\nCheck the [c][ffffff]Empyriopedia [-][/c]([c][00ff00]F1[-][/c]) for more information about the planet and the benefits of exploring the galaxy!,,,,,,,,,,恭喜！你发现了一种新的星球类型：温带（高原）\n\n查看 [c][ffffff]帝国百科 [-][/c]([c][00ff00]F1[-][/c]) 以获取更多关于该星球以及探索银河系好处的信息！,,,,,,
pdaTP_e4m44,Planet discovered!,,,,,,,,,,发现新星球！,,,,,,
pdaTP_qSGr6,... Analysing Data ...,,,,,,,,,,... 分析数据中 ...,,,,,,
pdaTP_CaeKa,==,,,,,,,,,,==,,,,,,
pdaTP_OGaue,Temperate (Swamp),,,,,,,,,,温带（沼泽）,,,,,,
pdaTP_4K4CO,"A life-bearing world. Protected from radiation by a thick atmosphere - which also keeps the heat in. Rich in water but poor in soils, which creates a fertile breeding ground for dangerous creatures.\n\n[u]Possible resources:[/u]\nCobalt, Silicon, Magnesium, Promethium, Iron, Erestrum, Gold\n[u][/u]\n[u]Possible weather effects:[/u]\nRain (Heavy), Storm, Acid Rain (Heavy)\n[u][/u]\n[u]Planet type data and possible variations:[/u]\nLife-bearing\nAtmosphere breathable: [c][00ff00]Yes[-][/c]\nAtmospheric O2 fraction: 18 - 30%\nAtmospheric density: 1.3 - 1.6 kg/m³\nDay temperature: 18 to 60°C\nNight temperature: 8 to 55°C\nWater abundant\nRadiation: 0 Gy/d (negligible)\nGravity: 0.6 - 1.1 g",,,,,,,,,,"一个承载生命的世界。厚厚的大气层保护其免受辐射——同时也能保温。水资源丰富但土壤贫瘠，这为危险生物创造了肥沃的滋生地。\n\n[u]可能资源：[/u]\n钴, 硅, 镁, 钷, 铁, 锷, 金\n[u][/u]\n[u]可能天气效果：[/u]\n雨(大), 风暴, 酸雨(大)\n[u][/u]\n[u]行星类型数据及可能变种：[/u]\n承载生命\n大气可呼吸：[c][00ff00]是[-][/c]\n大气氧气含量：18 - 30%\n大气密度：1.3 - 1.6 kg/m³\n白天温度：18 到 60°C\n夜间温度：8 到 55°C\n水资源丰富\n辐射：0 Gy/d (可忽略)\n重力：0.6 - 1.1 g",,,,,,
pdaTP_CqSOK,Congratulations! You discovered a new planet type: TEMPERATE (Swamp)\n\nCheck the [c][ffffff]Empyriopedia [-][/c]([c][00ff00]F1[-][/c]) for more information about the planet and the benefits of exploring the galaxy!,,,,,,,,,,恭喜！你发现了一种新的星球类型：温带（沼泽）\n\n查看 [c][ffffff]帝国百科 [-][/c]([c][00ff00]F1[-][/c]) 以获取更多关于该星球以及探索银河系好处的信息！,,,,,,
pdaTP_OOemi,Planet discovered!,,,,,,,,,,发现新星球！,,,,,,
pdaTP_eKu8K,... Analysing Data ...,,,,,,,,,,... 分析数据中 ...,,,,,,
pdaTP_muOK8,==,,,,,,,,,,==,,,,,,
pdaZA_kWuO0e0,Kriel Empire (Homeworld),,,,,,,,,,克里尔帝国（母星）,,,,,,
pdaZA_OeuO000,"It might be the birthplace of the Kriel as a race, but this dead planet is more a signal what the Kriel are up to: expand their territory at all cost.",,,,,,,,,,这可能是克里尔作为一个种族的诞生地，但这颗死寂的星球更像是一个信号，表明克里尔的目标：不惜一切代价扩张领土。,,,,,,
pdaZA_i0qiGeK,Homeworld Planet discovered!,,,,,,,,,,发现母星星球！,,,,,,
pdaZA_SeqSuO8,... Analysing Data ...,,,,,,,,,,... 分析数据中 ...,,,,,,
pdaZA_WWiaiiS,==,,,,,,,,,,==,,,,,,
pdaZA_8AGcmeK,Planets - Homeworlds,,,,,,,,,,星球 - 母星,,,,,,
pdaZA_mOaSCmU,The LEGACY (Homeworld),,,,,,,,,,遗留者（母星）,,,,,,
pdaZA_1Oqu8aa,Planets - Homeworlds,,,,,,,,,,星球 - 母星,,,,,,
pdaZA_WGi0mSG,Planet discovered!,,,,,,,,,,发现新星球！,,,,,,
pdaZA_daK4Wae,... Analysing Data ...,,,,,,,,,,... 分析数据中 ...,,,,,,
pdaZA_OGGHeSG,==,,,,,,,,,,==,,,,,,
pdaZA_CYCOeQU,Three words: Never. Land. There.\n\nThis planet has been seized by the remains of the reactivated LEGACY. The entity uses the pentaxid in its crust to transform the surface into something no one knows what it should stand for... or do.,,,,,,,,,,三个词：永远。别。降落。\n\n这颗星球已被重新激活的遗留者残部占领。该实体利用其地壳中的翘曲水晶将表面改造成无人知晓其意义...或功能的东西。,,,,,,
pdaZA_uSSWi0m,Congratulations! You discovered The Legacy Homeworld! News of this discovery will change your status with many factions in the Galaxy!\n\nCheck the Empyriopedia (F1) for more information about the planet and the benefits of exploring the galaxy!,,,,,,,,,,恭喜！你发现了遗留者母星！这一发现的消息将改变你在银河系中众多派系中的声望！\n\n查看帝国百科（F1）以获取更多关于该星球以及探索银河系好处的信息！,,,,,,
pdaTP_44eBm,Moon (Barren),,,,,,,,,,卫星（荒芜）,,,,,,
pdaTP_6uSTe,Moons,,,,,,,,,,卫星,,,,,,
pdaTP_m8c0W,"This barren rock carries its history on the surface: Completely solidified, and no atmosphere to remove tracks and shapes - All encounters will be remembered.\n\nPossible resources:\nIron, Silicon, Copper, Cobalt, Magnesium, Titan, Pentaxid\n\nPossible weather effects:\nn/a",,,,,,,,,,这颗荒芜的岩石在表面留下了它的历史：完全固化，没有大气层来抹去痕迹和形状——所有遭遇都将被铭记。\n\n可能资源：\n铁、硅、铜、钴、镁、钛、翘曲水晶\n\n可能天气效应：\n无,,,,,,
pdaTP_KCW4io8,Congratulations! You discovered a new type of Moon:\n\nCheck the Empyriopedia (F1) for more information about this Moon class and the benefits of exploring the galaxy!,,,,,,,,,,恭喜！你发现了一种新型卫星：\n\n查看帝国百科（F1）以获取更多关于此类卫星的信息以及探索星系的好处！,,,,,,
pdaTP_q80mq,Moon discovered!,,,,,,,,,,发现卫星！,,,,,,
pdaTP_W4ave,... Analysing Data ...,,,,,,,,,,…正在分析数据…,,,,,,
pdaTP_SuqAq,==,,,,,,,,,,==,,,,,,
pdaTP_S8meG,Moon (Desert),,,,,,,,,,卫星（沙漠）,,,,,,
pdaTP_WdamK,"This moon has a very thin atmosphere - It is shielded by an unusually large magnetic field of the nearby planet, and the moon is dense enough to keep some gases from drifting into space. By this it has accumulated extreme amounts of desert varnish.\n\nPossible resources:\nIron, Silicon, Copper, Cobalt, Magnesium, Pentaxid, Promethium\n\nPossible weather effects:\nn/a",,,,,,,,,,这颗卫星的大气层极其稀薄——它受到附近行星异常强大的磁场保护，且卫星本身密度足够，防止部分气体逃逸到太空中。因此，它积累了大量沙漠漆。\n\n可能的资源：\n铁、硅、铜、钴、镁、翘曲水晶、钷\n\n可能的天气影响：\n无,,,,,,
pdaTP_GWGuGaK,Congratulations! You discovered a new type of Moon:\n\nCheck the Empyriopedia (F1) for more information about this Moon class and the benefits of exploring the galaxy,,,,,,,,,,恭喜！你发现了一种新型卫星：\n\n查看帝国百科（F1）以获取更多关于此类卫星的信息以及探索星系的好处！,,,,,,
pdaTP_8O4wG,Planetary Moon discovered!,,,,,,,,,,发现行星卫星！,,,,,,
pdaTP_0GK4W,... Analysing Data ...,,,,,,,,,,…正在分析数据…,,,,,,
pdaTP_aSKmG,==,,,,,,,,,,==,,,,,,
pdaTP_Oug8q,Moon (Forest),,,,,,,,,,卫星（森林）,,,,,,
pdaTP_uS04C,"A small temperate moon, with unusually thick atmosphere - Even bristling with life! [i]So many things[/i] need to come together for such a world to occur: Water, a still fluid metal core, a decent size, in the right distance to the star...\n\nA superficial scan indicates, this moon is [i]resource poor[/i]. So there is not much interest in things that empires do - To claim, exploit, settle, or even just to visit. The drama of the universe continues elsewhere. While the canopies of the trees reach for sunlight. It is still a great spot if you want to get out of sight, or just to stretch your legs and wander.\n\nPossible resources:\nIron, Silicon, Copper, Promethium, Pentaxid, Gold\n\nPossible weather effects:\nRain (Medium), Storm, Fog",,,,,,,,,,一颗小型温带卫星，拥有异常浓密的大气层——甚至生机勃勃！[i]如此之多的要素[/i]必须共同作用才能形成这样的世界：水、仍然流动的金属核心、适中的大小、与恒星恰到好处的距离……\n\n表层扫描显示，这颗卫星[i]资源贫乏[/i]。因此，那些帝国所热衷的事情——宣称、开采、定居，甚至只是造访——都显得索然无味。宇宙的戏剧在别处上演。而树冠仍在追逐阳光。如果你想避开视线，或者只是伸伸腿、漫步一番，这里仍是个绝佳去处。\n\n可能的资源：\n铁、硅、铜、钷、翘曲水晶、金\n\n可能的天气影响：\n小雨（中等）、风暴、浓雾,,,,,,
pdaTP_K0OIq44,Congratulations! You discovered a new type of Moon:\n\nCheck the Empyriopedia (F1) for more information about this Moon class and the benefits of exploring the galaxy!,,,,,,,,,,恭喜！你发现了一种新型卫星：\n\n查看帝国百科（F1）以获取更多关于此类卫星的信息以及探索星系的好处！,,,,,,
pdaTP_4Kq0G,Planetary Moon discovered!,,,,,,,,,,发现行星卫星！,,,,,,
pdaTP_q04Cu,... Analysing Data ...,,,,,,,,,,…正在分析数据…,,,,,,
pdaTP_emSqu,==,,,,,,,,,,==,,,,,,
pdaTP_eW444,Moon (Ice Type 1),,,,,,,,,,卫星（冰原Ⅰ型）,,,,,,
pdaTP_WO4Gu,"An icy companion, with an ocean deep between its crust and rocky core. Faint organic substances leave colourful streaks on the surface.\n\nPossible resources:\nSilicon, Cobalt, Magnesium, Iron, Promethium, Pentaxid\n\nPossible weather effects:\nn/a",,,,,,,,,,一颗冰封的伴星，地壳与岩石核心之间是深邃的海洋。微弱的有机物质在其表面留下彩色的条纹。\n\n可能的资源：\n硅、钴、镁、铁、钷、翘曲水晶\n\n可能的天气影响：\n无,,,,,,
pdaTP_4iSei,Planetary Moon discovered!,,,,,,,,,,发现行星卫星！,,,,,,
pdaTP_CiW60,... Analysing Data ...,,,,,,,,,,... 分析数据中 ...,,,,,,
pdaTP_mi4ia,==,,,,,,,,,,==,,,,,,
pdaTP_YOCqC,Moon (Ice Type 2),,,,,,,,,,卫星（冰型2）,,,,,,
pdaTP_KqVec,"Once upon a time, ... the planets were still forming. Gaining mass and changing their paths around their star. Gravitational disturbances swept through the whole system, hurtling planetesimals everywhere.This is a wanderer, born and expelled from a stellar asteroid belt. It got caught up by the nearby large planet. - Somehow avoiding to collide, or to be flung away.\n\nBut during those narrow, chaotic first passes, it experienced massive tidal forces. - Kneading it like dough, close to ripping it apart. Times are much calmer now.\n\nAnd with that, all those scars make for impressive vistas, and stories of adventure.\n\nPossible resources:\nMagnesium, Cobalt\n\nPossible weather effects:\nn/a",,,,,,,,,,很久很久以前……行星尚在形成之中。它们在增长质量，改变着环绕恒星的轨道。引力扰动横扫整个星系，将星子抛向各处。这是一个流浪者，诞生于恒星小行星带并最终被抛射而出。它被附近的大行星捕获——不知为何避免了碰撞或被甩飞。\n\n但在最初那几次狭窄而混乱的飞掠中，它经历了巨大的潮汐力——像揉面团般挤压它，几乎将其撕裂。如今时代已平静得多。\n\n正因如此，那些伤疤构成了令人惊叹的景观和冒险故事。\n\n可能的资源：\n镁，钴\n\n可能的天气效果：\n无,,,,,,
pdaTP_Kmq4aAK,Congratulations! You discovered a new type of Moon:\n\nCheck the Empyriopedia (F1) for more information about this Moon class and the benefits of exploring the galaxy!,,,,,,,,,,恭喜！你发现了一种新类型的卫星：\n\n请查看帝国百科（F1）了解关于该卫星类别以及探索银河的更多信息！,,,,,,
pdaTP_meqOm,Planetary Moon discovered!,,,,,,,,,,发现行星卫星！,,,,,,
pdaTP_aoWqq,... Analysing Data ...,,,,,,,,,,... 分析数据中 ...,,,,,,
pdaTP_WWuC8,==,,,,,,,,,,==,,,,,,
pdaTP_WaiCm,Moon (Lava Type 1),,,,,,,,,,卫星（熔岩型1）,,,,,,
pdaTP_WiEiO,"A baby moon, with a not yet solid core, and faint traces of an atmosphere. Maybe it was born out of a stellar disc, or it is the remnant of a spectacular planetary collision.\n\nPossible resources:\nIron, Silicon, Cobalt, Magnesium, Promethium, Pentaxid\n\nPossible weather effects:\nn/a",,,,,,,,,,一颗幼年卫星，尚未拥有固态核心，仅存稀薄的大气痕迹。它可能诞生于恒星盘，或是某次壮观行星碰撞的残骸。\n\n可能的资源：\n铁，硅，钴，镁，钷，翘曲水晶\n\n可能的天气效果：\n无,,,,,,
pdaTP_SLON8m4,Congratulations! You discovered a new type of Moon:\n\nCheck the Empyriopedia (F1) for more information about this Moon class and the benefits of exploring the galaxy!,,,,,,,,,,恭喜！你发现了一种新类型的卫星：\n\n请查看帝国百科（F1）了解关于该卫星类别以及探索银河的更多信息！,,,,,,
pdaTP_0mKeu,Planetary Moon discovered!,,,,,,,,,,发现行星卫星！,,,,,,
pdaTP_SKmeS,... Analysing Data ...,,,,,,,,,,... 分析数据中 ...,,,,,,
pdaTP_SpW8o,==,,,,,,,,,,==,,,,,,
pdaTP_WKuCC,Moon (Lava Type 2),,,,,,,,,,卫星（熔岩型2）,,,,,,
pdaTP_eOKCe,"This infant moon already lost its atmosphere by the relentless push of the stellar wind. Undisturbed, the last open lava seas crystallize in bizarre forms.\n\nPossible resources:\nIron, Silicon, Cobalt, Magnesium, Promethium, Pentaxid\n\nPossible weather effects:\nn/a",,,,,,,,,,这颗初生卫星已经因恒星风的持续冲击失去了大气层。在不受干扰的情况下，最后一波熔岩海结晶成奇异的形态。\n\n可能的资源：\n铁，硅，钴，镁，钷，翘曲水晶\n\n可能的天气效果：\n无,,,,,,
pdaTP_GGSu0CC,Congratulations! You discovered a new type of Moon:\n\nCheck the Empyriopedia (F1) for more information about this Moon class and the benefits of exploring the galaxy!,,,,,,,,,,恭喜！你发现了一种新类型的卫星：\n\n请查看帝国百科（F1）了解关于该卫星类别以及探索银河的更多信息！,,,,,,
pdaTP_GmSCq,Planetary Moon discovered!,,,,,,,,,,发现行星卫星！,,,,,,
pdaTP_g6Cmq,... Analysing Data ...,,,,,,,,,,... 分析数据中 ...,,,,,,
pdaTP_qmcOe,==,,,,,,,,,,==,,,,,,
pdaTP_20EmS,Moon (Nascent),,,,,,,,,,卫星（新生）,,,,,,
pdaTP_q4i8q,"A world in its youth: The atmosphere has cooled enough for it to rain. Last bits of the planetary neighbourhood crash into the surface, and violent jetstreams produce hail. But in all this chaos, first life develops in the tide pools - filling the water with the colour of early photosynthesis.\n\nPossible resources:\nCobalt, Copper, Silicon, Erestrum, Zascosium, Pentaxid, Promethium\n\nPossible weather effects:\nRain (Medium), Rain (Heavy), Storm, Snow (Heavy), Hail, Fire Rain, Acid Rain (Heavy)",,,,,,,,,,"一个年轻的世界：大气层已冷却到足以降雨的程度。行星邻居的最后碎片撞击地表，猛烈的急流产生冰雹。但在这一切混乱中，最早的生物在潮池中发展——用早期光合作用的色彩填充水域。\n\n可能资源：\n钴, 铜, 硅, 锷, 铡, 翘曲水晶, 钷\n\n可能天气效果：\n雨(中等), 雨(大), 风暴, 雪(大), 冰雹, 火雨, 酸雨(大)",,,,,,
pdaTP_GCaGSSK,Congratulations! You discovered a new type of Moon:\n\nCheck the Empyriopedia (F1) for more information about this Moon class and the benefits of exploring the galaxy!,,,,,,,,,,恭喜！你发现了一种新类型的卫星：\n\n请查看帝国百科（F1）了解关于该卫星类别以及探索银河的更多信息！,,,,,,
pdaTP_G88KS,... Analysing Data ...,,,,,,,,,,... 分析数据中 ...,,,,,,
pdaTP_Ca4W0,==,,,,,,,,,,==,,,,,,
pdaTP_0OOY8,Planetary Moon discovered!,,,,,,,,,,发现行星卫星！,,,,,,
pdaTP_Nq8qS,Asteroid Field (Poor),,,,,,,,,,小行星带（贫瘠）,,,,,,
pdaTP_umqiK,Asteroid Fields,,,,,,,,,,小行星带,,,,,,
pdaTP_DKeOq,"Radiation: 5-10\nTemperature: -200 to -100\n\nResource Asteroids (Probability Factor - Count min/max)\n- Iron (0.5, 1-1)\n- Copper (0.4, 1-1)\n- Silicon (0.5, 1-1)\n- Magnesium (0.3, 1-1)\n- Cobalt (0.4, 1-1)\n- Neodymium (0.3, 1-1)\n- Promethium (0.3, 1-1)\n- Sathium (0.3, 1-1)\n- Erestrum (0.3, 1-1)\n- Zascosium (0.1, 1-1)\n- Pentaxid (0.1, 1-1)\n- Gold (0.1, 1-1)\n- Ice (0.5, 2-3)\n- Titanium (0.3, 1-1)",,,,,,,,,,"辐射: 5-10\n温度: -200 到 -100\n\n资源小行星 (概率系数 - 数量最小/最大)\n- 铁 (0.5, 1-1)\n- 铜 (0.4, 1-1)\n- 硅 (0.5, 1-1)\n- 镁 (0.3, 1-1)\n- 钴 (0.4, 1-1)\n- 钕 (0.3, 1-1)\n- 钷 (0.3, 1-1)\n- 钑 (0.3, 1-1)\n- 锷 (0.3, 1-1)\n- 铡 (0.1, 1-1)\n- 翘曲水晶 (0.1, 1-1)\n- 金 (0.1, 1-1)\n- 冰 (0.5, 2-3)\n- 钛 (0.3, 1-1)",,,,,,
pdaTP_iGe4Ki4,Congratulations! You discovered a new type of Asteroid Field:\n\nCheck the Empyriopedia (F1) for more information about this system space and the benefits of exploring the galaxy!,,,,,,,,,,恭喜！你发现了一种新类型的小行星带：\n\n请查看帝国百科（F1）了解关于该星系空间以及探索银河的更多信息！,,,,,,
pdaTP_0C8q6,Asteroid Field discovered!,,,,,,,,,,发现小行星带！,,,,,,
pdaTP_ui2ES,... Analysing Data ...,,,,,,,,,,... 分析数据中 ...,,,,,,
pdaTP_C4i4i,==,,,,,,,,,,==,,,,,,
pdaTP_4m8uK,Asteroid Field,,,,,,,,,,小行星带,,,,,,
pdaTP_G8Cq0Gm,Congratulations! You discovered a new type of Asteroid Field:\n\nCheck the Empyriopedia (F1) for more information about this system space and the benefits of exploring the galaxy!,,,,,,,,,,恭喜！你发现了一种新类型的小行星带：\n\n请查看帝国百科（F1）了解关于该星系空间以及探索银河的更多信息！,,,,,,
pdaTP_ia8WO,"Radiation: 5-10\nTemperature: -200 to -100\n\nResource Asteroids (Probability Factor - Count min/max)\n- Iron (0.5, 1-3)\n- Copper (0.4, 1-3)\n- Silicon (0.5, 1-3)\n- Magnesium (0.3, 1-3)\n- Cobalt (0.3, 1-3)\n- Neodymium (0.3, 1-3)\n- Promethium (0.3, 1-2)\n- Sathium (0.4, 1-3)\n- Erestrum (0.3, 1-2)\n- Zascosium (0.1, 1-2)\n- Pentaxid (0.1, 1-2)\n- Gold (0.1, 1-2)\n- Ice (0.5, 2-4)\n- Titanium (0.3, 1-3)",,,,,,,,,,"辐射：5-10\n温度：-200至-100\n\n资源小行星 (概率因子 - 数量 最小/最大)\n- 铁 (0.5, 1-3)\n- 铜 (0.4, 1-3)\n- 硅 (0.5, 1-3)\n- 镁 (0.3, 1-3)\n- 钴 (0.3, 1-3)\n- 钕 (0.3, 1-3)\n- 钷 (0.3, 1-2)\n- 钑 (0.4, 1-3)\n- 锷 (0.3, 1-2)\n- 铡 (0.1, 1-2)\n- 翘曲水晶（原料） (0.1, 1-2)\n- 金 (0.1, 1-2)\n- 冰 (0.5, 2-4)\n- 钛 (0.3, 1-3)",,,,,,
pdaTP_KeGmW,Asteroid Field discovered!,,,,,,,,,,发现小行星带！,,,,,,
pdaTP_88O8U,... Analysing Data ...,,,,,,,,,,... 分析数据中 ...,,,,,,
pdaTP_eOqi8,==,,,,,,,,,,==,,,,,,
pdaTP_eeqNu,Asteroid Field (Junkyard),,,,,,,,,,小行星带（垃圾场）,,,,,,
pdaTP_CiWeG,"An asteroid field with a lot of wrecks waiting to be salvaged. Expect hostile encounters!\n\nRadiation: 5-10\nTemperature: -200 to -100\n\nResource Asteroids (Probability Factor - Count min/max)\n- Copper (0.2, 1-3)\n- Ice (0.5, 2-4)\n- Titanium (0.2, 1-2)",,,,,,,,,,"一个充满残骸的小行星带，等待回收。小心敌对遭遇！\n\n辐射：5-10\n温度：-200 至 -100\n\n资源小行星（概率因子 - 最小/最大数量）\n- 铜 (0.2, 1-3)\n- 冰 (0.5, 2-4)\n- 钛 (0.2, 1-2)",,,,,,
pdaTP_qC0Ou80,Congratulations! You discovered a new type of Asteroid Field: Asteroid Field (Junkyard)\n\nCheck the Empyriopedia (F1) for more information about this system space and the benefits of exploring the galaxy!,,,,,,,,,,祝贺！你发现了一个新类型的小行星带：小行星带（废料场）\n\n请查看帝国百科（F1）了解更多关于此星系空间的信息以及探索星系的收益！,,,,,,
pdaTP_mVWa1,Asteroid Field discovered!,,,,,,,,,,发现小行星带！,,,,,,
pdaTP_WWi4S,... Analysing Data ...,,,,,,,,,,... 正在分析数据 ...,,,,,,
pdaTP_eCuWC,==,,,,,,,,,,==,,,,,,
pdaTP_0CqSA,Asteroid Field (Rich),,,,,,,,,,小行星带（富矿）,,,,,,
pdaTP_S8G4m,"Radiation: 5-10\nTemperature: -200 to -100\n\nResource Asteroids (Probability Factor - Count min/max)\n- Iron (0.5, 1-5)\n- Copper (0.4, 1-5)\n- Silicon (0.5, 1-5)\n- Magnesium (0.3, 1-4)\n- Cobalt (0.3, 1-5)\n- Neodymium (0.4, 1-4)\n- Promethium (0.4, 1-3)\n- Sathium (0.4, 1-4)\n- Erestrum (0.3, 1-3)\n- Zascosium (0.3, 1-3)\n- Pentaxid (0.3, 1-3)\n- Gold (0.3, 1-3)\n- Ice (0.5, 2-4)\n- Titanium (0.4, 1-4)",,,,,,,,,,"辐射：5-10\n温度：-200至-100\n\n资源小行星 (概率因子 - 数量 最小/最大)\n- 铁 (0.5, 1-5)\n- 铜 (0.4, 1-5)\n- 硅 (0.5, 1-5)\n- 镁 (0.3, 1-4)\n- 钴 (0.3, 1-5)\n- 钕 (0.4, 1-4)\n- 钷 (0.4, 1-3)\n- 钑 (0.4, 1-4)\n- 锷 (0.3, 1-3)\n- 铡 (0.3, 1-3)\n- 翘曲水晶（原料） (0.3, 1-3)\n- 金 (0.3, 1-3)\n- 冰 (0.5, 2-4)\n- 钛 (0.4, 1-4)",,,,,,
pdaTP_mOuq8GU,Congratulations! You discovered a new type of Asteroid Field:\n\nCheck the Empyriopedia (F1) for more information about this system space and the benefits of exploring the galaxy!,,,,,,,,,,祝贺！你发现了一个新类型的小行星带：\n\n请查看帝国百科（F1）了解更多关于此星系空间的信息以及探索星系的收益！,,,,,,
pdaTP_eiGCO,Asteroid Field discovered!,,,,,,,,,,发现小行星带！,,,,,,
pdaTP_WqCWI,... Analysing Data ...,,,,,,,,,,... 正在分析数据 ...,,,,,,
pdaTP_2muWC,==,,,,,,,,,,==,,,,,,
pdaTP_mSieC,Asteroid Field (Pirates),,,,,,,,,,小行星带（海盗）,,,,,,
pdaTP_OmqiiOW,Congratulations! You discovered a new type of Asteroid Field:\n\nCheck the Empyriopedia (F1) for more information about this system space and the benefits of exploring the galaxy!,,,,,,,,,,祝贺！你发现了一个新类型的小行星带：\n\n请查看帝国百科（F1）了解更多关于此星系空间的信息以及探索星系的收益！,,,,,,
pdaTP_iUWQS,"Pirates have claimed this asteroid field for their purposes. A perfect opportunity for adventurers, a dangerous place for most other pilots.\n\nRadiation: 5-10\nTemperature: -200 to -100\n\nResource Asteroids (Probability Factor - Count min/max)\n- Promethium (0.3, 1-1)\n- Sathium (0.4, 1-1)\n- Pentaxid (0.1, 1-1)\n- Gold (0.1, 1-1)\n- Ice (0.5, 1-2)\n- Titanium (0.4, 1-1)\n- Aluminium (0.6, 1-1)\n- Platinum (0.5, 1-1)",,,,,,,,,,"海盗已占领此小行星带用于他们的目的。对冒险者来说是绝佳机会，对大多数其他飞行员则是危险之地。\n\n辐射：5-10\n温度：-200 至 -100\n\n资源小行星（概率因子 - 数量最小/最大）\n- 钷 (0.3, 1-1)\n- 钑 (0.4, 1-1)\n- 翘曲水晶 (0.1, 1-1)\n- 金 (0.1, 1-1)\n- 冰 (0.5, 1-2)\n- 钛 (0.4, 1-1)\n- 铝 (0.6, 1-1)\n- 铂 (0.5, 1-1)",,,,,,
pdaTP_ieWeG,Asteroid Field discovered!,,,,,,,,,,发现小行星带！,,,,,,
pdaTP_4qMni,... Analysing Data ...,,,,,,,,,,... 正在分析数据 ...,,,,,,
pdaTP_KSiKG,==,,,,,,,,,,==,,,,,,
pdaTP_40CUq,Empty Sector,,,,,,,,,,空寂星区,,,,,,
pdaTP_CaqJO,Orbital Sectors,,,,,,,,,,轨道星区,,,,,,
pdaZA_8KeumqG,Congratulations! You discovered a new type of Space Sector:\n\nCheck the Empyriopedia (F1) for more information about this system space and the benefits of exploring the galaxy!,,,,,,,,,,恭喜！你发现了一种新型太空星区：\n\n请查阅帝国百科（F1）以获取有关此星系空间及探索银河的增益信息！,,,,,,
pdaTP_eu800,A seemingly empty sector of space Nothing to see here...  ... or is there..?,,,,,,,,,,一个看似空荡荡的太空星区。这里什么也没有……  ……或许有什么呢？,,,,,,
pdaTP_84qO9,Space Sector discovered!,,,,,,,,,,发现太空星区！,,,,,,
pdaTP_i845S,... Analysing Data ...,,,,,,,,,,... 正在分析数据 ...,,,,,,
pdaTP_Wm8ua,==,,,,,,,,,,==,,,,,,
pdaTP_WqeaC,Warp Gate Sector (Sun),,,,,,,,,,跃迁门星区（太阳）,,,,,,
pdaZA_Cq4mu80,Congratulations! You discovered a new type of Space Sector:\n\nCheck the Empyriopedia (F1) for more information about this system space and the benefits of exploring the galaxy!,,,,,,,,,,恭喜！你发现了一种新型太空星区：\n\n请查阅帝国百科（F1）以获取有关此星系空间及探索银河的增益信息！,,,,,,
pdaTP_iime0,"An empty sector very close to the sun. Depending on which direction you came from, there are 6 possible exit points: front, back, up, down, left, right.\n\nYou will always exit your warp travel in one of them.\n\n[c][ff0000]Important[-][/c]: When travelling in a ""Fleet"" Make sure to NOT warp away leaving ships and vessels in your arrival sector - you will not be able to warp back from within the solar system to your arrival sector, due to gravitational and subspace effects!",,,,,,,,,,"一个非常靠近太阳的空寂星区。根据你来的方向，有6个可能的出口点：前、后、上、下、左、右。\n\n你总是会在其中一点退出你的翘曲旅行。\n\n[c][ff0000]重要提示[-][/c]：当以""舰队""形式旅行时，确保不要翘曲离开，将飞船留在你的抵达星区——由于引力和亚空间效应，你将无法从太阳系内部翘曲回到你的抵达星区！",,,,,,
pdaTP_m8MG1,Space Sector discovered!,,,,,,,,,,发现太空星区！,,,,,,
pdaTP_0egqW,... Analysing Data ...,,,,,,,,,,... 正在分析数据 ...,,,,,,
pdaTP_O408a,==,,,,,,,,,,==,,,,,,
pdaTP_8kuSP,Trading Stations,,,,,,,,,,贸易站,,,,,,
pdaTP_qUmcau0,Congratulations! You discovered a new type of Space Sector:\n\nCheck the Empyriopedia (F1) for more information about this system space and the benefits of exploring the galaxy!,,,,,,,,,,恭喜！你发现了一种新型太空星区：\n\n请查阅帝国百科（F1）以获取有关此星系空间及探索银河的增益信息！,,,,,,
pdaTP_8C0Cv,"Most of the inhabited solar systems have a sector hosting an official trading station. A good opportunity for all traders and adventurers!\n\nRadiation: 5-10\nTemperature: -200 to -100\n\nResource Asteroids (Probability Factor - Count min/max)\n- Iron (0.4, 1-3)\n- Copper (0.4, 1-3)\n- Silicon (0.4, 1-3)\n- Magnesium (0.4, 1-3)\n- Cobalt (0.4, 1-3)\n- Promethium (0.4, 1-3)\n- Sathium (0.4, 1-3)\n- Erestrum (0.3, 1-3)\n- Zascosium (0.3, 1-3)\n- Pentaxid (0.3, 1-3)\n- Gold (0.3, 1-3)\n- Titanium (0.4, 1-3)",,,,,,,,,,"大多数有人居住的恒星系中都有一个星区设有官方贸易站。这对所有商人和冒险者来说都是个好机会！\n\n辐射：5-10\n温度：-200 至 -100\n\n资源小行星（概率系数 - 数量 最小/最大）\n- 铁 (0.4, 1-3)\n- 铜 (0.4, 1-3)\n- 硅 (0.4, 1-3)\n- 镁 (0.4, 1-3)\n- 钴 (0.4, 1-3)\n- 钷 (0.4, 1-3)\n- 钑 (0.4, 1-3)\n- 锷 (0.3, 1-3)\n- 铡 (0.3, 1-3)\n- 翘曲水晶 (0.3, 1-3)\n- 金 (0.3, 1-3)\n- 钛 (0.4, 1-3)",,,,,,
pdaTP_8Kuea,Space Sector discovered!,,,,,,,,,,发现太空星区！,,,,,,
pdaTP_eKmOO,... Analysing Data ...,,,,,,,,,,... 正在分析数据 ...,,,,,,
pdaTP_K8eec,==,,,,,,,,,,==,,,,,,
pdaTP_uW8xi,Standard Orbit,,,,,,,,,,标准轨道,,,,,,
pdaZA_8i84mmu,Congratulations! You discovered a new type of Orbital Space Sector: Standard Orbit\n\nCheck the Empyriopedia (F1) for more information about this system space and the benefits of exploring the galaxy!,,,,,,,,,,恭喜！你发现了一种新型轨道太空星区：标准轨道\n\n请查阅帝国百科（F1）以获取有关此星系空间及探索银河的增益信息！,,,,,,
pdaTP_K4uKT,Orbital Space type discovered!,,,,,,,,,,发现轨道太空类型！,,,,,,
pdaTP_40GGw,... Analysing Data ...,,,,,,,,,,... 正在分析数据 ...,,,,,,
pdaTP_4uqOG,==,,,,,,,,,,==,,,,,,
pdaZA_gGrimi0,Congratulations! You discovered a new type of Orbital Space Sector:\n\nCheck the Empyriopedia (F1) for more information about this system space and the benefits of exploring the galaxy!,,,,,,,,,,恭喜！你发现了一种新型轨道太空星区：\n\n请查阅帝国百科（F1）以获取有关此星系空间及探索银河的增益信息！,,,,,,
pdaTP_Kqu4S,Orbital Space: Special,,,,,,,,,,轨道太空：特殊,,,,,,
pdaTP_aK48a,Orbital Space type discovered!,,,,,,,,,,发现轨道太空类型！,,,,,,
pdaTP_iuW0q,... Analysing Data ...,,,,,,,,,,... 正在分析数据 ...,,,,,,
pdaTP_e8GWu,==,,,,,,,,,,==,,,,,,
pdaTP_GVe4S,SpaceOrbitFixed,,,,,,,,,,太空轨道固定,,,,,,
pdaTP_YqWi4,Orbital Space type discovered!,,,,,,,,,,发现轨道太空类型！,,,,,,
pdaTP_444G0,... Analysing Data ...,,,,,,,,,,... 正在分析数据 ...,,,,,,
pdaTP_SGWim,==,,,,,,,,,,==,,,,,,
pdaTP_e8ui8,"An O-type star is a hot, blue-white star of spectral type O in the Yerkes classification system employed by astronomers. They have temperatures in excess of 30,000 Kelvin (K)\n\nSpectral Class: O\nType: Blue\nGalaxy Probability: 0.0125\nSize Class: 12\nSurface Temperature: 30000 - 50000 K\nMass: 40x solar sun masses\nRadius: 18x solar sun radii\nLuminosity: 500000x solar sun\nLifespan: 0.01 billion years\nHabitable zone: 109 - 144 AU\n\n[i]Note: Currently it is not possible to fly into the atmosphere of any sun-type or other celestial bodies.[/i]",,,,,,,,,,"O型星是一种炽热的蓝白色恒星，在天文学家采用的耶基斯分类系统中属于光谱类型O。它们的温度超过30,000开尔文（K）\n\n光谱类型：O\n类型：蓝色\n星系概率：0.0125\n尺寸等级：12\n表面温度：30000 - 50000 K\n质量：40倍太阳质量\n半径：18倍太阳半径\n光度：500000倍太阳\n寿命：0.01亿年\n宜居带：109 - 144 天文单位\n\n[i]注意：目前无法飞入任何太阳类型或其他天体的大气层。[/i]",,,,,,
pdaTP_RSo44,Spectral Class: O Star,,,,,,,,,,光谱类型：O型星,,,,,,
pdaTP_emqaCuW,This is you first visit to this Class of Star!\n\nCheck the Empyriopedia (F1) for more information about this Stella type and the benefits of exploring the galaxy!,,,,,,,,,,这是你首次访问此类恒星！\n\n请查看帝国百科（F1）以获取更多关于此恒星类型及其探索星系增益的信息！,,,,,,
pdaTP_Si80S,New Star type discovered!,,,,,,,,,,发现新恒星类型！,,,,,,
pdaTP_KWSWe,... Analysing Data ...,,,,,,,,,,... 正在分析数据 ...,,,,,,
pdaTP_SmmFe,==,,,,,,,,,,==,,,,,,
pdaTP_5q4u4,Sun Types,,,,,,,,,,太阳类型,,,,,,
pdaTP_6Sqi2,"A B-type main-sequence star (B V) is a main-sequence (hydrogen-burning) star of spectral type B and luminosity class V. These stars have from 2 to 16 times the mass of the Sun and surface temperatures between 10,000 and 30,000 K. B-type stars are extremely luminous and blue.\n\nSpectral Class: B\nType: Blue-White\nGalaxy Probability: 0.025\nSize Class: 12\nSurface Temperature: 10000 - 30000 K\nMass: 18x solar sun masses\nRadius: 8x solar sun radii\nLuminosity: 800x solar sun\nLifespan: 0.25 billion years\nHabitable zone: 93 - 122 AU\n\n[i]Note: Currently it is not possible to fly into the atmosphere of any sun-type or other celestial bodies.[/i]",,,,,,,,,,B型主序星（B V）是光谱类型B、光度等级V的主序（氢燃烧）恒星。其质量为太阳的2至16倍，表面温度在10000至30000 K之间。B型星极其明亮且呈蓝色。\n\n光谱类型：B\n类型：蓝白\n星系概率：0.025\n尺寸等级：12\n表面温度：10000 - 30000 K\n质量：18倍太阳质量\n半径：8倍太阳半径\n光度：800倍太阳光度\n寿命：2.5亿年\n宜居带：93 - 122 AU\n\n[i]注意：目前无法飞入任何太阳型或其他天体的大气层。[/i],,,,,,
pdaTP_CeaOG,Spectral Class: B Star,,,,,,,,,,光谱类型：B型恒星,,,,,,
pdaTP_UiG2W8e,This is you first visit to this Class of Star!\n\nCheck the Empyriopedia (F1) for more information about this Stella type and the benefits of exploring the galaxy!,,,,,,,,,,这是你首次访问此类恒星！\n\n查看帝国百科（F1）了解更多关于该类恒星的信息以及探索星系的增益！,,,,,,
pdaTP_G4YKi,New Star type discovered!,,,,,,,,,,发现新恒星类型！,,,,,,
pdaTP_5mmS4,... Analysing Data ...,,,,,,,,,,正在分析数据...,,,,,,
pdaTP_qSO0G,"An A-type main-sequence star is a main-sequence (hydrogen-burning) star of spectral type A and luminosity class V. They have masses from 1.4 to 2.1 times the mass of the Sun and surface temperatures between 7600 and 10,000 K\n\nSpectral Class: A\nType: White\nGalaxy Probability: 0.05\nSize Class: 11\nSurface Temperature: 7500 - 10000 K\nMass: 2.2x solar sun masses\nRadius: 2.4x solar sun radii\nLuminosity: 25x solar sun\nLifespan: 0.5 billion years\nHabitable zone: 79 - 104 AU\n\n[i]Note: Currently it is not possible to fly into the atmosphere of any sun-type or other celestial bodies.[/i]",,,,,,,,,,A型主序星是光谱类型A、光度等级V的主序（氢燃烧）恒星。其质量为太阳的1.4至2.1倍，表面温度在7600至10000 K之间。\n\n光谱类型：A\n类型：白\n星系概率：0.05\n尺寸等级：11\n表面温度：7500 - 10000 K\n质量：2.2倍太阳质量\n半径：2.4倍太阳半径\n光度：25倍太阳光度\n寿命：5亿年\n宜居带：79 - 104 AU\n\n[i]注意：目前无法飞入任何太阳型或其他天体的大气层。[/i],,,,,,
pdaTP_K4auW,Spectral Class: A Star,,,,,,,,,,光谱类型：A型恒星,,,,,,
pdaTP_Ga0aOGj,This is you first visit to this Class of Star!\n\nCheck the Empyriopedia (F1) for more information about this Stella type and the benefits of exploring the galaxy!,,,,,,,,,,这是你首次访问此类恒星！\n\n查看帝国百科（F1）了解更多关于该类恒星的信息以及探索星系的增益！,,,,,,
pdaTP_8Ru4e,New Star type discovered!,,,,,,,,,,发现新恒星类型！,,,,,,
pdaTP_S0OWa,... Analysing Data ...,,,,,,,,,,正在分析数据...,,,,,,
pdaTP_0KuQe,"F-type stars have strengthening spectral lines H and K of Ca II. Neutral metals (Fe I, Cr I) beginning to gain on ionized metal lines by late F. Their spectra are characterized by the weaker hydrogen lines and ionized metals. Their color is a bright yellow-white.\n\nSpectral Class: F\nType: Yellow-White\nGalaxy Probability: 0.1\nSize Class: 11\nSurface Temperature: 6000 - 7500 K\nMass: 1.5x solar sun masses\nRadius: 1.8x solar sun radii\nLuminosity: 4.4x solar sun\nLifespan: 1 billion years\nHabitable zone: 67 - 88 AU\n\n[i]Note: Currently it is not possible to fly into the atmosphere of any sun-type or other celestial bodies.[/i]",,,,,,,,,,F型恒星的Ca II谱线H和K增强。到F型晚期，中性金属（Fe I、Cr I）开始赶上电离金属线。其光谱特征为较弱的氢线和电离金属。颜色为明亮的黄白色。\n\n光谱类型：F\n类型：黄白\n星系概率：0.1\n尺寸等级：11\n表面温度：6000 - 7500 K\n质量：1.5倍太阳质量\n半径：1.8倍太阳半径\n光度：4.4倍太阳光度\n寿命：10亿年\n宜居带：67 - 88 AU\n\n[i]注意：目前无法飞入任何太阳型或其他天体的大气层。[/i],,,,,,
pdaTP_EmU8m,Spectral Class: F Star,,,,,,,,,,光谱类型：F型恒星,,,,,,
pdaTP_a4uKCSO,This is you first visit to this Class of Star!\n\nCheck the Empyriopedia (F1) for more information about this Stella type and the benefits of exploring the galaxy!,,,,,,,,,,这是你首次访问此类恒星！\n\n查看帝国百科（F1）了解更多关于该类恒星的信息以及探索星系的增益！,,,,,,
pdaTP_88GOjCq,New Star type discovered!,,,,,,,,,,发现新恒星类型！,,,,,,
pdaTP_iiaZi,... Analysing Data ...,,,,,,,,,,正在分析数据...,,,,,,
pdaTP_SaeWY,"G-type stars, including the Sun, have prominent spectral lines H and K of Ca II, which are most pronounced at G2. They have even weaker hydrogen lines than F, but along with the ionized metals, they have neutral metals. There is a prominent spike in the G band of CH molecules.\n\nSpectral Class: G\nType: Yellow\nGalaxy Probability: 0.2\nSize Class: 10\nSurface Temperature: 5500 - 6000 K\nMass: 1x solar sun masses\nRadius: 1x solar sun radii\nLuminosity: 1x solar sun\nLifespan: 10 billion years\nHabitable zone: 57 - 75 AU\n\n[i]Note: Currently it is not possible to fly into the atmosphere of any sun-type or other celestial bodies.[/i]",,,,,,,,,,G型恒星（包括太阳）具有显著的Ca II谱线H和K，G2时最明显。它们的氢线比F型更弱，但除了电离金属外，还有中性金属。CH分子G带出现明显尖峰。\n\n光谱类型：G\n类型：黄\n星系概率：0.2\n尺寸等级：10\n表面温度：5500 - 6000 K\n质量：1倍太阳质量\n半径：1倍太阳半径\n光度：1倍太阳光度\n寿命：100亿年\n宜居带：57 - 75 AU\n\n[i]注意：目前无法飞入任何太阳型或其他天体的大气层。[/i],,,,,,
pdaTP_qOCma,Spectral Class: G Star,,,,,,,,,,光谱类型：G型恒星,,,,,,
pdaTP_eEua8CC,This is you first visit to this Class of Star!\n\nCheck the Empyriopedia (F1) for more information about this Stella type and the benefits of exploring the galaxy!,,,,,,,,,,这是你首次访问此类恒星！\n\n查看帝国百科（F1）了解更多关于该类恒星的信息以及探索星系的增益！,,,,,,
pdaTP_ie4mS,New Star type discovered!,,,,,,,,,,发现新恒星类型！,,,,,,
pdaTP_auuia,... Analysing Data ...,,,,,,,,,,正在分析数据...,,,,,,
pdaTP_4mc8u,K-type stars are orangish stars that are slightly cooler than a G-Type star. They make up about 12% of the main-sequence stars in the solar neighborhood.\n\nSpectral Class: K\nType: Orange/Yellow\nGalaxy Probability: 0.4\nSize Class: 10\nSurface Temperature: 4000 - 5500 K\nMass: 0.7x solar sun masses\nRadius: 0.8x solar sun radii\nLuminosity: 0.3x solar sun\nLifespan: 30 billion years\nHabitable zone: 49 - 64 AU\n\n[i]Note: Currently it is not possible to fly into the atmosphere of any sun-type or other celestial bodies.[/i],,,,,,,,,,K型星是略比G型星冷的橙色恒星。它们约占太阳邻域主序星的12%。\n\n光谱类型：K\n类型：橙/黄\n星系概率：0.4\n尺寸等级：10\n表面温度：4000 - 5500 K\n质量：0.7倍太阳质量\n半径：0.8倍太阳半径\n光度：0.3倍太阳光度\n寿命：300亿年\n宜居带：49 - 64 AU\n\n[i]注意：目前无法飞入任何太阳型或其他天体的大气层。[/i],,,,,,
pdaTP_uOGSi,Spectral Class: K Star,,,,,,,,,,光谱类型：K型星,,,,,,
pdaTP_80eb4aQ,This is you first visit to this Class of Star!\n\nCheck the Empyriopedia (F1) for more information about this Stella type and the benefits of exploring the galaxy!,,,,,,,,,,这是你首次造访此类恒星！\n\n查看帝国百科（F1）获取关于此类恒星类型的更多信息以及探索星系的益处！,,,,,,
pdaTP_GSe4O,New Star type discovered!,,,,,,,,,,发现新恒星类型！,,,,,,
pdaTP_u4Cg0,... Analysing Data ...,,,,,,,,,,... 分析数据中 ...,,,,,,
pdaTP_LumeC,"Class M stars are by far the most common. About 76% of the main-sequence stars in the solar neighborhood are class M stars. However, class M main-sequence stars (red dwarfs) have such low luminosities that none are bright enough to be seen with the unaided eye, unless under exceptional conditions. Typically, an M-type star's surface temperature is under about 4,000 K.\n\nSpectral Class: M\nType: Red Dwarf\nGalaxy Probability: 0.8\nSize Class: 9\nSurface Temperature: 2500 - 4000 K\nMass: 0.3x solar sun masses\nRadius: 0.4x solar sun radii\nLuminosity: 0.002x solar sun\nLifespan: 150-200 billion years\nHabitable zone: 42 - 54 AU\n\n[i]Note: Currently it is not possible to fly into the atmosphere of any sun-type or other celestial bodies.[/i]",,,,,,,,,,光谱类型：M型星,,,,,,
pdaTP_Mi44S,Spectral Class: M Star,,,,,,,,,,"M型恒星远为最常见。太阳附近约76%的主序星为M型星。然而，M型主序星（红矮星）的光度极低，除非在特殊条件下，否则没有一颗亮到可以用肉眼看到。通常，M型恒星表面温度低于约4,000 K。\n\n光谱类型：M\n类型：红矮星\n星系概率：0.8\n尺寸等级：9\n表面温度：2500 - 4000 K\n质量：0.3倍太阳质量\n半径：0.4倍太阳半径\n光度：0.002倍太阳光度\n寿命：1500-2000亿年\n宜居带：42 - 54 AU\n\n[i]注意：目前无法在任何恒星或其他天体的大气层中着陆或飞行。[/i]",,,,,,
pdaTP_u3WiW,New Star type discovered!,,,,,,,,,,发现新恒星类型！,,,,,,
pdaTP_aeKmuqS,This is you first visit to this Class of Star!\n\nCheck the Empyriopedia (F1) for more information about this Stella type and the benefits of exploring the galaxy!,,,,,,,,,,这是你首次造访此类恒星！\n\n查看帝国百科（F1）获取关于此类恒星类型的更多信息以及探索星系的益处！,,,,,,
pdaTP_ku8K4,... Analysing Data ...,,,,,,,,,,... 分析数据中 ...,,,,,,
pdaTP_0im80,"A neutron star is the collapsed core of a giant star which before collapse had a total mass of between 10 and 29 solar masses. Neutron stars are the smallest and densest stars, excluding black holes, hypothetical white holes, quark stars and strange stars. Neutron stars have a radius on the order of 10 kilometres (6.2 mi) and a mass of about 1.4 solar masses. They result from the supernova explosion of a massive star, combined with gravitational collapse, that compresses the core past white dwarf star density to that of atomic nuclei.\n\nSpectral Class: N\nType: Neutron Star\nGalaxy Probability: 0.00625\nSize Class: 7\nSurface Temperature: 10000000 - 100000000 K\nMass: 2x solar sun masses\nRadius: 0.00004x solar sun radii\nLuminosity: n/a\nLifespan: 400 billion years\nHabitable zone: 109 - 144 AU\n\n[i]Note: Currently it is not possible to fly into the atmosphere of any sun-type or other celestial bodies.[/i]",,,,,,,,,,中子星是一颗大质量恒星（坍缩前总质量在10至29倍太阳质量之间）坍缩后的核心。中子星是除黑洞、假设的白洞、夸克星和奇异星外最小、最致密的恒星。中子星的半径约为10公里（6.2英里），质量约为1.4倍太阳质量。它们由大质量恒星的超新星爆发结合引力坍缩形成，将核心压缩到超过白矮星密度，达到原子核密度。\n\n光谱类型：N\n类型：中子星\n星系概率：0.00625\n尺寸等级：7\n表面温度：10000000 - 100000000 K\n质量：2倍太阳质量\n半径：0.00004倍太阳半径\n光度：不适用\n寿命：4000亿年\n宜居带：109 - 144 AU\n\n[i]注意：目前无法在任何恒星或其他天体的大气层中着陆或飞行。[/i],,,,,,
pdaTP_SoMGh,Spectral Class: N (Neutron Star),,,,,,,,,,光谱类型：N（中子星）,,,,,,
pdaTP_48CKW,New Star type discovered!,,,,,,,,,,发现新恒星类型！,,,,,,
pdaTP_qGmCK,... Analysing Data ...,,,,,,,,,,... 分析数据中 ...,,,,,,
pdaTP_CaYaO,"A black hole is a region of spacetime exhibiting gravitational acceleration so strong that nothing—no particles or even electromagnetic radiation such as light—can escape from it. The theory of general relativity predicts that a sufficiently compact mass can deform spacetime to form a black hole. The boundary of the region from which no escape is possible is called the event horizon. Although the event horizon has an enormous effect on the fate and circumstances of an object crossing it, no locally detectable features appear to be observed.\n\nSpectral Class: BH\nType: Black Hole\nGalaxy Probability: 0.003125\nSize Class: n/a\nSurface Temperature: n/a\nMass: n/a\nRadius: n/a\nLuminosity: n/a\nLifespan: 900 billion years\nHabitable zone: 109 - 144 AU\n\n[i]Note: Currently it is not possible to fly into the atmosphere of any sun-type or other celestial bodies.[/i]",,,,,,,,,,黑洞是时空中的一个区域，其引力加速度极强，以至于没有任何东西——无论是粒子还是诸如光之类的电磁辐射——能够逃脱。广义相对论预测，足够致密的质量可以扭曲时空形成黑洞。这个无法逃脱的区域边界称为事件视界。尽管事件视界对穿越它的物体的命运和状况有巨大影响，但并未观测到任何局部可探测的特征。\n\n光谱类型：BH\n类型：黑洞\n星系概率：0.003125\n尺寸等级：不适用\n表面温度：不适用\n质量：不适用\n半径：不适用\n光度：不适用\n寿命：9000亿年\n宜居带：109 - 144 AU\n\n[i]注意：目前无法在任何恒星或其他天体的大气层中着陆或飞行。[/i],,,,,,
pdaTP_SS4SC,Psudo Spectral Class: Black Hole,,,,,,,,,,伪光谱类型：黑洞,,,,,,
pdaTP_iee8Sa8,This is you first visit to this Class of Star!\n\nCheck the Empyriopedia (F1) for more information about this Stella type and the benefits of exploring the galaxy!,,,,,,,,,,这是你首次造访此类恒星！\n\n查看帝国百科（F1）获取关于此类恒星类型的更多信息以及探索星系的益处！,,,,,,
pdaTP_KCeSe,New Star type discovered!,,,,,,,,,,发现新恒星类型！,,,,,,
pdaTP_QeOGW,... Analysing Data ...,,,,,,,,,,... 分析数据中 ...,,,,,,
pdaTP_e0qGK,"Green suns cannot exist in this dimension of space, yet they can be found throughout the galaxy. Stay alert when warping into their sector!\n\nSpectral Class: O1a\nType: Green Giant\nGalaxy Probability: n/a\nSize Class: 12\nSurface Temperature: 30000 - 50000 K\nMass: 40x solar sun masses\nRadius: 18x solar sun radii\nLuminosity: 500000x solar sun\nLifespan: 0.01 billion years\nHabitable zone: 109 - 144 AU\n\n[i]Note: Currently it is not possible to fly into the atmosphere of any sun-type or other celestial bodies.[/i]",,,,,,,,,,绿色太阳无法存在于这个空间维度中，但它们却遍布整个星系。翘曲进入它们所在的星区时请保持警惕！\n\n光谱类型：O1a\n类型：绿色巨星\n星系概率：不适用\n尺寸等级：12\n表面温度：30000 - 50000 K\n质量：40倍太阳质量\n半径：18倍太阳半径\n光度：500000倍太阳光度\n寿命：1亿年\n宜居带：109 - 144 AU\n\n[i]注意：目前无法在任何恒星或其他天体的大气层中飞行。[/i],,,,,,
pdaTP_mBau8,Spectral Class:  Irregular Green Sun,,,,,,,,,,光谱类型：不规则绿色太阳,,,,,,
pdaTP_OC4SuKW,This is you first visit to this Class of Star!\n\nCheck the Empyriopedia (F1) for more information about this Stella type and the benefits of exploring the galaxy!,,,,,,,,,,这是你首次造访此类恒星！\n\n查看帝国百科（F1）获取关于此类恒星类型的更多信息以及探索星系的益处！,,,,,,
pdaTP_CmquG,New Star type discovered!,,,,,,,,,,发现新恒星类型！,,,,,,
pdaTP_GacaC,... Analysing Data ...,,,,,,,,,,... 分析数据中 ...,,,,,,
pdaTP_4WeOm,"A giant celestial body with a density lower than earth, but not heavy enough for igniting a solar fusion process. Still this gas giant dominates the solar system they can be found in.\n\nPrimary gases: helium, hydrogen\nSolid terrain: unknown\nSolid core: unknown\n\n[i]Note: Currently it is not possible to land or fly into the atmosphere on any of the gas giants.[/i]",,,,,,,,,,一个密度低于地球但不足以引发太阳聚变过程的巨大天体。尽管如此，这个气态巨行星在它们所在的太阳系中占据主导地位。\n\n主要气体：氦、氢\n固体地形：未知\n固体核心：未知\n\n[i]注意：目前无法在任何气态巨行星上着陆或飞入其大气层。[/i],,,,,,
pdaTP_WWQCe,Other celestial bodies,,,,,,,,,,其他天体,,,,,,
pdaTP_OuG0N,Gas Giant - Jovian Type,,,,,,,,,,气态巨行星 - 类木型,,,,,,
pdaZA_KSCGaeK,Congratulations! You discovered a new type of Planetary Type:\n\nCheck the Empyriopedia (F1) for more information about this system space and the benefits of exploring the galaxy!,,,,,,,,,,恭喜！你发现了一种新的行星类型：\n\n查看帝国百科（F1）获取关于此星系空间的更多信息以及探索星系的益处！,,,,,,
pdaTP_8eue3,New Planetary type discovered!,,,,,,,,,,发现新行星类型！,,,,,,
pdaTP_0U28O,... Analysing Data ...,,,,,,,,,,... 分析数据中 ...,,,,,,
pdaTP_4Cqqq,==,,,,,,,,,,==,,,,,,
pdaTP_S0mCi,Gas Giant - Saturnian Type,,,,,,,,,,气态巨行星 - 土星型,,,,,,
pdaTP_uqudO,New Planetary type discovered!,,,,,,,,,,发现新行星类型！,,,,,,
pdaTP_CKCuk,... Analysing Data ...,,,,,,,,,,... 分析数据中 ...,,,,,,
pdaTP_0e0uK,==,,,,,,,,,,==,,,,,,
pdaTP_8KWKW,"Easily identifiable by their rings, Saturn-type gas giants are an awesome point of interest in any solar system.\n\nPrimary gases: helium, hydrogen\nSolid terrain: unknown\nSolid core: unknown\n\n[i]Note: Currently it is not possible to land or fly into the atmosphere on any of the gas giants.[/i]",,,,,,,,,,因其光环而易于识别，土星型气态巨行星是任何太阳系中令人惊叹的景点。\n\n主要气体：氦、氢\n固体地形：未知\n固体核心：未知\n\n[i]注意：目前无法在任何气态巨行星上着陆或飞入其大气层。[/i],,,,,,
pdaTP_useOa,"The Neptun-type planets are often called 'gas giants' but basically they are better categorized as 'ice giants' as one of their main components is water in a supercritical fluid state. They are also a different category of gas planets because, in opposite to Jupiter and Saturn types, their constituent compounds were solids when they formed. Some of those planets may still have a solid surface like other so called 'rocky planets'. Their atmosphere is a lot different to any of these planets of course.\n\nPrimary gases: water (supercritical fluid state), ammonia, methane\nSolid terrain: possible\nSolid core: likely\n\n[i]Note: Currently it is not possible to land or fly into the atmosphere on any of the gas giants.[/i]",,,,,,,,,,海王星型行星通常被称为“气态巨行星”，但更准确地说应归类为“冰巨星”，因为其主要成分之一是处于超临界流体态的水。它们也属于不同类别的气态行星，与木星型和土星型相反，其组成化合物在形成时是固态。其中一些行星可能仍然拥有类似所谓“岩石行星”的固态表面。当然，它们的大气层与这些行星截然不同。\n\n主要气体：水（超临界流体态）、氨、甲烷\n固态地形：可能存在\n固态核心：很可能存在\n\n[i]注意：目前无法在任何气态巨行星上着陆或进入其大气层。[/i],,,,,,
pdaZA_SqSqSu4,Gas Giant - Neptunian Type,,,,,,,,,,气态巨行星 - 海王星型,,,,,,
pdaZA_8SRO84e,Congratulations! You discovered a new type of Planetary Type:\n\nCheck the Empyriopedia (F1) for more information about this system space and the benefits of exploring the galaxy!,,,,,,,,,,恭喜！你发现了一种新的行星类型：\n\n请查看帝国百科（F1）了解关于此星系空间的更多信息以及探索银河的好处！,,,,,,
pdaTP_6iKmW,New Planetary type discovered!,,,,,,,,,,发现新行星类型！,,,,,,
pdaTP_0S48S,... Analysing Data ...,,,,,,,,,,... 正在分析数据 ...,,,,,,
pdaTP_E0qrO,==,,,,,,,,,,==,,,,,,
pdaTP_SeCIOm8,Arid: Bombed,,,,,,,,,,干旱：被轰炸,,,,,,
pdaZA_aG0Wewm,Planets,,,,,,,,,,行星,,,,,,
pdaTP_WuW4WWa,Congratulations! You discovered a new type of Planetary Type: Arid: Interdicted\n\nCheck the Empyriopedia (F1) for more information about this system space and the benefits of exploring the galaxy!,,,,,,,,,,恭喜！你发现了一种新的行星类型：干旱：封锁\n\n请查看帝国百科（F1）了解关于此星系空间的更多信息以及探索银河的好处！,,,,,,
pdaTP_esaG0Ke,Arid: Cursed,,,,,,,,,,干旱：被诅咒,,,,,,
pdaTP_80ieu,"Parched mountains, rugged savanna and grueling plains, shriveled lake-beds with the remains of once thriving plant and animal life. This hot, dry and unrelenting planet has a thin atmosphere that is un-breathable by humans.\n[u][/u]\n[u]Possible resources:[/u]\nIron, Copper, Neodymium, Cobalt, Promethium, Titanium\n\n[u]Possible weather effects:[/u]\nHeat Wave, Radiated Fog, Meteor Shower\n[u][/u]\n[u][/u][u]Planet type data and possible variations:[/u]\nLife-bearing\nAtmosphere breathable: [c][ffff00]Not always (30% chance)[-][/c]\nAtmospheric O2 fraction: 10 - 20%\nAtmospheric density: 0.9 - 1.5 kg/m³\nDay temperature: 3 to 70°C\nNight temperature: -23 to 60°C\nMinimal water\nCalculated water probability: 70%\nRadiation: 0 - 5 Gy/d\nGravity: 0.9 - 1.2 g",,,,,,,,,,干涸的山脉、崎岖的稀树草原和严酷的平原，干涸的湖床上残留着曾经繁茂的动植物残骸。这颗炎热、干燥且无情的大气稀薄，人类无法呼吸。\n[u][/u]\n[u]可能资源：[/u]\n铁、铜、钕、钴、钷、钛\n\n[u]可能天气效果：[/u]\n热浪、辐射雾、陨石雨\n[u][/u]\n[u][/u][u]行星类型数据和可能变化：[/u]\n有生命的\n大气可呼吸：[c][ffff00]并非总是如此（30%几率）[-][/c]\n大气氧气比例：10 - 20%\n大气密度：0.9 - 1.5 kg/m³\n白天温度：3 到 70°C\n夜间温度：-23 到 60°C\n最少水量\n计算水概率：70%\n辐射：0 - 5 Gy/d\n引力：0.9 - 1.2 g,,,,,,
pdaZA_K4800qe,Planets,,,,,,,,,,行星,,,,,,
pdaTP_OmGqW4O,New Planetary type discovered!,,,,,,,,,,发现新行星类型！,,,,,,
pdaTP_4WaiSuK,New Planetary type discovered!,,,,,,,,,,发现新行星类型！,,,,,,
pdaTP_muOeuq2,... Analysing Data ...,,,,,,,,,,... 正在分析数据 ...,,,,,,
pdaTP_WMqAicq,==,,,,,,,,,,==,,,,,,
pdaTP_OSe0eSW,... Analysing Data ...,,,,,,,,,,... 正在分析数据 ...,,,,,,
pdaTP_CCUnSwa,==,,,,,,,,,,==,,,,,,
pdaZA_ma4eq84,This planet is artificially desiccated from the remains of warfare. The ISI are looking for worlds such as this to review if they need to stage a recovery mission upon them.,,,,,,,,,,这颗行星因战争残余而人为干涸。ISI正在寻找这样的世界，以评估是否需要在其上执行恢复任务。,,,,,,
pdaTP_GCOSOO8,Arid: Interdicted,,,,,,,,,,干旱：封锁,,,,,,
pdaTP_WW8GaO4,New Planetary type discovered!,,,,,,,,,,发现新行星类型！,,,,,,
pdaTP_eK0iOCm,... Analysing Data ...,,,,,,,,,,... 正在分析数据 ...,,,,,,
pdaTP_Ki4muuW,==,,,,,,,,,,==,,,,,,
pdaZA_qaCamKm,Planets,,,,,,,,,,行星,,,,,,
pdaZA_SumEGSi,Barren (Cooled),,,,,,,,,,贫瘠（冷却）,,,,,,
pdaZA_ik0GWiu,Congratulations! You discovered a new type of Planetary Type: Barren Cooled\n\nCheck the Empyriopedia (F1) for more information about this system space and the benefits of exploring the galaxy!,,,,,,,,,,恭喜！你发现了一种新的行星类型：贫瘠冷却\n\n请查看帝国百科（F1）了解关于此星系空间的更多信息以及探索银河的好处！,,,,,,
pdaZA_0uKC00C,New Planetary type discovered!,,,,,,,,,,发现新行星类型！,,,,,,
pdaZA_iaa4C04,... Analysing Data ...,,,,,,,,,,... 正在分析数据 ...,,,,,,
pdaZA_8u0eeS0,==,,,,,,,,,,==,,,,,,
pdaZA_sCWS8Cl,"This barren rock carries its history on the surface: \nCompletely solidified, and no atmosphere to remove tracks and shapes - \nAll encounters will be remembered.",,,,,,,,,,这颗贫瘠的岩石将它的历史刻在表面：\n完全凝固，且没有大气来抹去轨迹和形状——\n所有的遭遇都将被铭记。,,,,,,
pdaZA_8WXGaO4,Planets,,,,,,,,,,行星,,,,,,
pdaTP_KqSqi,Somehow this portion of space seems even colder than the Void should be.,,,,,,,,,,这片太空区域不知为何比虚空应有的温度还要寒冷。,,,,,,
pdaZA_4eiM8uf,Barren: Cursed,,,,,,,,,,贫瘠：被诅咒,,,,,,
pdaZA_iWCmO8O,Congratulations! You discovered a new type of Planetary Type: Barren: Cursed\n\nCheck the Empyriopedia (F1) for more information about this system space and the benefits of exploring the galaxy!,,,,,,,,,,恭喜！你发现了一种新的行星类型：贫瘠：被诅咒\n\n请查看帝国百科（F1）了解关于此星系空间的更多信息以及探索银河的好处！,,,,,,
pdaZA_iimuCmG,Planets,,,,,,,,,,行星,,,,,,
pdaZA_uK4uaOi,Something about this world is not right. The incidents of Ghost Ship's is reportedly higher and the population seems under some sort of mass depression.,,,,,,,,,,这个世界有些不对劲。鬼船事件的报告明显增多，人口似乎处于某种大规模抑郁状态。,,,,,,
pdaZA_DuKOT84,New Planetary type discovered!,,,,,,,,,,发现新行星类型！,,,,,,
pdaZA_qKCugua,... Analysing Data ...,,,,,,,,,,... 正在分析数据 ...,,,,,,
pdaZA_O0u1eiI,==,,,,,,,,,,==,,,,,,
pdaZA_4mS00WY,JunkyardArid,,,,,,,,,,垃圾场干旱,,,,,,
pdaZA_WGWKmae,New Planetary type discovered!,,,,,,,,,,发现新行星类型！,,,,,,
pdaZA_O8Gne4W,... Analysing Data ...,,,,,,,,,,... 正在分析数据 ...,,,,,,
pdaZA_GWai0C0,Congratulations! You discovered a new type of Planetary Type: JunkyardArid\n\nCheck the Empyriopedia (F1) for more information about this system space and the benefits of exploring the galaxy!,,,,,,,,,,恭喜！你发现了一种新的行星类型：垃圾场干旱\n\n请查看帝国百科（F1）了解关于此星系空间的更多信息以及探索银河的好处！,,,,,,
pdaZA_eCWiquG,==,,,,,,,,,,==,,,,,,
pdaZA_Sai6Seu,Planets,,,,,,,,,,行星,,,,,,
pdaZA_m44uCaq,Barren: (Metal Cursed),,,,,,,,,,贫瘠：（金属诅咒）,,,,,,
pdaZA_aS0iue0,Planets,,,,,,,,,,行星,,,,,,
pdaZA_m4O4i4o,Congratulations! You discovered a new planet type: Barren (Scorched)\n\nCheck the Empyriopedia (F1) for more information about the planet and the benefits of exploring the galaxy!,,,,,,,,,,恭喜！你发现了一种新的行星类型：贫瘠（焦灼）\n\n请查看帝国百科（F1）了解关于此星球的更多信息以及探索银河的好处！,,,,,,
pdaZA_qKuGuU8,New Planetary type discovered!,,,,,,,,,,发现新行星类型！,,,,,,
pdaZA_SeCq08G,... Analysing Data ...,,,,,,,,,,... 正在分析数据 ...,,,,,,
pdaZA_0e84WUe,==,,,,,,,,,,==,,,,,,
pdaZA_ZmC440K,Barren: (Interdicted),,,,,,,,,,贫瘠：（封锁）,,,,,,
pdaZA_B0T444s,Planets,,,,,,,,,,行星,,,,,,
pdaZA_W0ScKS4,New Planetary type discovered!,,,,,,,,,,发现新行星类型！,,,,,,
pdaZA_GqSGOSC,... Analysing Data ...,,,,,,,,,,... 正在分析数据 ...,,,,,,
pdaZA_GGafOmA,==,,,,,,,,,,==,,,,,,
pdaZA_dqVNCeq,Barren: Quarantine,,,,,,,,,,贫瘠：隔离,,,,,,
pdaZA_qKqKGku,Congratulations! You discovered a new type of Planetary Type: Barren: Quarantine\n\nCheck the Empyriopedia (F1) for more information about this system space and the benefits of exploring the galaxy!,,,,,,,,,,恭喜！你发现了一种新的行星类型：贫瘠：隔离\n\n请查看帝国百科（F1）了解关于此星系空间的更多信息以及探索银河的好处！,,,,,,
pdaZA_q4eiYeW,Planets,,,,,,,,,,行星,,,,,,
pdaZA_Gse0g0q,New Planetary type discovered!,,,,,,,,,,发现新行星类型！,,,,,,
pdaZA_8GemOKa,... Analysing Data ...,,,,,,,,,,... 正在分析数据 ...,,,,,,
pdaZA_ueO4OSK,==,,,,,,,,,,==,,,,,,
pdaZA_WiiSKe4,"Like the Quarantined worlds, this planet has a deflector shield that prevents planetary landings. Why they have done thins is not immediately apparent. \n\nSome cultures do it for political reasons, to keep control of the planet or its populace? Others for ecological reasons as they dislike the Ionosphere of their world being disrupted by giant thruster drives carving patterns in it.\n\nStill more may have Religious or Philosophical reasons. But one thing all these worlds have in common is they have a higher than normal concentrations of resources or specialised exports!\n\nRegardless of the why, these worlds have become smugglers paradise!",,,,,,,,,,与隔离世界类似，这颗行星有一个偏转护盾阻止行星着陆。他们为什么这样做并不明显。\n\n有些文化出于政治原因这样做，以控制行星或其人口？另一些则出于生态原因，因为他们不喜欢世界电离层被巨大的推进器驱动器搅动出图案。\n\n还有更多可能是出于宗教或哲学原因。但这些世界的共同点是它们拥有高于正常浓度的资源或专业出口！\n\n不管原因如何，这些世界成为了走私者的天堂！,,,,,,
pdaZA_6S0KuOK,Congratulations! You discovered a new type of Planetary Type: Barren: (Interdicted)\n\nCheck the Empyriopedia (F1) for more information about this system space and the benefits of exploring the galaxy!,,,,,,,,,,恭喜！你发现了一种新的行星类型：贫瘠：（封锁）\n\n请查看帝国百科（F1）了解关于此星系空间的更多信息以及探索银河的好处！,,,,,,
pdaZA_S0Oqa4K,"Like the Quarantined worlds, this planet has a deflector shield that prevents planetary landings. Why they have done thins is not immediately apparent. \n\nSome cultures do it for political reasons, to keep control of the planet or its populace? Others for ecological reasons as they dislike the Ionosphere of their world being disrupted by giant thruster drives carving patterns in it.\n\nStill more may have Religious or Philosophical reasons. But one thing all these worlds have in common is they have a higher than normal concentrations of resources or specialised exports!\n\nRegardless of the why, these worlds have become smugglers paradise!",,,,,,,,,,就像隔离世界一样，这颗星球有一个偏导护盾，阻止行星着陆。他们为何这样做，原因并不明显。\n\n有些文化这样做是出于政治原因，为了控制星球或其民众？其他则是出于生态原因，因为他们不喜欢自己世界的电离层被巨大的推进器驱动器在上面雕刻图案所破坏。\n\n还有更多可能是出于宗教或哲学原因。但所有这些世界有一个共同点：它们拥有高于正常浓度的资源或专业出口！\n\n无论原因如何，这些世界已成为走私者的天堂！,,,,,,
pdaZA_qauqKoK,"""ALERT: THIS PLANET IS UNDER QUARANTINE BY ORDER OF THE POLARIS SAFETY AUTHORITY! \nDO NOT APROACH THE SURFACE WITHOUT PROPER AUTHORIZATION!""",,,,,,,,,,"""警报：根据极星安全局命令，该星球处于隔离状态！\n未经适当授权，不得接近表面！""",,,,,,
pdaZA_4COSua4,Switching the Power Breakers seems to have triggered some instability in the systems. You need to leave now Grab what you can and get off the ship fast!,,,,,,,,,,切换电源断路器似乎触发了系统中的一些不稳定。你需要立即离开！拿上你能带走的东西，快速离开飞船！,,,,,,
pdaZA_OWkiGi8,Irrer Forscher,,,,,,,,,,伊雷尔·福舍尔,,,,,,
pdaZA_caiq6IC,Story,,,,,,,,,,故事,,,,,,
pdaZA_a8mhGgu,Where?,,,,,,,,,,哪里？,,,,,,
pdaZA_WKKqeSa,Hold,,,,,,,,,,等待,,,,,,
pdaZA_QOWSCO8,Hold,,,,,,,,,,等待,,,,,,
pdaZA_uS0aS4G,Interlude close,,,,,,,,,,关闭插曲,,,,,,
pdaZA_KKIaqKq,Wait,,,,,,,,,,等待,,,,,,
pdaZA_OWC0i94,Wait,,,,,,,,,,等待,,,,,,
pdaZA_s7CKq0W,Wait,,,,,,,,,,等待,,,,,,
pdaZA_0W0SOXw,Wait,,,,,,,,,,等待,,,,,,
pdaZA_e0uSu8L,Story (RCV Orillion),,,,,,,,,,故事（RCV 奥里利恩）,,,,,,
